id,url,title,text,score,created_utc,subreddit,num_comments,upvote_ratio,over_18
1vlt81h,https://www.reddit.com/gallery/1vlt81h,Coffee up.,,1,1786480540.0,coffee_trader,0,1.0,False
1vlt70m,https://www.reddit.com/gallery/1vlt70m,Saving grandma’s cup,"Hello everyone ! I inherited this cup, my grandma would only ever drink her coffee and chicory in it, every morning. It’s chipped and there is a crack. 

I’d like to be able to somehow mend it and be able to drink from it again. I looked into Kintsugi, seems that could be an option but the kits are soooo expensive ! I don’t mind washing it by hand instead of the dishwasher if that gives more options for fixing.. Any ideas ? Thank you indeed !!",1,1786480483.0,fixit,0,1.0,False
1vlt6ym,https://www.reddit.com/r/AnnArbor/comments/1vlt6ym/quick_favor_15_min_about_your_ann_arbor_apartment/,Quick favor: 15 min about your Ann Arbor apartment search?,"Hi! I'm working on a case study for an apartment-review platform for Ann Arbor renters, and I'd love to hear about your experience apartment hunting here. Looking for 15-20 min (call or async over text/DM works too) — happy to buy you a coffee/send a small thank-you. Anyone who's rented in Ann Arbor is a great fit!",1,1786480480.0,AnnArbor,0,1.0,False
1vlt6vz,https://www.reddit.com/r/Breakupadvice/comments/1vlt6vz/unexpected_break_up/,Unexpected break up,"Hello everyone! Here to see what you think about this situation… pls be kind and honest! I am still recovering from it.

We met on hinge ( him 30 ish , me 24) While I was in Scotland studying.   
I was ofc not from there, we started messaging end of Feb and he seemed pretty interesting, so decided to go on a few dates.   
All of them went well, he seemed interesting, charming , was very joyful and a gentleman. We met around end of February and we all knew that I would have moved away end of May. Anyway; we decided to continue see each other even more often because we matched on every single aspect. I really have trust issues, and this man broke all of my barriers without even trying (I think). We do usual stuff, he cooks for me, I do the same, he takes me out, etc etc

First problem: while we were out on our 4rd date I think, I notice a white spot around his nose❄️.  
Anyway I decide to tell him, and let him notice . He told me he was doing that only occasionally but I would not definitely define a date an “occasion” for that, we were going to play bowling!!!   
I decide to just spend the night like that and try to not think about that since he gets very sensitive talking about it.   
Everything goes great …

The last month together arrived:  
We are glued to each other, trying to spend more time possible together (we both agreed on that) . We so plan trips together, activities etc. He then tells me in tears how in love he’s with me, how he feels connected to me, how I was everything he always wanted (🥲). I really really fell in love with him and I thought he did as well. 

During this times, I noticed that he was over stressed, overwhelmed, overthinking and etc. This also led to personal insecurities; like him thinking that I had better partners than him etc. Always did make him feel better, did not want my lover to feel bad for any reason in the world.

days goes by, connection gets stronger…  
Departure day comes: both in tears at the gate, with the promise that the we would have tried to make this relationship work even long distance. He was self employed so did not have any problem in taking a weekend off here and there and I was unemployed looking for a job. 

I come back, I settle, start to look for jobs. I find one and get it, but before starting I fly to a festival with him. 

Festival: 5 days raving along the beach. This made us even more connected, feel loved, felt unreal! I felt like the man of my dream finally came true. We listened and valued each other, we were so genuine guys!!! 

I see him taking ❄️ for real. my brain and heart do not connect anymore, they feel upset and uncomfortable, wondering why he does this to himself. One of the nights he just gets paranoid for a ridiculous story: the man on the sandwich truck did not respect his request for the order which he found unacceptable. First time I saw him out of himself, I get scared, his friend takes him away and he comes back more relaxed.

Other night: I am tired as we are partying a lot and not having much food and rest. 11 pm ish I start to feel tired and I don’t do ❄️. He suggests me to try, I refuse ofc. Looking back then, I am so sad that he suggested that as solution. After a few moments , we discuss about me being tired and he accompanies me to get a nap on a random beach chair. I woke up and he was there hugging me… he never left my side. We spent the night, dance, smile, feel love, connected.

Morning: we switched phones cause he had no signal on his and had to go out. Gave him mine. We both search each other’s phone. He found nothing on mine apart from old pics / video with exes), on his I found messages with a girl who apparently dated before me. And the messages were very recent.. they did not say much but I found ambiguous him inviting her for a coffee (apparently was work related 🤥) do not know if they ever met again , he sais no. Random call at 6/7 am ish. I get so fucking sick guys. I know I should have not done it.  we talk about it, we both feel really confused, we explain , seems to go okay.

That night : I saw him 3 times doing it ❄️ within 30 minutes or so. I get upset but keep it to me. the day after I get so drunk that I pass out and get transported with an ambulance. Idk why my body did not tolerate alcohol that night … or maybe too many emotions going on

Notes:   Anyway, during our time together I told him that I did not want to know about him doing ❄️ (probs was taking lsd) , he had to keep that far away from my eyes and me as I am really not up for that. I told him that he needed to get help instead of just justify the use when too overwhelmed (apparently every day). 

We get back: I fly to his country for a week after 4 days ish from the festival . Feels okay, he seems a bit down and stressed. We do normal stuff, tells me he’s money stressed so we can’t go out. So we stay home. I do my stuff while he works, see my friend etc. He tells me that he cannot attend the concert we discussed about cause he has to earn money etc. While I am there, I realise that he s doing DR even daily … ask him and he actually confirmes that. Asked him how much he spent on it, since he was working as a crazy. The bomb exploses. I was genuinely was curious. He starts discussions on anything, tells me that he s not sure about out future, what he wants etc : me 😳 non verbal. I realise that there’s lot going on in his head. Day after: complete silence. I go out, we try to talk and he tells me that he feels sorry, did not mean that etc. 

Seems like something broke there on my side, but I am okay.

I leave to get back home, I start a new job etc.   
After 3/4 days I came back he randomly tells me on a phone call that he ‘s afraid, cannot have a distance relationship , especially not with a girl who wants to do stuff and her man cannot be there so she has to do it solo (referring to the concert). He tells me that this causes him too much anxiety, that he really loved me though and that he fully trusted me.

I contacted him after a few days,  
Telling him how disregarded I felt. He tells me the same stuff.

We are in no contact, one month. I feel empty, confused. Apologies it’s long, appreciate you reading it xx",1,1786480475.0,Breakupadvice,0,1.0,False
1vlt4u2,https://www.reddit.com/r/espresso/comments/1vlt4u2/is_this_true/,Is this true?,"https://preview.redd.it/xrr2lav33tih1.png?width=941&format=png&auto=webp&s=9ea1329bbf0b394bc5277d8d557d7a6de131192e

Coffee humour. coffee humor. This is a funny wojak coffee humor meme that people will enjoy. Thank you

  
Coffee humour. coffee humor. This is a funny wojak coffee humor meme that people will enjoy. Thank you

  


  
",1,1786480350.0,espresso,0,1.0,False
1vlt4fe,https://www.reddit.com/r/Netherlands/comments/1vlt4fe/moving_to_the_hague_next_week_looking_for/,Moving to The Hague next week! Looking for calisthenics spots & friendly people to grab a coffee with 🇳🇱,"Hey everyone,  
I’m moving to Den Haag next week to start my Master's at The Hague University of Applied Sciences, and i can’t wait to settle into the city.  
Since im coming in fresh, im super keen to start building a local social circle, explore the area, and meet cool people.  
A few things about me:  
 The New Obsession: I recently got heavily into calisthenics and im currently obsessed with it. I’d love to know where the best outdoor workout parks or bars are around the city—and even better if anyone wants to train together!  
 Background: Software engineering background, heading into data & business for my Master's.  
 Downtime: Big anime fan, love graphic design/creative projects, and always up to explore new coffee shops, food spots, or hit the beach.  
I’m looking to meet up with down-to-earth people to hang out, grab a drink or coffee, show me around, or hit an outdoor session.  
If you have any local recs for good workout spots, cool hangout places, or if you're down to connect, drop a comment or send a DM!  
Looking forward to meeting some of y",1,1786480325.0,Netherlands,0,1.0,False
1vlt484,/r/gogetfunding/comments/1vlsrfu/my_familys_coffee_farm_in_colombia_collapsed_in/,My family’s coffee farm in Colombia collapsed in an earthquake — the home where 3 generations grew up,"Hi everyone. My parents have grown coffee, avocado, and bananas on our family farm in Colombia for generations. It’s not just a farm — it’s where I grew up, where my parents still live and work, and it’s provided jobs for families in our region for decades.

Yesterday, an earthquake destroyed most of our house. It also fell on the car and the tractor my parents had just bought for farm work. We’re starting the rebuild from zero — foundation, walls, roof, everything.

If you’re able to help or just share it with someone who might, it would mean a lot: [gofundme link](https://gofund.me/fd645590d)

Thank you for reading, and for everything you do to support coffee farmers like my parents. 🙏",1,1786480314.0,earthquake_feed,0,1.0,False
1vlt3vk,https://i.redd.it/y5bpcb143tih1.jpeg,Does she understand her reposts,"I honestly don’t think she reads half of the crap she reposts. “Baby girl” you’re one of the biggest pretenders on social media 😂  
The internet took your reality a long time ago as you constantly lie about your life to try and impress a few 15 year olds.  
It’s okay to have regular teeth and a lil stomach, both things you’ve slagged people off for in the past. And as for live within your means, please concentrate on that one so your girls have a better childhood than you had rather than wasting what little money you have buying throw away crap and taking them on constant “coffee dates” they are not bothered about at their age, stop trying to impress teenagers online who will grow up and move on from following you without a second thought and focus on building something meaningful",3,1786480291.0,kaydonnelly,0,1.0,False
1vlt369,https://www.reddit.com/r/TheHague/comments/1vlt369/moving_to_the_hague_next_week_looking_for/,Moving to The Hague next week! Looking for calisthenics spots & friendly people to grab a coffee with 🇳🇱,"Hey everyone,  
I’m moving to Den Haag next week to start my Master's at The Hague University of Applied Sciences, and i can’t wait to settle into the city.  
Since im coming in fresh, im super keen to start building a local social circle, explore the area, and meet cool people.  
A few things about me:  
 **The New Obsession:** I recently got heavily into calisthenics and im currently obsessed with it. I’d love to know where the best outdoor workout parks or bars are around the city—and even better if anyone wants to train together!  
 **Background:** Software engineering background, heading into data & business for my Master's.  
 **Downtime:** Big anime fan, love graphic design/creative projects, and always up to explore new coffee shops, food spots, or hit the beach.  
I’m looking to meet up with down-to-earth people to hang out, grab a drink or coffee, show me around, or hit an outdoor session.  
If you have any local recs for good workout spots, cool hangout places, or if you're down to connect, drop a comment or send a DM!  
Looking forward to meeting some of you soon!",1,1786480251.0,TheHague,0,1.0,False
1vlt194,https://www.reddit.com/r/BaliTravelTips/comments/1vlt194/my_short_bali_visit/,My short Bali visit,"Hi all,  I am proposing this itinerary to my driver for my time in Bali.  I don’t have a lot of time.  I just want to make sure this is doable.  I am coming from the Pacific Northwest so I put the 2am mt batur on the 2nd day cause I’ll likely not be over jet lag. It will be 11am my local time. I like adventure holidays, don’t like chilling on the beach type holiday.  I do and will want to spend sometime sitting in a cafe or my hotel soaking in the jungle, pool atmosphere catching up on some emails (like an hour or so a day).   Does this sound ok? 

Also should I book my own activities or let my driver book?  I hear I can get better deals if I book on klook or something cause often the drivers get a cut. 

Thanks! 

Oct 31 – Arrival in Bali   
Airport pickup with supermarket stop   
Lunch en route   
Hotel check-in in Ubud, drop off   
\----------------------------------------------- 

Nov 1 – Batur, Culture & Purification   
Mount Batur Sunrise Jeep Tour   
Breakfast with Kintamani views at Akasa specialty coffee   
Teman Beji Griya purification   
Penglipuran Village   
If early, drop off at hotel or in ubud city centre for dinner  
Nov 2    
8:30 AM Gorilla Cave ATV (250cc) and or river rafting depending on price   
Ubud Palace   
Ubud Art Market   
Coffee, Lunch and email break at Sari Organik (or some other suggested location)   
Optional short Campuhan Ridge Walk   
Jatiluwih Rice Terraces   
Drop off in Ubud hotel   
Nov 3 – Uluwatu Day   
Floating breakfast at hotel before pickup (is there time for this?)   
\-----------------------------------------------------   
Check out from Ubud hotel   
Melasti Beach, maybe some SUP   
Check in to Uluwatu hotel   
Uluwatu Temple: 5:30pm session   
Kecak Fire Dance   
drop off, quick dinner and relax   
Nov 4 – Ocean Day   
Early morning to Sanur harbour   
Nusa Penida snorkeling tour 

	I am not a strong swimmer and really want to see Manta rays so I need a life jacket/snorkel vest and a guide (or you) staying beside me. Please do Manta Bay first if conditions are appropriate. I don't want to enter Manta Point if the current is strong.  And then do 1 or 2 easier reef sites.   
Also see sites in Penida (the beaches) 

Return to Sanur   
Warung babi guling: nasi bali   
Shopping / relaxed stroll   
Jimbaran seafood dinner 

Nov 5 – Departure   
Check out   
Breakfast (Go into uluwatu for quick breakfast? Alchemy?   
Airport transfer ",1,1786480139.0,BaliTravelTips,0,1.0,False
1vlt0uy,https://www.reddit.com/r/cafe/comments/1vlt0uy/anyone_interested_in_chatbased_coffeeboba/,Anyone interested in chat-based coffee/boba ordering in Toronto (waitlist)?,"Building a Toronto-only waitlist for ordering coffee/bubble tea by chat — solo or with a group — pickup / dine-in, no delivery.

Curious if this solves a real annoyance (the endless “what does everyone want?” chat) or if people prefer apps they already use.

Page: [https://ping-blond-one.vercel.app](https://ping-blond-one.vercel.app/)  
If you try it: what felt confusing or pointless?

(Not affiliated with a café; early concept / waitlist only.)",1,1786480114.0,cafe,0,1.0,False
1vlsy5q,https://i.redd.it/5izjchg32tih1.jpeg,i moved across the country and can’t find a job,"pb+j, vegan cheese, soy bacn bits. 

my wife and i moved across the country almost 3 months ago. she instantly found a job while i’ve been looking this whole time. i had a career as a hairstylist in our old state but we moved here to switch things up. i’ve always wanted to be a barista, and ive been back and forth with a coffee shop for over a month now. no one in a 30 mile radius will hire me as I don’t have much experience outside of my career! i’ll take anything at this point as long as it pays well enough to survive!! i’ll keep eating weird snacks everyday tho so it’s cool",0,1786479952.0,GirlDinnerDiaries,13,0.38,False
1vlsy5l,/r/gogetfunding/comments/1vlsrfu/my_familys_coffee_farm_in_colombia_collapsed_in/,My family’s coffee farm in Colombia collapsed in an earthquake — the home where 3 generations grew up,"Hi everyone, I’m not sure if this is the right place, but I wanted to share something close to home (literally).

My parents have grown coffee, avocado, and bananas on our family farm in Colombia for generations. It’s not just a farm — it’s where I grew up, where my parents still live and work, and it’s provided jobs for families in our region for decades.

A few weeks ago, an earthquake destroyed most of our house. It also fell on the car and the tractor my parents had just bought for farm work. We’re starting the rebuild from zero — foundation, walls, roof, everything.

If you’re able to help or just share it with someone who might, it would mean a lot: [gofundme link](https://gofund.me/fd645590d)

Thank you for reading, and for everything you do to support coffee farmers like my parents. 🙏",1,1786479951.0,NaturalDisasters,0,1.0,False
1vlsxwo,https://www.reddit.com/r/prospectheights/comments/1vlsxwo/thank_you_prospect_heights_good_samaritan/,Thank YOU Prospect Heights Good Samaritan!,To the man in the crushed strawberry colored shorts and the white bike who found my phone in Mt. Prospect on a bench and took the time to find me and bring the phone home to me....Thank YOU! We should grab coffee together sometime! Thanks again - makes me want to believe in people now. SAM,3,1786479937.0,prospectheights,1,1.0,False
1vlsxpv,https://www.reddit.com/r/askCardiology/comments/1vlsxpv/need_opinions/,Need opinions,"For the past last month, I have been waking up from my sleep about 1-5 hours later (range depends), with a fast and pounding heartbeat of 110+ and the worst air hunger ever. Along with chest tightness. And when I go back to sleep after it has settled down. I just wake up 1-2 hours later again, leaving me with 3-5 hours of sleep every night and I am so confused why this is happening to me 

I felt really exhausted from having to wake up each time and experience these symptoms before going back to sleep and just experience it all over again. And I don't know whether this is caused by the lack of sleep or anything but I do feel jittery/shaky(?) like adrenaline surge throughout the day, like I just had too much caffeine (but of course I don't drink coffee)

Not to mention, these symptoms don't just appear whenever I sleep. It's the entire day, although it's mostly pounding heart and a bit of chest tightness. It's still very annoying and I'm dying to know what it could be before I go to the doctor about this (I have been pretty much busy so didn't have the time to check out)

Could this be anxiety, stress, sleep apnea or something more serious and life threatening? I don't mind speculations.. or maybe you can tell about your experiences too so I can feel at ease 😭",1,1786479926.0,askCardiology,0,1.0,False
1vlsx9s,https://alohastatedaily.com/2026/08/11/takagi-coffee-is-a-new-japanese-style-cafe-pop-up-in-honolulu/,Takagi Coffee is a new Japanese-style cafe pop-up in Honolulu,,1,1786479897.0,LocalKineGrindz,0,1.0,False
1vlswsx,https://i.redd.it/8ohk82ou1tih1.jpeg,"Thak gaye hoge , abhi toh puri raat jaagoge naa",,3,1786479868.0,TwentiesIndia,14,1.0,False
1vlsw6q,https://i.redd.it/m12s8rpq1tih1.jpeg,my friend doesn’t see me as a person. just as a v*gina,"me and this guy have known each other for few years he’s a friend of one of my close friends. when we first met we had an intense short lived fling which ended because he called me by his ex’s name, but we’ve stayed good friends. and we’re attracted to each other so there’s been times that we drunkenly makeout throughout the years but we are mainly just friends

we were supposed to hangout and he said he had a “family party” to go to first, then he texted me asking if i was home , i said yeah  
then he said :   
“ Are you in the car bby? “

this text was obviously not meant for me and i’ll admit i was immature and i got mad at him that he got me mixed up with another girl again

he texted me the next morning trying to play it off like he was drunk and trying to be funny , but he was obviously drunk and getting his girls mixed up

i know i don’t really have any right to feel awkward especially since we are just friends but the main issue is this : there’s been so many times where he’s lied about what he was doing because he was with a girl and he didn’t want me to know 

and i’ve TOLD him that he has no reason to lie to me because i don’t give a fuck if he’s seeing girls , like i’m seeing guys too we’re all young and fooling around with people it’s not a big deal. so we shouldn’t lie and sneak around because that’s not what friends do to each other

he just treats me fucking weird. the last time i got mad at him like this , we had came to a party together and he ditched me and acted like he didn’t know me so he could go hookup with a girl , so i had to find my own way home because he avoided me the entire rest of the night trying to keep up with the lie that he didn’t know me 

and it’s totally fine to hookup with girls just don’t pretend like i’m a stranger and lie to my face ? imagine looking your friend straight in the eye like “um do i know you?” just so you can impress some girl like that’s just fucking mean , plus it’s basic friend code to not leave each other abandoned on a night out

it’s like he doesn’t even recognize me as a person, i feel like he doesn’t even see me as his friend he just see’s me as a “girl”. and i have no right to feel disrespected about it because we HAVE hooked up before , so how could i expect him to see me as a anything other than a side hoe of his. it’s fucking stupid i feel fucking stupid

i can recognize that men’s perspective on a girl changes once they’ve fucked them. like they lose respect or ability to view them as anything other than something they can fuck. i know that’s real and inevitable but it just makes me sad.

and at the same time, i know that i have a responsibility as a woman who can be fucked , to allow people to fuck me. and i have no real grounds to get mad when i get treated differently afterwards. 

i think i’m going to tell him that i can’t be his friend anymore because him constantly lying and the overall way he treats me is just fucked up even on a friendship level

and i feel dumb for forgiving him about the rude shit he’s done to me - but all the times he’s been rude to me it’s been BECAUSE there’s another girl involved and i’m the one who gets disregarded

and my rationalization for forgiving him is the fact that i’m JUST his friend, i shouldn’t feel disrespected when i get shoved to the side for another girl. but maybe i’m just overcompensating and letting myself be disrespected because i feel like have no right to be mad about it ? Ugh idk

he’s addicted to cocaine and constantly drinking and partying and getting kicked out of his house like he’s a fucking mess. i want to be his friend because he has nothing going for him , i know what it’s like to be at the bottom and lonely and have nothing going for themselves except drugs and male validation (in his case , female validation) and i do want the best for him and i want him to feel like he has people who have his back , because right now nobody does.

he’s just a loser right now and he’s getting left behind , all of our friends are slowly pushing him away because he’s a fucking mess

i want to be there for him but i can’t do it if he see’s me as nothing more than a bitch. i tried meeting up with him so we can talk about it and when he asked me when’s a good time , i let my frustration and impulsivity take over and i told him   
“whenever you’re done with your main priority hoe is a good time”   
then i smoked weed and i felt so fucking embarrassed and immature and i apologized and now i just wait for a response

this whole issue is just making me spiral about everything not even about him anymore. i just feel weird and sad and deeply uncomfortable in my female body and spiraling about gender and friendship and my sexuality and how i’m perceived by the world as a woman and feeling like such a big pathetic idiot whore

breakfast is iced coffee and avocado with everything bagel seasoning but the avocado tastes fucking weird it tastes like human skin",0,1786479831.0,GirlDinnerDiaries,20,0.38,False
1vlsvky,https://www.reddit.com/gallery/1vlsvky,"Single Recliner, Nightstand, Coffee Table, Loveseat and L Desk for Pickup Near Folsom Natoma Station",Moving out on Friday. Have to go as soon as possible. First come first serve,3,1786479794.0,SacramentoBuyNothing,0,1.0,False
1vlsusn,https://i.redd.it/0x77z9qh1tih1.jpeg,First time trying rouge wave,This is my first time having coffee from rouge wave and I am excited!,5,1786479747.0,pourover,2,1.0,False
1vlsu3y,https://i.redd.it/00atvqfd1tih1.jpeg,"The Full English, Folkestone, Kent £13.95","I visited The Full English cafe in Folkestone, Kent recently and ordered their Builders Breakfast. 

I don’t eat bread so I swapped that for an extra egg. It was delicious. 

The total came to £13.95 including coffee",37,1786479706.0,fryup,19,1.0,False
1vlstq3,https://www.reddit.com/gallery/1vlstq3,Not-so-quick drawing of Coffee [OC],,12,1786479682.0,ObjectShows,10,1.0,False
1vlstdm,https://www.reddit.com/r/LPN_LVN_Community/comments/1vlstdm/accepted_into_lvn_school/,accepted into LVN school,"Hi everyone, be nice please lol  
So backstory, I was accepted into RN school about a year and a half ago, failed my first term and never did remediation to go back.  
Just graduated from MA school and finishing up externship to get my certificate.  
I got accepted into LVN school which is a year, we had orientation yesterday and the  excitement I had and motivation to do the program VANISHED after leaving orientation. As im doing my externship hours I feel like I hate being on this side of the medical field, it’s a passion that isn’t really there anymore.  
I want to work somewhere like a school because they have the perfect times off (winter break and summer) but I also want to work in coffee because I’m passionate about it now.  
Everyone around me in the field tells me to go for it cause I’ll get paid good as a nurse, but at what cost? I know I’ll have a better pay after but I don’t know if I’m also willing to sacrifice my family time and the little social life I’ll have for one year, and especially not being able to hang out with my parents much since I’m moved out.

I don’t need someone to make my decision for me, I need to rant and get someone’s opinion and perspective as someone who doesn’t know me. Do I sound lazy and stupid and someone told me there’s no right decision but damn If I feel even 1% of regret for ANYTHING that’ll make me feel defeated, more so than I am now. I’ve cried about it, I’ve thought about it, and I just know I need to follow my happiness but I don’t know where that’s at, I’m asking for it to give me a call and let me know it’s on its way back.

Also back story the LVN program is a brand new one at this school and it doesn’t seem like it has a great structure, but my pre reqs expire next year so I basically need to decide yes or no.  
How do I find what to do? Why can’t I know my passion from a clear perspective? My vision toward my passion is so blurred and I literally feel mentally exhausted and mentally done.  
Goodness I know I sound like an entitled brat, but it’s my future and I’m almost 29 so I just feel like I’m running out of time.

Another thing to add, I do get FAFSA but not enough to cover all books, gas everyday, more groceries (I only eat about once a day because I don’t have that kind of money) and uniforms and supplies. 

Thanks, again pls be nice to me 🥺❤️",1,1786479659.0,LPN_LVN_Community,0,1.0,False
1vlst2g,https://i.redd.it/kpqr1ra61tih1.jpeg,Knock doors for Lakeview City Council candidate,"We knocked over a thousand doors last weekend! Let’s keep the momentum going and collect hundreds of signatures to get Kalen on the ballot!

Sign up here: https://www.mobilize.us/palsinforkalen/",1,1786479640.0,u_kalenfor44,0,1.0,False
1vlss3u,https://www.reddit.com/gallery/1vlss3u,Cafe Leblanc Day 3....or 4? New Curry Recipes,"Sojiro was trying some new curry recipes thanks to what was available in the food pantry and storage facility at Hope's Peak Academy. He also got a chance to go out to Jabberwock Island and found some other tropical ingredients he tried himself. Fresh, raw honey for coffee, and varieties of coconut water and shavings for added taste.

""Never thought I'd be a full fledged Starbucks I guess. Still a good way to pass the time since I'm running out of things to read in this dump.""

",2,1786479581.0,HopesPeakAcademy,0,1.0,False
1vlsrfu,https://www.reddit.com/r/gogetfunding/comments/1vlsrfu/my_familys_coffee_farm_in_colombia_collapsed_in/,My family’s coffee farm in Colombia collapsed in an earthquake — the home where 3 generations grew up,"My parents have grown coffee, avocado, and bananas on our family farm in Colombia for generations. It’s not just a farm — it’s where I grew up, where my parents still live and work, and it’s provided jobs for families in our region for decades.

Yesterday, an earthquake destroyed most of our house. It also fell on the car and the tractor my parents had just bought for farm work. We’re starting the rebuild from zero — foundation, walls, roof, everything.

If you’re able to help or just share it with someone who might, it would mean a lot: [**gofundme link**](https://gofund.me/fd645590d)

Thank you for reading, and for everything you do to support coffee farmers like my parents.",1,1786479537.0,gogetfunding,0,1.0,False
1vlsqrn,https://www.reddit.com/r/Lahore/comments/1vlsqrn/would_you_sit_at_a_coffee_table_with_people_youve/,Would you sit at a coffee table with people you've never met?,"&#x200B;

We're testing something new in Lahore.

12 strangers.  

One table.  

Good coffee.  

Real conversations.

No networking speeches.  

No awkward presentations.  

No need to bring a friend.

Just show up alone and meet people you wouldn't normally cross paths with.

📍 Lahore  

👥 Only 12 spots  

☕ Coffee meet-up

Think you'd do it?",2,1786479494.0,Lahore,4,1.0,False
1vlsq0j,https://www.reddit.com/r/datingadviceformen/comments/1vlsq0j/is_this_normal_behaviour/,Is this normal behaviour?,"Bumped into girl I knew about 6 years ago, we used to be part of same friend group, but lost touch during Covid. After going to a few more bars, her friend tells me that she likes me/fancies me. I ask her if she has a bf or is seeing someone to which she tells me no. After this, we have a few kisses in bar then I walk her home (she stays fairly close to me). She inevitably invites me in and we kiss more on her couch and cuddle. She’s about to go to bed so I offer to sleep on couch but she insists I sleep in bed. We kissed some more in bed and told me I was good at it (lol). The next morning, I ask if she needs ti get on with her day, but said there was no rush to leave. I ended up not leaving hers until near 3PM. I message her the next day saying it was nice seeing her and wondered if she fancied meeting up over weekend for a coffee. She replied and says it was nice seeing me too and she wasn’t sure what her plans were at the weekend yet, but she’d let me know. A few days later, I found out she isn’t single through one of her close friends, so I believe that information to be fairly reliable. Haven’t heard from the girl since she said she’d let me know re the weekend. I can’t lie, I’m fairly annoyed. Like, she instigated this whole thing by telling her friend that she likes/fancies me, and now she apparently isn’t even single? Lastly, I’m very inexperienced when it comes to dating, so this is all new to me.",3,1786479447.0,datingadviceformen,6,1.0,False
1vlspy0,https://www.reddit.com/r/dating_advice/comments/1vlspy0/i_26m_have_never_had_a_partner_nothing_close_to/,"I (26M) have never had a partner, nothing close to it I guess.","I have a pretty nice life in a small container house by the sea and work from home in software design and I sell plants seasonally In a small store my friend owns. I wouldn't say that I'm a hermit or something, I go to a gym, i go to a bouldering centre, I regularly work in a coffee shop when I get tired of my house, and I spend time with friends. I also don't look too bad, I'm pretty muscular looking since in have been going to the gym for about 11 years now, I take care of myself, I'm clean and groomed. But I haven't really ever got approached by someone. And the last like 7 years have been really confusing. I just haven't felt the need for sex or a partner at all? I know I'm not asexual, I have been attracted to people before, but I am starting to wonder if I'm really not attracted to anyone or if I'm just lying to myself so I don't have to do anything? Recently my friends have started pushing me hard to get someone close like a partner. I have been out of the dating scene for about 8 years now. How do people date now? How do I find someone? Where do I find someone? ",1,1786479443.0,dating_advice,1,1.0,False
1vlsor3,https://www.reddit.com/r/Breakupadvice/comments/1vlsor3/how_to_react_better/,How to react better,"So I was talking to my therapist this morning, who I love, she's fantastic. I was explaining my recent breakup to her and before I even started to talk about what my ex said the issue was, she guessed the issue correctly. In fact, she was already stopping my story flow to interject with ""So you couldn't respect her? I see why she broke up with you."" and so forth. This woman and I have been meeting for a year so she knows who I was before my ex, how we got together, and us during the last year-ish of our relationship. 

She really likes my ex and has told me this (in therapist speak). She thinks she was very good for me and she liked who I was when I was with her. She also finds me to be stubborn, unwilling to change or set goals, self-deprecating, not vulnerable with people, self-centered, codependent, etc. Again, love her, we banter. I have told her I am willing to work on these things now, she even commented on some of the things I've written for my ex that I was reading aloud to her, saying she thought they were much more vulnerable than I had ever been and she was impressed. These pieces of writing were not exclusively written after the breakup, I love writing personal things for her.

As I was explaining the conversation that my ex cited as the reason for our breakup, my therapist kept interrupting. I was retelling what I said as exactly how it happened, she stopped me to say that I was taking a very logical route, but it was my logic. That I was trying to problem solve my ex's request for personal space by making it comfortable for me. In my ex and I's conversation, she had asked for more alone time, and I was trying to suggest we plan days apart so she gets more alone time. Like Tuesdays and Thursdays or whatever. I also suggested she could tell me on Monday for example ""I'd like to be alone on Wednesday"" that way I didn't feel like I was being kicked out.

My therapist pointed out that I never asked my ex how she would like to solve this problem or what would make her comfortable, that I just heard space and tried to make it fit for me. I didn't even realize this, I thought I was making us a compromise so I didn't feel rejected and she had alone time. My therapist said that I was putting pressure on her to decide when she wanted space because it would make me feel better and that wasn't fair to her.

There was another aspect of the conversation where she asked to spend more 1 on 1 time with our mutual friends without me there and I got defensive. I told that I feel like she spends a lot of 1 on 1 time with out friends, going for walks, having coffee, going to the movies, going for a drive. I even encouraged her to do more of this since I have no issue with any of it. I love that she's so personable and friendly. She said she specifically wanted to spend time with our friends alone in the room and not just when I was busy or had other plans, this would mean ""kicking me out."" I got a little upset, asked her what our friends would think if I wasn't there, and that they are friends with both of us. I've been trying to think through this conversation and reason with myself about her asking for more independence, autonomy, space, and alone time.

I genuinely did not consider how she would have wanted to resolve these differently and I thought I was making good compromises. I really do love and miss my ex, I want to get back together. Going forward, how do I not do this again? How do I make sure she knows I'm listening, that I respect her, that I care about how she feels? Also, how do I not feel awful, sad, and sick at the idea of being ""kicked out"" at her whim?",1,1786479369.0,Breakupadvice,0,1.0,False
1vlsonm,https://www.reddit.com/r/Chandigarh/comments/1vlsonm/rental_properties_parter/,Rental properties parter,"🤝  
Hey everyone,  
I’m currently based in Mohali and already working in the real estate space (helping out with land and property sales). Side by side, I’m launching a dedicated venture focused on **residential, commercial, and office space rentals** across Mohali, combined with digital content creation.  
I’m looking for someone with a similar drive who wants to team up and build this together.  
**What the role involves:**  
 Sourcing and hunting for new rental inventory (both via calling and ground visits).  
 Creating engaging video content around the properties we find to build our digital presence.  
If you’re interested in real estate, content creation, or want to start something hands-on in Mohali, let’s connect. Drop a comment or slide into my DMs, and let’s grab a coffee to discuss how we can partner up!",1,1786479362.0,Chandigarh,0,1.0,False
1vlsmpq,https://www.reddit.com/r/HFY/comments/1vlsmpq/conundrum/,Conundrum,"The worried heads move their eyes out of the screens of their tablets and towards the door, once noticing the agents of the presidential guard moving in. A moment later, the leader of humanity steps in, crooked tie on his neck, sweat on his brow, as he makes no frills about his worries from his top advisors.

\-Terry, how bad is it?

\-Pretty bad, Jack. - answers the Chief of The Terran Chancellery -  A cascading epic failure has corrupted all of the contents of Humanity’s Universal Database.

\-Shit! How could this happen? Vic, are we dealing with terrorism? Alien sabotage?

\-We’re still looking, Mr. President, - says the Head of Homestar Security - but initial assessment doesn’t indicate so. It seems that while the maintenance crew has regularly run sfc/scannow, the scheduled diagnosis by eyeball 1.0 has been hit with “remind me in 5 weeks” for the past eight hundred years.

\-Fucking nerds and their phobia of taking a walk, away from their standing desks! Jiang-Wen, how is the administration’s investment bribefolio looking after this?

\-Exceptionally bubbly, Mr. President. - informs the Minister of Finance.

\-At least one shred of normalcy in all this mess. Alright, people, here’s what we’re gonna do: Terry, call an AMA on Stargram and assure the people that the galactic servers will be back before the release of GTA 6.5.

\-I got you, Jack.

\-Vic, I want every single member of the Transstellarguard on standby, ready to answer to any unrest at a moment’s notice.

\-This might require tapping into the strategic reserve of fireworks ‘n’ poor decision juice.

\-Do what you must.

\-Consider it done, Sir.

\-And Yasser?

\-Yes, Mr. President. - promptly answers the Minister of Education.

\-Get me a double, black, two sugars.

\-Right away, Sir.

\-Yulia, that’s your thing. While the rest of the gang is gaslighting for time, how do we fix this?

\-Mr. President, - reports the Minister of Technobabble - our top nerds inform me that we’ll get the data recovered from the backup in short order, with minimal losses.

\-Finally some good news! And what, exactly, are those minimal losses?

\-It seems two pieces of data were inscribed in the same particles of the quantum backup, one in its direction, another in its position. We can’t recover one without losing the other.

\-And what are those pieces of data?

\-One is the cure for cancer…

\-Well, can’t lose that.

\-Understood, Sir. I will inform the team to prepare to discard the cure for baldness right away.

\-Wai-wai-wai-wait. Discard what you say?

\-The cure for baldness, the simple, instant procedure discovered in the 31st century, that restores a full lush mane to any male human head.

\-And, right now, it is safely stored in the quantum backup, right?

\-Yes, sir, for the moment, until we recover the cure for cancer, then the data will be lost to uncertainty.

\-You mean, lost, temporarily, right? Cuz, really, it’s not like the cure for baldness will *poof* out of existence, it’ll still be out there, we just need to figure it out again, right?

\-Absolutely, sir. It took us a while to discover it the first time, but humanity has expanded exponentially ever since, our science and technology advanced by leaps since the 31st century. I’m certain that, if we allocate 84% of humanity’s GDP in this pursuit once again, we should be able to rediscover it in less than 300 years.

\-Right, right. Yulia, I know not eeeeeeevery man in the galaxy will go bald, but just knowing this won’t be a problem has improved, vastly, the mental health of half the human race. I mean, really, how many humans are afflicted by cancer?

\-All of us, Sir. Every single human being will develop cancer given enough time.

\-Sure, I mean… but the purpose of life is to have a good one, not a long one, right?

\-Sir, you were elected with ample support from the female electorate.

\-And therefore it is my duty to ensure their husbands don’t go bald, right?

\-If a woman is this shallow, perhaps it is in both parties’ best interest to find happiness with someone else.

\-Hey, hey! I know we often go fast and loose with the science in here, but this is no fantasy novel. Let’s not act like healthy, fulfilling relationships are lining up for post 50 divorced women.

\-Regardless, Sir, we can have the cure for cancer or baldness, we can’t have both. What is your decision?

\-MY decision?

\-Yes, it is up to you, Mr. President.

\-I… I… Yasser, ma man! My wise, trusted counselor! - the President cheers while grabbing his coffee.

\-Me?

\-Of course! Who else? I need your wise council, my erudite minister.

\-Er… u…?

\-You had cancer last year, didn’t you?

\-Yes, Mr. President, it was a dark time, but with the effort of the doctors, support of my family and faith in The One I was able to overcome this battle.

\-Good, good. Now tell me, Yasser, between cancer and bald…

\-Bald?! I’m going bald?!!!! My ministry for a dermatologist! Save me, Jaspion!!!

\-No, no. Yasser, Yasser, you’re not going bald.

\-Are you sure? Promise me, Mr. President?

\-Yes, Yasser, just a hypothetical. I promise on my politician’s honor.

\-O… k… so what is this hypothetical?

\-If you had to discard the cure for cancer or baldness, which would you choose?

\-I don’t want to go bald, that’s for sure; but also, I’d be dead without the cure for cancer. Hum! That’s a tough choice.

\-Is it? - asked the Minister of Technobabble.

\-Yes. I don’t want to be less of a man.

\-None of us wants that. - the President added.

\-But being a dead man seems problematic… I don’t know! I dOn’T kNoW!! I DUNNO!!! What kind of cruel god puts this burden upon the shoulders of a faithful?! Betrayed, I say! Thou betrayed me, Jaspion!!!

\-Yasser! - the president yells amidst a sound slap on the minister’s face - Get a hold of yourself, man! Who’s the minister of education?

\-I am.

\-Who’s shaping the future of humankind?

\-I am!

\-Then behave as such!

\-You’re right, Mr. President. I’m sorry, I’m most sorry. How can I serve the human race?

\-I’m good. You, Yulia?

\-I could use a green tea.

\-Coming right up.

\-Well, Mr. President, we still need a decision.

\-Taking the big job means making the tough choices, doesn’t it?

\-Couldn’t have worded better, Mr. President.

\-Fine. Recover the cure for cancer and pray it doesn’t take more than three centuries to rediscover the cure for a smooth dome.

\-Very well, Sir. If you’d just sign the executive order, we’ll get right into it.

\-Sign, as in, a public document with my name under it?

\-Yes, Sir. Permanent destruction of humanity’s intellectual heritage requires a formal presidential order.

\-So… everybody will know that I am the one who brought back the plight of runaway follicles to humankind?

\-Technically, half of humankind.

\-The stronger, dumber, full of testosterone half?

\-Wouldn’t put that in the campaign material, but yes, that’s a fair description of this half of our race.

\-You know who I haven't talked to in a while? Shandra. Where is my vice-president?

\-Still working on a draft of an Israeli-Palestinian peace treaty.

\-Still on it, hum?

\-Yes, Sir. You did tell us to, and I quote, “find something that’ll keep that dead weight busy for the next millenia.""

\-And that was wrong of me. No one rules alone, it is past time I share a bit of my responsibilities. Where can I find my VP?

\-In a diplomatic mission at Tornuria Prime, trying to negotiate a technological transfer of their quantum oscillators, see if we can create a superposition of States in the Levant.

\-I see. Then, I will do what I must.

\-Sir?... Where are you going?

\-Deliver my resignation to the Terran Parliament.

\_\_\_

*Tks for reading. More dilemmas* [*here*](https://www.reddit.com/user/noobvs_aeternvm/comments/1b15kyn/my_stories/)*.*",3,1786479237.0,HFY,2,1.0,False
1vlslvm,https://i.redd.it/0zzg5kftzsih1.jpeg,Kenan is a menace and must be stopped,,6,1786479183.0,SpeedOfLobsters,2,1.0,False
1vlslr9,https://www.reddit.com/r/McKinsey_BCG_Bain/comments/1vlslr9/difference_between_full_time_and_internship/,Difference between full time and internship recruitment,"This year, I applied for FT roles and didn't get first rounds at BCG or Bain. Last year for internship recruitment I got R1 interviews at every firm I applied to and made it to several final rounds including BCG. Since then I've raised my GPA, taken on new leadership positions and did my summer internship at a very well-respected T2. I was also consistently invited to invite only events and coffee chats by BCG throughout the year. 

I understand how competitive getting interviews are but I am a bit confused and frustrated over the difference between my performance last year and this year especially since my profile should theoretically be more competitive this year. I'm interested whether anyone is experiencing the same thing or has insight into why this might be happening. ",4,1786479175.0,McKinsey_BCG_Bain,1,1.0,False
1vlskzn,https://i.redd.it/9k77yybxxsih1.png,Assess my trip,"Hi, we're x2 30-somethings doing a road trip from the UK around CA, NV, UT, AZ.

We want experience scenery, American culture, and doing some light/moderate day hiking (no gear required).  


We don't want to do any snow driving (zero experience!).  
  
I am also happy with the amount of time in Phoenix (I used to live there for a period, so want to revisit).  
  
Open to suggestions/alterations!



This is what the robot has given me after numerous prompts and edits based on what we want:

  
**28 October – 13 November 2026**

* **San Francisco — 3 nights**
   * 28 Oct
   * 29 Oct
   * 30 Oct
* **Yosemite — 4 nights**
   * 31 Oct pick up rental car in San Fran - drive to Yosemite
   * 1 Nov
   * 2 Nov
   * 3 Nov
* **Fresno — 1 night**
   * 4 Nov - drop off rental car & fly to LAS next morning (5th)
* **Las Vegas — 1 night**
   * 5 Nov - pick up rental car as LAS
* **Zion — 3 nights**
   * 6 Nov 
   * 7 Nov
   * 8 Nov
* **Grand Canyon — 2 nights**
   * 9 Nov
   * 10 Nov
* **Sedona — 1 night**
   * 11 Nov
* **Phoenix — 1 night**
   * 12 Nov
* **13 Nov**
   * Fly home - drop of rental car at PHX

**More details....**  
**WED 28 OCT — ARRIVE SAN FRANCISCO**

**15:30–16:30**

* **Check in - jet lagged**

**Night: San Francisco**  
**Car: None**

  
**THU 29 OCT — SAN FRANCISCO**

**Activities TBC**  
**Night: San Francisco**  
**Car: None**

  
**FRI 30 OCT — SAN FRANCISCO** 

**Activities TBC**  
**Night: San Francisco**  
**Car: None**



**SAT 31 OCT — SAN FRANCISCO → YOSEMITE**

**07:15–07:45**

* **Pick up rental car**

**07:45 — Depart San Francisco**

**07:45–11:30**

* **Drive SF → Yosemite Valley**
* **\~3¾–4 hours**
* **Take the western approach via CA-140**
* **Do not plan a route over the Sierra**

**11:30–12:30**

* **Lunch**

**12:30–13:30**

* **Check in / drop bags**

**13:30–14:30**

* **Tunnel View**

**14:30–15:30**

* **Bridalveil Fall**

**15:30–16:30**

* **El Capitan Meadow**

**16:30–17:30**

* **Valley View / sunset**

**18:00**

* **Dinner**

**20:30 — Hotel**

**22:00 — Bed**

**Important Yosemite rule**

**CA-140 is the lower-elevation approach and is generally the best choice for your requirements, but there is no absolute guarantee of snow-free driving in Yosemite in November. NPS says chains can be required on any Yosemite road when conditions warrant them. If the forecast calls for snow/ice on the driving day, do not drive into Yosemite until conditions are clear.**

  


**SUN 1 NOV — YOSEMITE VALLEY**

**Main hike: Yosemite Valley Loop / Valley Floor**

**07:00 — Breakfast**

**07:45 — Leave hotel**

**08:00–11:00**

* **Yosemite Valley walking**
* **Lower Yosemite Fall**
* **Cook's Meadow**
* **Merced River**
* **El Capitan views**

**11:00–12:00**

* **Coffee / lunch**

**12:00–13:00**

* **Lunch**

**13:00–14:30**

* **Continue Valley Loop**

**14:30–15:30**

* **Yosemite Village**

**15:30–17:00**

* **El Capitan Meadow**
* **Valley viewpoints**

**17:00–17:45**

* **Sunset**

**18:15**

* **Dinner**

**20:30 — Hotel**

**22:00 — Bed**

**Hiking**

**\~4–5 hours total walking, but very flexible.**

**This is deliberately low elevation compared with Yosemite's high-country trails. NPS notes that Valley trails can sometimes remain mostly snow-free even when higher trails are snowy/icy.**

  


**MON 2 NOV — YOSEMITE / VERNAL FALL OPTION**

**Main hike: Vernal Fall footbridge**

**06:45 — Breakfast**

**07:30 — Leave**

**08:00**

* **Start Mist Trail**

**08:00–11:00**

* **Hike toward Vernal Fall**
* **Stop at the footbridge / appropriate safe point**
* **\~3 hours**

**11:00–11:30**

* **Return**

**11:30–12:30**

* **Lunch**

**12:30–14:00**

* **Rest**

**14:00–15:30**

* **Mirror Lake / Valley**

**15:30–17:00**

* **Yosemite viewpoints**

**17:00–17:45**

* **Sunset**

**18:15**

* **Dinner**

**22:00 — Bed**

**Important**

**If there is ice on the Mist Trail, don't do it.**

**Instead:**

**08:00–10:30**

* **Cook's Meadow**
* **Lower Yosemite Fall**
* **Valley Loop**

**Then use the afternoon for more Valley walking.**

**No microspikes, crampons or poles required.**

  


**TUE 3 NOV — YOSEMITE WEATHER-FLEX DAY**

**This day exists specifically so you don't have to hike in bad weather.**

**07:30 — Breakfast**

**08:30–11:30**

**If dry:**

* **Longer Valley Loop**
* **Yosemite Falls area**
* **El Capitan Meadow**
* **Merced River**

**If wet:**

* **Short walks**
* **Yosemite Village**
* **Valley viewpoints**
* **Coffee / relaxed lunch**

**11:30–12:30**

* **Lunch**

**12:30–14:00**

* **Valley sightseeing**

**14:00–15:30**

* **Mirror Lake if conditions are good**

**15:30–17:00**

* **Valley View**

**17:00–17:45**

* **Sunset**

**18:15**

* **Dinner**

**22:00 — Bed**

**What we are NOT doing**

* **Glacier Point as a required activity**
* **Taft Point**
* **Sentinel Dome**
* **Panorama Trail**
* **Tioga Road**
* **Any high-elevation hike requiring winter traction**

**That's intentional. Glacier Point Road is normally closed around November, and NPS advises expecting snow/ice on many higher trails.**

  


**WED 4 NOV — YOSEMITE → FRESNO**

**07:30 — Breakfast**

**08:30–10:30**

* **Final Yosemite Valley walk**
* **Coffee**
* **Photos**

**10:30–11:30**

* **Pack / check out**

**11:30 — Depart**

**11:30–13:30**

* **Yosemite → Fresno**
* **\~1½–2 hours**

**13:30–14:30**

* **Lunch**

**14:30–15:00**

* **Return rental car at Fresno Yosemite International Airport**

**15:00–16:00**

* **Hotel**

**16:00–18:00**

* **Relax**

**18:00**

* **Dinner**

**21:30 — Bed**

**Night: Fresno**

  


**THU 5 NOV — FRESNO → LAS VEGAS**

**Flight:  FAT → LAS**

**06:30 — Breakfast**

**07:15 — Check out**

**07:30 — Leave for FAT**

* **Check in**
* **Security**
* **Coffee**

**Arrive Las Vegas**

* **Bags**
* **Pick up second rental car**

**12:45–13:15**

* **Drive to hotel**

**13:15–14:15**

* **Lunch**

**14:15–16:30**

* **Pool / relax**

**16:30–17:30**

* **Rest**

**17:30–19:00**

* **Strip walk**

**19:00–20:30**

* **Dinner**

**20:30–22:00**

* **Bellagio fountains**
* **Strip**

**22:30 — Bed**

**Night: Las Vegas**

  


**FRI 6 NOV — LAS VEGAS → ZION**

**06:30 — Breakfast**

**07:00 — Check out**

**07:00–09:30**

* **Drive Las Vegas → Springdale**
* **\~2½ hours**

**09:30–10:00**

* **Park / drop bags**

**10:00–11:00**

* **Canyon Overlook Trail**
* **\~1 hour**

**11:00–12:00**

* **Springdale**

**12:00–13:00**

* **Lunch at Oscar's**

**13:00–14:00**

* **Check in**

**14:00–16:00**

* **Zion Canyon**
* **Scenic shuttle**
* **Short walks**

**16:00–17:30**

* **Watchman / sunset**

**18:00**

* **Dinner**

**20:30 — Hotel**

**22:00 — Bed**

**Hike**

**Canyon Overlook: \~1 hour**

**No special equipment.**

  


**SAT 7 NOV — ZION**

**Main hike: Watchman Trail + Riverside Walk**

**06:30 — Breakfast**

**07:00 — Visitor Center**

**07:15**

* **Shuttle**

**07:30–09:30**

* **Watchman Trail**

**09:30–10:00**

* **Snack**

**10:00–10:45**

* **Shuttle up canyon**

**10:45–12:30**

* **Riverside Walk**

**12:30–13:15**

* **Shuttle back**

**13:15–14:15**

* **Lunch**

**14:15–15:30**

* **Pa'rus Trail**

**15:30–16:30**

* **Zion Lodge / viewpoints**

**16:30–17:30**

* **Sunset**

**18:00**

* **Dinner**

**22:00 — Bed**

**Total hiking**

**\~4 hours, broken into several hikes.**

**Watchman is a good choice because it stays relatively low and is a maintained trail; NPS lists it as an established trail with hard rock/firm soil surfaces.**

  


**SUN 8 NOV — ZION EXTRA DAY**

**This is your national-park bonus day.**

**07:00 — Breakfast**

**07:45–08:15**

* **Check weather and trail conditions**

**Preferred plan if dry**

**08:30–12:30**

* **Longer Zion hike**
* **Target 4 hours**

**Potential options depending on conditions:**

* **Emerald Pools**
* **Extended canyon walking**
* **Another moderate trail**

**12:30–13:30**

* **Lunch**

**13:30–15:00**

* **Scenic shuttle / viewpoints**

**15:00–16:30**

* **Pa'rus Trail**

**16:30–17:30**

* **Sunset**

**18:00**

* **Dinner**

**20:30**

* **Hotel**

**Wet / icy version**

**09:00–11:00**

* **Riverside Walk**

**11:00–12:00**

* **Zion Lodge**

**12:00–13:00**

* **Lunch**

**13:00–15:00**

* **Pa'rus Trail**

**15:00–17:00**

* **Viewpoints / Springdale**

**Zion's official guidance is to check weather and trail conditions, and some trails can close; this is why I would leave this day deliberately flexible.**

  


**MON 9 NOV — ZION → PAGE → GRAND CANYON**

**Antelope Canyon is INCLUDED**

**06:15 — Breakfast**

**06:45 — Check out**

**07:00 — Depart Zion**

**07:00–09:15**

* **Drive Zion → Page**
* **\~2¼ hours**

**09:15–10:15**

* **Coffee**
* **Antelope Canyon check-in**

**10:30–12:00**

* **ANTelope Canyon guided tour**

**12:00–12:15**

* **Drive**

**12:15–13:15**

* **Lunch at Big John's Texas BBQ**

**13:15–13:30**

* **Drive to Horseshoe Bend**

**13:30–14:45**

* **Horseshoe Bend**

**14:45 — Depart Page**

**14:45–17:15**

* **Drive Page → Grand Canyon**
* **\~2½ hours**

**17:15–17:45**

* **Check in**

**17:45–18:15**

* **Yavapai Point**

**18:15**

* **Sunset**

**19:00**

* **Dinner**

**21:30 — Bed**

**Night: Grand Canyon**

  


**TUE 10 NOV — GRAND CANYON**

**Main hike: South Kaibab → Ooh Aah Point / Cedar Ridge**

**06:00 — Wake**

**06:15 — Leave hotel**

**06:30–07:00**

* **Sunrise**

**07:00–07:30**

* **Breakfast**

**07:30**

* **Head to South Kaibab trailhead**

**08:00–10:30**

* **South Kaibab Trail**
* **Continue to Cedar Ridge only if conditions are dry and you're comfortable**
* **Otherwise turn around at Ooh Aah Point**

**10:30–11:00**

* **Return**

**11:00–12:00**

* **Lunch**

**12:00–13:00**

* **Visitor Center**

**13:00–16:00**

* **Desert View Drive**
* **Watchtower**
* **Scenic overlooks**

**16:00–17:00**

* **Return**

**17:00–17:45**

* **Sunset**

**18:30**

* **Dinner**

**21:30 — Bed**

**Hike**

**\~2–3½ hours**

**The Grand Canyon is not a place I'd recommend pushing a winter-weather hike simply to hit a mileage target. NPS stresses that the uphill portion can take substantially longer than the descent, and South Kaibab has little shade and no water.**

  


**WED 11 NOV — GRAND CANYON → SEDONA**

**07:00 — Breakfast**

**08:00 — Check out**

**08:00–10:30**

* **Drive Grand Canyon → Sedona**
* **\~2½ hours**

**10:30–11:00**

* **Drop bags**

**11:00–13:00**

* **Bell Rock / Courthouse Butte**

**Hike**

**\~2 hours**

**13:00–14:00**

* **Lunch at The Hudson**

**14:00–15:00**

* **Rest**

**15:00–16:30**

* **Chapel of the Holy Cross**
* **Scenic drive**

**16:30–17:30**

* **Airport Mesa**

**17:30**

* **Sunset**

**18:30**

* **Dinner at Cowboy Club**

**20:30 — Hotel**

**22:00 — Bed**

**Night: Sedona**

  


**THU 12 NOV — SEDONA → PHOENIX**

**Your proper Phoenix day**

**Activities TBC**

**Night: Phoenix**

  


**FRI 13 NOV — PHOENIX → HOME**

**Activities TBC**

**13:30 — Check out**

**14:00**

* **Leave for PHX**

**14:15**

* **Return rental car**

**15:00 onward**

* **Airport**",0,1786479129.0,NationalPark,11,0.5,False
1vlsku3,https://i.redd.it/6ewl5phmzsih1.jpeg,Thisss Sleep is killing my time 🫩,"In short .. I come from coaching at around 4, and after lunch n all I drink coffee and then EVEN IF I LAY DOWN FOR LIKE 5 microseconds I sleep 😭😭 . I put alarm for like 10-15 mins for power nap wali shit ..but I SWITCH IT OFF AND SLEEP AGAIN 💔 . 

And uske baad seedha 8pm around uthta which messed most of my day 🙏. 

This shit ruining consistency like mad .. how to counter this? ",9,1786479119.0,JEENEETards,10,1.0,False
1vlsktb,https://www.reddit.com/gallery/1vlsktb,2Bedroom 2Bath 10ft ceiling parlor floor Brownstone Sunset Park 1block from subway and new Library,"$3,400 per month | September 1, 2026–August 31, 2027

BEAUTIFUL, UNBEATABLE SUPER CONVENIENT LOCATION, INCREDIBLE VIEWS.

Discover the charm of living in a quintessential Brooklyn brownstone, complete with iconic triptych bay windows. Located in the heart of prime Sunset Park, this apartment offers an unbeatable blend of historic character, modern convenience, and community. Probably the nicest apartment, looks and convenience wise, in the Sunset Park neighborhood.

Just steps from the beautifully renovated Brooklyn Public Library, ideal for book lovers, and only 3/4 of a block from the R line subway, commuting and exploration couldn’t be easier. This is truly a ""one-minute neighborhood,"" where everything you need is right at your fingertips.



A hidden wonder, the unicorn of apartments, this home is perfect for plant lovers, bookworms, and anyone seeking that magical combination of timeless architecture and modern accessibility. When you read a book or watch a movie about Brooklyn this is what people most likely envision.



About the space:

2 Bedrooms, 2 full Bathrooms , 1 Living Room/Dining Room area, 1 separate Kitchen area + hall closet = 5 ROOMS TOTAL



Located in a stunning pre-war red-and-white Néo-Grec brownstone on a peaceful, tree-lined street in prime Sunset Park, this apartment has been gut renovated and combines the elegance of old New York with renovated modern comfort interiors. You get the best of both worlds: the character and prestige of historic architecture with the peace of mind that comes from new plumbing and electrical systems.



2nd Floor Parlor floor through apartment (feels like only 1 floor, be in your apartment in less than 5 seconds) in a Beautiful Red and White Classic Néo-Grec Brownstone Townhouse with Tall 10 foot ceilings. A 2Br 2Bath, especially in a Brownstone, is extremely rare in the city and 2 full bathrooms are essential for roommates. If you are a couple, you can use the extra room as an office for remote work at home as well. Great for students/roommates as the bedrooms and bathrooms are at opposite ends of each other.



The high ceiling apartment has sunlight streaming through its triptych bay windows throughout the day that's great for growing plants. Extreme amount of light on both north and south sides, large insulated windows, Large living room/dining room layout with separate full kitchen area. Motion sensing hallway lights. Immaculate, pristine, and super clean hallways. Newly renovated kitchen granite countertop and marble tile. Renovated bathrooms. Both bathrooms have full baths. A closet in the hallway. New hardwood floors throughout the home. Marble tile floors and wooden floors bring a classy elegance.



Spectacular views from every window. Watch the moon rise straight from the bay windows. The front has a red October maple tree that turns fire red in fall and the backyard view is of a gazebo with grape vines on it and solar led lights that twinkle and flicker at night. The backyard window view is equally amazing. Watch exotic birds hopping and chirping around, bees buzzing, butterflies fluttering. Cats slinking on white picket fences through dappled sunlight (like Garfield or that play about cats, called Cats). Gentle breezes swaying the leaves on trees. It's like a Ghibli movie come to life. Very serene and tranquil. The window is basically ASMR. A picturesque block (literally looks like San Francisco and Brooklyn had a baby. People literally stop in their tracks to take snapshots of this building that's how beautiful it looks.



Escape the chaos of the city without ever leaving it. This apartment is a true idyllic retreat, a peaceful, picture-perfect place to live and work from home in total comfort.



The front of the building features a stunning October maple tree that turns a vibrant fire-red in the fall, providing a breathtaking view right from your window and giving you dappled shade in the summer. Amazing views from both the front and back windows. Lots of sunshine from north and south.



Set on one of the most picturesque blocks in Brooklyn, the street itself looks like San Francisco and Brooklyn had a baby, full of charm, elevation, and beauty. It's the kind of striking architecture that frequently has passersbys stopping to snap photos.



Nestled between two stunning waterfronts and surrounded by abundant green spaces, this apartment is a nature lover’s dream. It's only 4 blocks from the waterfront and Bush Terminal park and the billion dollar views are jaw dropping. Seriously, the pictures I’ve included truly don’t do it justice. The high definition range pictures aren’t enough to capture the true magic until you see it with your own eyes. Not only that but we’re also getting another amazing waterfront park green space that is set on a pier that is opening at the end of next year right next to the other pier that you see in the pictures.



Just steps from vibrant 5th Avenue, you’ll find a diverse mix of national retailers and charming mom-and-pop shops. You’re also just around the corner from an excellent selection of restaurants, cafes, and food markets. Also at night, there is an amazing food truck culture that happens nearby at the end of the street. The neighborhood strikes an ideal balance: high foot traffic and extremely low crime in a family‑friendly area with easy subway access, yet featuring an exceptionally quiet building on a peaceful, tree‑lined block.



You’re also within five blocks of Sunset Community Park, offering eye melting Manhattan skyline vistas. Thanks to its unusually high elevation, Sunset Park offers some of the most breathtaking views in the city including a direct line to the Statue of Liberty, Empire State Building, and World Trade Center as well as every skyscraper on its horizon. One of the neighborhood’s greatest assets is its zoning: building heights are capped at 80 feet. This keeps the skyline low, preserving a sense of openness and allowing for an unobstructed panorama view of Manhattan from the park that gives the neighborhood its name. You can actually see the bright sun at all periods in the namesake neighborhood for most of the day while walking around instead of being in the shadows of large buildings in Manhattan.



You are also near one of the most beautiful green and peaceful spaces in the city: Greenwood Cemetery which is a 10 minute walk away. Words can’t begin to describe how amazing this sanctuary is. They just recently opened a brand new greenhouse museum that needs to be visited.



This apartment offers unbeatable access to the best of Brooklyn and Manhattan. Commuting is a breeze: the R train at 53rd Street is just a block away, putting you in Manhattan in about 25 minutes. You are also a 10-minute walk (or a 4-minute Citi Bike ride) from the NYC Ferry at the Brooklyn Army Terminal, which gets you to Wall Street and the financial center in just 12 minutes. Plus, you have easy direct access to Staten Island via ferry, and you can reach Coney Island in 28 minutes on the train or the Rockaways in 40 minutes in 1 stop on the NYC Ferry for a perfect beach day. You literally could go to the beach everyday without a hassle.



Cyclists will appreciate the direct protected bike lane on 4th Avenue, which extends all the way to Atlantic Terminal and beyond coupled with the ease of use and abundance of many Citibike docks so transportation is always nearby..



Commute times by Citibike:

Barclays Center/Downtown Brooklyn: 20 minutes

Park Slope : 11 minutes

Prospect Park/Whole Foods: 11 minutes

Windsor Terrace: 9 minutes

Bay ridge: 7 minutes

Industry City/Costco:4 minutes



We also have a new protected bike lane with a direct line straight to Gowanus/Carroll Gardens/Red Hook that is like a warp pipe on the 2nd Avenue sidewalk installed last year that makes it much easier, faster and no stress to get to these areas:

Red Hook/IKEA: 12 minutes

Carroll Gardens/Gowanus: 11 minutes



They also put Citbike docks all along the Verrazano so you can conveniently cycle to see the amazing Verrazano bridge and see the waterfront; all in protected bike lanes. It’s super easy to cycle and sightsee from our area.



In the future, we'll also be connected to Bushwick via the new Interborough Express ( IBX) Line.



Nearby, famous Industry City offers a growing campus of retail and business opportunities along with nearby business hubs in Brooklyn Army Terminal, The Whale Building, and the new MADE in NYC Campus that will also hold the new Steiner Movie Studios. If you want to impress visiting friends and family this is the place to bring them. 



With a 98% Walk Score, everything you need, from convenience stores to coffee shops, is practically at your doorstep.



FEATURES & BENEFITS

\- Granite Countertop

\- Wood Cabinets

\- Double Paned Windows

\- Marble Tile and Wood Floors combined

\- Hydronic Heating System

\- New Water Boiler (individual meter)

\- New Heating Boiler (individual meter)

\- Separated Waste containers and compost bin outside to keep vermin away

\- Package Box for Delivery installed outside. Get all your packages without a doorman.



Water/sewage included in rent, tenant responsible for other utilities (electricity, gas, internet individually metered).



Best state of the art 24hr laundromat in Brooklyn, a block nearby.



POINTS OF INTEREST NEARBY

This location strikes the perfect balance: peaceful yet connected, leafy yet lively, with nature, culture, and convenience all at your doorstep.



It’s almost hard to believe how many convenient places are just mere steps away.



Sunset Community Park - Highest Peak in Brooklyn 45th and 5th avenue Amazing Sunset Views of Manhattan. The BEST community park in the city, by far. Insane dreamlike picture perfect vistas.



Bush Terminal Pier Park - Waterfront green space nature preserve - 4 blocks away (2 minute Citibike)



Industry City (Brooklyn's Disneyland) - 10 minutes away walking (4 minute Citibike)

They have Japan Village and have opened a new Daiso.



New Renovated Brooklyn Library - 1/2 Block Away



Chase Bank and new Bank of America - 1/2 Block Away



24 Hour Grocery Store CitiFresh Market - 1 Block Away



New PureGym (formerly Blink Fitness)- 1/2 Block Away



New Planet Fitness Gym - 3 Blocks Away



Ricos Tacos, Tacos El Bronco Food Truck, New Taco Bell = 1/2 Block Away.



Burger King, McDonalds (newly renovated), Popeyes, Texas Chicken and burgers = 1 Block Away



New CityMD - 1/2 Block Away



NYU Langone (Top rated hospital in the country) - 6 Blocks away



New Five Below Discount store - 2 blocks away



New Deals and Discounts store (1/2 block away)



COSTCO - 39th and 3rd Avenue only 5 minutes away by Citibike



We have many more but these are the ones near the apartment.



Commuting Options (many modes of transportation!)

We are in an amazing transportation nexus.

SUBWAY (BRAND NEW RENOVATED STATION)

R Train = 53rd St and 4th Ave (just 3/4 block away!)



New Protected Bike Lane -1/2 block away (New CITIBIKE docks 2 blocks away) AMAZING BIKE INFRASTRUCTURE!!!!

Bus Stop - 1 block away

NYC Ferry at 59th street Brooklyn Army Terminal;

Only 12 minutes 1 stop to lower Manhattan Wall St Lower Manhattan!!! amazing commute by boat. 1 stop, 45 minute ride to the rockaways for $4 by ferry! You can surf and go to the beach every day! only 13 minutes, 1 stop, to Governors Island by ferry.

Only a 28 minute subway ride to Coney Island.



\- SORRY NO PETS -

\- No Smoking -",5,1786479118.0,NYCapartments,0,0.86,False
1vlsjzy,https://www.reddit.com/r/SideProject/comments/1vlsjzy/closing_your_macbook_lid_kills_your_claude/,"Closing your MacBook lid kills your Claude Code/Codex session. So I built a tiny menu bar app that keeps the Mac awake (free, open source)","You kick off a long Claude Code or Codex run, close the lid to go grab food, and come back to a dead session. macOS sleeps the instant the lid closes unless an external display is plugged in, and it takes your agents, builds, downloads, and local servers with it.

I got tired of babysitting an open laptop, so I built \*\*LidAwake\*\*: a tiny native macOS menu bar app that keeps the Mac running with the lid shut.

\* Coffee cup icon in the menu bar: click to toggle, filled cup = Mac stays awake lid-closed

\* Saves your screen brightness when the lid closes and restores it exactly on reopen

\* Start at Login, light/dark mode, native AppKit

\* About 200 lines of Swift total. No Electron, no daemons, a few MB of RAM

\* MIT licensed, builds from source in seconds with an included script

The fun engineering bit: macOS fires no display-sleep event when the lid closes; it silently disconnects the built-in display instead. Lid detection ended up being a 2-second poll of IOPMrootDomain's AppleClamshellState.

And yes, fittingly, I built it with Claude Code in an afternoon, so it can keep its own kind alive overnight.

GitHub: [https://github.com/deezeddd/LidAwake-Mac](https://github.com/deezeddd/LidAwake-Mac)

It's my first open-source release. Feedback on the README, the approach, or anything else is very welcome.

EDIT: Here is a one-liner CLI Command:   
**curl -fsSL** [**https://raw.githubusercontent.com/deezeddd/LidAwake-Mac/main/install.sh**](https://raw.githubusercontent.com/deezeddd/LidAwake-Mac/main/install.sh) **| bash**",1,1786479068.0,SideProject,7,1.0,False
1vlsjt3,https://www.reddit.com/r/NewParents/comments/1vlsjt3/what_does_everyone_use_for_energy/,What does everyone use for energy?,"I have a toddler and I’m currently pregnant, I am SO SO exhausted I can barely function. I find myself not even being able to speak correctly to think because I’m so tired. Before pregnancy I was a frequent energy drink drinker now I can’t have energy drinks and coffee really isn’t helping much…I don’t know what to do because I obviously have to stay awake bc of my toddler. What’s the best thing that’s safe to use for energy? ",1,1786479057.0,NewParents,8,1.0,False
1vlsis4,https://i.redd.it/k3vnjqp3zsih1.jpeg,"New Boutique opening in King of Prussia, PA",,6,1786478996.0,nespresso,2,1.0,False
1vlsi69,https://www.reddit.com/r/work/comments/1vlsi69/i_dont_do_exit_interviews/,I don’t do exit interviews,"I recently declined a meeting invite to an exit interview the same day I learned indirectly that the firm won’t be extending my summer law clerkship part-time and need to get this off my chest. If you want a management consultant, hire a management consultant. It comes off as a little rich to even request an exit interview when most of the team is checked out, comes into the office 3 days a week at most, and failed to provide any substantive feedback to me during a summer clerkship.

The firm relied on my cheap labor to draft the most complex documents that it produces. One of the attorneys is so up her own ass that, for example, she sort of shooed me away with a dismissive hand gesture today. I was merely walking down the hallway while she was talking loudly to an attorney from their office doorway. She later asked me to move in the kitchen as I was making coffee in the corner of the room as apparently I was in her way. We are both Irish so she feels entitled to do that kind of bullshit.

Transitioning to a low commitment, self-satisfied, smug team after being on a balls to the wall, no egos will survive the workload team, I feel gross. I feel my motivation weakening by the hour and cannot wait to get back to school in two weeks. Fuck the exit interview and this firm’s fake inclusivity. End of rant.",8,1786478955.0,work,11,0.83,False
1vlshut,https://v.redd.it/vt7z3kuyysih1,local senior citizen transcends reality while felonies take place in the background,"The Hound takes his cuddle time v seriously now that he is retired 

There is *no* distracting him from the snuggles despite Toody and Cuda both giving it a v earnest effort 

Also that piano is from when I was like 2 so that thing is like 33 years old and now it just hangs out under my second bedroom coffee table. 

*Why are there* ***two*** *coffee tables in the bedroom, Susan?* I hear you ask. 

It's because I have lost all control in my life and my decisions are dictated 98% of the time by what is most practical from an animal care and damage deposit standpoint 

So I have two bedroom coffee tables now because Petunia enjoys chewing on them and the wood is actually a really nice texture for chewing so *I just let her gnaw on those* and it all makes sense in my lizard animal husbandry brain 

It looks insane, but it works. Which is the most ridiculous part of this whole debacle.",52,1786478933.0,The_Hound,3,1.0,False
1vlsh1q,https://www.reddit.com/r/Filmitio/comments/1vlsh1q/tool_of_the_day_jumpcut_autocut_silence_in/,"Tool of the day: JumpCut. Auto-cut silence in Premiere, and 2.0 now auto-switches multicam. What should it do next?","Featuring one tool a day here so newer folks know what everything actually does.

JumpCut is our Premiere Pro plugin for the most boring job in editing: it scans your timeline audio and cuts out the silences and dead air automatically, with thresholds you control, so a rambling 40-minute recording tightens itself while you get coffee. The 2.0 update added Auto-Switcher: on a multicam edit it cuts to whoever is talking, which turns podcast episodes from an afternoon of razor work into a first pass you just review.

Demo if you want to see it actually run: [https://www.youtube.com/watch?v=rAJvKHtZpWU](https://www.youtube.com/watch?v=rAJvKHtZpWU)

Two questions for the room:

1. What is your current silence-cutting workflow, JumpCut or otherwise? Curious what thresholds people actually use for podcast vs talking-head stuff.

2. What should JumpCut do next? Genuinely asking, most of our tools started as requests from editors, so if there is a boring job you want gone, this is the thread.",1,1786478882.0,Filmitio,0,1.0,False
1vlsfj9,https://www.reddit.com/r/coffeelife/comments/1vlsfj9/krispy_kreme_coffee_ai/,Krispy Kreme Coffee AI,"[What If?](https://preview.redd.it/g2571h6jysih1.jpg?width=832&format=pjpg&auto=webp&s=dcbc65ea09117ee1cbd9c26fd8df661d7225b42f)

",1,1786478784.0,coffeelife,0,1.0,False
1vlsey5,https://www.reddit.com/gallery/1vlsey5,Anyone else getting insulted with this week’s dairy revisions?,I thought the little pictures for the new egg strips were cute and then I get to juice/coffee and rbg and get called dumb :( (actually got a good laugh from it),9,1786478748.0,Target,1,0.91,False
1vlsept,https://i.redd.it/26y1lf4eysih1.jpeg,Backup Old Membership Offer,,2,1786478733.0,KalynNicholsonSnark,1,1.0,False
1vlse5t,https://www.stocktitan.net/news/BRCB/black-rock-coffee-bar-inc-reports-second-quarter-2026-uf1ypdrgfc9j.html,"BRCB | Black Rock Coffee Bar, Inc. Reports Second Quarter 2026 Results",,1,1786478703.0,StockTitan,0,1.0,False
1vlsctu,https://www.reddit.com/r/Stremboxd/comments/1vlsctu/small_update_7000_people_using_stremboxd_and_a/,"Small update: ~7,000 people using Stremboxd, and a thank you 🙏","Hey everyone,

Quick update: Stremboxd now has around 7,000 regular users. Didn't expect it to grow this much, and it genuinely means a lot every time I check the numbers.

Thanks to everyone here, whether you've been around since the early days or just discovered the addon.

On a practical note, I cover the hosting and maintenance costs myself. It's not a huge amount, but it adds up over time along with the work of keeping things running smoothly. 

If you've enjoyed using Stremboxd and want to support it, I've got a Buy Me a Coffee: buymeacoffee.com/esp4ce. Totally optional, no pressure, just appreciated ;)

Thanks again for being part of this !!",2,1786478619.0,Stremboxd,0,1.0,False
1vlsb2d,https://i.redd.it/qyozko3txsih1.jpeg,This Jax art is awesome,,3,1786478507.0,tadc,0,1.0,False
1vlsao5,https://i.redd.it/8pbx990gxsih1.png,(Reunited) Coffee Break,,6,1786478483.0,TheWildEastUTY,1,1.0,False
1vlsagr,https://www.reddit.com/gallery/1vlsagr,My OC (1/5),"Firstly my OC'S are managers so I can make a fanfic of it. Anyway this is her profile

Profile

Name: Hana Amemiya

Born in: Kyoto

Birthday: March 15

Age: 

\- 16 (first selection phase)

\- 17 (NEL & World Cup Arc)

Zodiac Sign: Pisces

Height: 5'4 (162 cm)

Foot Size: 23.5 cm

Blood Type: A

School: Hikaru High School (1st year)

Club: Art Club & Music Club (member)

Self-Perceived Strength: Creativity and empathy

Self-Perceived Weakness: Reluctance to step out of her comfort zone

Favorite Foods: Strawberry Daifuku

Disliked Food: Natto

Best Side Dish for Rice: Grilled salmon with soy sauce

Hobby: Drawing, writing songs, visiting art museums.

Favorite Season: Spring

Favorite Music: Indie acoustic and soft pop

Favorite Movie: Whisper of the Heart

Favorite Manga: Honey and Clover

Character Color: Lavender

Favorite Celebrity: Aimer

Favorite Animal: Rabbit

Favorite Brand: Muji

Best Subjects: Art and Music

Worst Subject: Math & Physics

Frequently Read Magazine: Art magazine

Quirk: Taps her pencil against her cheek when thinking deeply

Most Joyful Event: Her baby cousin is born

Most Sorrowful Event: Being forced to give up her spot in a regional art exhibit due to her parents' insistence on focusing on academics

Ideal Partner Type: Someone understanding, supportive of her passions, and with a good sense of humor

Last Valentine's Chocolate Count: Gave out 5 (all obligatory) and received none

Sleep Pattern: Sleeps late (around 1-2 AM) but wakes up early, running on minimal rest

First Place to Wash in the Bath: Arms

Guilty Convenience Store Purchases: Melon pan and canned coffee

Kinoko or Takenoko: Kinoko

Last Time Cried: Two weeks ago while watching a tear-jerking anime episode

What She'd Do on Earth's Last Day: Paint a massive mural to express her feelings and emotions

What She'd Do With 100 Million Yen: Create an art studio or Travel the world to study art

How She Spends Her Days Off: Visiting art museums

My oc is for my fanfic

Feel free to check it out!

https://www.wattpad.com/story/386581083?utm\_source=android&utm\_medium=link&utm\_content=story\_info&wp\_page=story\_details\_button&wp\_uname=Andra12sk

There's still more OC :)",6,1786478472.0,BlueLock,1,1.0,False
1vlsadk,https://i.redd.it/8pbx990gxsih1.png,(Reunited) Coffee Break,,15,1786478466.0,UndertaleYellow,3,1.0,False
1vls9x3,https://www.reddit.com/r/Freefood/comments/1vls9x3/free_coffee/,Free coffee,"Free drink every Monday at Capital one cafes! 

https://www.capitalone.com/local/events/mlb-mondays-2026/",3,1786478442.0,Freefood,0,1.0,False
1vls9s3,https://www.reddit.com/r/libraryofshadows/comments/1vls9s3/the_prison_without_walls/,THE PRISON WITHOUT WALLS,"\&#x200B;

PART I — BEFORE THE MASK

CHAPTER ONE

THE MAN WHO DIDN'T WANT TO BE A SOLDIER

Germany

August 1939

The first thing I remember about the war is that it had not started yet.

People laughed in the streets.

Children chased each other between parked cars.

Women carried bread home beneath their arms.

Men stood outside cafés, arguing about politics as if politics were something that happened to other people.

And above all of it—

silence.

Not the peaceful kind.

The kind that comes before something breaks.

I was nineteen.

Old enough to understand that something was wrong.

Young enough to believe that if something was wrong, someone older would know how to fix it.

I was wrong about that.

I would become wrong about many things.

\\---

My father woke me before sunrise.

He knocked once.

Then opened the door.

""Get dressed.""

I looked at the clock.

""Why?""

""Because I said so.""

I pulled the blanket over my head.

""That's not an explanation.""

There was silence.

Then:

""You're becoming difficult.""

I smiled beneath the blanket.

""I learned from you.""

He didn't answer.

I heard his footsteps disappear down the corridor.

I stayed in bed for another thirty seconds.

Then I got up.

That was how my father controlled me.

Not with shouting.

Not with violence.

He simply said things in a way that made disobedience feel childish.

I hated that.

I respected it too.

I didn't understand the difference.

Not yet.

\\---

The kitchen smelled of coffee.

My mother was standing beside the window.

She didn't turn around when I entered.

""Your father wants you at the station.""

""For what?""

She hesitated.

Then:

""Work.""

I looked at her.

She looked at me.

Neither of us believed the word.

""How long?""

""I don't know.""

""Where?""

She finally turned.

""Don't make this harder.""

I laughed quietly.

""That's not an answer either.""

She came closer.

For a moment, she looked like she wanted to say something.

Instead, she fixed the collar of my shirt.

""Come home.""

It was strange.

She had never said that before.

I smiled.

""Of course.""

She didn't smile back.

That was the first time I realized adults could be afraid without admitting it.

\\---

Outside, the city was still half asleep.

My father waited beside the car.

He handed me a newspaper.

I looked at the front page.

Poland.

Germany.

The Soviet Union.

Diplomats.

Treaties.

Words.

Always words.

I folded the newspaper.

""Are we going to war?""

He looked at me.

""No.""

Too quickly.

I noticed.

""You didn't think about that.""

""I don't need to think about it.""

""Why?""

""Because people who know more than you are handling it.""

I stared at him.

""That's supposed to make me feel better?""

""No.""

He opened the car door.

""Get in.""

\\---

We drove for forty minutes.

Neither of us spoke.

I watched the countryside disappear behind the window.

Fields.

Factories.

Villages.

People.

Normal things.

The kind of things you never appreciate until they stop being normal.

Eventually, the train station appeared.

There were more men than usual.

Young men.

Some laughing.

Some pretending not to be nervous.

Some standing beside their fathers.

Some beside their mothers.

I saw one boy crying.

His father slapped him lightly on the shoulder.

""Be a man.""

The boy wiped his face.

I hated the sentence.

Not because it was cruel.

Because I understood it.

\\---

My father stopped beside the platform.

""Listen to me.""

I looked at him.

""You'll receive instructions.""

""I know.""

""You'll follow them.""

""I know.""

""You'll keep your head down.""

I laughed.

""That's new.""

He didn't.

Then he reached into his coat.

For a second I thought he was going to give me money.

Instead, he handed me a small photograph.

I looked at it.

It was old.

My father, younger.

Three men beside him.

Behind them was a wall.

On the wall was a symbol.

A black circle.

A single line through the middle.

I looked at him.

""What's this?""

""Nothing.""

""You showed it to me before.""

""When?""

""When I was a child.""

He took the photograph from my hand.

""You remember too much.""

""I remember what matters.""

He looked at me.

Something changed in his expression.

Fear.

For less than a second.

Then it disappeared.

""Forget it.""

He put the photograph away.

The train whistle sounded.

I looked toward the tracks.

Then back at him.

""Father.""

""What?""

""Are you afraid?""

He stared at me.

""No.""

It was the second lie.

I didn't know the first yet.

\\---

The train began moving.

I watched him through the window.

He stood there alone.

Hands in his coat.

Face expressionless.

I raised my hand.

He didn't.

Then the station disappeared.

I sat down.

Across from me was a boy with a new uniform.

He looked at me.

""First time?""

""Yes.""

He smiled.

""Don't worry.""

""Why?""

""They say it'll be over quickly.""

I looked out the window.

""Who says?""

He shrugged.

""Everyone.""

I smiled.

That was the first thing I learned about war.

Everyone knows how long it will last.

Until they're wrong.

\\---

Training began three days later.

The first thing they taught us was how to stand.

The second was how to march.

The third was how to obey.

Nobody called it obedience.

They called it discipline.

That was my first lesson in military language.

Words matter.

Change a word, and you can make an ugly thing sound respectable.

Discipline.

Duty.

Honor.

Sacrifice.

Later, I would hear other words.

Security.

Necessary.

Collateral.

Order.

Words were everywhere.

Blood was too.

But blood didn't make it into the reports.

\\---

Our instructor was an older sergeant named Weber.

He hated lazy men.

He hated talkative men.

He hated me immediately.

""You.""

I looked behind me.

""Me?""

""Yes, you.""

I stepped forward.

""Name?""

I told him.

""Why are you smiling?""

""I'm not.""

""You are.""

""I suppose my face is defective.""

The men behind me laughed.

Weber didn't.

""Ten push-ups.""

I dropped.

""Twenty.""

I sighed.

""Thirty.""

I stopped smiling.

The room laughed.

Weber finally smiled.

""Now you understand.""

""No.""

He raised an eyebrow.

""I understand that you don't like jokes.""

""Good.""

He walked away.

The soldier beside me whispered:

""You're going to die.""

I whispered back:

""Eventually.""

He laughed.

Weber turned.

""Forty.""

I looked at him.

""See?""

The soldier tried not to laugh.

That was how I met Elias.

\\---

His name was Elias.

He was twenty.

He had a scar beneath his left eye and an irritating habit of smiling whenever things went badly.

We became friends because neither of us had anyone else.

Friendship in the military is strange.

You don't choose people because you like them.

You choose them because you discover who you can trust when everyone is tired.

Elias was reliable.

He lied badly.

He complained constantly.

He couldn't polish his boots properly.

But when someone fell behind during a march, he was always the one who waited.

That told me more about him than anything he ever said.

\\---

One evening, after training, we sat behind the barracks.

Elias smoked.

I watched the smoke disappear.

""You don't smoke?""

""Sometimes.""

""Why?""

""I don't know.""

""That's a terrible reason.""

""Most reasons are.""

He handed me the cigarette.

I took it.

""Do you think we'll fight?""

He asked the question casually.

I looked at him.

""Who?""

""Poland.""

""I don't know.""

He stared at the cigarette.

""I think we will.""

""Why?""

""Because everybody keeps saying we won't.""

I laughed.

""That's your logic?""

""Usually.""

I gave the cigarette back.

He looked at me.

""You know what's strange?""

""What?""

""Nobody here talks about dying.""

""They talk about it all the time.""

""No.""

He shook his head.

""They talk about medals.""

""Same thing.""

He smiled.

""Maybe.""

We sat in silence.

Then he said:

""When this ends, I'm opening a bakery.""

I looked at him.

""You?""

""Yes.""

""You don't know how to cook.""

""I'll hire someone.""

""Then you're not opening a bakery.""

""I'm opening a business.""

""That's different.""

""No.""

He smiled.

""I'll call it Home.""

I laughed.

""That's terrible.""

""You'll remember it.""

I did.

\\---

On August 23, the newspapers changed.

The German-Soviet Non-Aggression Pact had been signed.

Most soldiers didn't understand what it meant.

Some didn't care.

Others celebrated.

I read the article twice.

Germany and the Soviet Union.

An agreement.

Enemies becoming temporary friends.

My father had always told me that politics was complicated.

This was more than complicated.

It felt unnatural.

Elias looked over my shoulder.

""What?""

""They're not supposed to like each other.""

""They don't.""

""Then why sign it?""

""Because they don't have to like each other.""

He folded the newspaper.

""They only have to need each other.""

I looked at him.

""Where did you learn that?""

He shrugged.

""My father.""

I smiled.

""Your father sounds smarter than mine.""

""Probably.""

We laughed.

Neither of us knew that the agreement had created the conditions for what was coming.

Neither of us knew that Poland would soon be divided between two armies.

Neither of us knew that less than two years later, Germany would turn against the Soviet Union.

History knew.

We didn't.

That is the cruelest thing about being alive during history.

You never know which ordinary morning will become a date in a textbook.

\\---

CHAPTER TWO

SEPTEMBER

September 1, 1939

I woke before the alarm.

The barracks were silent.

For a moment, I thought nothing had changed.

Then I heard the engines.

One after another.

Heavy.

Mechanical.

Endless.

I sat up.

Around me, men were already dressing.

Nobody joked.

Nobody complained.

Elias looked at me.

""That's it.""

""What?""

He pointed toward the window.

""That's the sound.""

I stood.

""What sound?""

He looked at me.

""The beginning.""

\\---

We were told nothing.

Not at first.

Then the order came.

Move.

We moved.

Outside, the morning was grey.

Vehicles waited along the road.

Men loaded equipment.

Officers shouted.

Engines coughed.

Somewhere in the distance, artillery began.

The sound rolled across the horizon.

Boom.

Silence.

Boom.

Another.

The war had arrived without asking permission.

Germany invaded Poland that morning, September 1, 1939, beginning the European war. German forces advanced rapidly, supported by armor and air power, while Poland came under attack from several directions.

But I didn't know any of that.

Not then.

I knew only that my hands were cold.

\\---

Our unit crossed the border.

There was no dramatic moment.

No line painted across the earth.

No sign saying:

YOU ARE NOW ENTERING WAR.

Just fields.

Roads.

Houses.

People.

And then—

the first explosion.

The ground moved beneath my boots.

Someone shouted.

I dropped.

A horse screamed somewhere behind us.

Elias grabbed my shoulder.

""Down!""

""I know!""

""You clearly don't!""

Another explosion.

Dirt hit my face.

For a moment, I couldn't hear anything.

My mouth was open.

I couldn't feel my hands.

I looked at Elias.

His lips were moving.

No sound.

Then suddenly—

everything returned.

Gunfire.

Engines.

Men shouting.

Orders.

Noise.

Too much noise.

I looked toward the road.

A soldier was lying beside a vehicle.

He wasn't moving.

I stared.

Elias pulled me.

""Come on!""

I didn't move.

""Come on!""

I finally followed.

That was my first mistake.

I looked back.

I would spend years doing that.

\\---

The first engagement was nothing like the stories.

There was no glory.

No clear enemy.

No perfect lines.

Only confusion.

Smoke.

Fear.

People running in different directions.

Orders changing before they reached the men who were supposed to follow them.

I noticed that immediately.

An officer shouted:

""Left!""

Another shouted:

""Right!""

Someone repeated:

""Left!""

Another:

""Right!""

I looked at Elias.

""Which one?""

He stared at me.

""Pick one.""

""That's your plan?""

""Do you have a better one?""

""No.""

""Then left.""

We ran left.

Later, I learned that the right side had been shelled.

We had been lucky.

I didn't call it luck.

Not then.

I called it instinct.

That was the beginning of a dangerous habit.

Whenever I survived something I couldn't explain, I assumed I had understood it.

\\---

By afternoon, I had fired my weapon.

I don't remember the first shot.

I remember the sound.

I remember the recoil.

I remember the strange calm afterward.

That frightened me more than the shooting.

I had expected horror.

Instead, I felt empty.

I looked at my hands.

They weren't shaking.

Elias noticed.

""You okay?""

""Yes.""

He stared at me.

""You sure?""

""Yes.""

He nodded.

""Good.""

He walked away.

I watched him.

Then I realized my hands were shaking.

I had simply been hiding them.

\\---

That evening, we stopped in a village.

The civilians had already begun leaving.

Some carried bags.

Some carried children.

Some carried nothing.

An old woman stood outside a house.

She watched us pass.

I couldn't understand what she was saying.

Maybe she was cursing us.

Maybe praying.

Maybe both.

A soldier beside me laughed.

I didn't.

The woman looked at me.

For one second, our eyes met.

She wasn't looking at a soldier.

She was looking at a young man.

I looked away.

I hated myself for doing it.

I hated her for making me see myself.

\\---

Later, we were ordered to search the houses.

""Security.""

That was the word.

We entered one.

There were photographs on the wall.

A family.

A wedding.

Children.

Normal lives.

I stood there.

One of the soldiers opened a cabinet.

Another searched beneath the bed.

I looked at the photographs.

A little boy in one of them was smiling.

He looked about eight.

I wondered where he was.

Then an officer entered.

""Move.""

I didn't.

He looked at me.

""Did you hear me?""

""Yes.""

""Then move.""

I moved.

The photograph remained on the wall.

That was the first time I understood something I would later understand too well:

War doesn't destroy only the people it kills.

Sometimes it leaves their homes standing.

That can be worse.

\\---

Three days later, Britain and France declared war on Germany.

We heard the news through a radio.

Nobody spoke.

Elias looked at me.

""So.""

""So.""

""Now it's official.""

I stared at the radio.

""Wasn't it already?""

He smiled.

""No.""

He took a cigarette.

""Now everyone else knows.""

\\---

The next weeks became a blur.

Marching.

Fighting.

Waiting.

Sleeping badly.

Eating quickly.

Receiving orders.

Following them.

Sometimes understanding them.

Sometimes not.

The Polish resistance hardened in some areas.

The German advance continued.

Then, on September 17, Soviet forces entered Poland from the east.

That news disturbed me.

Not because I understood the politics.

Because I understood geography.

There was something deeply wrong about watching two armies move toward the same country from opposite directions while everyone pretended the arrangement was temporary.

Elias looked at the map.

""They're dividing it.""

""Who?""

""The Germans and the Soviets.""

""Why?""

""Because they can.""

I looked at him.

""That's the worst reason.""

He folded the map.

""It's usually the most common one.""

\\---

Our first real operation came near the end of September.

The order was simple.

Secure the road.

Hold the position.

Wait for reinforcement.

We moved before dawn.

The road was empty.

Too empty.

I noticed it.

No civilians.

No animals.

No movement.

I told the lieutenant.

He ignored me.

""Keep moving.""

I obeyed.

That was the first time I noticed the difference between being intelligent and being useful.

You can see the problem.

That doesn't mean you're allowed to fix it.

\\---

We reached the position.

Nothing happened.

Ten minutes.

Twenty.

Thirty.

Then artillery.

Not from the front.

From behind us.

I turned.

""What the—""

Another explosion.

The road disappeared behind smoke.

Our radio operator shouted:

""We've lost contact!""

The lieutenant looked at the radio.

""Impossible.""

I looked toward the horizon.

Then at the map.

Then at the road.

Something was wrong.

Very wrong.

The reinforcement route had been changed.

But nobody had told us.

I grabbed the map.

""Sir.""

""What?""

""These coordinates.""

""What about them?""

""They're wrong.""

He looked.

For the first time, I saw fear in his eyes.

""Who gave you that?""

""The map.""

""Who gave you the map?""

""You did.""

Silence.

Then the radio came alive.

A voice.

Broken.

Unclear.

""Withdraw.""

The lieutenant stared.

""Repeat.""

""Withdraw immediately.""

Then silence.

He looked at us.

""Fall back.""

We moved.

\\---

That night, I couldn't sleep.

I kept thinking about the order.

Advance.

Hold.

Withdraw.

No explanation.

No warning.

Just words.

Elias sat beside me.

""You saw it too.""

""What?""

""The contradiction.""

I looked at him.

He lowered his voice.

""They sent us there knowing the reinforcement route had changed.""

""Maybe it was a mistake.""

""Maybe.""

He stared into the darkness.

""How many mistakes do you think an army can make before they're no longer mistakes?""

I didn't answer.

He smiled faintly.

""That's what I thought.""

\\---

The next morning, our lieutenant was gone.

Transferred.

No explanation.

His replacement arrived before noon.

A captain.

Cold.

Polite.

He looked at us.

Then at me.

""You were the one who noticed the map?""

I said nothing.

He smiled.

""Good.""

He handed me a folded document.

""From now on, you report directly to me.""

I opened it.

My name was written at the top.

Under it was the black symbol.

The circle.

The line.

My father's photograph flashed through my mind.

I looked up.

""Sir.""

""Yes?""

""What is this?""

He looked at the document.

Then at me.

For half a second—

fear.

The same expression I had seen on my father's face.

Then it disappeared.

""Nothing.""

I stared at him.

He smiled.

""Forget it.""

And that was the first time the war stopped looking random.

It looked designed.

I didn't know by whom.

I didn't know why.

I didn't even know whether I was imagining it.

But somewhere inside me, beneath the fear, beneath the discipline, beneath everything they were trying to teach me...

a question opened its eyes.

Why me?",1,1786478436.0,libraryofshadows,0,1.0,False
1vls8c3,https://i.redd.it/46yn0kwcxsih1.jpeg,ITAPPH of iced latte,wala lang I make my own coffee beverage,1,1786478358.0,ITookAPicturePH,1,1.0,False
1vls83h,https://www.reddit.com/gallery/1vls83h,Help me pick between these fits. 1 or 2?,Occasion: coffee/dinner date,6,1786478342.0,mensfashionadvice,18,1.0,False
1vls7pe,https://www.reddit.com/r/creepyencounters/comments/1vls7pe/creepy_ongoing_situation_advice_needed/,Creepy ongoing situation (advice needed),"(This first part is a bit uninteresting but bear with me guys) 

So let me start off by saying I recently graduated from college, and this entire thing technically began my freshman year. 

So 4 years ago, a totally random guy followed me on Instagram, he was also a freshman at the same school, same age and everything. Now obviously I had no idea who he was because he had never spoken to me, and I had literally never seen him before, so I never followed him back. What I didn’t realize at the time was that he would like all my pictures, he would even like my friends’ comments under my posts, but again I paid zero attention to this because he was a completely random person. 

Fast forward to our junior year, I ended up having a class with him and I know this because he stood directly in front of me but again, never said anything, and at this point I felt like I had seen him somewhere but couldn’t remember where. 

A few days later I was getting coffee with a friend and she asked me if I knew who someone was, and said the name of this exact guy. Later that day I went on Instagram and realized that this was the person that had been liking my friends comments and all my posts, etc, and that was where my brain vaguely recognized him from

I also realized this friend I got coffee with is friends with some of his friends, and this is where I first got the idea that he said something about me to somebody. After throughly going through his social media I realized that he probably had been talking about me and that he also had a girlfriend, and that he had been following me for two years. 

Usually I’m not weird at all about following people back on Instagram, but I decided to just leave him unfollowed mostly because it just seemed like a suspicious situation overall and since he had a girlfriend I wasn’t sure what exactly he was saying about me, because no one told me. 

After this another friend a few months later mentioned something vague about him to me, which is weird because again, I have never once in my life spoken to this man or anyone he’s friends with. Literally didn’t know he existed until a few months before. 

Just to reiterate, nobody ever said anything like “oh he said he likes you” or “oh he wants to talk to you”, it was more so them just asking me if I knew who he was and hinting that they think I know him, which in itself was so fucking frustrating because these are supposed to be my friends who you would think would say something if someone was literally talking about me. 

But anyways, I just tried to forget about it for the rest of the semester, obviously didn’t follow him back or interact with him at all, and at the end of that semester, I realized he unfollowed me. 

NOW HERES THE INTERESTING PART 

The following spring semester I ran into him in the library twice, the first time I think was a genuine coincidence, but when he realized it was me, instead of normally walking past the table I was sitting at, he decides to stop walking for like 30 seconds, stand in front of our table, and slowly walk away. 

Weird.

The second time I ran into him in the parking garage on my way to the library, made eye contact with him, but didn’t think anything of it because I was literally walking to the other side of campus. 

Well about 30 minutes later he walks into the library with his friends, and walks back and forth 3 times in front of me and my friends before staring at me and leaving. 

Now guys, I know I sound dramatic but without naming the actual school, the college we go to is MASSIVE, there’s multiple libraries, and the one we were sitting in has 6 floors, along with countless parking garages on campus so the fact that I ran into him twice in the span of 30 minutes, and the walking back and forth in front of me and my friend doesn’t seem like a coincidence at all.

Again this same semester, I run into his GIRLFRIEND in the library, she walked up behind my char and I tried to turn around and ignore her, but of course, she decides to stand behind me until I eventually moved, and she walked away. 

Now later that semester I had some insane physical health issues that forced me to move back to my hometown for the rest of the semester, and I didn’t hear much from him after that. 

NOW during the semester I finally came back to campus, I ran into his gf on my way to class again, she mostly tried to look away and no one spoke to each other obviously. 

An HOUR later I’m on Instagram and I see her account on my suggested list, so I click on it PURELY because now I’m aware of their existence and the weirdness of the situation, like be honest guys yall would be clicking on her profile a few times too 😭😭

Well this was when I realized she had changed her ENTIRE profile to look exactly like mine, down to the exact pattern of my posts, the colors, the highlight covers, everything. She even changed her profile picture to one where she was wearing nearly the exact same thing and posing the exact same way I was posing in mine. 

I honestly wish I could attach screenshots of this and stay anonymous but I fear I can’t 😪😪

Well this scared THE HELL out of me because I had never seen anything like it, so me being the reactive 21 yr old I was I changed my entire account trying to make it look more like “me” because it’s genuinely so jarring feeling like someone you just saw an hour ago has somehow completely replicated your online presence. 

 that was a mistake on my part because for the next few months, every time I made a change on my account, she would change her within like 2 MINUTES. 

Even if I edited what was in my highlights, she would do the EXACT same thing to hers within seconds or minutes. 

And please keep in mind neither her or her boyfriend follow me, so this means she has to be refreshing my page multiple times to see updates that quickly. 

She even did this to my sister’s account, mind you my sister is in 11th grade so that’s definitely an interesting choice. 

Previously my account was public because it’s literally my account and I wanted it to be public but because of this I had to make it private, and I also removed everyone I thought was super close with her or her boyfriend, but the reality is we do have a few mutual friends and I can’t remove like 200 people from my following. 

So now we graduated, and once again, my account is private, yet every time I post she does the exact same thing of copying my profile changes within minutes and sometimes a day but never more than that. She even started following some of my close friends, and since they don’t know what’s going on they followed her back. 

I also am getting relentless follow requests from spam accounts that have no pfp, weird posts using specific songs from my Spotify playlists, etc. 

Also the summer after I graduated, she started posting TikTok’s saying things like “I live down the street from you” (she actually does) and posting other cryptic things tht she then deletes. 

I thought after we graduated this would get better, but it’s only gotten worse. 

And no, I’m not making this up, this is genuinely happening to me now and I guess my question is what do you guys think is the motivation behind them doing this, and more importantly, how do I get it to stop while not feeling like I have to stop posting on Instagram or restricting myself???

Also I know this was super long thanks for reading this whole thing <<<3",3,1786478316.0,creepyencounters,4,0.8,False
1vls7ms,https://www.reddit.com/r/ToxicWorkplace/comments/1vls7ms/losing_dream_job_over_boss_fucking_coworker/,Losing dream job over Boss fucking coworker,"This is the first time I’ve ever made a post. I just needed a space to share my thoughts and opinions on my situation. It’s pretty long so buckle up.😭

I’ll start by saying I’m (21f) about to graduate college and have come to realize I hate my major with a passion and I can’t see myself being happy with it as a career. I do my best, I have a strong gpa and have built up my resume and portfolio however, I wanted to try something new and was accepted as an intern at a start up company. 

Some important details I left out. -my step parent is very important in the company and made her son the head sales manager almost immediately. Her son (let’s call him Tim) is younger than me. He didn’t work hard in college, flunked out twice and has no real qualifications to be in a manager position.

Tim and I were never close as children and not raised together, but I did feel a sense of comfort that I would know someone since I was moving from out of state for the position. 

My first day as I’m learning the building he walks up to me shakes my hand in front of his team and tells me that it’s “nice to meet you.” I’m not a confrontational person, so I never said anything about it. I was there to learn and make the most out of my experience. I reached out once or twice, but was left on delivered. So eventually stopped trying. 

I saw the problem early into my being there. Tim had started flirting with a girl that directly reports to him (we are going to call her Sarah.) I could tell from the beginning that Sarah was trouble. She’s a baddie but the type of baddie to act fake and take you for everything you’re worth to climb that corporate ladder.

I didn’t pay much attention at first. I focused on my job. I fell in love with the people who worked there, my role and our mission. I felt a sense of belonging, accomplishment and self discovery.

I would walk by Tim’s office to grab coffee and I would see Sarah in there each day. It became more and more frequent. From word of mouth I learned Sarah had been given special privileges that helped her escalate her position and become the top performer on that team. 

Our HR became involved after complaints from people on the team for favoritism. Tim became involved and made sure our HR was aware that “nothing she or anyone could say or do that would get him fired.” And he would make sure she would be fired as well. 

By the end of my internship Tim became completely power hungry. I would go to his office at times to ask questions. He would sit there counting down the time as I talked to him. Sarah began sitting in his lap at work. It got to a point I called my father for advice which lead me to having a conversation with my step mother, (his mom) who told me I was being “highschool.” In asking for guidance. 

I ended up getting my contract renewed to be an independent contractor making good money once my internship ended, and many people in the office asked me when I would come back and stay working full time. Having job security out of college in a place I loved made me so happy. I had made incredible friendships and connections. I felt like I finally knew what career path I wanted.

It’s now been a month since my internship ended. Ive been working remote. I got a call this week from my step mother to let me know she is cutting my contract and that I’m fired because she “is no longer allowed to have family working for the company.” 

Overall I’m just hurt, sad and angry. It’s been a really wild ride of emotions. I’m just so appalled and disgusted by the decision making of that side of my family. I found out Tim got fired too and I’m selfishly glad.",4,1786478312.0,ToxicWorkplace,3,1.0,False
1vls6rz,https://www.reddit.com/r/relationship_advice/comments/1vls6rz/do_i_send_hey_girlie_text_25f_27m_but_also_26f/,"do I send “hey girlie” text? 25F + 27M (but also 26F, 27F, etc)","this is my third time trying to write this because it keeps becoming SO long winded but I want to give FULL context on why i’m even questioning it. normally, I wouldn’t think twice about sending the hey girlie text but…I’m not a side chick, I was the girlfriend. 

to keep things brief (although i’m not above myself that I might make a 50-part “who tf was I dating series” on tiktok because you guys…there’s so much.) ANWAYS “Sam” (27M) and I (25F) met in February on tinder, and consistently hung out from March-May. When we met, Sam was an international student at a local college playing soccer (him being from Greece delayed his education). I tried to avoid the “what are we” question a lot, but yhe more time went on the more I felt sure of us. he told me he deleted his dating apps, we spent almost every day together, and although he never came out and said we are exclusive, he would say other things like “i’ve never liked anyone like I like you before. there’s no one else.”

I’m going to rewind for context a bit - Since the day we met, I knew he was going to Chicago for the summer for an internship and to play soccer up there with a P2 league. In the first few dates, I noticed texts on his phone from “Girls Name (Chicago)” and I kinda gave him a hard time that he was already scouting for the summer and that I’ll keep my options open too. Honestly at the time, I wasn’t bothered by it. we were still new, and although we really clicked, I had my walls up because I had been hurt in the past and didn’t want to dive into anything too soon. He got pretty upset by the idea of me seeing other people while he was in Chicago and said that he doesn’t want that to happen between us, and he wants to just focus on me. 

Down the road, this conversation came up quite a bit. He was pretty adamant that he wasn’t going to do anything in Chicago because he would be back in August with me. Again, not explicitly saying “I want to be exclusive” - but it was pretty clear to me that’s what we were. besides, he deleted his apps right? No matter how many times we had this conversation, I always landed on one thing - IF! he does change his mind and meet someone or wants to be single for the summer, I would just ask that he be honest with me about it. Mostly for two reasons - one, my sexual health and two, I would have the agency to make my own decision if I also wanted to get back on the apps. 

I’ll skip all the warning signs and fluff but - he leaves for chicago, we continue to have open conversations where he says there’s only me, he can’t wait to come back and be official with me, etc. we texted every day and called every night. I go and visit him in Chicago for his birthday and we have a long weekend together. One night at dinner, I was secretly hoping he would just ask me to be his girlfriend since clearly we already were doing everything a dating couple would. When I brought up that one of my best friends had just been asked, he said “That’s such an american thing to ask to be a girlfriend. in europe, if you’re doing everything together it’s just a given that you’re boyfriend and girlfriend.” I took that as okay! we are officially together. Everything was perfect.

Small detail but it’s a key factor later - Our thing over the summer was Love Island. I had never watched before, but he liked it and said it would be something we could facetime and watch together every night as a date. I bought the subscription to Peacock and shared it with him. Eventually by June, the world cup games were getting tricky to line up our schedules with. Especially since he’s an international soccer player I knew this would reign supreme, and I started watching love island on my own and we would text about it eventually when he caught up. 

Now it’s July, 3 weeks since I visited him. 3 weeks til he comes home from Chicago and we can officially date. I was SO excited and missed him more than words could’ve said. 

That’s when I get a text from a random number asking if i’m dating Sam. my stomach drops. “Bridgette” had been hooking up with him for over a month, and proceeded to send photos and images of them together - not are the photos DAYS before AND after I visited him. But also they are in the exact same places he took me. same restaurant, same coffee shop, same everything. days apart. I felt like an absolute idiot.

“Bridgette” also told me that they were just hook up buddies but she wanted to be more with him. He was always honest with her and told her she wasn’t the only one he was hooking up with - there were four other girls in chicago. When she saw my name on his phone, she asked who I was and he dodged it but eventually admitted I was his “girlfriend”. that’s when she texted me. 

I called him, he admitted. said it was just sex but he couldn’t bring himself to admit to me because he knew he would lose me. but Bridgette was still texting me on the side during the call. screenshots of texts - he never went to watch one world cup game. she would come over and they would watch it together on my account THAT I PAY FOR and fuck after. meanwhile, I was sitting at home watching love island that I didn’t even care to watch but did it because I knew he liked it. 

that’s just one of the betrayals - not to mention the same dates, a sex tape and more that make me sick to my stomach. and that was just one girl. there’s 3 others that have more stories. 

fast forward to now - I knew I could never go back. I was and still am absolutely hurt by it, but honestly it wasn’t even him having sex with other people. because again - I always had my guard up a bit and told him that if it did happen I would just want told. sexual health and agency. it was the daily lying that gave me the biggest pit in my stomach. he had so many times to tell me but never did. 

last week, he came back to Indianapolis. I had cut off ties with him and blocked him socials, but knew I was going to see him again. I held all  of his winter clothes and housewares that were at his college apartment that he didn’t want to haul all the way to chicago at my house. I had spent the last three weeks of course in so much pain and confusion, but the silence actually helped me heal. I unblocked him on socials to see if he had posted anything about being back in Indy so I could text him that his shit is on the porch. instead, I saw a video of a new girl on his page. 

shocked? maybe. but I shouldn’t be. I was definitely just upset because in the 6 months of being “together” I was hidden. now within 3 weeks this girl is posted. stupid first world problem I know. but i’m a 25 year old girl who has feelings and it cut deep that I had traveled to see him on his birthday and one girl in 3 weeks got his devotion. ANYWAYS!!!

he came and picked up his stuff, knocked on my door. I think I said less than 20 words to him I was so unprepared and sick. he had told me that the last 3 weeks were “heavy” and that he wanted to be in my life in whatever way I was comfortable with. I laughed. told him I saw the girl. he dodged it. I poked again, and he admitted that he started seeing her after me and caught feelings. okay. 

In my state of shock and grief I reach out to bridgette. she had really helped me a lot and I was always grateful that she reached out or else I would be a psycho’s girlfriend right now. as much as he wants to disagree, he wouldn’t have ever told me. bridgette DMed the new girl trying to warn her and figure out the timeline, but “Katie” immediately shut her down saying they are exclusive and blocked Bridgette. 

Well, now TWICE on Hinge - he popped up for me. I don’t know why I still try to give him the benefit of the doubt and thought maybe… he deleted the app for Katie but not his account so it’s still being served. I googled - hinge you have to manually update your location (meaning he switched his from chicago to indy) and to be shown to others, you have to be active. 

so now i’m sitting on this GROSS feeling that she’s getting the same treatment I did. told they are exclusive but in another city so she won’t actually know. it’s copy and paste. 

but…am I terrible for not having the energy to send her the hinge screenshot? i’m so tired of this mess. i’m still hurt. i’m still healing. it’s been 4 weeks since he was my person and now … and I am just exhausted of being in this trap. if I tell her, she could do the same thing she did with bridgette and not believe me and block me and I did it for what. if I tell her, then it risks him reaching out to me. but I also feel like a piece of shit for NOT telling her. 

I also have written up a really NASTY text to just send him. it’s his mess. it would be too easy for him to have another person do his dirty work. but is that like shouting into a void? clearly he’s a piece of shit who won’t learn. 

idk what to do. i’m sorry that was a lot but I needed to build the context that…I was (or thought I was) the girlfriend. I learned this betrayal. and now is it my responsibility to communicate that to the new “me”? it won’t change his behavior because clearly he didn’t learn his lesson. it’s been 4 weeks. wtf do I do? save her or save myself? ",0,1786478260.0,relationship_advice,10,0.17,False
1vls5lu,https://www.reddit.com/r/CalgarySocialClub/comments/1vls5lu/31f_mom_married_sw_moved_from_ontario/,"31F, mom, married, SW, moved from Ontario!","Hi! Are there any SW (\~Marda Loop) new-ish moms on here? We moved from Ontario 2 years ago. Still haven’t made any solid friends connections despite meeting kind people in Calgary every day! Little about me:

\- enjoy exercise (workout classes: hot yoga, cycling, Pilates)  
\- coffee dates  
\- toddler activities (son is 2, libraries zoo etc)  
\- I’m a teacher (elementary, SW)  
\- love outdoor activities (hiking skiing etc)  
   
Posted a few times in FB groups etc but connections just never stuck, or got ghosted, lol. If this resonates with anyone pls lmk:) ",1,1786478187.0,CalgarySocialClub,0,1.0,False
1vls56g,https://www.reddit.com/gallery/1vlr7n9,Vanderbilt is definitely one of the best places to get coffee in all of Brooklyn. 😀,,1,1786478161.0,CoffeePorn,0,1.0,False
1vls4zr,https://www.reddit.com/r/LGBTinSaudi/comments/1vls4zr/25nb4a/,25NB4A,"Well, I am giving up in a way, but I might just let this be the last one. It matters not anyways, for the fates weave in mysterious ways.

Im not exclusively looking for people in Riyadh or in person, soooo feel free to reach out from wherever life cursed u to be. 

Im 25

I like books, coffee, Gwent, art in general, and music.

I'm not exactly looking for something dead serious, nor am I interested in wasting time or such. I think I'm hoping to find friends, or perhaps people I can genuinely be myself with.

Things I consider green flags

\- Reading Sheaksprear

\- Playing an instrument "" not guitar or electric bass, I find these instruments boring ""

\- having surprising hobbies

\- hating capitalism 

\- being LGBTQ+ ally at least

\- being feminist 

\- being polite 

\- reading my post well lol 

Things I consider red flags 

\- believing in astrology 

\- loving capitalism 

\- being homophobic 

\- being rude 

\- being dismissive of others' beliefs, feelings, and such.

I don't think I want to say too much about myself as it might make first talks and such boring and take away from the potential of good memories and fun experiences, so forgive the barebone introduction.

Oh btw, if u want to know more about me, be smart and polite about it, I'm generally easy to talk to, yet grumpy if you ask the wrong way. ",1,1786478150.0,LGBTinSaudi,0,1.0,False
1vls4xg,https://www.reddit.com/r/MenOfPurpose/comments/1vls4xg/the_one_skill_behind_every_extrovert_and_social/,"The ONE skill behind every extrovert and social butterfly, according to psychology","

It took me 6 years, 2 jobs in sales, and roughly 1,000 networking events to figure out what social butterflies actually have. Hopefully you get it from one post.

I know what you are expecting. Confidence blah blah, just be yourself blah blah. No. The skill is **outcome independence**: they do not need any single interaction to go well.

Watch a true extrovert get a flat response from someone. Nothing happens to their face. They move on like water. Meanwhile the rest of us replay one lukewarm ""haha yeah"" for three business days.

Here is the stat that broke my brain. Gilovich's spotlight effect studies at Cornell: people wearing an embarrassing shirt estimated half the room noticed. Actual number was closer to a quarter. We systematically overestimate how much anyone is tracking us, then socialize like we are on trial. Social butterflies have internalized, consciously or not, that there is no trial. once you are freed from needing every interaction to land, you take 10x more social swings, and volume does the rest. CBT research on social anxiety says the same thing backwards: avoidance maintains the fear, exposure dissolves it.

**Step 1: Get your validation budget funded elsewhere.**

Outcome independence is impossible if this conversation is your only source of feeling okay today. Gym, craft, work you are proud of, anything. I failed at this for years, walked into rooms starving and wondered why I left them hungrier.

**Step 2: Count reps, not outcomes.**

Set a number, 3 interactions today, and a flat conversation counts the same as a great one. You did the rep. My rule was talk to one stranger per coffee run, tallied in Finch so the little bird guilt trips me gently. The first 20 were rough. Around 40 something clicked: I stopped auditioning.

The way I drilled this without torching real first impressions, since a few people always ask: I use an app called BeFreed, mostly for its practice mode. It is an audio learning app where you pick a goal, mine was social confidence, it checks your level and queues short daily lessons built from CBT psychology and confidence research rather than hype merchants. Then there is a live practice feature where you actually run a scenario out loud, like opening a conversation cold, and it gives real time feedback on tone and delivery. I do a 5 minute session before parties the way people stretch before a run, narrated by this low calm voice that makes rejection drills feel weirdly unthreatening. Low stakes reps make the real ones cheaper.

~~Should honestly charge for this advice~~ Edit: several people asked if I coach. I do not, I am just a recovered overthinker with opinions.

TL;DR: extroverts are not braver than you, they have a smaller bill due per conversation. Fund your self esteem elsewhere, count reps not outcomes, and remember nobody is watching as closely as you think.

What is the smallest social rep that ever paid off big for you? Mine was learning the barista's name.",3,1786478146.0,MenOfPurpose,1,1.0,False
1vls4tz,https://www.reddit.com/r/reddmatch/comments/1vls4tz/jane_jane_its_about_time_you_come_home/,"Jane, jane? Its about time you come home!","From dating apps to matrimony to reddit lol, the journey has been tiring but hopefully it all will be worth it when we get to eat breakfast besides each other every morning and complain about the morning commute we have to experience!    
     
I am a software developer currently working in Gurugram 27 years old, but not restricted to living here for life im here just for work.

Mornings usually mean black coffee and a ride to the gym with 2 hrs of weight lifting for me. I am a sucker for slow mornings and slow life hence weekends are no plan days for me but usually end my watching a movie or show and eating out.

I enjoy travel and exploring new places and activities, hence i try to have a vacation twice a year atleast

I have mostly been struggling to find a partner as 2 years back i had to go through a surgery where i lost vision in my one eye. So i expect my partner to understand my conpanionship will come with some limitations and will need her help sometimes, but mostly i live alone and am able to manage everything by myself

Age - 27    
Gender - Male    
Location - Currently delhi     
Religion - Hindu    
Height - 5’7    
Education - B.Tech    
Profession - Software developer

Expectations, if you are independent have your own povs and into harry potter we would vibe. And ofcourse if you are okay with the health issue, drop a hi and we can chat",1,1786478140.0,reddmatch,1,1.0,False
1vls4a3,https://www.reddit.com/r/relationships/comments/1vls4a3/my_29_f_boyfriend_29_m_is_a_perfectionist_to_the/,My (29 F) boyfriend (29 M) is a perfectionist to the point that me doing every day tasks stresses him out,"We’ve been together 4.5 years. So my boyfriend has always been a perfectionist, very neat and tidy, etc. but it’s to the extreme. To give you an idea, I recently learned about OCPD and a lot of those traits match up to how he is. I don’t think he would quite meet the diagnostic criteria, but that’s kind of the vibe.

Examples: I have a Keurig. When I make coffee, sometimes a few 1ml or smaller drops get on the counter while it’s brewing. This to him is “there’s coffee everywhere!”

He doesn’t like the way I close the curtains. “You’re closing the curtains too aggressively”. I think he thinks it’s going to mess up the pleats in the curtains or something? He’ll come over and fix the curtains after I close them so it’s “fixed”.

I recently raised the head of my bed (we have separate rooms) because it helps with a medical condition I have. I did this by adding risers to the back legs of the bed frame. He insisted I get a mattress wedge instead. “You’re gonna mess up the bed! The frame looks weird and slanted. You need to get a mattress wedge.” And I’d say “no I like this way it’s easy and cheap and solves my problem and it’s my room.” And he just WOULD NOT let it go. Context: yes I paid for my own bed and bed frame. he did not invest any money into this set up.

He has 0 tolerance for any dishes in the sink at any time. If I cook lunch and then have to have a teams meeting I’ll tell him “don’t do my dishes I’ll do them when I’m done with my meeting” and he goes “can I PLEASE just do them?” And I’m like “are you going to be cooking in the kitchen and using the sink?” And he goes “no but just KNOWING they’re in the sink will stress me out.”

If the straps of my tank top are twisted he’ll stop me to fix them. This sounds really sweet but it genuinely distresses him if they’re not fixed. Like if I were to leave the house with twisted straps that would stress him out. Same goes if my shorts are bunched up.

The maddest I’ve ever been with him is the day I had to give my foster dog up. I was in a super sad mood. I was putting my dishes in the dishwasher and he was looming in the kitchen to see if I would “do it correctly” I guess and saw me put a spoon in the silverware tray of the dishwasher slightly diagonal instead of straight. He walked over and fixed it and I absolutely snapped at him.

One time I bought corn chips from our shopping list at Trader Joe’s instead of Aldi and he was dumbfounded that I wasted so much money (they were like $2 at Aldi and $3.50 at Trader Joe’s)

So there’s two main issues here:

Minor issue: it can get extremely annoying at times.

Bigger issue: he is SO stressed about the smallest things ALL the time. It leads him to taking over probably 80% of the household chores because his timeline is so much shorter than mine and I don’t think that’s fair to him, but also I’m not going to follow his insane standards and timeline for things. If he could tolerate dishes in the sink for a few hours, I would do more of my own dishes. I want to be able to reach a happy medium here where he is comfortable letting go of his extreme perfectionism so that we are able to have a more balanced division of responsibilities in our relationship.

TL;DR boyfriend is an excessive perfectionist that leads to nit picky policing of my behavior, extreme stress on his end, and an unfair division of household labor because he feels the need to take over everything.",8,1786478104.0,relationships,5,0.91,False
1vls49i,https://www.reddit.com/r/Emiratis/comments/1vls49i/speciality_coffee_projects/,Speciality coffee Projects,I want to explore branding opportunities with Emiratis. My design partner has executed some of the best Speciality Coffee branding projects in his previous role in UAE. We want to continue working more on such projects. I would really appreciate and you will also like the details of the projects executed. ,0,1786478103.0,Emiratis,0,0.5,False
1vls48f,https://www.reddit.com/r/Advice/comments/1vls48f/do_i_send_hey_girlie_text_complicated_long_but/,do I send “hey girlie” text? COMPLICATED + LONG but please help,"this is my third time trying to write this because it keeps becoming SO long winded but I want to give FULL context on why i’m even questioning it. normally, I wouldn’t think twice about sending the hey girlie text but…I’m not a side chick, I was the girlfriend. 

to keep things brief (although i’m not above myself that I might make a 50-part “who tf was I dating series” on tiktok because you guys…there’s so much.) ANWAYS “Sam” (27M) and I (25F) met in February on tinder, and consistently hung out from March-May. When we met, Sam was an international student at a local college playing soccer (him being from Greece delayed his education). I tried to avoid the “what are we” question a lot, but yhe more time went on the more I felt sure of us. he told me he deleted his dating apps, we spent almost every day together, and although he never came out and said we are exclusive, he would say other things like “i’ve never liked anyone like I like you before. there’s no one else.”

I’m going to rewind for context a bit - Since the day we met, I knew he was going to Chicago for the summer for an internship and to play soccer up there with a P2 league. In the first few dates, I noticed texts on his phone from “Girls Name (Chicago)” and I kinda gave him a hard time that he was already scouting for the summer and that I’ll keep my options open too. Honestly at the time, I wasn’t bothered by it. we were still new, and although we really clicked, I had my walls up because I had been hurt in the past and didn’t want to dive into anything too soon. He got pretty upset by the idea of me seeing other people while he was in Chicago and said that he doesn’t want that to happen between us, and he wants to just focus on me. 

Down the road, this conversation came up quite a bit. He was pretty adamant that he wasn’t going to do anything in Chicago because he would be back in August with me. Again, not explicitly saying “I want to be exclusive” - but it was pretty clear to me that’s what we were. besides, he deleted his apps right? No matter how many times we had this conversation, I always landed on one thing - IF! he does change his mind and meet someone or wants to be single for the summer, I would just ask that he be honest with me about it. Mostly for two reasons - one, my sexual health and two, I would have the agency to make my own decision if I also wanted to get back on the apps. 

I’ll skip all the warning signs and fluff but - he leaves for chicago, we continue to have open conversations where he says there’s only me, he can’t wait to come back and be official with me, etc. we texted every day and called every night. I go and visit him in Chicago for his birthday and we have a long weekend together. One night at dinner, I was secretly hoping he would just ask me to be his girlfriend since clearly we already were doing everything a dating couple would. When I brought up that one of my best friends had just been asked, he said “That’s such an american thing to ask to be a girlfriend. in europe, if you’re doing everything together it’s just a given that you’re boyfriend and girlfriend.” I took that as okay! we are officially together. Everything was perfect.

Small detail but it’s a key factor later - Our thing over the summer was Love Island. I had never watched before, but he liked it and said it would be something we could facetime and watch together every night as a date. I bought the subscription to Peacock and shared it with him. Eventually by June, the world cup games were getting tricky to line up our schedules with. Especially since he’s an international soccer player I knew this would reign supreme, and I started watching love island on my own and we would text about it eventually when he caught up. 

Now it’s July, 3 weeks since I visited him. 3 weeks til he comes home from Chicago and we can officially date. I was SO excited and missed him more than words could’ve said. 

That’s when I get a text from a random number asking if i’m dating Sam. my stomach drops. “Bridgette” had been hooking up with him for over a month, and proceeded to send photos and images of them together - not are the photos DAYS before AND after I visited him. But also they are in the exact same places he took me. same restaurant, same coffee shop, same everything. days apart. I felt like an absolute idiot.

“Bridgette” also told me that they were just hook up buddies but she wanted to be more with him. He was always honest with her and told her she wasn’t the only one he was hooking up with - there were four other girls in chicago. When she saw my name on his phone, she asked who I was and he dodged it but eventually admitted I was his “girlfriend”. that’s when she texted me. 

I called him, he admitted. said it was just sex but he couldn’t bring himself to admit to me because he knew he would lose me. but Bridgette was still texting me on the side during the call. screenshots of texts - he never went to watch one world cup game. she would come over and they would watch it together on my account THAT I PAY FOR and fuck after. meanwhile, I was sitting at home watching love island that I didn’t even care to watch but did it because I knew he liked it. 

that’s just one of the betrayals - not to mention the same dates, a sex tape and more that make me sick to my stomach. and that was just one girl. there’s 3 others that have more stories. 

fast forward to now - I knew I could never go back. I was and still am absolutely hurt by it, but honestly it wasn’t even him having sex with other people. because again - I always had my guard up a bit and told him that if it did happen I would just want told. sexual health and agency. it was the daily lying that gave me the biggest pit in my stomach. he had so many times to tell me but never did. 

last week, he came back to Indianapolis. I had cut off ties with him and blocked him socials, but knew I was going to see him again. I held all  of his winter clothes and housewares that were at his college apartment that he didn’t want to haul all the way to chicago at my house. I had spent the last three weeks of course in so much pain and confusion, but the silence actually helped me heal. I unblocked him on socials to see if he had posted anything about being back in Indy so I could text him that his shit is on the porch. instead, I saw a video of a new girl on his page. 

shocked? maybe. but I shouldn’t be. I was definitely just upset because in the 6 months of being “together” I was hidden. now within 3 weeks this girl is posted. stupid first world problem I know. but i’m a 25 year old girl who has feelings and it cut deep that I had traveled to see him on his birthday and one girl in 3 weeks got his devotion. ANYWAYS!!!

he came and picked up his stuff, knocked on my door. I think I said less than 20 words to him I was so unprepared and sick. he had told me that the last 3 weeks were “heavy” and that he wanted to be in my life in whatever way I was comfortable with. I laughed. told him I saw the girl. he dodged it. I poked again, and he admitted that he started seeing her after me and caught feelings. okay. 

In my state of shock and grief I reach out to bridgette. she had really helped me a lot and I was always grateful that she reached out or else I would be a psycho’s girlfriend right now. as much as he wants to disagree, he wouldn’t have ever told me. bridgette DMed the new girl trying to warn her and figure out the timeline, but “Katie” immediately shut her down saying they are exclusive and blocked Bridgette. 

Well, now TWICE on Hinge - he popped up for me. I don’t know why I still try to give him the benefit of the doubt and thought maybe… he deleted the app for Katie but not his account so it’s still being served. I googled - hinge you have to manually update your location (meaning he switched his from chicago to indy) and to be shown to others, you have to be active. 

so now i’m sitting on this GROSS feeling that she’s getting the same treatment I did. told they are exclusive but in another city so she won’t actually know. it’s copy and paste. 

but…am I terrible for not having the energy to send her the hinge screenshot? i’m so tired of this mess. i’m still hurt. i’m still healing. it’s been 4 weeks since he was my person and now … and I am just exhausted of being in this trap. if I tell her, she could do the same thing she did with bridgette and not believe me and block me and I did it for what. if I tell her, then it risks him reaching out to me. but I also feel like a piece of shit for NOT telling her. 

I also have written up a really NASTY text to just send him. it’s his mess. it would be too easy for him to have another person do his dirty work. but is that like shouting into a void? clearly he’s a piece of shit who won’t learn. 

idk what to do. i’m sorry that was a lot but I needed to build the context that…I was (or thought I was) the girlfriend. I learned this betrayal. and now is it my responsibility to communicate that to the new “me”? it won’t change his behavior because clearly he didn’t learn his lesson. it’s been 4 weeks. wtf do I do? save her or save myself? ",0,1786478102.0,Advice,0,0.5,False
1vls42u,https://www.reddit.com/r/Concerta/comments/1vls42u/irritability_so_frustrated/,Irritability so Frustrated,"I’ve been diagnosed with ADHD this year after years of trying to figure myself out. I was misdiagnosed for years as Anxiety and Depression because as a 39F, I didn’t show ‘traditional’ signs and coming from a family of ADHD my symptoms were different. I have severe executive dysfunction, internal hyperactivity with thoughts, zero motivation etc. 
I was Dex initially and had hard crashes so I was switched to Vyvanse for the last 6 months, initially it worked great until it didn’t. The last 4 months it did nothing other than make me feel awake (much like a cup of coffee). However by 1pm I became very irritable and felt like a ticking time bomb to losing my shit daily. Doctors said maybe it was the stimulant class that wasn’t working right so I was switched to Concerta. Today is day 1 on it and my motivation is magically back BUT the irritability is big time. It’s been all day long (not just at crash time) and my poor kid is having to live with me through this. 

My question(s): 
Has anyone else had this issue, and did it get better or worse?

Could it possibly be that I went from Vyvanse one day and Concerta the next without a med break? Some kinda cross effect that could even out? 

Thanks for your advice! ",1,1786478092.0,Concerta,2,1.0,False
1vls3k7,https://www.reddit.com/r/offmychest/comments/1vls3k7/im_happy_now_but_worried_about_how_my/,i'm happy now but worried about how my relationship started,"so i(22f) was really good friends with someone(24m) for 3 years - in 2024, we had gotten really close and i helped him through a lot of his relationship trouble and woes. we lived in the same building and had a lot of the same classes and were in the same college acapella group, so we spent a lot of time together. it was clear things were brewing beneath the surface between the 2 of us but neither of us acknowledged or acted on it while he was with his (now) ex. i told him hes being a worse and worse boyfriend to her so that he doesn't have to break up with her, and he agreed; i encouraged him to do what he feels is best, and eventually in early december 2024, she broke up with him. we both go on winter break, and we text every day. when i come back in january, i was jet lagged and he stayed up with me till 6 am everyday, just talking or hanging out together. at this point, its clear we both want something. he would be more touchy, ask me to meals and insist on paying. he ended up sleeping over and cuddling but nothing more, and we had this weird phase where neither of us acknowledged what was happening. i asked him point blank, and he said he really likes me. i also asked if he was ready to date because i knew all the details of his past, and he assured me he was. i was very clear i did not want to be a rebound and risk our friendship. we slept together and started seeing each other, and for 2 weeks things were great. then, out of the blue, he tells me that he just needs to be single for a while. no reason, no explanation. i was angry and upset, and i told him i wouldn't wait around. 

i had to leave for a rehearsal immediately and we didn’t really get to talk about it. hours pass, and eventually i tell a friend. i realize that i deserve an explanation, some more conversation about what happened and why he suddenly came to this realisation. he came up, looking distraught. he told me that his ex reached out just to catch up, and he told her about us. apparently when they had broken up, she had suggested dating me. he told her we had slept together, and she was (rightfully) upset, and felt betrayed that he moved on so quickly, and that he moved on with me, the one person she was worried about. i don’t know how the conversation went, but they discussed getting back together, and im pretty sure he was the one that brought up that conversation. he told her that he would do anything for her, and that he knows what he wants now. she told him that for that, he has to cut me out of his life completely, including quitting the acapella group, which he directed and was his primary social circle. it was an ultimatum, and he just asked for space and time to decide, to figure out what he wants. i said okay, i’ll wait. i’ll give you space. 

a day or two goes by and we don’t see each other. he texts me and asks to talk. he told me he was confused, and he didn’t want to lose his best friend, he talked about imagining grad pictures with me and how he was so lost and confused. he talked about his grandmother in the hospital and how overwhelmed he was. i sit there and held him while he cried, we talked for hours and at the end of it, he tells me he has to talk to his ex. he takes weeks and goes back and forth, telling me about how he’s sure he’ll tell her no, then coming back to me and saying he’s confused. he told me that he doesn’t want to hurt anyone and it pains him to know that no matter what someone will be hurt. i talked him through his guilt, through his confusion, on so many days, but at the end of the day, he would talk to me, then talk to her. nothing happened between us during this time and his previous relationship was LDR; i’m assuming nothing happened there either. 

after two weeks he tells me that he and his ex talked, and she said that she would remain single for a while. they agreed to go no contact until the summer and maybe reconnect then. he tells her he’ll remain single too. to me, it sounded pretty much like they had decided to take a break and go back to each other later. i say nothing and remain supportive, saying it’s good he’s taking time for himself. he’s never spend his adult life single and we had talked about that often, so i tried to be respectful and supportive, and i tried to keep our friendship as normal as possible. another few weeks go by and he turns to me and says “i know you’re tired of hearing about her, but she texted me out of the blue and told me that she had slept with somebody, and i feel angry because it feels so disingenuous” he insists he isn’t jealous or hurt or anything but feels upset that they agreed to be single and she turned around and slept with someone. she told him that no matter what, she couldnt get over it and she was done with him. 

not even a week later, he sleeps over, and cuddles me. he says something along the lines of “i should leave” and i was half asleep and didn’t respond. he left. the next day, we wake up and end up sleeping together. he says he’s not ready for something serious with expectations and pressure, but i didn’t want to lose him, so i say we can keep it casual. i tell him he can date around, i just don’t want to know about it. i mostly did this because i knew he isn’t built for casual dating and would probably not see anyone else, but if he did, he’s within his right to. 

the months go by and i am a girlfriend in everything but name. we cooked together spent all our time together, he would pick me up from rehearsals without me asking, he’d just know my schedule and wait for me, sometimes with food ready. we’d plan social outings, and when asked, he told people he was “cuffed”. he’d never say anything but it felt like he’d get jealous sometimes?? one time me and another mutual friend were drunk and leaning into each other to hear the other speak, and he came up behind me and put his hands on my shoulders and stayed pretty touchy for the rest of the night. 

but, every time we had a conversation about it, he’d tell me he’s not ready or that he can’t commit. after graduation it got to a point where he told me he needed space and time apart to figure out his life. we both had travel plans and were going to be apart anyway, so he thought it’d be a good time to get some perspective. we take some time apart, and he  asks me to get coffee on my birthday. we talk about other things ans how travel has been, but nothing about us. the summer goes on and we’re basically living together. he introduces me to his whole family, i’m his plus one to work events but when i tried to talk about us, he told me he still didn’t know and he was so busy travelling he didn’t have a lot of time to think about things. 

cut to now and we’re in a good established relationship, and have moved in together (after he brought it up to discuss and initiate the next step). however, it feels like we kind of fell into a relationship. he never asked me or made it official. he now tells me he knew and had absolute certainty after that second break. i was confused for so long after, but he got to be certain and know it. i was left to assume or to gauge. i love him and i love our relationship now but i never got to feel chosen in the most important moments. im constantly plagued by thoughts of whether i did the right thing, or whether i waited only to be second choice. we’re best friends and both talk about how perfectly aligned we are in every way, but i worry in the back of my head that i was always the fallback. ",2,1786478065.0,offmychest,2,1.0,False
1vls2z2,https://www.reddit.com/r/MakeNewFriendsHere/comments/1vls2z2/35australian_male_morning_chats_yes_please/,35/Australian male. Morning chats? Yes please..,"5:30 in the morning, coffee in hand, filled with regret about heading into work today.   
What are you up too? What are your plans? 

Come and distract me from the inevitably slow/long ass day im about to endure. 

Talk soon yeah? 😎",1,1786478030.0,MakeNewFriendsHere,1,1.0,False
1vls2oe,https://i.redd.it/mkplcu1cwsih1.jpeg,Does she realize the filters are making her look more AI??,,1,1786478012.0,Cholladaze,1,1.0,False
1vls2iq,https://www.reddit.com/r/Garmin/comments/1vls2iq/our_recovery_time_and_your_training_plan_have/,"Our recovery time and your training plan have never once spoken to each other, and it's the thing that annoys me most about all of this","Garmin says you need 48 more hours. Training readiness is 22. Your plan says 6×1000m at threshold this morning. Neither one knows the other exists, so the decision lands on you, at 6am, with no coffee in you yet.

We've spent ten years getting very good at measurement and approximately zero years connecting measurement to the decision. Every app is either a data collector that won't tell you what to do, or a plan generator that ignores what your body did last night.

And before someone says daily suggested workouts - fair, they're the closest thing to an answer anyone actually ships. But they only work if you're running Garmin's plan, on Garmin's watch, with Garmin's idea of what you're training for. They don't know about the block your coach wrote, the race you're pointing at in eleven weeks, or the two Zwift rides that never made it onto the watch.

My honest position is that the plan should lose. If the data says you're wrecked, the interval session was written by a version of you that didn't know that yet.

Full disclosure on why I have an opinion at all: this annoyed me enough that I spent the last few months building something that reads recovery and training load together and decides off both. Not linking it, that's not what this post is for.

But I've argued this with people who think recovery scores are noise, and that training through a bad week is the entire point. What's the case for the plan winning?",0,1786478003.0,Garmin,10,0.33,False
1vls2be,https://www.reddit.com/r/AskDocs/comments/1vls2be/sudden_numbness_on_the_left_side_of_my_face_arm/,"Sudden numbness on the left side of my face, arm & leg","I’m 36/F, 150 lbs and, as far as I know, I’m generally healthy and don’t have any major health issues.

Earlier today, I was driving when completely out of nowhere I suddenly got this really weird feeling of numbness/tingling. It felt like the left side of my face, my left arm, and even my left leg suddenly went numb. It only lasted for a few seconds and then went away. At the same time, I also felt slightly dizzy/lightheaded for a moment. This all just came on so suddenly. I’ve never really experienced anything like that before. Chat GPT thinks I may have possibly experienced a mini stroke but I don’t really think that’s what it is, especially because it only lasted a few seconds. I obviously don’t want to ignore something important either.

I also occasionally get these random little twitching sensations around my forehead, which I’ve noticed from time to time.

One thing I was wondering about is caffeine. I drink around 2–3 cups of coffee a day (2 shots of espresso each) and I’m pretty sensitive to caffeine. I’m not sure if that could potentially cause something like this.

I am planning on making a doctor’s appointment to get it checked out, but in the meantime I was wondering if anyone here has experienced something similar or has any idea what could cause sudden, brief numbness like this?

Also, any specific tests I should request when I go see my doctor?

Thanks in advance!",1,1786477990.0,AskDocs,1,1.0,False
1vls18x,https://www.reddit.com/r/Coffee_Shop/comments/1vls18x/25m_anyone_up_for_coffee_around_begumpet_tomorrow/,25M | Anyone up for coffee around Begumpet tomorrow evening?☕️,"Hey! Looking to grab a coffee tomorrow evening somewhere around Begumpet and thought I'd see if anyone here is up for joining.

I'm 25M, living in Hyderabad, and generally pretty curious about people and the way they think. I especially enjoy meeting introverts who take a little time to open up — the kind of people who become surprisingly talkative once they're comfortable.

I'm up for conversations about pretty much anything: philosophy, movies, entrepreneurship, random things you're passionate about, or whatever rabbit hole we happen to fall into.

And yes, I genuinely love coffee. Probably an unreasonable amount. 😄

Not looking to over-plan it — just a casual coffee, good conversation, and seeing where the evening goes. I'm flexible on the café around Begumpet, and the duration can depend on how the conversation is going.

If you're a woman around Hyderabad and this sounds like your kind of spontaneous plan, feel free to comment or DM me.

Let's get coffee. ☕",1,1786477926.0,Coffee_Shop,0,1.0,False
1vls176,https://www.reddit.com/r/GoodCoffeeGreatCoffee/comments/1vls176/purchasing_coffee_equipments/,purchasing coffee equipments,"if i purchase a coffee machine with real money, do i have to pay more when it comes to upgrade it",2,1786477923.0,GoodCoffeeGreatCoffee,1,1.0,False
1vls0yt,https://i.redd.it/qt6kjrvivsih1.png,Have bike will travel to 412,"Have a free weekend during PedalPGH so why the heck not, only a couple hours from my home in Cleveland, I finally found a hotel not far away that doesn't have an exorbitant Bruno Mars premium rate.  But a bit overwhelmed in picking a good Saturday ride, looking at RidewithGPS.  Looking for a 50-60 ish miler, obviously safe roads, loop course, like to be sure there is a coffee shop or gas station convenient store so I can get some more water along the way, avoiding too much overlap with the PedalPGH 53 miler.  Yeah it's more elevation than Ohio but east side of Cleveland has more elevation than you all might think too.  So I can handle it.    This one stood out to me but open to other recommendations especially if it has a ridewithgps or other link.  Prefer north or west cause that's near my hotel or on the way near I76.

PS this ride is called:  [\#04360 - Unison Bike Lab](https://ridewithgps.com/routes/38507843) in RidewithGPS and it's 66 miles 3800 feet climbing-- maybe a tad longer than I said but that's OK. ",6,1786477910.0,bicycling412,2,1.0,False
1vls0ki,https://www.reddit.com/r/malta/comments/1vls0ki/2regular_tickets_wanted_for_black_coffee_malta/,2regular tickets wanted for Black Coffee @ Malta Fort Manoel on september 13. Please :),,0,1786477884.0,malta,0,0.5,False
1vlrzgc,https://www.reddit.com/r/DiagnoseMe/comments/1vlrzgc/sudden_numbness_on_the_left_side_of_my_face_arm/,"Sudden numbness on the left side of my face, arm & leg","I’m 36/F and, as far as I know, I’m generally healthy and don’t have any major health issues.

Earlier today, I was driving when completely out of nowhere I suddenly got this really weird feeling of numbness/tingling. It felt like the left side of my face, my left arm, and even my left leg suddenly went numb. It only lasted for a few seconds and then went away. At the same time, I also felt slightly dizzy/lightheaded for a moment. This all just came on so suddenly. I’ve never really experienced anything like that before. Chat GPT thinks I may have possibly experienced a mini stroke but I don’t really think that’s what it is, especially because it only lasted a few seconds. I obviously don’t want to ignore something important either.

I also occasionally get these random little twitching sensations around my forehead, which I’ve noticed from time to time.

One thing I was wondering about is caffeine. I drink around 2–3 cups of coffee a day (2 shots of espresso each) and I’m pretty sensitive to caffeine. I’m not sure if that could potentially cause something like this.

I am planning on making a doctor’s appointment to get it checked out, but in the meantime I was wondering if anyone here has experienced something similar or has any idea what could cause sudden, brief numbness like this?

Also, any specific tests I should request when I go see my doctor?

Thanks in advance!",1,1786477813.0,DiagnoseMe,1,1.0,False
1vlryk4,https://www.reddit.com/r/GenX/comments/1vlryk4/what_needs_to_be_in_a_mall_museum/,What NEEDS to be in a mall museum?,"If you were able to buy an old mall and create a museum, what would you include? I know the coffee shop would be called The Breakfast Club. The arcade would be awesome!",28,1786477757.0,GenX,148,0.89,False
1vlryap,https://www.reddit.com/r/wichita/comments/1vlryap/lgbtq_spaces_for_hire/,LGBTQ Spaces for hire,"Hey Reddit! Really needing a job right now. Anyone know of any LGBTQ Spaces that are hiring right now. The only one i know of is dead center vintage and i’ve already applied there. I’d love to work at a coffee shop, thrift store. Possibly even somewhere with a performing aspect. Any Ideas Would be wonderful. Thanks!",0,1786477741.0,wichita,6,0.47,False
1vlry9e,https://www.reddit.com/r/CFA/comments/1vlry9e/cfa_baddie_is_the_way_to_happiness_in_candidates/,CFA BADDIE IS THE WAY TO HAPPINESS IN CANDIDATES LIFE,"Matched with a fellow CFA candidate on Hinge, went out for coffee, and our rant and yap sesh was just so perfect and adorable.....One of the best dates. 

Wishing every fellow CFA candidate gets to experience this once (ofc not the ones who are married)",28,1786477739.0,CFA,11,0.94,False
1vlrxa3,https://www.reddit.com/r/Supplements/comments/1vlrxa3/sups_for_caffeine_withdrawal/,Sups for Caffeine Withdrawal?,"I’m on day 10 of caffeine withdrawals from drinking 1 cup of black tea a day, and before that it was one cup of coffee.

I have Tourette’s and take Adderall for ADHD and didn’t realize even a small amount of caffeine makes them twice as bad then they already are from the stims. Now they are a lot more manageable, but the debilitating headaches are the worse by far.

I’ve tried ibuprofen, Tylenol, Gabapentin, etc. with no help. I’m getting desperate here as everyone said it should go away within a week. Any advice?",0,1786477677.0,Supplements,6,0.5,False
1vlrx7a,https://www.reddit.com/r/AnnArbor/comments/1vlrx7a/any_nearby_cars_and_coffee/,Any nearby Cars and Coffee?,"I will be starting a new job in the Ann Arbor area and will be new to the city. One of my main hobbies is attending cars and coffee events on the weekends. Was looking online to see if there were any events near the area, but all the information I found was very outdated. Anyone know of anything?",4,1786477672.0,AnnArbor,3,1.0,False
1vlrwwn,https://www.reddit.com/r/datingoverfifty/comments/1vlrwwn/at_dating_over_fifty_what_are_you_women_looking/,"At Dating over Fifty, what are you (women) looking for?","Here's a Reddit post that captures the dating dilemma men over 50 often face when asking women out, incorporating the scenarios you mentioned and drawing from real discussions in the r/datingoverfifty community.



\---



\## \*\*The Over-50 Dating Dilemma: What Is She Actually Looking For?\*\*



\*\*I (M56) have been back in the dating pool for a couple of years now, and I've come to realize that the most stressful part isn't the date itself—it's trying to figure out what the woman actually wants.\*\* The over-50 dating world is like a maze where everyone's looking for something different, but few say it directly. This creates a real dilemma for guys like me who genuinely want to make a connection but fear wasting time, money, and emotional energy on mismatched expectations.



\### \*\*The Three Categories I've Encountered\*\*



From my experience and what I've seen discussed in forums like r/datingoverfifty 【turn0search6】【turn0search7】, women generally fall into these broad categories when dating over 50:



`flowchart LR`

`A[Over-50 Dating Pool] --> B[Category 1: Fun & Casual<br>Sex & Companionship]`

`A --> C[Category 2: Travel & Activity Partner<br>Shared Experiences]`

`A --> D[Category 3: Financial Safety Net<br>Stability & Support]`



`B --> E[Men with Options<br>Adjust Effortlessly]`

`C --> F[Average Joe's Dilemma<br>Uncertain How to Approach]`

`D --> G[Heartache Risk<br>Hesitation to Invest]`



`E --> H[Outcome: Effortless Connections<br>But Often Superficial]`

`F --> I[Outcome: Hesitant Attempts<br>May Miss Genuine Matches]`

`G --> J[Outcome: Avoidance<br>Miss Potential Partners]`



1.  \*\*The ""Still in My 20s"" Crowd\*\* 🔥

Some women are looking for sex and fun, just like they might have in their 20s. They're not necessarily seeking a traditional relationship but want to enjoy physical intimacy and good times. I've encountered this on dates where the conversation quickly turns to physical compatibility and ""living in the moment."" While there's nothing wrong with this, it's often not what guys like me (who are relationship-minded) are anticipating on a first date. The dilemma? \*\*Do I assume every date is leading to a relationship, or should I read between the lines early?\*\* If I misread this, I either come on too strong (and look for a relationship too fast) or completely miss the signs that she's just looking for a good time 【turn0search0】.



2.  \*\*The ""Travel Partner & Companion"" Seekers\*\* ✈️

Many women are looking for a partner to share experiences with—travel, dining, hiking, and cultural events. They're not necessarily looking for a live-in partner or marriage but want a companion to enjoy their retirement or post-divorce life. This is actually the most common scenario I've found, and it's fantastic when both are on the same page. \*\*The challenge here is the investment.\*\* Planning a trip or even a series of local dates requires significant time and money. If she's just looking for a casual travel buddy but I'm thinking long-term, someone's going to get hurt. And if she's \*only\* looking for a free trip... well, that leads to the next category.



3.  \*\*The ""Financial Safety Net"" Seekers\*\* 🛡️

I hate to say it, but this is a real phenomenon. Some women, through divorce, poor financial planning, or career setbacks, are looking for a partner who can provide financial stability. They might not be upfront about it initially, but it becomes clear after a few dates when conversations repeatedly turn to money struggles, housing situations, or ""what I can bring to the table"" (which, in their mind, is often just companionship). \*\*This is the biggest red flag for me.\*\* I've worked hard to be financially secure, and I'm looking for an equal partner, not a dependent. The dilemma? \*\*How do I politely but firmly determine financial compatibility early without sounding like a jerk?\*\* Asking too soon can seem shallow; asking too late can mean months of wasted effort and money 【turn0search10】【turn0search12】【turn0search13】.



\### \*\*The ""Men's Dilemma"" in Action\*\*



This is where it gets personally frustrating. As a man who's \*\*""middle of the pack""\*\*—not wealthy enough to effortlessly attract multiple options, but not so desperate that I'll settle for anyone—I face a specific predicament:



\-   \*\*If I have ""many options""\*\* (say, I'm wealthy, highly attractive, or charismatic): I can afford to be selective. I might date younger women who are more clearly seeking fun or financial stability, and I can adjust my approach accordingly. I can be the guy who pays for everything without worry, knowing I can easily walk away if it's not working. This is the ""men's dilemma"" of having options but also the power to define the terms 【turn0search2】【turn0search9】.



\-   \*\*If I'm ""in the middle"" (like most of us)\*\*: I have to be more cautious. I can't afford to constantly wine and dine multiple women with expensive dates when there's a high chance our intentions don't align. \*\*My dilemma is this: Do I risk a $100+ dinner on a first date with someone who might just be looking for a free meal or a casual fling, or do I suggest a low-key coffee meet first?\*\* The latter feels less impressive and might make me seem uninvested, but the former is a gamble I can't afford to lose repeatedly. This is why you see so many men in their 40s and 50s being \*\*passive or hesitant\*\* in dating—we're protecting ourselves from potential heartache and financial drain 【turn0search19】.



\> 💡 \*\*A Real-Life Example\*\*: I recently matched with a woman (54F) whose profile emphasized ""travel adventures."" We messaged for a week, and she suggested meeting for drinks at a upscale hotel bar. I agreed, thinking it was a reasonable first step. Within 20 minutes, she was discussing her dream trip to Italy and how she'd ""always wanted a partner to share that with."" I asked what she was looking for in a partner, and she said, ""Someone who can make me laugh and keep me company."" I probed a bit more about her work and life, and it became clear she was between jobs and living in a small apartment. I started to realize that this ""travel partner"" might actually be looking for someone to fund those adventures. I paid for the drinks, but I didn't ask for a second date. I felt guilty—is that fair? Was I too judgmental? Or was I just being smart? This is the internal monologue that runs through my head on every date 【turn0search13】【turn0search14】.



\### \*\*The Core Problem: Lack of Honest Communication\*\*



The fundamental issue is that \*\*few people are brutally honest about what they want on their dating profiles or in early messages.\*\* We all hide behind euphemisms:

\-   ""Looking for my partner in crime"" → Could mean anything from casual fun to a life partner.

\-   ""Love to travel"" → Could mean she wants you to pay for it all.

\-   ""Financially independent"" → Is she really? Or is she hoping to become so through you?



This forces men into a guessing game that often leads to disappointment on both sides. Women complain that men are passive or only want sex; men complain that women are either too casual or too transactional. \*\*We're all just bad at communicating our true intentions from the start.\*\*



\### \*\*My Proposal: Let's Normalize the ""Intentions Conversation""\*\*



Here’s what I wish would happen: On the first coffee date (because that's what it should be—a low-stakes meeting), after 15 minutes of small talk, one of us should have the courage to say:



\> \*""I'm really enjoying meeting you. I want to be upfront: I'm ultimately looking for a long-term relationship with an equal partner. I'm not just looking for something casual, and while I'm happy to split costs, I'm also not looking to be a financial provider for someone. What are you primarily looking for right now?""\*



Yes, it's direct. It might feel awkward. But it would save everyone so much time and heartache. If she says she's just looking for fun, great—I can decide if I'm up for that. If she's looking for a sugar daddy, I can politely decline. If she wants what I want, we can proceed with clarity.



\### \*\*To the Women Reading This:\*\*



Please, \*\*be honest in your profiles and early conversations.\*\* If you're looking for a travel companion, say if you expect to split costs or if you're seeking someone to treat you. If you're looking for casual fun, say so (and maybe filter for guys who are okay with that). If you're looking for a traditional relationship, say that. \*\*You'll filter out the wrong guys and attract the right ones.\*\* And for the record, not all men are just looking for sex or a maid—many of us are genuinely looking for a best friend and equal partner 【turn0search16】【turn0search18】.



\### \*\*To My Fellow Men:\*\*



\*\*We need to be braver too.\*\* It's okay to state your intentions clearly and ask hers. It's okay to suggest a coffee date first to minimize financial risk. It's okay to walk away if her intentions don't align with yours, even if you find her attractive. \*\*Protect your heart and your wallet.\*\* And if you're someone with ""many options,"" try to understand the dilemma of the average guy who doesn't have your luxury 【turn0search9】.



Dating over 50 shouldn't feel like a high-stakes poker game where everyone is bluffing. It should be about two honest people figuring out if they want to walk the same path together. \*\*Let's start talking more plainly.\*\*



\*\*TL;DR:\*\* The biggest dilemma for men dating over 50 is not knowing if a woman wants fun, a companion, or a financial safety net. This uncertainty makes guys hesitate, especially average guys who can't afford to gamble on mismatched intentions. The solution is for everyone to be brutally honest about what they want from the start.",3,1786477654.0,datingoverfifty,52,0.59,False
1vlrwus,https://chawiki.org,"We made a wiki for Chattanooga. No ads, no sponsors, just locals","We have been building [chawiki.org](https://chawiki.org) (the Chattanooga Wiki), a community wiki for the greater Chattanooga area. The idea: stop rewriting the same answers in every thread and keep them somewhere anyone can edit.

This isn't the first time the idea existed. Back around 2014, [chawiki.org](https://chawiki.org) pointed at a Chattanooga wiki on LocalWiki, which covered the same ground before it was abandoned. We're picking that up with modern software and a fresh start, under the same domain.



**The important type of stuff first:**

[Low-cost & no-insurance care](https://chawiki.org/health/insurance) \- the sliding-scale FQHC type clinics (Cempa, Erlanger Community Health Center), plus the dental playbook: cheap cleanings at [Chatt State's hygiene clinic](https://chawiki.org/health/dentists), free care for kids and vets, and cash-discount tips.

[Fire protection outside city limits](https://chawiki.org/community/emergency-services) \- which volunteer fire departments charge yearly subscriptions ($100-185), and how to check which district covers your address before you move out to the county.



**The stuff you've definitely asked or answered before:**

[What's that smell downtown?](https://chawiki.org/community/whats-that-smell) \- answered once and for all: chicken plant + combined sewer, plus the river in summer. Yes, it quotes the subreddit.

[Where should I eat?](https://chawiki.org/food-and-drink) \- the answer is Taco Bell on Broad Street, documented as the city's official in-joke. The real answers are on the category pages: tacos, BBQ, hot chicken, coffee, brunch...

Plus the big stuff: [moving to Chattanooga](https://chawiki.org/moving-to-chattanooga), [neighborhoods](https://chawiki.org/neighborhoods), [things to do](https://chawiki.org/things-to-do), [parking & traffic cameras](https://chawiki.org/getting-around), and [recurring FAQs](https://chawiki.org/recurring-faqs).



**How it's licensed, and how it compares to Wikipedia**

The content is open under CC BY-SA 4.0 (Creative Commons Attribution-ShareAlike). In plain English: anyone can share and reuse the content, including commercially, as long as they give credit and share their version under the same terms. That's the same license Wikipedia's text uses, so it plays nicely with the Wikipedia ecosystem and keeps everything in the open.

The big difference from Wikipedia: this is not Wikipedia. Wikipedia covers the world; this covers Chattanooga. Wikipedia only accepts content from published sources; a local wiki works because it captures what locals actually know, the stuff that never gets written down, the price you paid, the road that always floods, the dentist who upsells. It's smaller, more specific, and more personal, and that's the point.

It only stays useful if people contribute. See a wrong price, a closed restaurant, or a question that keeps getting asked? Register and fix it, or add the page that's missing. That's the whole point.

**Check it out:** [**chawiki.org**](http://chawiki.org)",9,1786477651.0,Chattanooga,3,0.85,False
1vlrwqf,https://www.reddit.com/r/Scrubs/comments/1vlrwqf/who_said_it/,Who said it?,” a piping hot coffee that puts a pep in your step and your ass in the Jon”,5,1786477643.0,Scrubs,2,1.0,False
1vlrwlr,https://www.reddit.com/r/Retatrutide/comments/1vlrwlr/first_week/,First week!,"35F!

I’ve been wanting to lose around 20 lbs and have been holding onto some leftover baby weight that I just haven’t been able to shift. I work out 4–5 times a week and eat pretty clean, so I’m hoping reta might help me finally get over that hump.

I started my reta journey on Sunday with a 1 mg dose. So far, a couple of symptoms I’ve noticed are feeling **really hot all the time**, which is so unusual for me because I’m normally always cold, and being **really thirsty**. I’ve been drinking tons of water and electrolytes, but interestingly, I’ve also had basically no desire for coffee, which is very unlike me!

Has anyone else experienced these symptoms? And for those taking 1 mg, when did you start noticing a difference in your weight loss?",2,1786477635.0,Retatrutide,1,1.0,False
1vlrwik,https://www.reddit.com/r/SocialWorkStudents/comments/1vlrwik/a_big_thank_you_to_everyone_who_contributes_to/,A big thank you to everyone who contributes to this sub,"So i just wanted to say thank you to this sub as it has helped me loads with regards to figuring out schools and managing expectations for everything from which schools, internships to future career opportunities. I start my first semester next week so I also wanted to say I am super excited to start. 

This will be my second masters and it will be a bit of a career shift, though by background is communications and healthcare management / patient relations so perhaps no such a huge pivot.

I am doing my program a bit differently though, and that is also because of the contributions from everyone in this sub. My progam is online so I will be doing the first semester in the US and then im going to finish it in SE Asia. I managed to secure an internship at a training hospital with their medical social work department which I am incredibly grateful for. Upon graduation, Im back stateside for hours towards licensing. I also became a license tax preparer and will be working with a friend of mine who as a very established tax prep business as their slightly under paid remote overseas foreign worker so that I can get some sort of income trickle in. So if anyone here needs their taxes done next year, hit me up! 

The reason I say I'm structuring school this is way is because I am fortunate enough to be in a position where I can eff off to another country for two years and just concentrate on school without having to balance work, school and internship hours. With the cost of living in the states already suffocating me, this will be a welcomed breather. 

I am most looking forward to having that learning part of my brain scratched again and for the mundaneness of routine and the same conversations with the same people to be broken.

I am aware that most use internships to network for future job opportunities but I dunno man, Ive lived across three continents and started over so many different times, I'll be ok. I'll leave that for future me to worry about.  

Amongst the things I am most looking forward to is spending a month in Istanbul and Cappadocia before heading to SE Asia because why not? I think I will enjoy waking up in the morning to enjoy Turkish coffee on a balcony while doing my required readings for the week with hot air balloons suspended in the air in the background like a Windows screensaver. 

So thank you for the generosity of taking the time to share your experiences!",3,1786477630.0,SocialWorkStudents,0,1.0,False
1vlrwbx,https://www.youtube.com/watch?v=3sEyCZ1Mnwc&t=19s,New Grok Image Model Creates Readable AI Text Finally,"New Grok Image Model is a big deal because Grok Imagine 2.0 is built for usable business creatives, including ads, posters, product shots, campaign assets, and marketing material with clean text.

Most AI image tools can make something pretty, but marketers need assets that are readable, editable, and ready to test.

Inside [AI Profit Boardroom](https://www.skool.com/ai-profit-lab-7462/about), you can get practical support for turning AI creative tools into real marketing workflows.

Watch the video below:

[https://www.youtube.com/watch?v=3sEyCZ1Mnwc&t=19s](https://www.youtube.com/watch?v=3sEyCZ1Mnwc&t=19s)

Want to make money and save time with AI? Get AI Coaching, Support & Courses  
👉 [https://www.skool.com/ai-profit-lab-7462/about](https://www.skool.com/ai-profit-lab-7462/about)

# New Grok Image Model Fixes The Ad Creative Problem

New Grok Image Model matters because ads are not judged by how cool they look for two seconds.

A real ad has to stop attention, explain the offer, and make the next step clear.

Most AI image tools fail when the image needs actual words.

The letters bend, the button breaks, and the headline looks like a fake language.

That kills the creative before the campaign starts.

Grok Imagine 2.0 is different because it can handle text with better structure.

A poster can include a headline, benefits, and a call to action without falling apart.

That makes it useful for marketers, coaches, course sellers, and community builders.

X AI clearly aimed this at people who need working content, not random art.

The Imagine tab inside quality mode gives creators a cleaner path to usable visuals.

Better creative means fewer fixes after the image is generated.

New Grok Image Model turns the first draft into something closer to a real ad.

# New Grok Image Model Makes Text Readable

New Grok Image Model stands out because readable text is where AI images usually collapse.

Anyone who has used older image generators knows this problem instantly.

You ask for six words on a poster and get a mess.

Sometimes the spelling is wrong.

Other times the layout looks like the model guessed where words should go.

That is fine for a funny test, but it is useless for a paid ad.

Grok Imagine 2.0 handles text more like part of the design.

The headline can sit where it should.

Benefits can be stacked clearly.

A button can look like a real call to action.

Marketers can finally prompt for promotional content without assuming every word needs replacing in Canva.

New Grok Image Model becomes valuable because words inside the image can actually sell.

# New Grok Image Model Creates Cleaner Promo Posters

New Grok Image Model gives creators a faster way to build promotional posters.

A strong promo poster needs hierarchy.

The headline should be obvious.

The benefits should be easy to scan.

The call to action should stand out.

Good spacing should guide the eye.

Most AI image tools guess at those pieces.

Grok Imagine 2.0 seems much better at planning the layout before drawing the final result.

That helps when you are promoting a community, a coaching offer, a course, or a product.

You can describe the message and let the model build the structure.

The output still needs review, but the starting point is stronger.

New Grok Image Model saves time because the poster does not feel broken from the first generation.

# New Grok Image Model Cuts The Canva Cleanup Loop

New Grok Image Model matters because the old AI creative workflow was not as fast as people pretended.

You generated an image.

Then you opened Canva.

Next, you replaced the weird text.

After that, you adjusted the button.

Then you fixed the background.

Sometimes you had to open Photoshop too.

By the time the asset looked usable, the shortcut was gone.

That is the hidden cost of bad image generation.

A better model reduces the cleanup stage.

Grok Imagine 2.0 makes more sense when you measure the saved editing time, not just the prompt time.

Marketers need fewer broken drafts and more campaign-ready versions.

New Grok Image Model helps because it can reduce the boring work after generation.

# New Grok Image Model Changes Backgrounds Without Breaking The Asset

New Grok Image Model gets more useful when precision background editing enters the workflow.

A marketer often needs the same main asset in several environments.

One ad might need a modern home office.

Another version might need a corporate boardroom.

A third could work better in a coffee shop.

The hero object should stay the same.

The screen should stay clear.

The angle should not change.

The lighting should still make sense.

Older tools often regenerate too much and break the whole image.

Grok Imagine 2.0 can change the background while keeping the core asset stable.

That means one image can become multiple ad concepts.

New Grok Image Model helps marketers test context without rebuilding everything.

# New Grok Image Model Turns One Asset Into More Tests

New Grok Image Model is useful because performance marketing needs variation.

One creative rarely tells the full story.

Different audiences react to different settings.

A founder may respond to a clean boardroom.

A creator may prefer a laptop on a desk.

A remote worker may connect with a home office.

A casual buyer might like a coffee shop scene.

The product can stay the same while the context changes.

That makes testing faster.

Grok Imagine 2.0 lets marketers create these variations without waiting on a full creative team.

Inside [AI Profit Boardroom](https://www.skool.com/ai-profit-lab-7462/about), the focus is turning tools like this into repeatable workflows that can support real business growth.

New Grok Image Model makes creative testing easier because the same idea can become several campaigns.

# New Grok Image Model Handles Background Removal Fast

New Grok Image Model also improves the asset workflow with clean background removal.

That sounds small until you build campaigns every week.

A transparent subject is easy to reuse.

You can place it on a new background.

You can add it to a banner.

You can drop it into a social template.

You can use it in an email header.

The same subject can become part of several designs.

That saves time across campaigns.

It also keeps the brand more consistent.

Grok Imagine 2.0 makes this more practical because the image can move between formats.

A clean cutout gives marketers more control.

New Grok Image Model is useful because it turns a single generation into a reusable creative asset.

# New Grok Image Model Resizes Creatives For Every Platform

New Grok Image Model solves another painful creative problem with smart resize.

A 16:9 image does not automatically work as a vertical post.

A square image does not automatically work as an email banner.

Bad resizing cuts off the headline.

It hides the button.

Sometimes it destroys the whole design.

Smart resize is different because it recomposes the frame.

Grok Imagine 2.0 can adapt the creative for 9:16, 1:1, and wider formats.

That matters for marketers publishing across multiple channels.

One campaign can become a video cover, feed post, and email graphic faster.

The layout still needs review, but the heavy lifting is reduced.

Better resizing keeps the idea consistent across every placement.

New Grok Image Model helps turn one creative direction into a full platform set.

# New Grok Image Model Uses Multi-Reference Editing For Better Direction

New Grok Image Model becomes more serious when multi-reference editing is used properly.

A good creative brief often needs more than one input.

You might need a laptop image.

You might need an office background.

A style reference can guide the mood.

A color palette can keep the brand consistent.

A prop can make the scene feel more real.

Grok Imagine 2.0 can work with up to five input images in a single generation.

That gives the model more direction than a normal text prompt.

The output can feel planned instead of random.

This is closer to how a creative director gives references before a shoot.

Marketers can guide the scene without writing a giant prompt.

New Grok Image Model makes visual direction easier because the references carry part of the instruction.

# New Grok Image Model Helps Brands Look Consistent

New Grok Image Model is useful because brand consistency is hard with AI.

One image might look premium.

The next might look like a different company.

Colors can drift.

Lighting can change.

Layouts can feel unrelated.

That creates weak campaigns.

Multi-reference prompts help fix that problem.

A style reference gives the model a visual lane.

A brand palette keeps the output closer to the right look.

A hero object keeps the campaign focused.

Grok Imagine 2.0 helps marketers create assets that feel like part of one system.

New Grok Image Model becomes powerful when every creative looks connected, not random.

# New Grok Image Model Fits A Real Creative Pipeline

New Grok Image Model should be used like a pipeline, not a toy.

Start with the campaign message.

Create the main ad image.

Check every word.

Edit the background for different audience angles.

Remove the background if the subject needs to travel across templates.

Resize the winning creative for each platform.

Use multi-reference prompts to keep brand style stable.

Review the layout before posting.

Then test the versions and keep what performs.

This is where [grok.com](http://grok.com), iOS, Android, and the Imagine tab become practical places to create, review, and move faster.

For more AI workflow support, [AI Profit Boardroom](https://www.skool.com/ai-profit-lab-7462/about) helps builders turn tools into systems.

New Grok Image Model works best when every feature feeds the next marketing step.

# Frequently Asked Questions About New Grok Image Model

**1. What Is New Grok Image Model?**

New Grok Image Model refers to Grok Imagine 2.0, an AI image model built for creating and editing usable marketing visuals.

**2. Where Can I Use New Grok Image Model?**

New Grok Image Model is available through [grok.com](http://grok.com), iOS, and Android inside the Imagine tab under quality mode.

**3. Why Is New Grok Image Model Useful For Ads?**

New Grok Image Model is useful for ads because it can handle readable text, cleaner layout, precision edits, background changes, smart resize, and multi-reference prompts.

**4. Can New Grok Image Model Replace Canva Or Photoshop?**

New Grok Image Model can reduce Canva and Photoshop cleanup work, but you should still review the final asset before using it in a real campaign.

**5. Should Marketers Use New Grok Image Model For Campaigns?**

Yes, marketers can use New Grok Image Model to create promo posters, product shots, ad variations, resized creatives, and reusable brand assets.",1,1786477619.0,AISEOInsider,0,1.0,False
1vlrwau,https://www.reddit.com/gallery/1vlrwau,Driving advice for turning from Banbury into Marston Ferry Road,"Hello! As the title says, I was hoping for some advice as a learner driver. There is a kind of difficult junction between Banbury road and Marston Ferry Road, which when you are heading to Marston Ferry from Morton Road you have to do a staggered path across Banbury Road (see the first picture). My question: once you have done the first move and you are in the right turn lane to turn right against the oncoming traffic on Banbury road, does the right most traffic light (shown in purple in the second picture) apply to you? So do you stop in that box if it is red or do you just continue to turn? Thanks !! ",6,1786477617.0,oxford,4,1.0,False
1vlrvqx,https://www.reddit.com/r/NeurologicalDisorders/comments/1vlrvqx/sudden_numbness_on_the_left_side_of_my_face_arm/,"Sudden numbness on the left side of my face, arm & leg","I’m 36/F and, as far as I know, I’m generally healthy and don’t have any major health issues.

Earlier today, I was driving when completely out of nowhere I suddenly got this really weird feeling of numbness/tingling. It felt like the **left side of my face, my left arm, and even my left leg** suddenly went numb. It only lasted for a few seconds and then went away. At the same time, I also felt slightly dizzy/lightheaded for a moment. This all just came on so suddenly. I’ve never really experienced anything like that before. Chat GPT thinks I may have possibly experienced a mini stroke but I don’t really think that’s what it is, especially because it only lasted a few seconds. I obviously don’t want to ignore something important either. 

I also occasionally get these random little **twitching sensations around my forehead**, which I’ve noticed from time to time.

One thing I was wondering about is caffeine. I drink around **2–3 cups of coffee a day (2 shots of espresso each)** and I’m pretty sensitive to caffeine. I’m not sure if that could potentially cause something like this. 

I am planning on making a doctor’s appointment to get it checked out, but in the meantime I was wondering if anyone here has experienced something similar or has any idea what could cause sudden, brief numbness like this?

Also, any specific tests I should request when I go see my doctor? 

Thanks in advance!  ",1,1786477586.0,NeurologicalDisorders,0,1.0,False
1vlrurs,https://www.reddit.com/r/ThirdEyePoetry/comments/1vlrurs/the_day_i_froze/,The day I froze,"The day I froze,

Its was an ordinary day, 

Coffee,

Hair, 

Make up, 

Breathe...

It was a crisp Halloween 

The day I froze

The day I dreamed...

Heels, 

Drinks, 

Tea... 

The day I froze 

Knocks on the door

Door bells ringing 

""Trick or treat"" 

The day I froze 

The knocks I heard 

The bliss when my eyes met yours

The day I froze 

Green on blue

Impossible in autumn 

But perfect for me

The day I froze 

Was the day I knew

You were everything I wanted, 

Everything I needed 

The day I froze 

Ended with icy blues 

And a smile that could heat the earth. 

\\-k.m.",4,1786477525.0,ThirdEyePoetry,0,1.0,False
1vlrun3,https://www.reddit.com/gallery/1vlrun3,The Hisenior Mega5EST: When aging didn't help,"Hisenior had achieved significant name and fame, with one particular set that put them right on the map, and despite having a good chunk of time passed since this release, a friend of mine decided to send me the cult classic in the mega5EST for assessment, and I got to see has the IEM turned into wine or milk after all this time. I have had some good pleasure listening to another set of theirs, the Cano Cristales, and now it was time for me to assess this IEM. So thank you, dear friend for loaning this.

# UNBOXING, ACCESSORIES, FIT AND COMFORT

Hisenior has left no stone unturned when it came to the accessories of the Mega5EST; and with the cover out which advertised the product aptly (the one I got was the 7th anniversary edition), taking the lid off gave way to a Pelican-esque carry case which I think is good enough for a few absent minded sit downs and a few missed throws (I wish more brands gave cases like these). The IEMs were right there with the stock cable, which is pleasant and has heft. There was a generous assortment of eartips along with a cleaning tool. The shells had febos written on it in cursive, which meant FEEL THE BEAUTY OF SOUND, which was their previous name.

I got the perfect seal on the Mega5EST with a shallower insertion than most, and thanks to the vents for not allowing any pressure buildup. Despite the large shells, I would say that the contouring contributed to having much less fatigue than usual, and the fatigue happened across the earhook areas, after I had this set for hours on end.

# LOWS

# Tipper: Mariscos

The Mega5EST shows juvenile signs of competence with a good level of cleanliness demonstrated in the opening rippling like intro of this track, and once the rest of the elements catches up, the initial beats that should have been strong come off rather in an anemic fashion, and then the Mega5EST caught me off guard with a deep, borderline grovelling bass hit in the drop which I felt was a bit too excessive with how the beats sustained. Attack seems to be moderately paced and the decay lingers on for slightly longer than usual. The phase-like fuzzy elements in this track didn’t feel as quite polished as some other sets have been in, but still not too shabby. Not too impressive either.

# Rush: Limelight

The Mega5EST, through this track shows it can definitely add in the thump that the kicks and toms specially have here, although the kicks have a more prominent presence than the toms. What the Mega5EST does rather poorly here, is that the notes from the bass line in this track seems to evaporate because it emphasises the drums excessively, and the only time the grain from the chaff (bass from the drums) is separated is when the guitar solo comes in here, and as soon as the solo ends, the bass tends to get tucked into the blanket that the drums seems to have created; which indicates that the Mega5EST cannot handle isolation in technically elaborate tracks as this one. Adding on to this, the rudiments towards the end of the track lack the resonance that makes the ending so satisfying on this track.

# Rage Against the Machine: Bullet in the Head

The intro of this track sounds potent at first, but as the intro concludes for the rest of the elements in this track to barge through, I could sense that this IEM really was not letting the bass fully belt out in its full glory, and a little enhancement in the separation of the bass and drums couldn’t have hurt. But, all things said and done; what I like about the Mega5EST prima facie is the way vocals sit right in the middle of the track, and the instruments revolve around it (metaphorically). Tonality could be said as balanced by some, but I wouldn’t put it across that way. It’s got a strong warm presence with some perceived sparkle on the other end, but I will elaborate on it more as I progress through. This track becomes significantly more enjoyable when the bass really becomes the highlight of the show through the breakdown, and I could finally gauge the note by note aggression and the drums merely supplement the bass, as it should on this track.

# MIDS

# Queens of the Stone Age: First It Giveth

The bass is once again a subtle problem in this track where it shouldn’t have been, as right at the intro it comes in with an excess of aggression; and as the rest of the elements follow suit, I seriously lament with how flat I perceived the otherwise crisp, sharp, aggressive snares that this track where with some IEMs I would have been able to gauge the timbre, but the Mega5EST definitely was making me work hard on being able to gauge it.

Once I am settled in the track, I could sense a faint thinness in Josh Homme’s vocals, as the guitars were adequately being rationed along with the cymbals, which surprisingly are having a fantastic perception in their placement, right alongside the vocals and once again, not being too forward nor being too laid back. But through the verses, the bass really takes off into obscurity as I felt every other instrument otherwise which puts a blemish.

# Tool: Lateralus

The otherwise overpowering bass finally finds itself having some relevance as it walks the aisle right alongside the rumbling floor toms as it sets the stage up for everything else to fall into place. But once the intro ends, and the guitars further try to mould this beautiful vase of a track, the bass once again feels a bit too on the nose, although the same energy reflected by the floor toms is giving the track a much needed power; because both the vocals and the guitars are now coming off thin. Through the breakdown, the Mega5EST does a shabby job with how the final rudiments on the drums end as I sensed a blur on its execution, the granular finesse needed to recognize every hit was simply not there, and cymbals were having a momentary loss in texture. Some ears may enjoy the excess of the thump and punch, but I was really not feeling it with the Mega5EST.

# HIGHS

# Patricia Barber: Icarus

Here; the Mega5EST impresses me a lot: I specifically use this track to not sense sibilance, as sibilance is an element already preserved in the recording and this track demonstrates it very audibly, I use this track to see the restraint or the succumbing into showing that sibilance, and I would say that the Mega5EST does an impressive job in showing restraint- the way Patricia Barber enunciated her Cs and Ss was not excessively sibilant, but I wouldn’t outright write it off as this IEM being smooth. Timbre finally shows up through the percussion and the pianos to be slightly on the drier side than what I am used to, and falls slightly shy of me calling it accurate. Tonality potently is on the warmer side than being balanced, and specially observed through the pianos.

# Dave Brubeck: Take Five

The Mega5EST seems to have done a good job with the cymbals that establish their presence right from the intro but there’s an inherent problem with their note weight, and the same extends to the horns where there’s detail to pick through the little nuances but it’s just that even they sound faintly thin. The bass tends to stumble with its recognition in this track, the one track where all the elements are distinctly, audibly clear from one another but fixes itself right itself when the horns end and the drum solo is about to start. This track is also unique because the stereo characteristic is unmistakably itself and the channels separate the moment the drum solo kicks in, and the IEM picks up the detail; snare hits are crisp, the resonance of the toms needed a little more resonance to be even more pronounced but still decent; the kicks have a potent hit and the way the decay comes off in its hits is satisfying. The bass and the pianos hold their respective ground, but that isolation of the bass from the drums once again gets obscure once the horns kick in.

# COMPARISONS

# Xenns Mangird Top Pro

The Xenns Top Pro absolutely blows the Mega5EST out of the water in almost everything it does. While the Mega5EST suffers from an excessive mid-bass thump that tends to overshadow other elements and tucks instruments into a blanket, the Top Pro delivers a freakishly controlled sub-bass that accentuates the track without seeping through. Where the Mega5EST struggles with isolation on technically elaborate tracks, the Top Pro fires back with a magnificent, wide stage and some of the best imaging capabilities out there. Even in the highs, where the Mega5EST shows a competent restraint against sibilance but feels faintly thin and dry, the Top Pro handles climaxes with more detail but can come off fatiguing and sibilant. The only areas where the Mega5EST even puts up a fight are in offering minutely smoother highs on rare occasions and perhaps slightly finer imaging, but it’s essentially a seamless victory for the Top Pro.

# Elysian Pilgrim

The Elysian Pilgrim takes an entirely different route compared to the heavy-handed, groveling bass approach of the Mega5EST. Where the Mega5EST over-indulges in mid-bass thump, in its light I really enjoyed how well and composed the Pilgrim felt. The Pilgrim effortlessly outclasses the Mega5EST in the midrange, trading the latter's fuzzy isolation for a wide stage, fabulous imaging, and juggles the act of balancing vocals beautifully (comparatively). However, the Mega5EST maintains an upper hand in treble smoothness; while the Mega5EST handles sibilance with impressive restraint, the Pilgrim suffers from a subtly audible grain and can feel like it runs out of air on high-pitched vocals, making it sound leaner in moments where the Mega5EST remains composed.

# Crinear Reference

The Crinear Reference serves as a surgical magnifying glass, standing in stark contrast to the thick, heavily colored presentation of the Mega5EST. While the Mega5EST comes in with an excessively aggressive bass attack and lingering decay that ruins my perception of the bass quality, the Reference keeps the lows strictly at abeyance, delivering a seasoned featherweight's punch with precise decay that never overstays its welcome. The Reference also completely outclasses the Mega5EST in technicalities: where the latter struggles to isolate bass lines from drum rudiments, the former balances the tightrope of coherence and isolation like a maestro, rendering perfect snare and cymbal timbre. The Mega5EST has problems with its note weight, whereas the Reference offers incredible rationing, a lip-smacking shimmer, and pristine detail retrieval with near-zero sibilance.

# Softears Studio 4

The Softears Studio 4 offers a much more refined and mature take on a warm, musical signature than the Mega5EST. While the Mega5EST throws too much aggression into the bass right out of the gate, the Studio 4 delivers a velvety, polite sub-bass that only unleashes its orchestral punch when the track strictly demands it. In the midrange, the Mega5EST manages vocals center-stage but falters with instrumental layering, whereas the Studio 4 delivers incredibly flavorful, full-bodied vocals backed by deadly precise imaging. The true magnum opus of the Studio 4 lies in its highs: crisp, soaring, and tonally magnificent, which makes the smooth but somewhat dry treble of the Mega5EST feel decidedly uninspired by comparison. While the Studio 4 can occasionally sound confusingly metallic on guitars, it remains a significantly more cohesive and emotionally engaging listen than the heavy-handed Mega5EST.

# Sennheiser IE600

Now, the IE600 has its own share of problems- dangerously spicy treble as per one’s HRTF where to me it’s just borderline there, and middling levels of instrument separation; but I would still take it personally over the Mega5EST because the IE600 has a ridiculously great bass quality, and specifically the mid-bass where I am of the opinion that it is leagues better than what I felt on the Mega5EST while delivering near comparable levels of detail and imaging, and while coming in a much smaller footprint and being so much comfortable.

But, sennheiser really fumbled with the quality control issues on it which were widespread and doesn’t really inspire buyer confidence, which is where the Mega5EST comes in with a better proposition, as I feel tip rolling and EQing can fix most of its issues.

# CONCLUDING NOTES

The Hisenior Mega5EST is hard for me to fully get behind, despite the cult status it has amassed over time. As I pondered in the beginning whether it has aged into wine or milk, I lean slightly towards the latter. On one hand, I appreciate the generous accessories, the fantastic fit, and the restraint it shows against sibilance, providing a relaxed, warm listen. But on the other hand, the excessively grovelling mid-bass thump, the fuzzy instrumental isolation, and the sheer lack of note weight in the upper frequencies leave me feeling hung out to dry.

When IEMs like the Xenns Top Pro exist and do almost everything better (although now I feel that the Top Pro has aged slightly worse and I need to update my review on it), or the Sennheiser IE600 offers a masterclass in bass quality, the Mega5EST feels like a heavily colored set that struggles to maintain its ground technically. And the hunches that it needs, despite being tuned to the newer JM-1 target while other IEMs tuned to the same target are offering better value for money, I think the Mega5EST simply has lost the plot in the current retail landscape.

**Will I buy the Mega5EST at retail ?** *Absolutely not.*  
**Will I buy the Mega5EST used ?** *Only if it can be found for US$250 or under (Approximately 25,000 INR or under).*

**SOURCES USED**

Primarily used with the Shanling M9 Plus DAP stacked with the xDuoo XD05 Pro running RoHM DAC chips, SMSL Raw MDA-1 desktop DAC amp.

# EARTIPS USED (RANKED IN ORDER OF PERFORMANCE)

* Acoustune AET08: Least amount of perceived bloat, adds to stage width, amplifies textures on the cymbals and vocals, maximum retention of vocal note weight, gives the widest perceived sound stage.
* Divinus Velvet standard/narrow bore: everything that the above does, but to a lesser degree, still beats the next eartip.
* KBear Coffee: flattens the mid-bass considerably, which hampers vocal note weight, eliminates whatever little sibilance is observed, retains perceived stage width.
* Tangzu Sancai Balanced: shrinks the stage, tightens up the midrange while not reducing the perceived bloat, presents upper mids with a concerning dip, vocal textures lost.

# TRACKS

* Rush: *Limelight*, *Spirit of the Radio*
* Daft Punk: *Get Lucky*, *Instant Crush*
* The Police: *Message in a Bottle*
* Alf Linder: *Cantique de Noël*, *Cantate Domino*
* Tipper: *Mariscos*, *Cloaked*
* Dave Brubeck: *Time Out*
* Tool: *Pneuma*, *Schism*
* Queens of the Stone Age: *First It Giveth*
* Pink Floyd: *Comfortably Numb*, *Wish You Were Here*, *Time*
* Tame Impala: *The Less I Know the Better*
* Animals as Leaders: *The Woven Web*
* Rage Against the Machine: *Bombtrack, Bullet in the Head*
* Avicii: *Levels*
* Periphery: *Marigold*
* TesseracT: *Juno*
* Kanye West: *Stronger*, *Flashing Lights*, *Devil in a New Dress*
* Altın Gün: *Goca Dünya*
* Timbaland: *Give It to Me*
* Adele: *Easy On Me (Live)*, *When We Were Young*
* Celine Dion: *All By Myself*
* Pavarotti: *Nessun Dorma*
* Mdou Moctar: *Tarhatazed*
* Cigarettes After Sex: *Cry*
* Meshuggah: *Bleed*
* A. R. Rahman: *Tere Bina*
* Alice in Chains: *Down in a Hole and Nutshell (Live)*
* Allen Stone: *Give You Blue*
* Florence + the Machine: *Never Let Me Go*
* The Smashing Pumpkins: *Luna*

  
",2,1786477517.0,inearfidelity,0,0.75,False
1vlrtxt,https://www.reddit.com/gallery/1vlrtxt,The Hisenior Mega5EST: When aging didn't help,"Hisenior had achieved significant name and fame, with one particular set that put them right on the map, and despite having a good chunk of time passed since this release, a friend of mine decided to send me the cult classic in the mega5EST for assessment, and I got to see has the IEM turned into wine or milk after all this time. I have had some good pleasure listening to another set of theirs, the Cano Cristales, and now it was time for me to assess this IEM. So thank you, dear friend for loaning this.

# UNBOXING, ACCESSORIES, FIT AND COMFORT

Hisenior has left no stone unturned when it came to the accessories of the Mega5EST; and with the cover out which advertised the product aptly (the one I got was the 7th anniversary edition), taking the lid off gave way to a Pelican-esque carry case which I think is good enough for a few absent minded sit downs and a few missed throws (I wish more brands gave cases like these). The IEMs were right there with the stock cable, which is pleasant and has heft. There was a generous assortment of eartips along with a cleaning tool. The shells had febos written on it in cursive, which meant FEEL THE BEAUTY OF SOUND, which was their previous name.

I got the perfect seal on the Mega5EST with a shallower insertion than most, and thanks to the vents for not allowing any pressure buildup. Despite the large shells, I would say that the contouring contributed to having much less fatigue than usual, and the fatigue happened across the earhook areas, after I had this set for hours on end.

# LOWS

# Tipper: Mariscos

The Mega5EST shows juvenile signs of competence with a good level of cleanliness demonstrated in the opening rippling like intro of this track, and once the rest of the elements catches up, the initial beats that should have been strong come off rather in an anemic fashion, and then the Mega5EST caught me off guard with a deep, borderline grovelling bass hit in the drop which I felt was a bit too excessive with how the beats sustained. Attack seems to be moderately paced and the decay lingers on for slightly longer than usual. The phase-like fuzzy elements in this track didn’t feel as quite polished as some other sets have been in, but still not too shabby. Not too impressive either.

# Rush: Limelight

The Mega5EST, through this track shows it can definitely add in the thump that the kicks and toms specially have here, although the kicks have a more prominent presence than the toms. What the Mega5EST does rather poorly here, is that the notes from the bass line in this track seems to evaporate because it emphasises the drums excessively, and the only time the grain from the chaff (bass from the drums) is separated is when the guitar solo comes in here, and as soon as the solo ends, the bass tends to get tucked into the blanket that the drums seems to have created; which indicates that the Mega5EST cannot handle isolation in technically elaborate tracks as this one. Adding on to this, the rudiments towards the end of the track lack the resonance that makes the ending so satisfying on this track.

# Rage Against the Machine: Bullet in the Head

The intro of this track sounds potent at first, but as the intro concludes for the rest of the elements in this track to barge through, I could sense that this IEM really was not letting the bass fully belt out in its full glory, and a little enhancement in the separation of the bass and drums couldn’t have hurt. But, all things said and done; what I like about the Mega5EST prima facie is the way vocals sit right in the middle of the track, and the instruments revolve around it (metaphorically). Tonality could be said as balanced by some, but I wouldn’t put it across that way. It’s got a strong warm presence with some perceived sparkle on the other end, but I will elaborate on it more as I progress through. This track becomes significantly more enjoyable when the bass really becomes the highlight of the show through the breakdown, and I could finally gauge the note by note aggression and the drums merely supplement the bass, as it should on this track.

# MIDS

# Queens of the Stone Age: First It Giveth

The bass is once again a subtle problem in this track where it shouldn’t have been, as right at the intro it comes in with an excess of aggression; and as the rest of the elements follow suit, I seriously lament with how flat I perceived the otherwise crisp, sharp, aggressive snares that this track where with some IEMs I would have been able to gauge the timbre, but the Mega5EST definitely was making me work hard on being able to gauge it.

Once I am settled in the track, I could sense a faint thinness in Josh Homme’s vocals, as the guitars were adequately being rationed along with the cymbals, which surprisingly are having a fantastic perception in their placement, right alongside the vocals and once again, not being too forward nor being too laid back. But through the verses, the bass really takes off into obscurity as I felt every other instrument otherwise which puts a blemish.

# Tool: Lateralus

The otherwise overpowering bass finally finds itself having some relevance as it walks the aisle right alongside the rumbling floor toms as it sets the stage up for everything else to fall into place. But once the intro ends, and the guitars further try to mould this beautiful vase of a track, the bass once again feels a bit too on the nose, although the same energy reflected by the floor toms is giving the track a much needed power; because both the vocals and the guitars are now coming off thin. Through the breakdown, the Mega5EST does a shabby job with how the final rudiments on the drums end as I sensed a blur on its execution, the granular finesse needed to recognize every hit was simply not there, and cymbals were having a momentary loss in texture. Some ears may enjoy the excess of the thump and punch, but I was really not feeling it with the Mega5EST.

# HIGHS

# Patricia Barber: Icarus

Here; the Mega5EST impresses me a lot: I specifically use this track to not sense sibilance, as sibilance is an element already preserved in the recording and this track demonstrates it very audibly, I use this track to see the restraint or the succumbing into showing that sibilance, and I would say that the Mega5EST does an impressive job in showing restraint- the way Patricia Barber enunciated her Cs and Ss was not excessively sibilant, but I wouldn’t outright write it off as this IEM being smooth. Timbre finally shows up through the percussion and the pianos to be slightly on the drier side than what I am used to, and falls slightly shy of me calling it accurate. Tonality potently is on the warmer side than being balanced, and specially observed through the pianos.

# Dave Brubeck: Take Five

The Mega5EST seems to have done a good job with the cymbals that establish their presence right from the intro but there’s an inherent problem with their note weight, and the same extends to the horns where there’s detail to pick through the little nuances but it’s just that even they sound faintly thin. The bass tends to stumble with its recognition in this track, the one track where all the elements are distinctly, audibly clear from one another but fixes itself right itself when the horns end and the drum solo is about to start. This track is also unique because the stereo characteristic is unmistakably itself and the channels separate the moment the drum solo kicks in, and the IEM picks up the detail; snare hits are crisp, the resonance of the toms needed a little more resonance to be even more pronounced but still decent; the kicks have a potent hit and the way the decay comes off in its hits is satisfying. The bass and the pianos hold their respective ground, but that isolation of the bass from the drums once again gets obscure once the horns kick in.

# COMPARISONS

# Xenns Mangird Top Pro

The Xenns Top Pro absolutely blows the Mega5EST out of the water in almost everything it does. While the Mega5EST suffers from an excessive mid-bass thump that tends to overshadow other elements and tucks instruments into a blanket, the Top Pro delivers a freakishly controlled sub-bass that accentuates the track without seeping through. Where the Mega5EST struggles with isolation on technically elaborate tracks, the Top Pro fires back with a magnificent, wide stage and some of the best imaging capabilities out there. Even in the highs, where the Mega5EST shows a competent restraint against sibilance but feels faintly thin and dry, the Top Pro handles climaxes with more detail but can come off fatiguing and sibilant. The only areas where the Mega5EST even puts up a fight are in offering minutely smoother highs on rare occasions and perhaps slightly finer imaging, but it’s essentially a seamless victory for the Top Pro.

# Elysian Pilgrim

The Elysian Pilgrim takes an entirely different route compared to the heavy-handed, groveling bass approach of the Mega5EST. Where the Mega5EST over-indulges in mid-bass thump, in its light I really enjoyed how well and composed the Pilgrim felt. The Pilgrim effortlessly outclasses the Mega5EST in the midrange, trading the latter's fuzzy isolation for a wide stage, fabulous imaging, and juggles the act of balancing vocals beautifully (comparatively). However, the Mega5EST maintains an upper hand in treble smoothness; while the Mega5EST handles sibilance with impressive restraint, the Pilgrim suffers from a subtly audible grain and can feel like it runs out of air on high-pitched vocals, making it sound leaner in moments where the Mega5EST remains composed.

# Crinear Reference

The Crinear Reference serves as a surgical magnifying glass, standing in stark contrast to the thick, heavily colored presentation of the Mega5EST. While the Mega5EST comes in with an excessively aggressive bass attack and lingering decay that ruins my perception of the bass quality, the Reference keeps the lows strictly at abeyance, delivering a seasoned featherweight's punch with precise decay that never overstays its welcome. The Reference also completely outclasses the Mega5EST in technicalities: where the latter struggles to isolate bass lines from drum rudiments, the former balances the tightrope of coherence and isolation like a maestro, rendering perfect snare and cymbal timbre. The Mega5EST has problems with its note weight, whereas the Reference offers incredible rationing, a lip-smacking shimmer, and pristine detail retrieval with near-zero sibilance.

# Softears Studio 4

The Softears Studio 4 offers a much more refined and mature take on a warm, musical signature than the Mega5EST. While the Mega5EST throws too much aggression into the bass right out of the gate, the Studio 4 delivers a velvety, polite sub-bass that only unleashes its orchestral punch when the track strictly demands it. In the midrange, the Mega5EST manages vocals center-stage but falters with instrumental layering, whereas the Studio 4 delivers incredibly flavorful, full-bodied vocals backed by deadly precise imaging. The true magnum opus of the Studio 4 lies in its highs: crisp, soaring, and tonally magnificent, which makes the smooth but somewhat dry treble of the Mega5EST feel decidedly uninspired by comparison. While the Studio 4 can occasionally sound confusingly metallic on guitars, it remains a significantly more cohesive and emotionally engaging listen than the heavy-handed Mega5EST.

# Sennheiser IE600

Now, the IE600 has its own share of problems- dangerously spicy treble as per one’s HRTF where to me it’s just borderline there, and middling levels of instrument separation; but I would still take it personally over the Mega5EST because the IE600 has a ridiculously great bass quality, and specifically the mid-bass where I am of the opinion that it is leagues better than what I felt on the Mega5EST while delivering near comparable levels of detail and imaging, and while coming in a much smaller footprint and being so much comfortable.

But, sennheiser really fumbled with the quality control issues on it which were widespread and doesn’t really inspire buyer confidence, which is where the Mega5EST comes in with a better proposition, as I feel tip rolling and EQing can fix most of its issues.

# CONCLUDING NOTES

The Hisenior Mega5EST is hard for me to fully get behind, despite the cult status it has amassed over time. As I pondered in the beginning whether it has aged into wine or milk, I lean slightly towards the latter. On one hand, I appreciate the generous accessories, the fantastic fit, and the restraint it shows against sibilance, providing a relaxed, warm listen. But on the other hand, the excessively grovelling mid-bass thump, the fuzzy instrumental isolation, and the sheer lack of note weight in the upper frequencies leave me feeling hung out to dry.

When IEMs like the Xenns Top Pro exist and do almost everything better (although now I feel that the Top Pro has aged slightly worse and I need to update my review on it), or the Sennheiser IE600 offers a masterclass in bass quality, the Mega5EST feels like a heavily colored set that struggles to maintain its ground technically. And the hunches that it needs, despite being tuned to the newer JM-1 target while other IEMs tuned to the same target are offering better value for money, I think the Mega5EST simply has lost the plot in the current retail landscape.

**Will I buy the Mega5EST at retail ?** *Absolutely not.*  
**Will I buy the Mega5EST used ?** *Only if it can be found for US$250 or under (Approximately 25,000 INR or under).*

**SOURCES USED**

Primarily used with the Shanling M9 Plus DAP stacked with the xDuoo XD05 Pro running RoHM DAC chips, SMSL Raw MDA-1 desktop DAC amp.

# EARTIPS USED (RANKED IN ORDER OF PERFORMANCE)

* Acoustune AET08: Least amount of perceived bloat, adds to stage width, amplifies textures on the cymbals and vocals, maximum retention of vocal note weight, gives the widest perceived sound stage.
* Divinus Velvet standard/narrow bore: everything that the above does, but to a lesser degree, still beats the next eartip.
* KBear Coffee: flattens the mid-bass considerably, which hampers vocal note weight, eliminates whatever little sibilance is observed, retains perceived stage width.
* Tangzu Sancai Balanced: shrinks the stage, tightens up the midrange while not reducing the perceived bloat, presents upper mids with a concerning dip, vocal textures lost.

# TRACKS

* Rush: *Limelight*, *Spirit of the Radio*
* Daft Punk: *Get Lucky*, *Instant Crush*
* The Police: *Message in a Bottle*
* Alf Linder: *Cantique de Noël*, *Cantate Domino*
* Tipper: *Mariscos*, *Cloaked*
* Dave Brubeck: *Time Out*
* Tool: *Pneuma*, *Schism*
* Queens of the Stone Age: *First It Giveth*
* Pink Floyd: *Comfortably Numb*, *Wish You Were Here*, *Time*
* Tame Impala: *The Less I Know the Better*
* Animals as Leaders: *The Woven Web*
* Rage Against the Machine: *Bombtrack, Bullet in the Head*
* Avicii: *Levels*
* Periphery: *Marigold*
* TesseracT: *Juno*
* Kanye West: *Stronger*, *Flashing Lights*, *Devil in a New Dress*
* Altın Gün: *Goca Dünya*
* Timbaland: *Give It to Me*
* Adele: *Easy On Me (Live)*, *When We Were Young*
* Celine Dion: *All By Myself*
* Pavarotti: *Nessun Dorma*
* Mdou Moctar: *Tarhatazed*
* Cigarettes After Sex: *Cry*
* Meshuggah: *Bleed*
* A. R. Rahman: *Tere Bina*
* Alice in Chains: *Down in a Hole and Nutshell (Live)*
* Allen Stone: *Give You Blue*
* Florence + the Machine: *Never Let Me Go*
* The Smashing Pumpkins: *Luna*

  
",1,1786477475.0,iemlndia,0,1.0,False
1vlrt2k,https://www.reddit.com/gallery/1vlrt2k,The Hisenior Mega5EST: When aging didn't help,"Hisenior had achieved significant name and fame, with one particular set that put them right on the map, and despite having a good chunk of time passed since this release, a friend of mine decided to send me the cult classic in the mega5EST for assessment, and I got to see has the IEM turned into wine or milk after all this time. I have had some good pleasure listening to another set of theirs, the Cano Cristales, and now it was time for me to assess this IEM. So thank you, dear friend for loaning this.

# UNBOXING, ACCESSORIES, FIT AND COMFORT

Hisenior has left no stone unturned when it came to the accessories of the Mega5EST; and with the cover out which advertised the product aptly (the one I got was the 7th anniversary edition), taking the lid off gave way to a Pelican-esque carry case which I think is good enough for a few absent minded sit downs and a few missed throws (I wish more brands gave cases like these). The IEMs were right there with the stock cable, which is pleasant and has heft. There was a generous assortment of eartips along with a cleaning tool. The shells had febos written on it in cursive, which meant FEEL THE BEAUTY OF SOUND, which was their previous name.

I got the perfect seal on the Mega5EST with a shallower insertion than most, and thanks to the vents for not allowing any pressure buildup. Despite the large shells, I would say that the contouring contributed to having much less fatigue than usual, and the fatigue happened across the earhook areas, after I had this set for hours on end.

# LOWS

# Tipper: Mariscos

The Mega5EST shows juvenile signs of competence with a good level of cleanliness demonstrated in the opening rippling like intro of this track, and once the rest of the elements catches up, the initial beats that should have been strong come off rather in an anemic fashion, and then the Mega5EST caught me off guard with a deep, borderline grovelling bass hit in the drop which I felt was a bit too excessive with how the beats sustained. Attack seems to be moderately paced and the decay lingers on for slightly longer than usual. The phase-like fuzzy elements in this track didn’t feel as quite polished as some other sets have been in, but still not too shabby. Not too impressive either.

# Rush: Limelight

The Mega5EST, through this track shows it can definitely add in the thump that the kicks and toms specially have here, although the kicks have a more prominent presence than the toms. What the Mega5EST does rather poorly here, is that the notes from the bass line in this track seems to evaporate because it emphasises the drums excessively, and the only time the grain from the chaff (bass from the drums) is separated is when the guitar solo comes in here, and as soon as the solo ends, the bass tends to get tucked into the blanket that the drums seems to have created; which indicates that the Mega5EST cannot handle isolation in technically elaborate tracks as this one. Adding on to this, the rudiments towards the end of the track lack the resonance that makes the ending so satisfying on this track.

# Rage Against the Machine: Bullet in the Head

The intro of this track sounds potent at first, but as the intro concludes for the rest of the elements in this track to barge through, I could sense that this IEM really was not letting the bass fully belt out in its full glory, and a little enhancement in the separation of the bass and drums couldn’t have hurt. But, all things said and done; what I like about the Mega5EST prima facie is the way vocals sit right in the middle of the track, and the instruments revolve around it (metaphorically). Tonality could be said as balanced by some, but I wouldn’t put it across that way. It’s got a strong warm presence with some perceived sparkle on the other end, but I will elaborate on it more as I progress through. This track becomes significantly more enjoyable when the bass really becomes the highlight of the show through the breakdown, and I could finally gauge the note by note aggression and the drums merely supplement the bass, as it should on this track.

# MIDS

# Queens of the Stone Age: First It Giveth

The bass is once again a subtle problem in this track where it shouldn’t have been, as right at the intro it comes in with an excess of aggression; and as the rest of the elements follow suit, I seriously lament with how flat I perceived the otherwise crisp, sharp, aggressive snares that this track where with some IEMs I would have been able to gauge the timbre, but the Mega5EST definitely was making me work hard on being able to gauge it.

Once I am settled in the track, I could sense a faint thinness in Josh Homme’s vocals, as the guitars were adequately being rationed along with the cymbals, which surprisingly are having a fantastic perception in their placement, right alongside the vocals and once again, not being too forward nor being too laid back. But through the verses, the bass really takes off into obscurity as I felt every other instrument otherwise which puts a blemish.

# Tool: Lateralus

The otherwise overpowering bass finally finds itself having some relevance as it walks the aisle right alongside the rumbling floor toms as it sets the stage up for everything else to fall into place. But once the intro ends, and the guitars further try to mould this beautiful vase of a track, the bass once again feels a bit too on the nose, although the same energy reflected by the floor toms is giving the track a much needed power; because both the vocals and the guitars are now coming off thin. Through the breakdown, the Mega5EST does a shabby job with how the final rudiments on the drums end as I sensed a blur on its execution, the granular finesse needed to recognize every hit was simply not there, and cymbals were having a momentary loss in texture. Some ears may enjoy the excess of the thump and punch, but I was really not feeling it with the Mega5EST.

# HIGHS

# Patricia Barber: Icarus

Here; the Mega5EST impresses me a lot: I specifically use this track to not sense sibilance, as sibilance is an element already preserved in the recording and this track demonstrates it very audibly, I use this track to see the restraint or the succumbing into showing that sibilance, and I would say that the Mega5EST does an impressive job in showing restraint- the way Patricia Barber enunciated her Cs and Ss was not excessively sibilant, but I wouldn’t outright write it off as this IEM being smooth. Timbre finally shows up through the percussion and the pianos to be slightly on the drier side than what I am used to, and falls slightly shy of me calling it accurate. Tonality potently is on the warmer side than being balanced, and specially observed through the pianos.

# Dave Brubeck: Take Five

The Mega5EST seems to have done a good job with the cymbals that establish their presence right from the intro but there’s an inherent problem with their note weight, and the same extends to the horns where there’s detail to pick through the little nuances but it’s just that even they sound faintly thin. The bass tends to stumble with its recognition in this track, the one track where all the elements are distinctly, audibly clear from one another but fixes itself right itself when the horns end and the drum solo is about to start. This track is also unique because the stereo characteristic is unmistakably itself and the channels separate the moment the drum solo kicks in, and the IEM picks up the detail; snare hits are crisp, the resonance of the toms needed a little more resonance to be even more pronounced but still decent; the kicks have a potent hit and the way the decay comes off in its hits is satisfying. The bass and the pianos hold their respective ground, but that isolation of the bass from the drums once again gets obscure once the horns kick in.

# COMPARISONS

# Xenns Mangird Top Pro

The Xenns Top Pro absolutely blows the Mega5EST out of the water in almost everything it does. While the Mega5EST suffers from an excessive mid-bass thump that tends to overshadow other elements and tucks instruments into a blanket, the Top Pro delivers a freakishly controlled sub-bass that accentuates the track without seeping through. Where the Mega5EST struggles with isolation on technically elaborate tracks, the Top Pro fires back with a magnificent, wide stage and some of the best imaging capabilities out there. Even in the highs, where the Mega5EST shows a competent restraint against sibilance but feels faintly thin and dry, the Top Pro handles climaxes with more detail but can come off fatiguing and sibilant. The only areas where the Mega5EST even puts up a fight are in offering minutely smoother highs on rare occasions and perhaps slightly finer imaging, but it’s essentially a seamless victory for the Top Pro.

# Elysian Pilgrim

The Elysian Pilgrim takes an entirely different route compared to the heavy-handed, groveling bass approach of the Mega5EST. Where the Mega5EST over-indulges in mid-bass thump, in its light I really enjoyed how well and composed the Pilgrim felt. The Pilgrim effortlessly outclasses the Mega5EST in the midrange, trading the latter's fuzzy isolation for a wide stage, fabulous imaging, and juggles the act of balancing vocals beautifully (comparatively). However, the Mega5EST maintains an upper hand in treble smoothness; while the Mega5EST handles sibilance with impressive restraint, the Pilgrim suffers from a subtly audible grain and can feel like it runs out of air on high-pitched vocals, making it sound leaner in moments where the Mega5EST remains composed.

# Crinear Reference

The Crinear Reference serves as a surgical magnifying glass, standing in stark contrast to the thick, heavily colored presentation of the Mega5EST. While the Mega5EST comes in with an excessively aggressive bass attack and lingering decay that ruins my perception of the bass quality, the Reference keeps the lows strictly at abeyance, delivering a seasoned featherweight's punch with precise decay that never overstays its welcome. The Reference also completely outclasses the Mega5EST in technicalities: where the latter struggles to isolate bass lines from drum rudiments, the former balances the tightrope of coherence and isolation like a maestro, rendering perfect snare and cymbal timbre. The Mega5EST has problems with its note weight, whereas the Reference offers incredible rationing, a lip-smacking shimmer, and pristine detail retrieval with near-zero sibilance.

# Softears Studio 4

The Softears Studio 4 offers a much more refined and mature take on a warm, musical signature than the Mega5EST. While the Mega5EST throws too much aggression into the bass right out of the gate, the Studio 4 delivers a velvety, polite sub-bass that only unleashes its orchestral punch when the track strictly demands it. In the midrange, the Mega5EST manages vocals center-stage but falters with instrumental layering, whereas the Studio 4 delivers incredibly flavorful, full-bodied vocals backed by deadly precise imaging. The true magnum opus of the Studio 4 lies in its highs: crisp, soaring, and tonally magnificent, which makes the smooth but somewhat dry treble of the Mega5EST feel decidedly uninspired by comparison. While the Studio 4 can occasionally sound confusingly metallic on guitars, it remains a significantly more cohesive and emotionally engaging listen than the heavy-handed Mega5EST.

# Sennheiser IE600

Now, the IE600 has its own share of problems- dangerously spicy treble as per one’s HRTF where to me it’s just borderline there, and middling levels of instrument separation; but I would still take it personally over the Mega5EST because the IE600 has a ridiculously great bass quality, and specifically the mid-bass where I am of the opinion that it is leagues better than what I felt on the Mega5EST while delivering near comparable levels of detail and imaging, and while coming in a much smaller footprint and being so much comfortable.

But, sennheiser really fumbled with the quality control issues on it which were widespread and doesn’t really inspire buyer confidence, which is where the Mega5EST comes in with a better proposition, as I feel tip rolling and EQing can fix most of its issues.

# CONCLUDING NOTES

The Hisenior Mega5EST is hard for me to fully get behind, despite the cult status it has amassed over time. As I pondered in the beginning whether it has aged into wine or milk, I lean slightly towards the latter. On one hand, I appreciate the generous accessories, the fantastic fit, and the restraint it shows against sibilance, providing a relaxed, warm listen. But on the other hand, the excessively grovelling mid-bass thump, the fuzzy instrumental isolation, and the sheer lack of note weight in the upper frequencies leave me feeling hung out to dry.

When IEMs like the Xenns Top Pro exist and do almost everything better (although now I feel that the Top Pro has aged slightly worse and I need to update my review on it), or the Sennheiser IE600 offers a masterclass in bass quality, the Mega5EST feels like a heavily colored set that struggles to maintain its ground technically. And the hunches that it needs, despite being tuned to the newer JM-1 target while other IEMs tuned to the same target are offering better value for money, I think the Mega5EST simply has lost the plot in the current retail landscape.

**Will I buy the Mega5EST at retail ?** *Absolutely not.*  
**Will I buy the Mega5EST used ?** *Only if it can be found for US$250 or under (Approximately 25,000 INR or under).*

**SOURCES USED**

Primarily used with the Shanling M9 Plus DAP stacked with the xDuoo XD05 Pro running RoHM DAC chips, SMSL Raw MDA-1 desktop DAC amp.

# EARTIPS USED (RANKED IN ORDER OF PERFORMANCE)

* Acoustune AET08: Least amount of perceived bloat, adds to stage width, amplifies textures on the cymbals and vocals, maximum retention of vocal note weight, gives the widest perceived sound stage.
* Divinus Velvet standard/narrow bore: everything that the above does, but to a lesser degree, still beats the next eartip.
* KBear Coffee: flattens the mid-bass considerably, which hampers vocal note weight, eliminates whatever little sibilance is observed, retains perceived stage width.
* Tangzu Sancai Balanced: shrinks the stage, tightens up the midrange while not reducing the perceived bloat, presents upper mids with a concerning dip, vocal textures lost.

# TRACKS

* Rush: *Limelight*, *Spirit of the Radio*
* Daft Punk: *Get Lucky*, *Instant Crush*
* The Police: *Message in a Bottle*
* Alf Linder: *Cantique de Noël*, *Cantate Domino*
* Tipper: *Mariscos*, *Cloaked*
* Dave Brubeck: *Time Out*
* Tool: *Pneuma*, *Schism*
* Queens of the Stone Age: *First It Giveth*
* Pink Floyd: *Comfortably Numb*, *Wish You Were Here*, *Time*
* Tame Impala: *The Less I Know the Better*
* Animals as Leaders: *The Woven Web*
* Rage Against the Machine: *Bombtrack, Bullet in the Head*
* Avicii: *Levels*
* Periphery: *Marigold*
* TesseracT: *Juno*
* Kanye West: *Stronger*, *Flashing Lights*, *Devil in a New Dress*
* Altın Gün: *Goca Dünya*
* Timbaland: *Give It to Me*
* Adele: *Easy On Me (Live)*, *When We Were Young*
* Celine Dion: *All By Myself*
* Pavarotti: *Nessun Dorma*
* Mdou Moctar: *Tarhatazed*
* Cigarettes After Sex: *Cry*
* Meshuggah: *Bleed*
* A. R. Rahman: *Tere Bina*
* Alice in Chains: *Down in a Hole and Nutshell (Live)*
* Allen Stone: *Give You Blue*
* Florence + the Machine: *Never Let Me Go*
* The Smashing Pumpkins: *Luna*

  
",1,1786477421.0,TheAudioStore,0,1.0,False
1vlrsh2,https://www.reddit.com/r/NEO/comments/1vlrsh2/neo_blockchain_news_august_36_neopod_launches/,"NEO BLOCKCHAIN NEWS, August 3-6: NeoPod launches quest-based platform with GAS rewards!","The **Week In Review** is live on **YouTube**! Catch up on what's been happening within the ecosystem this past week. 



**TOPICS COVERED:**

0:23 - NeoPod platform & Pixudi AMA

1:01 - World of Elements GrantShares update

1:21 - SpoonOS x OpenViking & Bi-weekly report

1:46 - NeoLine v5.9.2 Chrome extension wallet

2:08 - Crypto Coffee & Blockchain Beer #104

2:35 - Events

2:45 - Outro



**Be sure to like, comment, & subscribe!  💚👍**

[https://youtu.be/EOQziQNSC00](https://youtu.be/EOQziQNSC00)",4,1786477385.0,NEO,0,1.0,False
1vlrsfp,https://www.reddit.com/r/nosleep/comments/1vlrsfp/im_a_smalltown_animal_control_worker_who_got/,I’m a small-town animal control worker who got cryogentically frozen for a century. Now I have to survive a future populated by giant monsters and citizens who might be just as unfriendly. (Part One),"Let me start by telling you a truth you can’t say to most yuppies without pushback: Not all animals are created equal. I should know; I peel them off the side of the road for a living.

It’s safe to say some animals make a bigger mess than others. No one is calling me to scrape up a squirrel, and we generally let a raccoon decay out there as well.

But if you’re unlucky enough to hit a deer or a black bear and you survive, chances are you’ll see me out there with the EMTs. I’ll be the guy with the flatbed truck, shovel, and the power washer making the side of the road stain-free again.

They call it “Animal Control,” but it’s really just cleanup.

And I’ve seen it all, both dead and alive. None of it prepared me for the monsters. I guess nothing could have, which is why I am so confused about how I got here.

Why was I chosen?

How am I surviving all of this?

Let me start from the beginning.

I was there the day everything changed, 100 years ago… or was it just 24 hours?

It started on a sunny morning. My day began in the front yard of a righteous prick in yuppieville Connecticut, where money has bought these people everything their hearts desire, and they have no idea how to take care of most of it.

Jack Miller, the owner of this vast property, stood between the two giant oak trees at the foot of his half-mile-long driveway. These were old-growth forest, the only ones he didn’t cut down in order to install a stupid fountain and hedgerow out here.

Jack called me frantic, and I had answered.

“You’ve got Gus; animals are no fuss…”

I sat next to Jack in his Quad and took the long ride back to his mansion. He didn’t want my F-250 tearing up his newly paved driveway. Jack took me through the glorious house, modeled after some French castle—I wasn’t listening—and into a storm cellar.

The place reminded me of that wine storage place in that '40s Hitchcock movie my Dad and I watched a few weeks ago. You know the one. In the movie, there was like uranium hidden there.

Anyway, as we strutted past expensive bottles of wine, I heard the loud meows.

Apparently, there was a cat that was stuck between a few loose bricks.

Jack was indicative of a lot of the people who had moved to the New Haven area. He was in charge of a data center they were clearing forest space to put in.

My name was on a dozen petitions to stop him and his company, but I also needed to cover my rent and didn’t want to see his cat get hurt, so I was here to help.

As long as those checks came straight from his personal account and not Bionetic Industries, I didn’t think that made me a hypocrite.

His animals needed help, too.

The life of an Animal Control guy is not a glamorous one, even in the expensive ZIP codes, where all your clients are Wall Street bros and trophy wives who have no idea what to do with all the animals that came with the farms they decided to retreat to once they cashed out.

So I spend a lot of time advising them. And believe it or not, I have sifted through pig shit more than once looking for lost wedding bands and a TAG Heuer watch.

But at least you could charge them more. I had a ton of student loans to pay off. And the F-250 was a splurge, considering I lived in a studio apartment.

That had more to do with my divorce. You don’t want to hear about that now; suffice it to say, it got me out of New York City and out there to the country.

Somewhere I could finally be alone… well, and close to my aging father.

I followed Jack deeper through his maze of worldly goods.

The loose bricks where the feline had gotten stuck were behind one of those old gun closets, the kind you’d see in rural English hunting mansions. It was full of every kind of gun you know about, and a few only insane collectors do.

Being in the country, I was immune to most Second Amendment Stans, being that I also was strapped pretty much everywhere I went out here, with a tame Glock-17 I had for efficiency.

The times I’d used the pistol, I was putting something out of its misery.

Today, I hoped, would not be one of those days.

And I was right; it would be unlike anything I had ever experienced.

The Miller house was indicative of that, but down here, in front of this armory, I was more in shock than in awe; this was a cabinet filled with strategic urban warfare.

I even saw what I thought were Claymore mines.

Jack saw me eyeing them and smirked.

“Oh, they’re real. I know a few weapons contractors. My company has a lucrative deal with them and the government. They hooked me up.”

“What do you use them for?” I asked slowly, hoping this wasn’t some sort of elaborate blood sport I had been lured into participating in.

“I dunno. I just thought it would be cool to have them. Like in Metal Gear Solid.”

Jack’s wealth and ignorance were enticing to me, even as he spoke fluent douchebag in this place. All I could do was nod back with enthusiasm.

Someday, maybe I’d have enough money to be as big of a tool. No, that was just my ex talking.

If I knew then what I know now, I’d have handed him one of the mines and pulled the safety pin. But back then, I nodded along with his bullshit.

I was not going to start any shit; I just wanted to be on my way.

Jack just shrugged. “Guns are just kinda cool. I guess I got addicted after my wife told me no more Pokémon cards. There are so many different kinds, and each has its own experience.”

Goddamn rich people, I thought.

We shifted the cabinet a few inches so I could reach the meows. The cat was indeed back there, but was not stuck in the bricks. She was sitting with a sweet litter of kittens.

I took them out of the wall one by one, and then the scared mother cat, who hissed and scratched, but calmed as soon as I put her in a loose wine box with her kids.

“Shit… you want them?”

I wanted to tell him off, but I just nodded and told him it would cost.

Jack reached for his wallet without hesitation.

I loaded the box with a couple of golf towels I took off a few sets of clubs in the corner. As I looked around, this guy had random collections of all the most expensive things in the world, and none of them made him satisfied. I should find comfort in that, but all I got was jealous.

And a little pissed, because he didn’t want to collect the cats!

I had found homes for three of the ten before I made it back into town, and arranged for all of them to be picked up at a local retirement center. The old people there were going to bottle-feed the kittens first. And that place could use a mother cat to chase away the mice.

That’s when the call came in from my Dad. He told me I had to get to his place right away, and his voice assured me there was something going on I had to see for myself.

My Dad was the most boring guy I had ever met. I had never heard him so worked up, not even when my Mom died.

So I pressed the gas on the truck and burned half a tank speeding to his homestead.

# THE HAMSTER BALL

Dad lived in the middle of nowhere, just below Sleeping Giant State Park. He bought a place and moved from D.C., where I grew up, when he retired.

I never knew how to answer when people asked me what he did for a living. He was one of those guys who went to an office and never said much more than his boss was an asshole and they were making him work late that night.

It had something to do with computers, the environment, defense contractors—that’s all I had picked up in the thirty-five years I’d been on this planet.

His passions were our pets, which he filled our house with after Mom died, and which I spent all my spare time taking care of when he was stuck long hours at work.

You could say Animal Control chose me from a very young age.

I parked my truck next to another in the driveway.

That’s why I was so shocked to pull down his long driveway and see Leslie waiting for us. And damn, of course she looked really good in her green uniform and broad-brimmed hat.

She was exactly the kind of woman you’d want to meet at the end of the world.

My history with women was actually a lot like my history with animals. I enjoyed the ones with claws and teeth, even though I always wound up getting scratched and bitten.

Leslie’s line of work fit the bill there. She was a park ranger and worked part-time for the game warden. She told me the only dangerous animals in Connecticut were rich people with new hunting rifles, and that made me laugh so hard I was immediately smitten.

I ran into her a lot in my line of work, but post-divorce and living in a 600-square-foot apartment, I haven’t had the confidence to ask her out.

Even worse, I made the mistake of talking to my dad about that last week during a very sad birthday dinner he bought me. He told me he had a solution for that, and now, standing next to her in his front yard… I was worried he called her here to put the pressure on me.

The sky had darkened on my drive, like we were in store for one of those springtime showers.

As thunder crackled, we both took refuge in my Dad’s open garage.

“I knocked,” Leslie said. “Your Dad told me he was getting a big surprise ready and to wait for you out here. Got any idea what he has in store?”

I tried to respond eloquently, but all I managed was, “Your breath is really nice.”

She laughed at me openly, and I turned fuchsia this time.

Leslie dug in her pocket and took out a pack of Juicy Fruit.

“The flavor doesn’t last long, but it's my favorite.”

I tucked a piece in my jowls and felt my dry mouth dissipate. It was nice being close to her and watching the falling rain. Even the crackle of lightning felt metaphorical between us. This could have been the start of a romantic moment, but that’s when Dad’s voice cut through the air.

“It’s time.”

We turned to see my father look from us up to the sky, where clouds were circling ominously.

“It’s time you get inside the hamster balls,” Dad said, like it wasn’t the most insane thing we’d heard in our lives. He beckoned for us to enter the home.

“Sorry—the what?!” Leslie and I responded in unison.

We followed Dad into the house with all our stuff. He didn’t help us carry anything; he was too agitated. Rain pitter-pattered on the roof, and the thunder was getting louder. We could barely hear ourselves think, let alone listen to my Dad talking.

“I know you two haven’t worked out yet, but you need to get out of your own way. You can’t do this alone… trust me, I’ve tried.”

He kept going on and on about life and needing someone, the kind of rambling that made Leslie and me share a look, and made me begin to feel guilty that I had not been there enough for him.

“I’m here now, let’s focus on that and try to…”

“I invited you both because I want you to be here tomorrow, too.”

“You’re freaking me out, Dad.”

That’s when I felt all the words leave my mouth and the air leave my lungs.

Instead of seeing his rickety old couch, stained coffee table, and ottomans, the whole room had been gutted. The hardwood floors were ripped up and replaced with endless coils of wire leading to various generators around the room.

The floral wallpaper was gone, ripped to shreds, and so was the insulation and the drywall.

Instead, the electrical system was exposed on the walls, and sparks were flying.

In the middle of the room were two clear balls… just big enough for a moderately sized human to stand inside. They had chairs in their center and compartments on the floor, like footlockers.

“Get in.”

These words came out direct and forceful. It was highly unusual for the old coot.

We assumed my father was kidding, but his face said otherwise. In fact, he’d gone very pale, and his eyes were watering, as if he was about to cry.

“I don’t have time to explain, but if you both get in and pack up, I’ll try before they’re here.”

Leslie’s face showed she was as concerned as I was. But we both were having trouble formulating words.

“I’m sorry, I think we should all just take a moment to talk this out.”

Leave it to Leslie to logic through this. I would think she’d know the men in this family are just impulsive doers by now.

Dad tapped his foot, indicating there was no time for that.

“I know you think I’m crazy. I am crazy. But right now, as your father and our friend, I’m doing my best to save your lives. Where you take this from here, well, I wish I could be there to see it, but I know you’ll do well.”

“Okay, Dad, I think we should make you like a cup of tea or something. And also maybe get you away from all this electrical gear because I think it’s affecting your brain.”

Another thunder strike rattled the windows, but this one didn’t go away. It just kept shaking, like we were in the middle of an earthquake. Every time we thought it would subside, the whole world would shake again.

“August, I am your father. I have never asked anything of you. But right now, I’m telling you and this lovely woman to get in the goddamn hamster ball so I can see you both live.”

Neither of us moved until he snapped—“NOW!”

If I had known these would be my last words to him, I would have said something more meaningful. I would have told him I loved him.

I would have told him that every sacrifice he made for me as a kid, all the freedom he trusted me to have, and all the grace he gave me when I screwed up meant the world to me.

That they were a warm blanket that covered me as I mourned my mother, and that I wish I could have found a way to repay him for that.

Instead, all I mustered was “ALRIGHT! CHILL OUT!”

Leslie and I each walked to our respective balls.

“You don’t have to do this,” I told her.

“I know,” she said. “But I’m kind of scared of whatever is about to happen.”

And with that, Leslie entered the sheer casing that seemed to call to both pure senses of curiosity and adventure—and also the chance to step aside from someone you just showed all your cards to, and to be alone.

They had pentagonal entrances on the underside that we had to stoop to climb inside.

We threw our packs into the footlockers below the chairs and then strapped into the pilot chairs as Dad went around the room, turning on all the generators.

The earth was shaking more frequently now, and between the thunder and the generators, you couldn’t hear a damn thing.

Leslie looked at me through her translucent ball, and I looked back at her and shrugged. I touched the exterior, and it felt like very thick glass.

That’s when Dad’s voice hit us through a small speaker in the hamster balls.

“Don’t bother to talk back; this microphone only goes one way.”

He was wearing a headset and carried a thick metal stopper. Before I could protest, he pressed it into the opening of my ball, and it sucked shut.

Then he quickly did the same to Leslie’s ball.

Even if we wanted to get out to yell at him, the chair buckles pulled us tightly.

We both realized we had no control over what was happening.

“My work for the government—well, this is what I was in charge of all those years. I wasn’t sure what they were going to use it for, but I guess they knew this was coming. Of course they knew it was coming, what am I saying? The answers were in front of me. You can’t have one population growing as fast as ours without natural predation. You taught me that.”

There was a gust of what felt like wind, and the roof of the house ripped off. As I looked up into the sky, I saw black clouds… and something flying in them.

“They’re here.”

Rain splashed down on the hamster balls.

And the roar of an animal I had never heard before pierced through our ears. Its bellow broke the glass windows and announced an imminent threat.

Dad looked past the balls toward something we couldn’t see, then he tapped some comfort onto the balls’ thick exterior.

“Special polymer. Unbreakable. Dissolves with the right mixture of liquid chemicals in about 100 years.”

Leslie and I were not having fun with this scientific invention at that moment. And I don’t think he was either. He looked forlorn, resigned to something about to go down.

“The world is going to need you more than you know. When you get out, find each other.”

Dad backed away from the balls, toward the garage.

“It’ll work out. I know it. Just… have a nice nap.”

“The hell it will. Either get in here or get back here. Let us out!”

I was losing my cool, both scared of whatever made him afraid and overcome by the immediate feeling that I had absolutely no idea what was about to happen, but knew it would change me forever.

My Dad didn’t budge; he just blew me a kiss.

“You’re going to need each other.”

I wanted to ask for more, but a giant, scaly foot descended into the home and kicked my hamster ball through the remaining walls and into the sky.

# KAIJU WORLD CUP

I’m sure you want to hear about these formidable beasts, but indulge me for a moment. I played all the available sports growing up, and soccer was easily my worst. I liked anything where you could run into someone at full speed, and they frown on that in European football.

Banging into people and walls is sort of how I got out my mom’s death in a healthier fashion than some of the other choices that are available to the youth of America.

So in between my journeys out in the wilderness and school, Dad made sure I tried anything full-contact to get my energy out and to stay out of trouble.

Especially after Mom died and no one was home to look out for me.

My reward for being good and not getting into trouble? Well, aside from complete autonomy, I got to watch Godzilla movies with him at night. We’d curl up on the couch, open some sodas and chips—I was a salt and vinegar guy—and bask in the destruction.

The pizza would arrive halfway through, and we’d pause to talk to each other and recount the descriptions we saw on screen. I vividly remember teaching my Dad about how Godzilla was actually an apex predator we created through our recklessness.

He just smiled and let me rant.

To this day, I think about that when I see parents ignore their kids. My Dad embracing me as a weird little kid was one of the reasons I’m alive… for now.

But the point is, my Dad loved anything with “Kaiju” in it. You know, that fancy Japanese word for big freaking monsters that crash around cities and wreak havoc on the landscape.

That’s why I wish I could have seen his face when we saw the first one. But at that moment, I was like forty feet in the air, sailing like a soccer ball, and I only saw its face because I literally broke the low cloud surface before I fell backward.

And it was gnarly and full of teeth.

The beasts bellowed with an echo like a bullhorn.

Every bit of movement felt strained; they were not smooth but herky-jerky. Even the ones flapping in the sky felt like they were adjusting to life here.

Like the Tin Man in need of an oil can.

But I was about to see them shake the rust off in real time.

I landed hard, but the hamster ball stayed intact, and the seat's shocks provided some cushion against the impact.

Too bad my piece of Juicy Fruit was forced out of my mouth and hit the inside of the hamster ball. It stuck there in a gob of my own spit, but I had no time to wipe it off.

As I gazed out of the contraption, I saw several other enormous animals strutting across the landscape. They had to be a hundred feet, maybe two hundred.

These were different breeds than whatever kicked me.

In fact, they all looked like different animals. Some more mammalian, others reptilian, all kind of herding together, not attacking one another but scavenging for food on the ground.

Sniping and snarfing any person they could get their forked tongue or claw around.

They varied in size, from ones that were as big as a house, to ones whose heads careened up into the clouds.

Each had its own deafening voice. Their screeches and screams were so vile they would send piss down your pant leg.

The only thing that kept me from shitting myself was that my brain was going haywire. These seemed to defy most of what I knew about animals on this planet…

And that’s when I realized there was a strong possibility they weren’t from here.

Or maybe they were, and we had not seen them in a very long time.

And then I puked, because the jostling and rotation of the ball had my head actually spinning, too. The ball was gyroscoped, and it kept me upright, but I had never had a good stomach for roller coasters, and this felt like the ride from hell.

As I got my bearings, I saw Leslie’s ball speeding past me. The sides of her ball were all scratched, like something with big nails had tried to get in.

We both bumped into cars trying to escape, and pinballed until we came to a stop in someone’s front yard.

She took a second to look over, then we both looked back at my Dad’s house, which had been flattened. We saw a long, pointed tail drag over it, demolishing every window and wall.

By the time it disappeared, you couldn’t even tell there was a house there.

We sat for a moment and tried to catch our breath.

She was mumbling words to me, but I couldn’t hear anything. I could see fear in her eyes, so all I could muster was… “It’ll be okay,” which I had to mouth to her twice for her to get it.

She shook her head, “No.”

Even through the thick polymer, I understood her. And I sighed in agreement.

We took the landscape in. From this vantage point, we could see billows of smoke in the distance, and knew this was not isolated to our corner of the world.

This was everywhere, and it was really bad.

On the wooded side, tall trees were tossed into the air like they were nothing. Scars emerged in the forest; our attackers left muddy footprints the size of football fields.

The beasts had spread out over the vista, but there were more flying in the sky. They flapped leathery wings and swooped down like fighter jets, skimming the ground and gyrating away from debris.

I could see them feasting both near and far. They tossed red masses into the air or eviscerated them on the ground. They looked like they were in the buffet line.

My brain was trying to catch up with my eyes to understand what was going on, and that’s when I understood… they were eating people.

One by one, I saw them leap from tree cover, swoop down, and snatch and claw.

This was classic predation behavior, like a lion munching on an antelope. But this wasn’t the Serengeti.

It was fucking Connecticut.

Our hamster balls had stopped rolling in the front yard of some random rich couple. They were outside in their Lululemon active gear, gawking at the destruction.

They had a bunch of horses in their front yard. They were much smarter and had taken off, leaping over their fences and heading toward the woods.

If they were as smart as them, they would have followed.

But modern humans lack the foresight of wild animals.

Instead, they looked from the sky at us, then ran to the balls.

One of those giant things spotted them and swooped from the clouds. Its snout pressed the woman against my ball, wrapped its tongue around her, and then swallowed her whole.

I rocked back and forth as the man charged the beast, but he was snatched up by the claw on one of the giants and lifted into the clouds.

His screams died out as the animal flapped far away; the initial wind from its wings blew us back down the country lane, rolling at a leisurely pace.

We rolled past cars retreating and even a few people in golf carts.

A few of the flying beasts spotted us and landed atop the house to get a better look. They swooped back and forth, taking out stragglers until just our hamster balls remained in the grass.

The roof of the house these winged monsters rested on cracked and cracked under their weight.

As the attic and brick walls caved in, they jumped down and stomped across the yard, long tongues flicking at Leslie’s ball first. Our roll was too slow, and they caught up quickly.

She was screaming so loudly I could hear it through the cacophony of noise surrounding us.

One of the monsters bit down on her ball with its alligator snout.

Its teeth slid off the glass, which I had come to believe had to be some sort of indestructible polymer. The kaiju quickly gave up, but not before its tail smashed into my ball and sent me rolling down the road.

The last I saw of Leslie, a massive foot had pushed her ball deep into the mud of that front yard and rolled her into what used to be a vast koi pond.

I supposed she would be safe under the surface there, but I had no idea how we would get out of these things and how much air we’d have left, too.

My ball bounced off a John Deere someone had left behind. As I grasped around, trying to loosen the straps holding me in, I felt another rumble.

My ball skidded into a smashed Volkswagen and rested.

Perhaps the biggest of these monsters I’d seen was now walking toward me. It had feet the size of 18-wheelers, and its body drooped in long, thick fur.

You could call it sort of a woolly mammoth, but it was leaner, and its eyeballs bulged on the sides of its head and rotated quickly, assessing the situation as it lumbered.

My ball had rolled many miles from where I started. And somehow, I was back where my day began, just down the road from the Miller residence, staring at the two old oaks that remained.

For just a beat, I centered myself and took a deep breath.

That’s when a paw crunched down on one of the oak trees I so loved, but it amazingly missed the one I was now under.

The beast seemed to groan with every step.

As it passed over me, I could see some people clinging onto the fur, as well as long strands of debris caught in its hair. They were dropping and hitting the ground, likely not surviving those falls. I closed my eyes and tried to pivot as bodies fell near me and didn’t get back up.

As soon as the thumping ceased, I opened my eyes and assessed the damage.

The rain was creating incredibly sloppy conditions, and my ball had slid into a part of the destroyed road into a drainage pipe that ran underneath the other giant oak.

And these traipsing monsters left pond-sized footprints that were quickly filling with rain. I saw flash floods of debris and corpses crossing the fields, all headed toward me in this new ditch.

The water and debris hit me with a thud and lifted me and spun me around again until my ball boinked off the stone garden wall.

I was now in another ditch, and mud and grime swirled around me, covering the ball.

Just a few hours ago, I was out here helping a horse. Now I watched as animals I had never seen before marched through the field, toward the town.

They destroyed shopping centers and car parks as they went, knocking into apartment buildings and spraying fire and brimstone when necessary.

I saw a birdlike monster with a bear’s head swoop from the air, pick up a fire truck, and drop it on a church before plucking its inhabitants out and swallowing them whole.

The visceral acceptance of leaving the top of the food chain made me feel clammy.

I caught my breath and tried to wipe the condensation from inside the ball.

There was no sign of anyone out there, and no sign of Leslie. I looked the two hundred or so yards up the lane where I left her ball, but could see nothing.

I banged on the glass inside, but to my surprise, it started to turn grey. It was tinting from the inside. At first I thought this was my doing, but even the bottom I couldn’t reach was changing.

That’s when I heard the hissing. There was some sort of pink liquid filling the ball from tubes hidden in the spirals of the ball.

I looked down, but there were no leaks. This liquid was coming from inside the apparatus and rising; now it was mid-thigh, covering everything in front of me.

The interior of the ball became a computer screen with words that read: “Protective lining released” and then “Cryofreezing initiated.”

“You gotta be shitting me.”

The exterior of the ball was now rock-like and impenetrable. As the pink goop covered my face and neck, I gagged and swallowed some, but soon found I was able to breathe even though I was now completely submerged.

The goo was thick and cold. I could see it freezing solid from the bottom upward. I felt a wave of calm wash over me as the ball's exterior grew opaque, and a deep sleep whisked me away.

My last thoughts were for the world I was leaving behind, and a fear of what I would wake up to see. But nothing would have prepared me for the changes that would occur over the next 100 years. I’d just have to see it to believe it.

And even then, it would take me a while to understand...",6,1786477383.0,nosleep,1,1.0,False
1vlrsdn,https://www.reddit.com/gallery/1vlrsdn,Hisenior Mega5EST review: When aging didn't help,"Hisenior had achieved significant name and fame, with one particular set that put them right on the map, and despite having a good chunk of time passed since this release, a friend of mine decided to send me the cult classic in the mega5EST for assessment, and I got to see has the IEM turned into wine or milk after all this time. I have had some good pleasure listening to another set of theirs, the Cano Cristales, and now it was time for me to assess this IEM. So thank you, dear friend for loaning this.

# UNBOXING, ACCESSORIES, FIT AND COMFORT

Hisenior has left no stone unturned when it came to the accessories of the Mega5EST; and with the cover out which advertised the product aptly (the one I got was the 7th anniversary edition), taking the lid off gave way to a Pelican-esque carry case which I think is good enough for a few absent minded sit downs and a few missed throws (I wish more brands gave cases like these). The IEMs were right there with the stock cable, which is pleasant and has heft. There was a generous assortment of eartips along with a cleaning tool. The shells had febos written on it in cursive, which meant FEEL THE BEAUTY OF SOUND, which was their previous name.

I got the perfect seal on the Mega5EST with a shallower insertion than most, and thanks to the vents for not allowing any pressure buildup. Despite the large shells, I would say that the contouring contributed to having much less fatigue than usual, and the fatigue happened across the earhook areas, after I had this set for hours on end.

# LOWS

# Tipper: Mariscos

The Mega5EST shows juvenile signs of competence with a good level of cleanliness demonstrated in the opening rippling like intro of this track, and once the rest of the elements catches up, the initial beats that should have been strong come off rather in an anemic fashion, and then the Mega5EST caught me off guard with a deep, borderline grovelling bass hit in the drop which I felt was a bit too excessive with how the beats sustained. Attack seems to be moderately paced and the decay lingers on for slightly longer than usual. The phase-like fuzzy elements in this track didn’t feel as quite polished as some other sets have been in, but still not too shabby. Not too impressive either.

# Rush: Limelight

The Mega5EST, through this track shows it can definitely add in the thump that the kicks and toms specially have here, although the kicks have a more prominent presence than the toms. What the Mega5EST does rather poorly here, is that the notes from the bass line in this track seems to evaporate because it emphasises the drums excessively, and the only time the grain from the chaff (bass from the drums) is separated is when the guitar solo comes in here, and as soon as the solo ends, the bass tends to get tucked into the blanket that the drums seems to have created; which indicates that the Mega5EST cannot handle isolation in technically elaborate tracks as this one. Adding on to this, the rudiments towards the end of the track lack the resonance that makes the ending so satisfying on this track.

# Rage Against the Machine: Bullet in the Head

The intro of this track sounds potent at first, but as the intro concludes for the rest of the elements in this track to barge through, I could sense that this IEM really was not letting the bass fully belt out in its full glory, and a little enhancement in the separation of the bass and drums couldn’t have hurt. But, all things said and done; what I like about the Mega5EST prima facie is the way vocals sit right in the middle of the track, and the instruments revolve around it (metaphorically). Tonality could be said as balanced by some, but I wouldn’t put it across that way. It’s got a strong warm presence with some perceived sparkle on the other end, but I will elaborate on it more as I progress through. This track becomes significantly more enjoyable when the bass really becomes the highlight of the show through the breakdown, and I could finally gauge the note by note aggression and the drums merely supplement the bass, as it should on this track.

# MIDS

# Queens of the Stone Age: First It Giveth

The bass is once again a subtle problem in this track where it shouldn’t have been, as right at the intro it comes in with an excess of aggression; and as the rest of the elements follow suit, I seriously lament with how flat I perceived the otherwise crisp, sharp, aggressive snares that this track where with some IEMs I would have been able to gauge the timbre, but the Mega5EST definitely was making me work hard on being able to gauge it.

Once I am settled in the track, I could sense a faint thinness in Josh Homme’s vocals, as the guitars were adequately being rationed along with the cymbals, which surprisingly are having a fantastic perception in their placement, right alongside the vocals and once again, not being too forward nor being too laid back. But through the verses, the bass really takes off into obscurity as I felt every other instrument otherwise which puts a blemish.

# Tool: Lateralus

The otherwise overpowering bass finally finds itself having some relevance as it walks the aisle right alongside the rumbling floor toms as it sets the stage up for everything else to fall into place. But once the intro ends, and the guitars further try to mould this beautiful vase of a track, the bass once again feels a bit too on the nose, although the same energy reflected by the floor toms is giving the track a much needed power; because both the vocals and the guitars are now coming off thin. Through the breakdown, the Mega5EST does a shabby job with how the final rudiments on the drums end as I sensed a blur on its execution, the granular finesse needed to recognize every hit was simply not there, and cymbals were having a momentary loss in texture. Some ears may enjoy the excess of the thump and punch, but I was really not feeling it with the Mega5EST.

# HIGHS

# Patricia Barber: Icarus

Here; the Mega5EST impresses me a lot: I specifically use this track to not sense sibilance, as sibilance is an element already preserved in the recording and this track demonstrates it very audibly, I use this track to see the restraint or the succumbing into showing that sibilance, and I would say that the Mega5EST does an impressive job in showing restraint- the way Patricia Barber enunciated her Cs and Ss was not excessively sibilant, but I wouldn’t outright write it off as this IEM being smooth. Timbre finally shows up through the percussion and the pianos to be slightly on the drier side than what I am used to, and falls slightly shy of me calling it accurate. Tonality potently is on the warmer side than being balanced, and specially observed through the pianos.

# Dave Brubeck: Take Five

The Mega5EST seems to have done a good job with the cymbals that establish their presence right from the intro but there’s an inherent problem with their note weight, and the same extends to the horns where there’s detail to pick through the little nuances but it’s just that even they sound faintly thin. The bass tends to stumble with its recognition in this track, the one track where all the elements are distinctly, audibly clear from one another but fixes itself right itself when the horns end and the drum solo is about to start. This track is also unique because the stereo characteristic is unmistakably itself and the channels separate the moment the drum solo kicks in, and the IEM picks up the detail; snare hits are crisp, the resonance of the toms needed a little more resonance to be even more pronounced but still decent; the kicks have a potent hit and the way the decay comes off in its hits is satisfying. The bass and the pianos hold their respective ground, but that isolation of the bass from the drums once again gets obscure once the horns kick in.

# COMPARISONS

# Xenns Mangird Top Pro

The Xenns Top Pro absolutely blows the Mega5EST out of the water in almost everything it does. While the Mega5EST suffers from an excessive mid-bass thump that tends to overshadow other elements and tucks instruments into a blanket, the Top Pro delivers a freakishly controlled sub-bass that accentuates the track without seeping through. Where the Mega5EST struggles with isolation on technically elaborate tracks, the Top Pro fires back with a magnificent, wide stage and some of the best imaging capabilities out there. Even in the highs, where the Mega5EST shows a competent restraint against sibilance but feels faintly thin and dry, the Top Pro handles climaxes with more detail but can come off fatiguing and sibilant. The only areas where the Mega5EST even puts up a fight are in offering minutely smoother highs on rare occasions and perhaps slightly finer imaging, but it’s essentially a seamless victory for the Top Pro.

# Elysian Pilgrim

The Elysian Pilgrim takes an entirely different route compared to the heavy-handed, groveling bass approach of the Mega5EST. Where the Mega5EST over-indulges in mid-bass thump, in its light I really enjoyed how well and composed the Pilgrim felt. The Pilgrim effortlessly outclasses the Mega5EST in the midrange, trading the latter's fuzzy isolation for a wide stage, fabulous imaging, and juggles the act of balancing vocals beautifully (comparatively). However, the Mega5EST maintains an upper hand in treble smoothness; while the Mega5EST handles sibilance with impressive restraint, the Pilgrim suffers from a subtly audible grain and can feel like it runs out of air on high-pitched vocals, making it sound leaner in moments where the Mega5EST remains composed.

# Crinear Reference

The Crinear Reference serves as a surgical magnifying glass, standing in stark contrast to the thick, heavily colored presentation of the Mega5EST. While the Mega5EST comes in with an excessively aggressive bass attack and lingering decay that ruins my perception of the bass quality, the Reference keeps the lows strictly at abeyance, delivering a seasoned featherweight's punch with precise decay that never overstays its welcome. The Reference also completely outclasses the Mega5EST in technicalities: where the latter struggles to isolate bass lines from drum rudiments, the former balances the tightrope of coherence and isolation like a maestro, rendering perfect snare and cymbal timbre. The Mega5EST has problems with its note weight, whereas the Reference offers incredible rationing, a lip-smacking shimmer, and pristine detail retrieval with near-zero sibilance.

# Softears Studio 4

The Softears Studio 4 offers a much more refined and mature take on a warm, musical signature than the Mega5EST. While the Mega5EST throws too much aggression into the bass right out of the gate, the Studio 4 delivers a velvety, polite sub-bass that only unleashes its orchestral punch when the track strictly demands it. In the midrange, the Mega5EST manages vocals center-stage but falters with instrumental layering, whereas the Studio 4 delivers incredibly flavorful, full-bodied vocals backed by deadly precise imaging. The true magnum opus of the Studio 4 lies in its highs: crisp, soaring, and tonally magnificent, which makes the smooth but somewhat dry treble of the Mega5EST feel decidedly uninspired by comparison. While the Studio 4 can occasionally sound confusingly metallic on guitars, it remains a significantly more cohesive and emotionally engaging listen than the heavy-handed Mega5EST.

# Sennheiser IE600

Now, the IE600 has its own share of problems- dangerously spicy treble as per one’s HRTF where to me it’s just borderline there, and middling levels of instrument separation; but I would still take it personally over the Mega5EST because the IE600 has a ridiculously great bass quality, and specifically the mid-bass where I am of the opinion that it is leagues better than what I felt on the Mega5EST while delivering near comparable levels of detail and imaging, and while coming in a much smaller footprint and being so much comfortable.

But, sennheiser really fumbled with the quality control issues on it which were widespread and doesn’t really inspire buyer confidence, which is where the Mega5EST comes in with a better proposition, as I feel tip rolling and EQing can fix most of its issues.

# CONCLUDING NOTES

The Hisenior Mega5EST is hard for me to fully get behind, despite the cult status it has amassed over time. As I pondered in the beginning whether it has aged into wine or milk, I lean slightly towards the latter. On one hand, I appreciate the generous accessories, the fantastic fit, and the restraint it shows against sibilance, providing a relaxed, warm listen. But on the other hand, the excessively grovelling mid-bass thump, the fuzzy instrumental isolation, and the sheer lack of note weight in the upper frequencies leave me feeling hung out to dry.

When IEMs like the Xenns Top Pro exist and do almost everything better (although now I feel that the Top Pro has aged slightly worse and I need to update my review on it), or the Sennheiser IE600 offers a masterclass in bass quality, the Mega5EST feels like a heavily colored set that struggles to maintain its ground technically. And the hunches that it needs, despite being tuned to the newer JM-1 target while other IEMs tuned to the same target are offering better value for money, I think the Mega5EST simply has lost the plot in the current retail landscape.

**Will I buy the Mega5EST at retail ?** *Absolutely not.*  
**Will I buy the Mega5EST used ?** *Only if it can be found for US$250 or under (Approximately 25,000 INR or under).*

**SOURCES USED**

Primarily used with the Shanling M9 Plus DAP stacked with the xDuoo XD05 Pro running RoHM DAC chips, SMSL Raw MDA-1 desktop DAC amp.

# EARTIPS USED (RANKED IN ORDER OF PERFORMANCE)

* Acoustune AET08: Least amount of perceived bloat, adds to stage width, amplifies textures on the cymbals and vocals, maximum retention of vocal note weight, gives the widest perceived sound stage.
* Divinus Velvet standard/narrow bore: everything that the above does, but to a lesser degree, still beats the next eartip.
* KBear Coffee: flattens the mid-bass considerably, which hampers vocal note weight, eliminates whatever little sibilance is observed, retains perceived stage width.
* Tangzu Sancai Balanced: shrinks the stage, tightens up the midrange while not reducing the perceived bloat, presents upper mids with a concerning dip, vocal textures lost.

# TRACKS

* Rush: *Limelight*, *Spirit of the Radio*
* Daft Punk: *Get Lucky*, *Instant Crush*
* The Police: *Message in a Bottle*
* Alf Linder: *Cantique de Noël*, *Cantate Domino*
* Tipper: *Mariscos*, *Cloaked*
* Dave Brubeck: *Time Out*
* Tool: *Pneuma*, *Schism*
* Queens of the Stone Age: *First It Giveth*
* Pink Floyd: *Comfortably Numb*, *Wish You Were Here*, *Time*
* Tame Impala: *The Less I Know the Better*
* Animals as Leaders: *The Woven Web*
* Rage Against the Machine: *Bombtrack, Bullet in the Head*
* Avicii: *Levels*
* Periphery: *Marigold*
* TesseracT: *Juno*
* Kanye West: *Stronger*, *Flashing Lights*, *Devil in a New Dress*
* Altın Gün: *Goca Dünya*
* Timbaland: *Give It to Me*
* Adele: *Easy On Me (Live)*, *When We Were Young*
* Celine Dion: *All By Myself*
* Pavarotti: *Nessun Dorma*
* Mdou Moctar: *Tarhatazed*
* Cigarettes After Sex: *Cry*
* Meshuggah: *Bleed*
* A. R. Rahman: *Tere Bina*
* Alice in Chains: *Down in a Hole and Nutshell (Live)*
* Allen Stone: *Give You Blue*
* Florence + the Machine: *Never Let Me Go*
* The Smashing Pumpkins: *Luna*

  
",2,1786477379.0,mobileaudiophile,0,1.0,False
1vlrs36,https://www.reddit.com/r/venting/comments/1vlrs36/i_have_an_irrational_disgust_and_fear_for_coffee/,I have an irrational disgust and fear for coffee,"it happened because when I was 13 which is like 2 years ago I drank like 1.5 litters of coffee and I became really dizzy and almost vomited but forced myself to keep it in and since that I can't even look at coffee, I drank one this morning and spit half of it, i am scared of not being able to drink coffee all the rest of my life which is going to suck asf for work and college",0,1786477362.0,venting,4,0.5,False
1vlrrr9,https://www.reddit.com/gallery/1vlrrr9,The Hisenior Mega5EST: When aging didn't help,"Hisenior had achieved significant name and fame, with one particular set that put them right on the map, and despite having a good chunk of time passed since this release, a friend of mine decided to send me the cult classic in the mega5EST for assessment, and I got to see has the IEM turned into wine or milk after all this time. I have had some good pleasure listening to another set of theirs, the Cano Cristales, and now it was time for me to assess this IEM. So thank you, dear friend for loaning this.

# UNBOXING, ACCESSORIES, FIT AND COMFORT

Hisenior has left no stone unturned when it came to the accessories of the Mega5EST; and with the cover out which advertised the product aptly (the one I got was the 7th anniversary edition), taking the lid off gave way to a Pelican-esque carry case which I think is good enough for a few absent minded sit downs and a few missed throws (I wish more brands gave cases like these). The IEMs were right there with the stock cable, which is pleasant and has heft. There was a generous assortment of eartips along with a cleaning tool. The shells had febos written on it in cursive, which meant FEEL THE BEAUTY OF SOUND, which was their previous name.

I got the perfect seal on the Mega5EST with a shallower insertion than most, and thanks to the vents for not allowing any pressure buildup. Despite the large shells, I would say that the contouring contributed to having much less fatigue than usual, and the fatigue happened across the earhook areas, after I had this set for hours on end.

# LOWS

# Tipper: Mariscos

The Mega5EST shows juvenile signs of competence with a good level of cleanliness demonstrated in the opening rippling like intro of this track, and once the rest of the elements catches up, the initial beats that should have been strong come off rather in an anemic fashion, and then the Mega5EST caught me off guard with a deep, borderline grovelling bass hit in the drop which I felt was a bit too excessive with how the beats sustained. Attack seems to be moderately paced and the decay lingers on for slightly longer than usual. The phase-like fuzzy elements in this track didn’t feel as quite polished as some other sets have been in, but still not too shabby. Not too impressive either.

# Rush: Limelight

The Mega5EST, through this track shows it can definitely add in the thump that the kicks and toms specially have here, although the kicks have a more prominent presence than the toms. What the Mega5EST does rather poorly here, is that the notes from the bass line in this track seems to evaporate because it emphasises the drums excessively, and the only time the grain from the chaff (bass from the drums) is separated is when the guitar solo comes in here, and as soon as the solo ends, the bass tends to get tucked into the blanket that the drums seems to have created; which indicates that the Mega5EST cannot handle isolation in technically elaborate tracks as this one. Adding on to this, the rudiments towards the end of the track lack the resonance that makes the ending so satisfying on this track.

# Rage Against the Machine: Bullet in the Head

The intro of this track sounds potent at first, but as the intro concludes for the rest of the elements in this track to barge through, I could sense that this IEM really was not letting the bass fully belt out in its full glory, and a little enhancement in the separation of the bass and drums couldn’t have hurt. But, all things said and done; what I like about the Mega5EST prima facie is the way vocals sit right in the middle of the track, and the instruments revolve around it (metaphorically). Tonality could be said as balanced by some, but I wouldn’t put it across that way. It’s got a strong warm presence with some perceived sparkle on the other end, but I will elaborate on it more as I progress through. This track becomes significantly more enjoyable when the bass really becomes the highlight of the show through the breakdown, and I could finally gauge the note by note aggression and the drums merely supplement the bass, as it should on this track.

# MIDS

# Queens of the Stone Age: First It Giveth

The bass is once again a subtle problem in this track where it shouldn’t have been, as right at the intro it comes in with an excess of aggression; and as the rest of the elements follow suit, I seriously lament with how flat I perceived the otherwise crisp, sharp, aggressive snares that this track where with some IEMs I would have been able to gauge the timbre, but the Mega5EST definitely was making me work hard on being able to gauge it.

Once I am settled in the track, I could sense a faint thinness in Josh Homme’s vocals, as the guitars were adequately being rationed along with the cymbals, which surprisingly are having a fantastic perception in their placement, right alongside the vocals and once again, not being too forward nor being too laid back. But through the verses, the bass really takes off into obscurity as I felt every other instrument otherwise which puts a blemish.

# Tool: Lateralus

The otherwise overpowering bass finally finds itself having some relevance as it walks the aisle right alongside the rumbling floor toms as it sets the stage up for everything else to fall into place. But once the intro ends, and the guitars further try to mould this beautiful vase of a track, the bass once again feels a bit too on the nose, although the same energy reflected by the floor toms is giving the track a much needed power; because both the vocals and the guitars are now coming off thin. Through the breakdown, the Mega5EST does a shabby job with how the final rudiments on the drums end as I sensed a blur on its execution, the granular finesse needed to recognize every hit was simply not there, and cymbals were having a momentary loss in texture. Some ears may enjoy the excess of the thump and punch, but I was really not feeling it with the Mega5EST.

# HIGHS

# Patricia Barber: Icarus

Here; the Mega5EST impresses me a lot: I specifically use this track to not sense sibilance, as sibilance is an element already preserved in the recording and this track demonstrates it very audibly, I use this track to see the restraint or the succumbing into showing that sibilance, and I would say that the Mega5EST does an impressive job in showing restraint- the way Patricia Barber enunciated her Cs and Ss was not excessively sibilant, but I wouldn’t outright write it off as this IEM being smooth. Timbre finally shows up through the percussion and the pianos to be slightly on the drier side than what I am used to, and falls slightly shy of me calling it accurate. Tonality potently is on the warmer side than being balanced, and specially observed through the pianos.

# Dave Brubeck: Take Five

The Mega5EST seems to have done a good job with the cymbals that establish their presence right from the intro but there’s an inherent problem with their note weight, and the same extends to the horns where there’s detail to pick through the little nuances but it’s just that even they sound faintly thin. The bass tends to stumble with its recognition in this track, the one track where all the elements are distinctly, audibly clear from one another but fixes itself right itself when the horns end and the drum solo is about to start. This track is also unique because the stereo characteristic is unmistakably itself and the channels separate the moment the drum solo kicks in, and the IEM picks up the detail; snare hits are crisp, the resonance of the toms needed a little more resonance to be even more pronounced but still decent; the kicks have a potent hit and the way the decay comes off in its hits is satisfying. The bass and the pianos hold their respective ground, but that isolation of the bass from the drums once again gets obscure once the horns kick in.

# COMPARISONS

# Xenns Mangird Top Pro

The Xenns Top Pro absolutely blows the Mega5EST out of the water in almost everything it does. While the Mega5EST suffers from an excessive mid-bass thump that tends to overshadow other elements and tucks instruments into a blanket, the Top Pro delivers a freakishly controlled sub-bass that accentuates the track without seeping through. Where the Mega5EST struggles with isolation on technically elaborate tracks, the Top Pro fires back with a magnificent, wide stage and some of the best imaging capabilities out there. Even in the highs, where the Mega5EST shows a competent restraint against sibilance but feels faintly thin and dry, the Top Pro handles climaxes with more detail but can come off fatiguing and sibilant. The only areas where the Mega5EST even puts up a fight are in offering minutely smoother highs on rare occasions and perhaps slightly finer imaging, but it’s essentially a seamless victory for the Top Pro.

# Elysian Pilgrim

The Elysian Pilgrim takes an entirely different route compared to the heavy-handed, groveling bass approach of the Mega5EST. Where the Mega5EST over-indulges in mid-bass thump, in its light I really enjoyed how well and composed the Pilgrim felt. The Pilgrim effortlessly outclasses the Mega5EST in the midrange, trading the latter's fuzzy isolation for a wide stage, fabulous imaging, and juggles the act of balancing vocals beautifully (comparatively). However, the Mega5EST maintains an upper hand in treble smoothness; while the Mega5EST handles sibilance with impressive restraint, the Pilgrim suffers from a subtly audible grain and can feel like it runs out of air on high-pitched vocals, making it sound leaner in moments where the Mega5EST remains composed.

# Crinear Reference

The Crinear Reference serves as a surgical magnifying glass, standing in stark contrast to the thick, heavily colored presentation of the Mega5EST. While the Mega5EST comes in with an excessively aggressive bass attack and lingering decay that ruins my perception of the bass quality, the Reference keeps the lows strictly at abeyance, delivering a seasoned featherweight's punch with precise decay that never overstays its welcome. The Reference also completely outclasses the Mega5EST in technicalities: where the latter struggles to isolate bass lines from drum rudiments, the former balances the tightrope of coherence and isolation like a maestro, rendering perfect snare and cymbal timbre. The Mega5EST has problems with its note weight, whereas the Reference offers incredible rationing, a lip-smacking shimmer, and pristine detail retrieval with near-zero sibilance.

# Softears Studio 4

The Softears Studio 4 offers a much more refined and mature take on a warm, musical signature than the Mega5EST. While the Mega5EST throws too much aggression into the bass right out of the gate, the Studio 4 delivers a velvety, polite sub-bass that only unleashes its orchestral punch when the track strictly demands it. In the midrange, the Mega5EST manages vocals center-stage but falters with instrumental layering, whereas the Studio 4 delivers incredibly flavorful, full-bodied vocals backed by deadly precise imaging. The true magnum opus of the Studio 4 lies in its highs: crisp, soaring, and tonally magnificent, which makes the smooth but somewhat dry treble of the Mega5EST feel decidedly uninspired by comparison. While the Studio 4 can occasionally sound confusingly metallic on guitars, it remains a significantly more cohesive and emotionally engaging listen than the heavy-handed Mega5EST.

# Sennheiser IE600

Now, the IE600 has its own share of problems- dangerously spicy treble as per one’s HRTF where to me it’s just borderline there, and middling levels of instrument separation; but I would still take it personally over the Mega5EST because the IE600 has a ridiculously great bass quality, and specifically the mid-bass where I am of the opinion that it is leagues better than what I felt on the Mega5EST while delivering near comparable levels of detail and imaging, and while coming in a much smaller footprint and being so much comfortable.

But, sennheiser really fumbled with the quality control issues on it which were widespread and doesn’t really inspire buyer confidence, which is where the Mega5EST comes in with a better proposition, as I feel tip rolling and EQing can fix most of its issues.

# CONCLUDING NOTES

The Hisenior Mega5EST is hard for me to fully get behind, despite the cult status it has amassed over time. As I pondered in the beginning whether it has aged into wine or milk, I lean slightly towards the latter. On one hand, I appreciate the generous accessories, the fantastic fit, and the restraint it shows against sibilance, providing a relaxed, warm listen. But on the other hand, the excessively grovelling mid-bass thump, the fuzzy instrumental isolation, and the sheer lack of note weight in the upper frequencies leave me feeling hung out to dry.

When IEMs like the Xenns Top Pro exist and do almost everything better (although now I feel that the Top Pro has aged slightly worse and I need to update my review on it), or the Sennheiser IE600 offers a masterclass in bass quality, the Mega5EST feels like a heavily colored set that struggles to maintain its ground technically. And the hunches that it needs, despite being tuned to the newer JM-1 target while other IEMs tuned to the same target are offering better value for money, I think the Mega5EST simply has lost the plot in the current retail landscape.

**Will I buy the Mega5EST at retail ?** *Absolutely not.*  
**Will I buy the Mega5EST used ?** *Only if it can be found for US$250 or under (Approximately 25,000 INR or under).*

**SOURCES USED**

Primarily used with the Shanling M9 Plus DAP stacked with the xDuoo XD05 Pro running RoHM DAC chips, SMSL Raw MDA-1 desktop DAC amp.

# EARTIPS USED (RANKED IN ORDER OF PERFORMANCE)

* Acoustune AET08: Least amount of perceived bloat, adds to stage width, amplifies textures on the cymbals and vocals, maximum retention of vocal note weight, gives the widest perceived sound stage.
* Divinus Velvet standard/narrow bore: everything that the above does, but to a lesser degree, still beats the next eartip.
* KBear Coffee: flattens the mid-bass considerably, which hampers vocal note weight, eliminates whatever little sibilance is observed, retains perceived stage width.
* Tangzu Sancai Balanced: shrinks the stage, tightens up the midrange while not reducing the perceived bloat, presents upper mids with a concerning dip, vocal textures lost.

# TRACKS

* Rush: *Limelight*, *Spirit of the Radio*
* Daft Punk: *Get Lucky*, *Instant Crush*
* The Police: *Message in a Bottle*
* Alf Linder: *Cantique de Noël*, *Cantate Domino*
* Tipper: *Mariscos*, *Cloaked*
* Dave Brubeck: *Time Out*
* Tool: *Pneuma*, *Schism*
* Queens of the Stone Age: *First It Giveth*
* Pink Floyd: *Comfortably Numb*, *Wish You Were Here*, *Time*
* Tame Impala: *The Less I Know the Better*
* Animals as Leaders: *The Woven Web*
* Rage Against the Machine: *Bombtrack, Bullet in the Head*
* Avicii: *Levels*
* Periphery: *Marigold*
* TesseracT: *Juno*
* Kanye West: *Stronger*, *Flashing Lights*, *Devil in a New Dress*
* Altın Gün: *Goca Dünya*
* Timbaland: *Give It to Me*
* Adele: *Easy On Me (Live)*, *When We Were Young*
* Celine Dion: *All By Myself*
* Pavarotti: *Nessun Dorma*
* Mdou Moctar: *Tarhatazed*
* Cigarettes After Sex: *Cry*
* Meshuggah: *Bleed*
* A. R. Rahman: *Tere Bina*
* Alice in Chains: *Down in a Hole and Nutshell (Live)*
* Allen Stone: *Give You Blue*
* Florence + the Machine: *Never Let Me Go*
* The Smashing Pumpkins: *Luna*

  
",1,1786477343.0,IemReviews,1,1.0,False
1vlrro1,https://www.reddit.com/r/DatingOC/comments/1vlrro1/31_m4f_orange_county_looking_for_something_genuine/,31 [M4F] Orange County | Looking for something genuine,"Hey! I’m 31, single, and living in Orange County after selling my company last year. Dating apps have started to feel a little too much like endlessly swiping through a catalog, so I figured I’d try something different.

**🏃‍♂️ A little about** me  
I’m 5’’10, active, educated, professionally driven, and generally have my life together. I love early-morning runs down in Dana Point, especially around the coast and harbor, and I’ve been getting more involved with the local running and social scene.

Outside of running, I’m into hiking, movies, reading, trying new restaurants, exploring Southern California, and finding interesting things to do that don’t revolve around sitting at a bar all night.

Personality-wise, I’m curious, ambitious, pretty conversational, and definitely someone who enjoys getting to know people beyond surface-level small talk. I can happily talk about movies, history, careers, travel, whatever weird rabbit hole we happen to fall into, or spend an afternoon outside doing something active.

**❤️ What I’m looking fo**r  
A woman somewhere around my age who is kind, emotionally mature, curious, takes care of herself, and genuinely wants to date rather than collect matches or text indefinitely.

I’m ultimately looking for a relationship, but I’m not trying to manufacture one with the first person I meet. Chemistry matters, and I’d rather meet someone naturally, have fun together, and see where it goes.

**☕️ Ideal first dat**e  
Coffee and a walk along the coast, dinner somewhere neither of us has tried, a hike, wandering around somewhere new, or something similarly relaxed where we can actually talk and laugh.

**📸 Say hello**  
If any of this sounds like your speed, send me a message! Tell me a little about yourself, what part of OC you’re in, and send a recent photo of yourself. **I’ll happily send one back.** I think it’s easier for both of us to know upfront if there’s mutual attraction.

Worst case: we have a good conversation. Best case: maybe we get off Reddit together.",4,1786477338.0,DatingOC,6,1.0,False
1vlrqtx,https://www.reddit.com/r/okstorytime/comments/1vlrqtx/aita_for_removing_my_friends_as_bridesmaids_and/,AITA for removing my friends as bridesmaids and ending up breaking our friendship?,"My wedding was back at Sept 2024 and I felt like sharing this story with others, so I caved in and got reddit to share my wedding drama. 

So I (F27) decided to have my close friends as my bridesmaid. I had six bridesmaid all together and the two friends I will be discussing for the story are Blair (F27) and Sally (F27). I used fake names btw. I have been friends with them since high school so about 8 years. We didn't hangout regularly, but we were close and always had a great time when we did hangout. I was excited to ask them my bridesmaid and made them a fun box with a bridesmaid robe, slippers, photos of us in high school and bridesmaid earrings. They were happy and said they'd love to be my bridesmaid. My friend Blair works at the hospital and she is very Covid cautious even when everything is back to normal. She always wears a mask and I did not question her one bit. She would take off her mask at times when eating or drinking something then immediately puts her mask back on.

Now the problem began when we had dinner in February 2024 with my mom, two sisters (my other bridesmaids), Sally and Blair. Blair was still wearing her mask and taking it off when eating/drinking. I was worried if she was planning to wear a mask at my wedding at this point as the day is slowly approaching and having a mask in my wedding party is not when I envisioned for my bridesmaids next to me and for photos. I decided to have a conversation with her to discover if her intention was to wear the mask at the wedding, so I invited Blair and Sally to coffee together. The reason why I invited Sally is because I wanted her to hear what I had to say in case things don't turn out as expected and I wanted a second option on the mask matter. In March 2024, we met up and I was nervous at first because I have never confronted my friends about anything before. I asked her if she was planning on wearing a mask at my wedding and she replied saying, ""yes, why do you ask?"" and I replied with, ""The reason why I'm asking is because I don't feel comfortable with you wearing the mask in my wedding party."" She asked me why and I explained that seeing a mask in my wedding photos, wearing a mask beside me at the reception, and wearing a mask for the grand entrance at the church and reception is not was envisioned for my wedding. She stated that she wears a mask for her safety and her family's safety and I replied saying that she can still wear the mask, but as a guest not a bridesmaid. I said that I understand her reasoning on wearing the mask, but I don't feel comfortable with a mask in my wedding party and that she is free to wear her mask as a guest. She got offended my words by saying, ""Are you asking me to step down?"" and I said that if you plan on wearing the mask then yes. Sally was silently listening this whole time and finally spoke up saying, ""How about we find a common ground, Blair can wear the mask but take if off during important times and photos."" I then turned to Blair and said, ""Are you willing to take off your mask for the church and grand entrance at the reception?"" She said no and that it wasn't fair for me to ask that of her. So I repeated saying, ""I'm sorry then I don't feel comfortable with my bridesmaid wearing a mask."" Blair said, "" So you are choosing your vision for your wedding over our friendship"" and I replied saying, ""I didn't want this to affect our friendship, but what else did you want me to say, I said two options: no mask and be a bridesmaid or wear a mask as a guest"" Blair then said, ""I need time to think"" and we said our goodbyes. I drove Sally home and on the way to her home she said that she understands both sides and that we just need some time to think things over.

I sent Blair a message later saying thank you for coming, my feelings on how our conversation went, apologizing if I hurt her with my words and saying that I did not appreciate her for calling me ""biased"" and ""vision-oriented."" She did not reply and we stopped talking with one another. As for Sally, she was still friends with both of us and I felt like she didn't understand why I didn't want Blair to wear a mask but didn't say anything to me about it. She continued to be a bridesmaid and I asked my sister's friend if she can take Blair's place (I explained to her the situation). 

Three of my bridesmaids and I met up again to discuss plans for the bachelorette and decided to go to Montreal. The other three bridesmaid's couldn't make it to the trip due to work and life events so it was only me, my two sisters and Sally. We got together and we all agreed on the pricing of the hotel, train, and experiences to do there before booking. We went in July 2024 from Thursday to Tuesday so four days at Montreal, two days travelling. Sally throughout the whole trip was for some reason upset, grumpy, uninterested, stayed in the hotel majority of the time due to being tired or her feet hurting from walking and overall just ruining the vibe from the trip. When deciding the experiences we wanted to do, I said I wanted to go to the Notre-Dame Basilica and Sally stated ""I already did that, let's go to a different church."" I was excited to see the Notre-Dame Basilica and my sister noticed that so we all agreed to go there. Sally then went silent. My sister said there is Cirque-du-soleil happening when we are there that we can check out. She added saying we can also go on a food tour or a ghost tour. Sally said she really wants to do a food tour, but the whole group decided Cirque-du-soleil and ghost tour as we wanted to see the circus for the first time and ghost tour sounds cool. Sally looked visibly annoyed at the decision. Sally then suggested we go to a Zoo and I spoke up saying we should check it out to ensure her voice is being heard too. So we did everything that was planned and the whole time during all experiences Sally was uninterested, annoyed and kept wandering away from our group doing her own thing. For example, a the church we were looking at the art work and taking pictures and she would leave us to go do her own thing. My husband wanted to make our trip fun as well so he paid for everyone to enjoy a Nordic spa treatment and she did the same thing as she did in the other experiences, she wandered off doing her own thing. I shared a room with Sally and she did not speak to me at all the room. I tried initiating conversation, but she would reply with small responses then it would be awkward silence. She mentioned Blair out of the blue saying, ""Blair didn't want to end the friendship"" and I replied saying, ""Ya I didn't either but I guess a simple mask can break up a friendship"" then she went silent afterwards. My two sisters set up decorations and drinks in their room and invited everyone over. When I told Sally my sisters want us over to their room, she told me to go and that she was going to sleep. During the train back home, she didn't speak the whole ride back and spoke in small responses when we initiated conversation on how the trip went, plans for the wedding, summer plans, etc.

After a bit after the trip, we all gathered the costs of the hotel, ubers and experiences as my two sisters paid for majority of the trip and I wanted to split the cost, but the spa was a gift from my husband and the ghost tour was a gift from my sister. Sally explained that she never knew the hotel costed that much and that she should have let me know about beforehand. I informed her that we booked it together and you agreed on the price before booking. She stated in her messages that I spoke to her rudely and belittled her when informing her about the costs and that we discussed everything beforehand. I asked her to send me screenshots of when I was rude and belittled her to I can understand where the miscommunication was coming from. I explained to her about her behaviour during the trip and how I didn't appreciate her mono-toned behaviour and not communicating throughout the whole trip. I said we can meet up in person to have a conversation rather than through messages as miscommunication happens more often in messages. She asked everyone to split the money she paid for the zoo and one uber she paid for not even recognizing that everyone paid for her with two experiences not be accounted for because they were gifts for my wedding. So I organized all the payments made so that everyone is fairly getting paid back: Husband paid Spa $300/person, Sister paid Ghost tour - $32/person, Sister paid Circus $178/person, Sally paid $23/person, my younger sister did all the four ubers that came to $23/person and I paid the church $16/person. My younger sister didn't mention paying her back for the ubers and I didn't care about the church being paid back either as everyone chipped in to the trip and I just wanted to ensure my older sister didn't pay the whole circus amount. Sally only needed to pay back her hotel portion and circus. Due to Sally counting pennies for us pay for the zoo and one uber I asked everyone to pay each other for all their portions in all experiences including the ghost tour since it resulted in being a money issue. The spa remains as a gift from my husband to me and the bridesmaids. I paid my sisters and Sally back for my portions and everyone else did the same for their portions. I explained to Sally that I did not appreciate her valuing money and not appreciating what my husband and sister for paying for you. I told her due to her recent behaviour and valuing money over everything that I cannot see a friendship in the future. I also said that I will be removing her from my wedding and that I hope her and Blair have a good friendship together <3"" out of anger. She replied with, ""you should be ashamed of yourself"" and I responded with, ""Yes I am for having a bad friend."" and that ended our friendship. 

So AITA for removing my friends as bridesmaids and ending up breaking our friendship?

Sorry for the long story and thank you for reading. ",1,1786477289.0,okstorytime,0,1.0,False
1vlrqci,https://www.reddit.com/r/u_EntryHairy2442/comments/1vlrqci/fwb/,FWB?,"M24

I'm looking for something casual, hangouts, casual intimacy and satisfying our sexual needs \[only makeout if you want\], exploring restaurants, going on bike rides and stuffs like these.

I know many of you will judge, but I just express what I have in my mind and what I want. These seem to be terrible in present days but we all want to have fun, do have needs and we're not always in the position of being in a relationship or commitment.

I'm looking for someone with similar mindset and who would love to have some fun. Also, it's not just about the fun part, we'll be there for one another, be one another's mental support and also have a good connection other than the intimate part. Also, I believe I'm pretty good and creative in intimate stuffs, so we can have next level of fun and satisfaction if you're also into these. That is, if you're good in these as well, we're gonna have wild fun together.

Also I'm ready to respect boundaries when you want. We can keep our identity private to one another as well if you want.

And there's no rush. We can go out first, grab coffee, get to know one another better, and then we can think about something else.

If you're not into these, I totally respect your pov! If you're interested, just drop your socials or telegram in the ngl link attached in the comment section. I'll reach you out. What if we should have met earlier?

TELEGRAM: bro\_85



[https://ngl.link/thestranger80640](https://ngl.link/thestranger80640)",1,1786477261.0,u_EntryHairy2442,0,1.0,True
1vlrq80,https://www.reddit.com/gallery/1vlrq80,The Hisenior Mega5EST: When aging didn't help,"Hisenior had achieved significant name and fame, with one particular set that put them right on the map, and despite having a good chunk of time passed since this release, a friend of mine decided to send me the cult classic in the mega5EST for assessment, and I got to see has the IEM turned into wine or milk after all this time. I have had some good pleasure listening to another set of theirs, the Cano Cristales, and now it was time for me to assess this IEM. So thank you, dear friend for loaning this.

# UNBOXING, ACCESSORIES, FIT AND COMFORT

Hisenior has left no stone unturned when it came to the accessories of the Mega5EST; and with the cover out which advertised the product aptly (the one I got was the 7th anniversary edition), taking the lid off gave way to a Pelican-esque carry case which I think is good enough for a few absent minded sit downs and a few missed throws (I wish more brands gave cases like these). The IEMs were right there with the stock cable, which is pleasant and has heft. There was a generous assortment of eartips along with a cleaning tool. The shells had febos written on it in cursive, which meant FEEL THE BEAUTY OF SOUND, which was their previous name.

I got the perfect seal on the Mega5EST with a shallower insertion than most, and thanks to the vents for not allowing any pressure buildup. Despite the large shells, I would say that the contouring contributed to having much less fatigue than usual, and the fatigue happened across the earhook areas, after I had this set for hours on end.

# LOWS

# Tipper: Mariscos

The Mega5EST shows juvenile signs of competence with a good level of cleanliness demonstrated in the opening rippling like intro of this track, and once the rest of the elements catches up, the initial beats that should have been strong come off rather in an anemic fashion, and then the Mega5EST caught me off guard with a deep, borderline grovelling bass hit in the drop which I felt was a bit too excessive with how the beats sustained. Attack seems to be moderately paced and the decay lingers on for slightly longer than usual. The phase-like fuzzy elements in this track didn’t feel as quite polished as some other sets have been in, but still not too shabby. Not too impressive either.

# Rush: Limelight

The Mega5EST, through this track shows it can definitely add in the thump that the kicks and toms specially have here, although the kicks have a more prominent presence than the toms. What the Mega5EST does rather poorly here, is that the notes from the bass line in this track seems to evaporate because it emphasises the drums excessively, and the only time the grain from the chaff (bass from the drums) is separated is when the guitar solo comes in here, and as soon as the solo ends, the bass tends to get tucked into the blanket that the drums seems to have created; which indicates that the Mega5EST cannot handle isolation in technically elaborate tracks as this one. Adding on to this, the rudiments towards the end of the track lack the resonance that makes the ending so satisfying on this track.

# Rage Against the Machine: Bullet in the Head

The intro of this track sounds potent at first, but as the intro concludes for the rest of the elements in this track to barge through, I could sense that this IEM really was not letting the bass fully belt out in its full glory, and a little enhancement in the separation of the bass and drums couldn’t have hurt. But, all things said and done; what I like about the Mega5EST prima facie is the way vocals sit right in the middle of the track, and the instruments revolve around it (metaphorically). Tonality could be said as balanced by some, but I wouldn’t put it across that way. It’s got a strong warm presence with some perceived sparkle on the other end, but I will elaborate on it more as I progress through. This track becomes significantly more enjoyable when the bass really becomes the highlight of the show through the breakdown, and I could finally gauge the note by note aggression and the drums merely supplement the bass, as it should on this track.

# MIDS

# Queens of the Stone Age: First It Giveth

The bass is once again a subtle problem in this track where it shouldn’t have been, as right at the intro it comes in with an excess of aggression; and as the rest of the elements follow suit, I seriously lament with how flat I perceived the otherwise crisp, sharp, aggressive snares that this track where with some IEMs I would have been able to gauge the timbre, but the Mega5EST definitely was making me work hard on being able to gauge it.

Once I am settled in the track, I could sense a faint thinness in Josh Homme’s vocals, as the guitars were adequately being rationed along with the cymbals, which surprisingly are having a fantastic perception in their placement, right alongside the vocals and once again, not being too forward nor being too laid back. But through the verses, the bass really takes off into obscurity as I felt every other instrument otherwise which puts a blemish.

# Tool: Lateralus

The otherwise overpowering bass finally finds itself having some relevance as it walks the aisle right alongside the rumbling floor toms as it sets the stage up for everything else to fall into place. But once the intro ends, and the guitars further try to mould this beautiful vase of a track, the bass once again feels a bit too on the nose, although the same energy reflected by the floor toms is giving the track a much needed power; because both the vocals and the guitars are now coming off thin. Through the breakdown, the Mega5EST does a shabby job with how the final rudiments on the drums end as I sensed a blur on its execution, the granular finesse needed to recognize every hit was simply not there, and cymbals were having a momentary loss in texture. Some ears may enjoy the excess of the thump and punch, but I was really not feeling it with the Mega5EST.

# HIGHS

# Patricia Barber: Icarus

Here; the Mega5EST impresses me a lot: I specifically use this track to not sense sibilance, as sibilance is an element already preserved in the recording and this track demonstrates it very audibly, I use this track to see the restraint or the succumbing into showing that sibilance, and I would say that the Mega5EST does an impressive job in showing restraint- the way Patricia Barber enunciated her Cs and Ss was not excessively sibilant, but I wouldn’t outright write it off as this IEM being smooth. Timbre finally shows up through the percussion and the pianos to be slightly on the drier side than what I am used to, and falls slightly shy of me calling it accurate. Tonality potently is on the warmer side than being balanced, and specially observed through the pianos.

# Dave Brubeck: Take Five

The Mega5EST seems to have done a good job with the cymbals that establish their presence right from the intro but there’s an inherent problem with their note weight, and the same extends to the horns where there’s detail to pick through the little nuances but it’s just that even they sound faintly thin. The bass tends to stumble with its recognition in this track, the one track where all the elements are distinctly, audibly clear from one another but fixes itself right itself when the horns end and the drum solo is about to start. This track is also unique because the stereo characteristic is unmistakably itself and the channels separate the moment the drum solo kicks in, and the IEM picks up the detail; snare hits are crisp, the resonance of the toms needed a little more resonance to be even more pronounced but still decent; the kicks have a potent hit and the way the decay comes off in its hits is satisfying. The bass and the pianos hold their respective ground, but that isolation of the bass from the drums once again gets obscure once the horns kick in.

# COMPARISONS

# Xenns Mangird Top Pro

The Xenns Top Pro absolutely blows the Mega5EST out of the water in almost everything it does. While the Mega5EST suffers from an excessive mid-bass thump that tends to overshadow other elements and tucks instruments into a blanket, the Top Pro delivers a freakishly controlled sub-bass that accentuates the track without seeping through. Where the Mega5EST struggles with isolation on technically elaborate tracks, the Top Pro fires back with a magnificent, wide stage and some of the best imaging capabilities out there. Even in the highs, where the Mega5EST shows a competent restraint against sibilance but feels faintly thin and dry, the Top Pro handles climaxes with more detail but can come off fatiguing and sibilant. The only areas where the Mega5EST even puts up a fight are in offering minutely smoother highs on rare occasions and perhaps slightly finer imaging, but it’s essentially a seamless victory for the Top Pro.

# Elysian Pilgrim

The Elysian Pilgrim takes an entirely different route compared to the heavy-handed, groveling bass approach of the Mega5EST. Where the Mega5EST over-indulges in mid-bass thump, in its light I really enjoyed how well and composed the Pilgrim felt. The Pilgrim effortlessly outclasses the Mega5EST in the midrange, trading the latter's fuzzy isolation for a wide stage, fabulous imaging, and juggles the act of balancing vocals beautifully (comparatively). However, the Mega5EST maintains an upper hand in treble smoothness; while the Mega5EST handles sibilance with impressive restraint, the Pilgrim suffers from a subtly audible grain and can feel like it runs out of air on high-pitched vocals, making it sound leaner in moments where the Mega5EST remains composed.

# Crinear Reference

The Crinear Reference serves as a surgical magnifying glass, standing in stark contrast to the thick, heavily colored presentation of the Mega5EST. While the Mega5EST comes in with an excessively aggressive bass attack and lingering decay that ruins my perception of the bass quality, the Reference keeps the lows strictly at abeyance, delivering a seasoned featherweight's punch with precise decay that never overstays its welcome. The Reference also completely outclasses the Mega5EST in technicalities: where the latter struggles to isolate bass lines from drum rudiments, the former balances the tightrope of coherence and isolation like a maestro, rendering perfect snare and cymbal timbre. The Mega5EST has problems with its note weight, whereas the Reference offers incredible rationing, a lip-smacking shimmer, and pristine detail retrieval with near-zero sibilance.

# Softears Studio 4

The Softears Studio 4 offers a much more refined and mature take on a warm, musical signature than the Mega5EST. While the Mega5EST throws too much aggression into the bass right out of the gate, the Studio 4 delivers a velvety, polite sub-bass that only unleashes its orchestral punch when the track strictly demands it. In the midrange, the Mega5EST manages vocals center-stage but falters with instrumental layering, whereas the Studio 4 delivers incredibly flavorful, full-bodied vocals backed by deadly precise imaging. The true magnum opus of the Studio 4 lies in its highs: crisp, soaring, and tonally magnificent, which makes the smooth but somewhat dry treble of the Mega5EST feel decidedly uninspired by comparison. While the Studio 4 can occasionally sound confusingly metallic on guitars, it remains a significantly more cohesive and emotionally engaging listen than the heavy-handed Mega5EST.

# Sennheiser IE600

Now, the IE600 has its own share of problems- dangerously spicy treble as per one’s HRTF where to me it’s just borderline there, and middling levels of instrument separation; but I would still take it personally over the Mega5EST because the IE600 has a ridiculously great bass quality, and specifically the mid-bass where I am of the opinion that it is leagues better than what I felt on the Mega5EST while delivering near comparable levels of detail and imaging, and while coming in a much smaller footprint and being so much comfortable.

But, sennheiser really fumbled with the quality control issues on it which were widespread and doesn’t really inspire buyer confidence, which is where the Mega5EST comes in with a better proposition, as I feel tip rolling and EQing can fix most of its issues.

# CONCLUDING NOTES

The Hisenior Mega5EST is hard for me to fully get behind, despite the cult status it has amassed over time. As I pondered in the beginning whether it has aged into wine or milk, I lean slightly towards the latter. On one hand, I appreciate the generous accessories, the fantastic fit, and the restraint it shows against sibilance, providing a relaxed, warm listen. But on the other hand, the excessively grovelling mid-bass thump, the fuzzy instrumental isolation, and the sheer lack of note weight in the upper frequencies leave me feeling hung out to dry.

When IEMs like the Xenns Top Pro exist and do almost everything better (although now I feel that the Top Pro has aged slightly worse and I need to update my review on it), or the Sennheiser IE600 offers a masterclass in bass quality, the Mega5EST feels like a heavily colored set that struggles to maintain its ground technically. And the hunches that it needs, despite being tuned to the newer JM-1 target while other IEMs tuned to the same target are offering better value for money, I think the Mega5EST simply has lost the plot in the current retail landscape.

**Will I buy the Mega5EST at retail ?** *Absolutely not.*  
**Will I buy the Mega5EST used ?** *Only if it can be found for US$250 or under (Approximately 25,000 INR or under).*

**SOURCES USED**

Primarily used with the Shanling M9 Plus DAP stacked with the xDuoo XD05 Pro running RoHM DAC chips, SMSL Raw MDA-1 desktop DAC amp.

# EARTIPS USED (RANKED IN ORDER OF PERFORMANCE)

* Acoustune AET08: Least amount of perceived bloat, adds to stage width, amplifies textures on the cymbals and vocals, maximum retention of vocal note weight, gives the widest perceived sound stage.
* Divinus Velvet standard/narrow bore: everything that the above does, but to a lesser degree, still beats the next eartip.
* KBear Coffee: flattens the mid-bass considerably, which hampers vocal note weight, eliminates whatever little sibilance is observed, retains perceived stage width.
* Tangzu Sancai Balanced: shrinks the stage, tightens up the midrange while not reducing the perceived bloat, presents upper mids with a concerning dip, vocal textures lost.

# TRACKS

* Rush: *Limelight*, *Spirit of the Radio*
* Daft Punk: *Get Lucky*, *Instant Crush*
* The Police: *Message in a Bottle*
* Alf Linder: *Cantique de Noël*, *Cantate Domino*
* Tipper: *Mariscos*, *Cloaked*
* Dave Brubeck: *Time Out*
* Tool: *Pneuma*, *Schism*
* Queens of the Stone Age: *First It Giveth*
* Pink Floyd: *Comfortably Numb*, *Wish You Were Here*, *Time*
* Tame Impala: *The Less I Know the Better*
* Animals as Leaders: *The Woven Web*
* Rage Against the Machine: *Bombtrack, Bullet in the Head*
* Avicii: *Levels*
* Periphery: *Marigold*
* TesseracT: *Juno*
* Kanye West: *Stronger*, *Flashing Lights*, *Devil in a New Dress*
* Altın Gün: *Goca Dünya*
* Timbaland: *Give It to Me*
* Adele: *Easy On Me (Live)*, *When We Were Young*
* Celine Dion: *All By Myself*
* Pavarotti: *Nessun Dorma*
* Mdou Moctar: *Tarhatazed*
* Cigarettes After Sex: *Cry*
* Meshuggah: *Bleed*
* A. R. Rahman: *Tere Bina*
* Alice in Chains: *Down in a Hole and Nutshell (Live)*
* Allen Stone: *Give You Blue*
* Florence + the Machine: *Never Let Me Go*
* The Smashing Pumpkins: *Luna*

  
",1,1786477255.0,InEarHifi,0,1.0,False
1vlrpyw,https://www.reddit.com/r/SocialMontreal/comments/1vlrpyw/friends_in_rosemont_la_petite_patrie_31_queer/,Friends in Rosemont La petite patrie 31 queer femme,"Hey everyone! I moved here from a much smaller city and though I’m making connections I find it a bother to have to travel every time I want to spend time with someone. I’m wondering if there is anyone in my neighborhood who thinks we might get along and wants to connect as friends.

I’m pretty low-key I love connecting with friends by thrifting, going to the park, grabbing drinks or coffee, seeing a show. I like to invite people over for craft nights and I regularly play DND. Im queer and neurodivergent, a bad texter, but a very loving friend. I have a cute dog that also wants more human and dog friends in the neighborhood. I’m also married to an awesome woman if double dates are a thing you’re into ✌️",2,1786477239.0,SocialMontreal,0,0.75,False
1vlrpgq,https://www.reddit.com/gallery/1vlrpgq,The Hisenior Mega5EST: When aging didn't help,"Hisenior had achieved significant name and fame, with one particular set that put them right on the map, and despite having a good chunk of time passed since this release, a friend of mine decided to send me the cult classic in the mega5EST for assessment, and I got to see has the IEM turned into wine or milk after all this time. I have had some good pleasure listening to another set of theirs, the Cano Cristales, and now it was time for me to assess this IEM. So thank you, dear friend for loaning this.

# UNBOXING, ACCESSORIES, FIT AND COMFORT

Hisenior has left no stone unturned when it came to the accessories of the Mega5EST; and with the cover out which advertised the product aptly (the one I got was the 7th anniversary edition), taking the lid off gave way to a Pelican-esque carry case which I think is good enough for a few absent minded sit downs and a few missed throws (I wish more brands gave cases like these). The IEMs were right there with the stock cable, which is pleasant and has heft. There was a generous assortment of eartips along with a cleaning tool. The shells had febos written on it in cursive, which meant FEEL THE BEAUTY OF SOUND, which was their previous name.

I got the perfect seal on the Mega5EST with a shallower insertion than most, and thanks to the vents for not allowing any pressure buildup. Despite the large shells, I would say that the contouring contributed to having much less fatigue than usual, and the fatigue happened across the earhook areas, after I had this set for hours on end.

# LOWS

# Tipper: Mariscos

The Mega5EST shows juvenile signs of competence with a good level of cleanliness demonstrated in the opening rippling like intro of this track, and once the rest of the elements catches up, the initial beats that should have been strong come off rather in an anemic fashion, and then the Mega5EST caught me off guard with a deep, borderline grovelling bass hit in the drop which I felt was a bit too excessive with how the beats sustained. Attack seems to be moderately paced and the decay lingers on for slightly longer than usual. The phase-like fuzzy elements in this track didn’t feel as quite polished as some other sets have been in, but still not too shabby. Not too impressive either.

# Rush: Limelight

The Mega5EST, through this track shows it can definitely add in the thump that the kicks and toms specially have here, although the kicks have a more prominent presence than the toms. What the Mega5EST does rather poorly here, is that the notes from the bass line in this track seems to evaporate because it emphasises the drums excessively, and the only time the grain from the chaff (bass from the drums) is separated is when the guitar solo comes in here, and as soon as the solo ends, the bass tends to get tucked into the blanket that the drums seems to have created; which indicates that the Mega5EST cannot handle isolation in technically elaborate tracks as this one. Adding on to this, the rudiments towards the end of the track lack the resonance that makes the ending so satisfying on this track.

# Rage Against the Machine: Bullet in the Head

The intro of this track sounds potent at first, but as the intro concludes for the rest of the elements in this track to barge through, I could sense that this IEM really was not letting the bass fully belt out in its full glory, and a little enhancement in the separation of the bass and drums couldn’t have hurt. But, all things said and done; what I like about the Mega5EST prima facie is the way vocals sit right in the middle of the track, and the instruments revolve around it (metaphorically). Tonality could be said as balanced by some, but I wouldn’t put it across that way. It’s got a strong warm presence with some perceived sparkle on the other end, but I will elaborate on it more as I progress through. This track becomes significantly more enjoyable when the bass really becomes the highlight of the show through the breakdown, and I could finally gauge the note by note aggression and the drums merely supplement the bass, as it should on this track.

# MIDS

# Queens of the Stone Age: First It Giveth

The bass is once again a subtle problem in this track where it shouldn’t have been, as right at the intro it comes in with an excess of aggression; and as the rest of the elements follow suit, I seriously lament with how flat I perceived the otherwise crisp, sharp, aggressive snares that this track where with some IEMs I would have been able to gauge the timbre, but the Mega5EST definitely was making me work hard on being able to gauge it.

Once I am settled in the track, I could sense a faint thinness in Josh Homme’s vocals, as the guitars were adequately being rationed along with the cymbals, which surprisingly are having a fantastic perception in their placement, right alongside the vocals and once again, not being too forward nor being too laid back. But through the verses, the bass really takes off into obscurity as I felt every other instrument otherwise which puts a blemish.

# Tool: Lateralus

The otherwise overpowering bass finally finds itself having some relevance as it walks the aisle right alongside the rumbling floor toms as it sets the stage up for everything else to fall into place. But once the intro ends, and the guitars further try to mould this beautiful vase of a track, the bass once again feels a bit too on the nose, although the same energy reflected by the floor toms is giving the track a much needed power; because both the vocals and the guitars are now coming off thin. Through the breakdown, the Mega5EST does a shabby job with how the final rudiments on the drums end as I sensed a blur on its execution, the granular finesse needed to recognize every hit was simply not there, and cymbals were having a momentary loss in texture. Some ears may enjoy the excess of the thump and punch, but I was really not feeling it with the Mega5EST.

# HIGHS

# Patricia Barber: Icarus

Here; the Mega5EST impresses me a lot: I specifically use this track to not sense sibilance, as sibilance is an element already preserved in the recording and this track demonstrates it very audibly, I use this track to see the restraint or the succumbing into showing that sibilance, and I would say that the Mega5EST does an impressive job in showing restraint- the way Patricia Barber enunciated her Cs and Ss was not excessively sibilant, but I wouldn’t outright write it off as this IEM being smooth. Timbre finally shows up through the percussion and the pianos to be slightly on the drier side than what I am used to, and falls slightly shy of me calling it accurate. Tonality potently is on the warmer side than being balanced, and specially observed through the pianos.

# Dave Brubeck: Take Five

The Mega5EST seems to have done a good job with the cymbals that establish their presence right from the intro but there’s an inherent problem with their note weight, and the same extends to the horns where there’s detail to pick through the little nuances but it’s just that even they sound faintly thin. The bass tends to stumble with its recognition in this track, the one track where all the elements are distinctly, audibly clear from one another but fixes itself right itself when the horns end and the drum solo is about to start. This track is also unique because the stereo characteristic is unmistakably itself and the channels separate the moment the drum solo kicks in, and the IEM picks up the detail; snare hits are crisp, the resonance of the toms needed a little more resonance to be even more pronounced but still decent; the kicks have a potent hit and the way the decay comes off in its hits is satisfying. The bass and the pianos hold their respective ground, but that isolation of the bass from the drums once again gets obscure once the horns kick in.

# COMPARISONS

# Xenns Mangird Top Pro

The Xenns Top Pro absolutely blows the Mega5EST out of the water in almost everything it does. While the Mega5EST suffers from an excessive mid-bass thump that tends to overshadow other elements and tucks instruments into a blanket, the Top Pro delivers a freakishly controlled sub-bass that accentuates the track without seeping through. Where the Mega5EST struggles with isolation on technically elaborate tracks, the Top Pro fires back with a magnificent, wide stage and some of the best imaging capabilities out there. Even in the highs, where the Mega5EST shows a competent restraint against sibilance but feels faintly thin and dry, the Top Pro handles climaxes with more detail but can come off fatiguing and sibilant. The only areas where the Mega5EST even puts up a fight are in offering minutely smoother highs on rare occasions and perhaps slightly finer imaging, but it’s essentially a seamless victory for the Top Pro.

# Elysian Pilgrim

The Elysian Pilgrim takes an entirely different route compared to the heavy-handed, groveling bass approach of the Mega5EST. Where the Mega5EST over-indulges in mid-bass thump, in its light I really enjoyed how well and composed the Pilgrim felt. The Pilgrim effortlessly outclasses the Mega5EST in the midrange, trading the latter's fuzzy isolation for a wide stage, fabulous imaging, and juggles the act of balancing vocals beautifully (comparatively). However, the Mega5EST maintains an upper hand in treble smoothness; while the Mega5EST handles sibilance with impressive restraint, the Pilgrim suffers from a subtly audible grain and can feel like it runs out of air on high-pitched vocals, making it sound leaner in moments where the Mega5EST remains composed.

# Crinear Reference

The Crinear Reference serves as a surgical magnifying glass, standing in stark contrast to the thick, heavily colored presentation of the Mega5EST. While the Mega5EST comes in with an excessively aggressive bass attack and lingering decay that ruins my perception of the bass quality, the Reference keeps the lows strictly at abeyance, delivering a seasoned featherweight's punch with precise decay that never overstays its welcome. The Reference also completely outclasses the Mega5EST in technicalities: where the latter struggles to isolate bass lines from drum rudiments, the former balances the tightrope of coherence and isolation like a maestro, rendering perfect snare and cymbal timbre. The Mega5EST has problems with its note weight, whereas the Reference offers incredible rationing, a lip-smacking shimmer, and pristine detail retrieval with near-zero sibilance.

# Softears Studio 4

The Softears Studio 4 offers a much more refined and mature take on a warm, musical signature than the Mega5EST. While the Mega5EST throws too much aggression into the bass right out of the gate, the Studio 4 delivers a velvety, polite sub-bass that only unleashes its orchestral punch when the track strictly demands it. In the midrange, the Mega5EST manages vocals center-stage but falters with instrumental layering, whereas the Studio 4 delivers incredibly flavorful, full-bodied vocals backed by deadly precise imaging. The true magnum opus of the Studio 4 lies in its highs: crisp, soaring, and tonally magnificent, which makes the smooth but somewhat dry treble of the Mega5EST feel decidedly uninspired by comparison. While the Studio 4 can occasionally sound confusingly metallic on guitars, it remains a significantly more cohesive and emotionally engaging listen than the heavy-handed Mega5EST.

# Sennheiser IE600

Now, the IE600 has its own share of problems- dangerously spicy treble as per one’s HRTF where to me it’s just borderline there, and middling levels of instrument separation; but I would still take it personally over the Mega5EST because the IE600 has a ridiculously great bass quality, and specifically the mid-bass where I am of the opinion that it is leagues better than what I felt on the Mega5EST while delivering near comparable levels of detail and imaging, and while coming in a much smaller footprint and being so much comfortable.

But, sennheiser really fumbled with the quality control issues on it which were widespread and doesn’t really inspire buyer confidence, which is where the Mega5EST comes in with a better proposition, as I feel tip rolling and EQing can fix most of its issues.

# CONCLUDING NOTES

The Hisenior Mega5EST is hard for me to fully get behind, despite the cult status it has amassed over time. As I pondered in the beginning whether it has aged into wine or milk, I lean slightly towards the latter. On one hand, I appreciate the generous accessories, the fantastic fit, and the restraint it shows against sibilance, providing a relaxed, warm listen. But on the other hand, the excessively grovelling mid-bass thump, the fuzzy instrumental isolation, and the sheer lack of note weight in the upper frequencies leave me feeling hung out to dry.

When IEMs like the Xenns Top Pro exist and do almost everything better (although now I feel that the Top Pro has aged slightly worse and I need to update my review on it), or the Sennheiser IE600 offers a masterclass in bass quality, the Mega5EST feels like a heavily colored set that struggles to maintain its ground technically. And the hunches that it needs, despite being tuned to the newer JM-1 target while other IEMs tuned to the same target are offering better value for money, I think the Mega5EST simply has lost the plot in the current retail landscape.

**Will I buy the Mega5EST at retail ?** *Absolutely not.*  
**Will I buy the Mega5EST used ?** *Only if it can be found for US$250 or under (Approximately 25,000 INR or under).*

**SOURCES USED**

Primarily used with the Shanling M9 Plus DAP stacked with the xDuoo XD05 Pro running RoHM DAC chips, SMSL Raw MDA-1 desktop DAC amp.

# EARTIPS USED (RANKED IN ORDER OF PERFORMANCE)

* Acoustune AET08: Least amount of perceived bloat, adds to stage width, amplifies textures on the cymbals and vocals, maximum retention of vocal note weight, gives the widest perceived sound stage.
* Divinus Velvet standard/narrow bore: everything that the above does, but to a lesser degree, still beats the next eartip.
* KBear Coffee: flattens the mid-bass considerably, which hampers vocal note weight, eliminates whatever little sibilance is observed, retains perceived stage width.
* Tangzu Sancai Balanced: shrinks the stage, tightens up the midrange while not reducing the perceived bloat, presents upper mids with a concerning dip, vocal textures lost.

# TRACKS

* Rush: *Limelight*, *Spirit of the Radio*
* Daft Punk: *Get Lucky*, *Instant Crush*
* The Police: *Message in a Bottle*
* Alf Linder: *Cantique de Noël*, *Cantate Domino*
* Tipper: *Mariscos*, *Cloaked*
* Dave Brubeck: *Time Out*
* Tool: *Pneuma*, *Schism*
* Queens of the Stone Age: *First It Giveth*
* Pink Floyd: *Comfortably Numb*, *Wish You Were Here*, *Time*
* Tame Impala: *The Less I Know the Better*
* Animals as Leaders: *The Woven Web*
* Rage Against the Machine: *Bombtrack, Bullet in the Head*
* Avicii: *Levels*
* Periphery: *Marigold*
* TesseracT: *Juno*
* Kanye West: *Stronger*, *Flashing Lights*, *Devil in a New Dress*
* Altın Gün: *Goca Dünya*
* Timbaland: *Give It to Me*
* Adele: *Easy On Me (Live)*, *When We Were Young*
* Celine Dion: *All By Myself*
* Pavarotti: *Nessun Dorma*
* Mdou Moctar: *Tarhatazed*
* Cigarettes After Sex: *Cry*
* Meshuggah: *Bleed*
* A. R. Rahman: *Tere Bina*
* Alice in Chains: *Down in a Hole and Nutshell (Live)*
* Allen Stone: *Give You Blue*
* Florence + the Machine: *Never Let Me Go*
* The Smashing Pumpkins: *Luna*

  
  
",6,1786477211.0,iems,0,0.88,False
1vlrpdm,https://www.reddit.com/r/PakistanElites/comments/1vlrpdm/beauty_and_the_beast/,Beauty and the beast,"Salam everyone, it was about yesterday at Dolmen mall Clifton around 4-5 pm on the Melbrew coffee, I got my eyes locked with one girl as she was wearing a black kurta shalwar with some design on it, we starred at each other like for 5 mins but coudnt have a courage to talk to her, she was very attractive lol I wish if she is reading this post so we can have a chat.",1,1786477205.0,PakistanElites,4,0.67,False
1vlrnh2,https://www.reddit.com/r/TwoHotTakes/comments/1vlrnh2/stranger_encounter/,Stranger Encounter,"Hi everyone- didn’t know where to share this but I feel like I just have to tell someone about this crazy story. 

A couple of months ago I went into a coffee shop with my 1 year old son. A man came up to us and began friendly conversation. Out of nowhere, he looks my son in the eyes and tells him he’s going to have a baby sister very soon. Shocked, I just laughed it off and said we would see about that. I was actually really struggling at the time trying to decide if we were one and done or wanted one more child to complete our family. 

Life went on for a few more days as regularly scheduled. I had a birthday party coming up for a friend the next day that would involve a party bus and lots of drinking. My period was due to come the day after. With the reminder of the words from the random, burly, tatted up biker man at the coffee shop, I decided to take a test. I knew I wouldn’t be pregnant. My husband and I were careful, it took 2 years of infertility and a miscarriage to have our son- no way I would be pregnant 10 months postpartum, all things considered. 

Boy, was I wrong. The line appeared almost instantly. I was surely pregnant. 

Now, I’m 12 weeks along and just got back our NIPT results. Everything came back normal (always a blessing) and … it’s a girl. I have never laughed so hard in my life. 

Coincidence or not, the thought of a second kid made me extremely nervous, but seeing how everything fell into place like this stranger predicted- it feels like it was meant to be and has brought a sense of comfort. We are beyond excited to welcome baby girl in February! 

If I ever run into this guy again, I’ll be sure to ask him for the winning lottery numbers. ",8,1786477085.0,TwoHotTakes,5,1.0,False
1vlrmp5,https://www.reddit.com/r/Anxiety/comments/1vlrmp5/anxiety_about_getting_fired/,Anxiety about getting fired,"I’m 28. I’m a full time graphic designer (in house & self employed) but I have a 10 year history with hospitality. 

I’ve always had a bit of anxiety surrounding being in ‘trouble’ with anybody that’s an authority figure in any capacity in my life (thanks mum lol), but I was always fine at work till about 2020 and I was made redundant 3 times and I left another because it was awful, hospitality was on its arse and it felt like I was never gonna catch a break. 

In 2021 I got a full time position at a main coffee chain and I was ecstatic, it was great and everting was fine till we were all gossiping one day and somebody said that the manager needed to get rid of somebody because there were no hours, and as the last in I automatically assumed it would be me.   
For about 3 months, every single morning before work I’d throw up, I had no idea it was from anxiety till afterwards. One time I even threw up on the bus, and I’d often be sick in work too and I’d have to run off. After a while my manager pulled me aside and asked if I was ok and if I needed anything so I told him what I’d heard and he told me it wasn’t true and he wanted me to be supervisor actually but needed to know if I was ok first. Immediately after this conversation my symptoms completely disappeared. No more sickness. 

Well it’s 5 years later, I’ve moved on in my career and I’m now a full time in house graphic designer for a company I originally worked front of house for! It’s a great job, no problems. But every single day I am absolutely convinced I’m getting fired and it’s really annoying me now. 

I wfh 3 days a week and every time I get a message I’m convinced my manager thinks I’m not working (even though I send work throughout the day and he’s never said anything) and i feel sick again. There are absolutely no signs of trouble at work, if anything it’s the opposite, the company is doing well, I just got my own company email, we’ve just finished  a huge project we’re all happy with and I’m told as a joke often that I can’t leave because they like my work and YET I’m convinced at every single moment I’m going to be fired effective immediately. 

Can anybody relate or have any advice? I’m pretty sure I’m just a bit traumatised from the covid job market but it’s infuriating to live with!’ ",1,1786477038.0,Anxiety,0,1.0,False
1vlrlg1,https://www.reddit.com/r/CoffeePH/comments/1vlrlg1/looking_for_suggestions/,LOOKING FOR SUGGESTIONS,guys pls help. my friend and i are looking for a quiet and affordable coffee shop around manila after ng errands namin sa feu. any suggestions po? thank you in advance!,1,1786476958.0,CoffeePH,0,1.0,False
1vlrl73,https://www.reddit.com/r/Maidstone/comments/1vlrl73/bored_after_uni_lol/,Bored after uni lol,"Hi! I’m 21F and back home from uni for the summer, so I’m looking to meet some new people around my age in the area.  
I’m always up for spontaneous plans and trying new things, whether that’s going for food, coffee, walks, shopping, beach days, the cinema, day trips, or just getting out of the house instead of spending another day doing nothing 😭  
I’m Black, so it’d be really nice to meet other minorities too, as I’d love to make friends with people who have similar backgrounds and experiences. But if you think we’d get along, feel free to message regardless!  
If anyone’s in a similar position and wants to make some genuine local friends this summer, send me a DM or leave a comment 😊",2,1786476941.0,Maidstone,0,1.0,False
1vlrl3e,https://www.reddit.com/r/UnreleasedIDTechHouse/comments/1vlrl3e/dm_if_ur_looking_for_top_unreleased/,DM IF UR LOOKING FOR TOP UNRELEASED ⬇️⬇️,"***ADAM TEN***

***Adam Ten, Josh Gigante - On My Mind*** 

**⁨Adam Ten, Rafael - Beat Goes On (Extended Mix)**

**Adam Ten , TheRealJunior - ONLY ONE**

**Adam Ten & Mita Gami & Yamagucci - Pistolero**

**Adam Ten - A deeper love ( Ft. Aretha Franklin)**

**Adam Ten - Cold Summer**

**Adam Ten & Rafael - Beat goes on**

**⁨Adam Ten, TheRealJunior - ONLY ONE.**

**Adam Ten & Māori - Spring Girl**

**Adam Ten - Love like this**

**Adam Ten , Leo Sagrado - Nu dance**

**Adam Ten & Mita Gami ft. Marina Maximilian - million pieces** 

**Adam Ten & Rafa & Busta rhymes - Touch It ( Dilly ‘sweet boy’ edit)** 

***AVIV SAB***

**⁨AVIV SAB - Mauiiii**

**⁨AVIV SAB & N.O.Y - Like That**

**AVIV SAB & NOY - Damn Good**

**AVIV SAB & N.O.Y - Wanna Be Your Lover**

**AVIV SAB & SAPIAN - Deep House Pumpin**

**AVIV SAB & N.O.Y - Blow A Kiss**

**⁨AVIV SAB & Oi - Good Life**

***BLACK COFFEE***

**BLACK COFFEE - Superman (Meera Remix)** 

**BLACK COFEE- ⁨Finally A Rapture**

***BELTRAN***

**⁨Beltran - Dr. Octopussy**

**⁨Beltran - Nights of Patagonia** 

**⁨Beltran - Party Rockin**

**⁨Beltran - Mo'Jitos Mo'Problems (Drunk Mix)**

**Beltran x Prospa - Hip Hop Star**

**Beltran & Marco Strous - Double Dutch**

**My Friend Dario - ( Beltran Edit )**

**BRUNELLO**

**Brunello - Clown Shoes**

**Brunello, Hilel Lev - Apathy**

**Brunello - Helium**

**Brunello, Connan - The Clown's Corridor**

**Brunello - Ghost Dance**

**Brunello - Science Fiction ( Nicare Edit)** 

**Brunello - Ghost Dust**

**Brunello - Sandpiper** 

**Brunello - 11th hour** 

***CHASEWEST***

**CHASEWEST - ILL BEHAVIOR** 

**CHASEWEST, DISCIP - LUDACRIS**  

**A Little - CHASEWEST**  

**PEDROZ X CHASEWEST- RIDE 4 ME** 

**CHASEWEST - EJ ENTERTAINMENT**  

**CHASEWEST - YAMAGUCCI 2**

***CLOONEE***

**⁨CLOONEE, YOUNG M.A, INNTRAW - STEPHANIE (ORIGINAL MIX)**

**⁨Cloonee - Wrap Me In Your Arms**

**⁨Cloonee - If You Only Knew**

**Snoop Dogg - Gin & Juice (Chris Lake & Cloonee Remix).wav**

**MGMT - KIDS (Cloonee X FEZZO Remix).wav**

***DARCO***

**Darco - Crowd Move**

**Darco - K.B**

**Darco & Dvirnuns - Cant get enough**

**Darco - PDSTM** 

**Darco & ITAYGA - Tuk Tuk**

**DARCO & ADAM TEN  - LIMOUSINE**

**Darco - Story (MSTR)**

**Rex The Dog - Sicko (Darco remix)**

**Sogand - Khodaya (Darco remix)**

***DISCIP***

**⁨Discip - Sexy Bitch**

**⁨Discip - Dirty**

**⁨Discip - Gimme That Beat** 

**⁨CHASEWEST & DISCIP - LUDACRIS -** 

**⁨Duke Dumont - Ocean Drive (Discip Remix)**

***GABSS***

**⁨Gabss, Buogo - Perculator (Original Mix)**

**Gabss & BRN - Techno Addiction**   
**⁨**  
**Gabss - Control (Original Mix)**

**Gabss - Mistical woman (Original Mix)**

**Gabss - Work (Original Mix)**

**Gabbs - More**

**Gabbs and Knorst - The Light** 

**⁨Gorrilaz - Dare (Gabss Edit)**

**Frank Ocean - Lost (Gabss e Vintage Culture Edit).wav⁩** 

***GUDFELLA***

**Gudfella & Yamagucci - Ride**

**Gudfella - Funky Feeling**

**⁨Gudfella - Morning Coffee**

**Gudfella x lightleak - studio 54 (on & on)** 

**GUDFELLA x Deeper Purpose x Gkat - PUSHA MAN** 

**Gudfella x lightleak- concord**   

**⁨Gudfella\_X\_Vintage\_Culture\_Morning\_Coffee\_X\_Lost\_Zonatto\_Pvt\_Mashup**

***HUGEL***

**⁨Hugel, Bob Sinclar, Jenn Morel - Mi Pum Pum.**

**⁨HUGEL - I ADORE YOU (VANCO EDIT)**

 **HUGEL, French Montana, Max B – One Night (Extended Mix)**

***JAMES POOLE***

**⁨james poole, havoc & lawn - meal deal**

**⁨Prospa & Cloonee - Free Your Mind (James Poole Edit)**

**James Poole - Rave Essentials** 

**james poole & guy burns - changes** 

**James poole & jayc - story of my life** 

**James poole, smokey bubblin b & guy burns** 

***JIMI JULES***

**Jimi Jules - Looking For You.wav⁩** 

**⁨Jimi Jules - Whisper To Me.wav⁩** 

**⁨Jimi Jules - My City's On Fire (Anyma & Cassian Extended Remix)** 

**Jimi Jules - ⁨Amarus First Steps On**

***JORD***

**⁨JØRD - Bananeira**

**⁨Rafael, JØRD - Peanut Butter ( In Love )** 

**⁨JØRD - The Bump.**

**⁨Daydream (JØRD V.I.P Edit)** 

**⁨Dansyn, Jord - The Future (extended mix)** 

**⁨Boogie Nights (JØRD Edit) \[Promo\]**

**⁨Oh Yeah (JØRD CGS Edit)**

**⁨JØRD, NOSTATIC - Club Mirror**

**⁨JØRD & Fancy Inc. - Reckless**

***MACCABI HOUSE*** 

**Maccabi House - The XX - Crystalised (Bletter Maccabi Edit).**

**⁨           Maccabi House - Rose Royce - Wishing On A Star (Bonafique Maccabi Edit**

**UZA - The Temptations - Papa Was A Rolling Stone**  
**(UZA Maccabi Edit)**

***MAU P***

**⁨Mau P - Kings Of Leon - Use Somebody (Mau P Flip)**

**Mau P - Like I Like It (Pedrik Remix)**

**⁨Mau P, Fleetwood Mac - Dreams (Mau P Edit)**

**⁨Mau P vs. Claptone vs. Rune vs. Kid Cudi X Tyla- Beats for the Calabria Memories X Water  (PLUS2 X WeDamnz) (Rob Laniado Mashup)**

**Mau P Remix - Just Wanna Rock EXTENDED MIX.wav⁩** 

**⁨Fleetwood Mac - Dreams (Mau P Edit).**

**⁨Detlef & Shakedown - Music Please At Night (Mau P Edit)**

***OMRI***

**⁨Omri. - Certified Weapon (OG version)** 

**OMRI - Funky Music**

**⁨OMRI. & Balanka - Show Me How To Do Dj**

**OMRI., Yamagucci - Selector (Original Mix)**

**Nevve,OMRI, Adam Sellouk -  Activate feat Nevve feat Nevve tszr**

***ODD MOB***

**Odd Mob 'Dancing Boys, Dancing Girls' (Extended Mix)**

**⁨Odd Mob 'Don't Stop Make That Body Rock' (Extended Mix)**

**⁨Odd Mob 'Rock The Rhythm (I Like That)' \[Extended Mix\]**

***PROSPA***

**Prospa,Ben sterling - Ayo technology X Dont stop (50 cent)**

**⁨Prospa & Cloonee - Free Your Mind (James Poole Edit).wav**

**⁨Prospa - Dont Stop (SCRIPT Remix)**

***PAWSA***

**Pawsa - 7 min freestyle** 

**Pawsa - Come Through**

**Pawsa - Hot stuff** 

**⁨PAWSA & Kollekev Turmstrasse – Sorry I Am Late Pilot (Barco Unreleased Edit)**

**⁨PAWSA - Give Me The Night**

**⁨PAWSA - Bad Girl Sad Girl.wav⁩** 

**⁨PAWSA - FEEL RIGHT (EXTENDED).**

**⁨PAWSA - Give Me The Night.wav⁩**

**⁨PAWSA - Roll Play (Extended Mix)**

**⁨Pawsa - THRILLER.wav⁩** 

**⁨PAWSA - TOO HOT** 

**⁨PAWSA - DOUBLE C** 

**⁨**  
***RAFAEL***

**⁨Rafael - Down Baby** 

**⁨Rafael - Down To Funk.**

**Rafael - loud enough** 

**⁨Rafael - We Come In Peace (Beltran Remix)**

**⁨Rafael - It's Gonna Be Cool** 

**⁨Rafael -  DIamond.**

**Rafael & Richard fine - My Soul** 

**⁨Rafael, Millero - Get Rich**

**⁨Rafael - Vibration**

**Rafael - Wiggle It** 

**Rafael, JLYRD - In Love** 

**Rafael, JLYRD - Peanut Butter**

**Rafael, Mita Gami - What is love x Work**

***SAMM***

**Samm (BE) - Caribou - Can't Do Without You (Samm Rework)**

**⁨Samm(BE), juno(DE) - Feel so right.**

**Samm - Paradise** 

**The Bausa – Magnetic (Samm Extended mix) - Piece of Music.mp3**

**⁨*****TEEDEE***

**TeeDee - Passion**

**TeeDee - Only You**

**TeeDee - Sink Into The Floor**

**TeeDee - Something About You**

**TeeDee - Freak**

**TeeDee - I don't even love you**

**TeeDee - Just Be Good To Me**

***TONI B***

**Toni B - Do It Again**

**Toni B - Dollar** 

**Toni B & Dodi - Scream For What**

**⁨Toni B - Midnight City**

**Toni B - No More Games**

**Toni B & JATO - I Got Soul**

**Toni B & Dodi - Vibe Check (Sun Goes Down Edit)**

***VINTAGE CULTURE***

**⁨**  
**⁨Vintage Culture, Zerky - Innerbloom**

**⁨Vintage Culture, DEPARTAMENTO - COPYCAT** 

**⁨Vintage Culture, Volkoder - Hands Up (Original Mix)**

**Vintage culture - RAVEFLIX**

**Vintage culture - PINK MAGIC**

**Vintage culture,elderbrook - RUN (Gabss remix)**

**Vintage culture - Sally**

**Vintage culture, Chemical surf - Feeling Good (JORD Remix)**

**Max Styler, Vintage Culture, Ali Love - Freaky 1 (Extended Mix)**

***VOLKODER***

**Volkoder - Everybody**

**Volkoder - Crazy ( Adam Ten Remix)**

**Volkoder - All Night Long**

**Volkoder - Trajado**

**Volkoder - Hands Up**

**Volkoder - Fractions Vs Music is the answer**

**Volkoder - Act Up (bad boy)**

 **⁨**  
***OTHERS***** **

Afefe Iku - Mirror Dance (DSF remix).wav

**Adam Sellouk Remix ⁨- We Are The People)**

**⁨Ajna (BE) - ID + VOX What To Do**

**⁨AVE - ABYSS** 

**⁨ACTIVE (SOMMA & YUMA RMX)**

**⁨Andrea\_Oliva,\_Moeaike\_I\_Love\_You\_So\_Shimza\_Extended\_Remix.**

**Better off alone (Taro Dub**

**⁨Bon Jovi - It's My Life (R3CKZET, Zone7 Remix)**

**⁨Bonafique & Yuvee - Profil**

**Calvin Harris - Blame ( Candy cloud saluz edit)**

**⁨CHASEWEST - YAMAGUCCI 2.**

**Chris Lorenzo - Hots 4 U**

**⁨Carlita edd remix - Sweet Disposition.**

**Chris Stussy, Litmus - Artefact**

**⁨Coco, Joezi, Pape Diouf - 7 Seconds (Moojo Remix).wav⁩** 

**⁨Camelphat - Sunshine (Extended Mix).mp3⁩** 

**, CamelPhat, ⁨Rhodes, ARTBAT - For a Feeling (Extended Mix)**

**⁨Caesars - Jerk It Out (Notre Dame Edit)**

**⁨Chemo (IL) - Back Of My Eyes (Original Mix)**

**Dansyn & DOX - Work It Out (Extended).wav**

**Deco & Florist - SHHHH** 

**⁨Daydream (JØRD V.I.P Edit)** 

**Dave, Burna Boy - Location (RAPTO Remix).wav⁩**

**⁨Drake\_Get\_it\_Together\_ft\_Black\_Coffee\_&\_Jorja\_Smith\_Samson\_Remix.wav⁩** 

**⁨Don't Stop Til You Get Enough (Joshwa Edit) - MJ.wav⁩** 

**⁨Dua Lipa, Angèle - Fever (Theo Lucan Remix) Extended**.

**⁨Dean Turnley - Actin' Tough \[Proppa DJ Tool Edit\]**

**⁨Estelle Ft. Kanye West - American Boy (Heliograph Remix)**

**⁨EsDeeKid - 4 Raws (Anyma & HILLS remix)**

**⁨00 - Fatima Yamaha - What's a girl to do (Yuvee Remix)**

**Fairuz - Le Beirut (Demaya Calamar Edit)**

**⁨Fairuz\_Saalouny\_El\_Nas\_Kobi\_Darbuka\_Afro\_House\_Remix\_intro.**

**⁨Future, Metro Boomin - Slimed Out (Ship Wrek Edit)**

**⁨Fleetwood Mac - Dreams (Mau P Edit).**

**⁨Funky Green Dogs - Fired Up (Gabss Edit)**

**Francis Mercier - ⁨Papaoutai remix** 

**Giaggi - Mind Dimension V2** 

**Gordo - Loco Loco (Mowze Remix)**

**⁨Gudfella - Morning Coffee**

**⁨Goodboys x DEPARTAMENTO - DISCOTECA.**

**⁨GREG 99 & MARCKENZO - Violent** 

**⁨HILLS & Shilla - Right Now (Extended Mix) MASTER .wav⁩** 

**⁨IDEMI - Funky (Original Mix)**

**⁨Jamaican (Bam Bam) - Jast Remix**

**⁨Josh Baker, Eliza Rose - Down To The Bone.wav⁩** 

**⁨Jenia Tarsol & Darco - Nobody**

**⁨Jackie - Detroit.**

**Jackie, Aviv Sab - Sexy MF**

**⁨JØRD - Bananeira**

**⁨JØRD - The Bump**

**⁨Joshwa - Out of My Mind (Rello's Electro Mix)**

**⁨K.O , Jackie - Dont Push It**

**⁨Keinemusik\_&ME,\_Black\_Coffee\_The\_Rapture\_Pt\_lll\_NOMA\_DE\_Remix\_**

**⁨Kanye West - Violent Crimes (Marten Lou Remix).wav⁩** 

**⁨KETTAMA - RAW CUTS (FINAL)**

**⁨Kettama - solo (KETTAMA remix**

**⁨Kings of tomorrow - Finally (Acapella).mp3⁩** 

**LUCH & PEACE CONTROL - COMPADRE V3.wav**

**Max Dean - Hate it or love it**

**⁨Madonna\_Like\_a\_prayer\_Birds\_of\_Mind\_&\_Selim\_Sivade\_edit.wav⁩** 

**⁨Mgmt – Kids (Cloonee X Fezzo Remix)**

**Mont Rouge & Peace Control - Revolution**

**⁨Michael Jackson - Thriller (Black Coffee Remix)**

**⁨Michael Jackson - Rock With You (Tbloure Edit)**

**⁨Moblack, David Mackay, Gloria - I Will Survive**

**⁨Mita Gami - First track.wav⁩**

**⁨Nitefreak\_x\_VidoJean\_&\_Oliver\_Loenn\_Where\_Ever\_you\_are\_Extended.wav⁩** 

**⁨Notre Dame - Do For Your Love.wav⁩** 

**⁨Notre Dame, Alex Wann, carteblanche (ofc) – The City (Extended Mix)** 

**⁨Noir & Haze - Around (Ricck(BR) - Fatsync Edit)**

**Pedroz, GREG (BR) - Music Is The Answer** 

**⁨Phil Collins - In The Air Tonight (OMRI. Remix).**

**⁨POLOVICH - The Sound (Extended)**

**⁨Pump It Up**

**Rampa, Dawda - Low**

**⁨Rapture You & Me.mp3⁩** 

**⁨Ricck(BR) - Mind Dimension** 

**Ruze - What A Girl Do**

**Rüfüs Du Sol - Music Is Better (Rydz Remix**) 

**⁨RUFUS DU SOL - On My Knees (Cassian Remix)**

**Rufus Du Sol - Next To Me (BLK&	WHT master)**

**⁨R.E.M & Danidane, MAAURA, Ape Drums – Losing My Religion (Mode Flick 'Like Dat Ape Drums' Edit).mp3⁩** 

**⁨Rihanna - Don't Stop The Music (Darco Remix).**

**SNAP - Power (Capri extended remix)** 

**⁨Sapian - TAKES ME (Master V6)**

**Sade - I Never Thought I'd See The Day (Jentzen Edit)**

**⁨Stranger Things \[Master\].wav⁩**  

**⁨SAUTI X YAYO (Moloko x KnK EDIT).wav⁩**

**⁨Snoop Dogg - Gin & Juice (Chris Lake & Cloonee Remix)**

**Tame Impala - The Less I Know the Better (David Mackay Remix) 2.wav**

**⁨Tame Impala - Dracula (OMNOM Remix) (Extended Mix)**

**⁨Travis Scott - Trance (Omada Remix).wav⁩** 

**⁨Travis Scott - Highest In The Room (Nostalgia Remix).wav⁩** 

**⁨TRAVIS SCOTT – BUTTERFLY EFFECT (&ME EDIT)**

**⁨Tems - Me and you(Duplex\_pz remix).wav⁩** 

**⁨The Future (Dani Barbosa Remix).wav⁩** 

**⁨Tripolism, Nandu - Sunrise (Club Version)**

**⁨TOBEHONEST - Poppin (Extended Mix)**

**⁨TOBEHONEST\_&\_Broken\_Hill\_Zero\_Tolerance\_Extended\_Mix**

**Eric Prydz - We Are Mirage (AJs House Extended Remix)**

**⁨Verso, Michael - Love Me** 

**⁨VOID - LATCH (WE MIX)**

**⁨Vinter - This Is Not The James Brown (Extended Mix)**

**WORK IT - DOM DOLLA X MAX STYLER EDIT (V4)**

**⁨Xinobi, Vaarwell - Far Away Place (ARYMÉ Extended Remix**)",1,1786476936.0,UnreleasedIDTechHouse,1,1.0,False
1vlrkzz,https://www.reddit.com/r/SwordAndSupperGame/comments/1vlrkzz/peril_and_irish_ice_coffee/,Peril and Irish Ice Coffee,This post contains content not supported on old Reddit. [Click here to view the full post](https://sh.reddit.com/r/SwordAndSupperGame/comments/1vlrkzz),1,1786476929.0,SwordAndSupperGame,0,1.0,False
1vlrkqx,https://www.reddit.com/r/Advice/comments/1vlrkqx/how_to_encourage_my_partner_to_cleandeclutter/,How to encourage my partner to clean/declutter?,"My partner has a bit of a hoarding habit, a lot of our shared spaces (living room, office, and kitchen) are filled with their items.   
They often leave their items out for weeks without putting them away. For example it was their birthday a month ago and their presents are still on the coffee table. They are very worried about loosing their things (previous family trauma I don’t want to get into) so if I were to move anything they accuse me of going through their stuff or throwing it away.   
Sometimes when I specifically ask where to move their stuff they just say to put it in the office, but after living here 2 years the office is almost filled to the brim and you can barely walk through it properly.   
I always offer to help and never try to shame, I know that my partner is embarrassed by the mess and would feel so much better if it was clean, but I’m not sure what else to do. Any advice is greatly appreciated thank you. ",1,1786476915.0,Advice,2,1.0,False
1vlrket,https://www.reddit.com/r/AutisticWithADHD/comments/1vlrket/does_coffee_help_you_focus_on_work_more_easily/,Does coffee help you focus on work more easily?,"Sometimes, I drink coffee to help me get through a difficult thing that would usually stress me out. I lose track of time pretty easily, so I don't know exactly how long it lasts, but it seems to only last somewhere between 30 minutes to an hour. And I can feel the shift, too.

That makes me wonder... How does coffee affect you? Is it anything like how I described it? Or is it completely different?",3,1786476896.0,AutisticWithADHD,7,0.8,False
1vlrk17,https://www.reddit.com/r/electronic_city/comments/1vlrk17/best_momo_place_in_ecity/,Best momo place in e-city?,"Couldn't find a momo place or decent pani puri in electronic City, also let me know where you go for tea and coffee and favourite street food places",1,1786476873.0,electronic_city,10,1.0,False
1vlrk03,https://www.reddit.com/r/antiwork/comments/1vlrk03/casting_a_bad_light_on_the_team_with_above/,Casting a bad light on the team with above average performance,"Today I got a warning from my supervisor. It was a spontaneous meeting via teams with the title ""Performance"". 

Its our most busy seaaon at the moment. I work from home and have been doing more than the rest of our team for almost a year now. I never questioned it. I just do my job and work as good as I can.

Recently I have beaten the overall team record for solved tickets three times in a row in the last 2 weeks. Its our most busy time as I said. I am exhausted. I could see the numbers in my dashboard so I really thought, dumb as I was, the meeting is a clap on my shoulder for good work. Boy was I wrong. People higher than my supervisor started noticing that there is an individual doing 2-3x the work of other team members per shift. So now my supervisor has to find excuses for this. I was told this casts a bad light on the whole team and I got an official warning.

Now I dont know how to proceed. Sure some will tell me just do less no one will thank you anyway but I am unsure if I can continue. This workplace has been a mess with broken promises and this is just the cherry on top.

People who drink coffee and joke with the supervisor while doing nothing productive getting raises meanwhile I get a warning because I do too much, like what the hell is this work environment ?!",39,1786476871.0,antiwork,22,0.89,False
1vlrjjw,https://www.reddit.com/gallery/1vlrjjw,UFT,"sandwich UFT only for coffee from same series  
ladybug UFT for halloween isos only (might be a bit picky) also nothing from top row of iso",3,1786476848.0,SonnyAngel,1,1.0,False
1vlriud,https://www.reddit.com/r/referafriendUKscotlan/comments/1vlriud/5_off_your_first_coffee_order_origin_coffee/,£5 off your first coffee order | Origin Coffee Roasters,"The link below will allow you to receive £5 discount off your first Origin Coffee order when you order through the link (when you spend above £20).

[https://prz.io/PK4dbB6im](https://prz.io/PK4dbB6im)

**LL-XD96DM7Q**

Copy the code above, click continue and use it during checkout. There is a minimum order of £20 applicable.

I have used these guys a few times and they have really nice coffee.They also have a very generous loyalty scheme where you can earn points for a variety of tasks to get free coffee. They even credited my account with £5 worth of points on my birthday.

Thank you for reading 🙏🏼

",1,1786476804.0,referafriendUKscotlan,0,1.0,False
1vlrifo,https://www.reddit.com/r/SavvySaversUK/comments/1vlrifo/5_off_your_first_coffee_order_origin_coffee/,£5 off your first coffee order | Origin Coffee Roasters,"The link below will allow you to receive £5 discount off your first Origin Coffee order when you order through the link (when you spend above £20).

[https://prz.io/PK4dbB6im](https://prz.io/PK4dbB6im)

**LL-XD96DM7Q**

Copy the code above, click continue and use it during checkout. There is a minimum order of £20 applicable.

I have used these guys a few times and they have really nice coffee.They also have a very generous loyalty scheme where you can earn points for a variety of tasks to get free coffee. They even credited my account with £5 worth of points on my birthday.

Thank you for reading 🙏🏼

",1,1786476778.0,SavvySaversUK,0,1.0,False
1vlrhzz,https://www.reddit.com/r/MakeMoneyInUK/comments/1vlrhzz/5_off_your_first_coffee_order_origin_coffee/,£5 off your first coffee order | Origin Coffee Roasters,"The link below will allow you to receive £5 discount off your first Origin Coffee order when you order through the link (when you spend above £20).

[https://prz.io/PK4dbB6im](https://prz.io/PK4dbB6im)

**LL-XD96DM7Q**

Copy the code above, click continue and use it during checkout. There is a minimum order of £20 applicable.

I have used these guys a few times and they have really nice coffee.They also have a very generous loyalty scheme where you can earn points for a variety of tasks to get free coffee. They even credited my account with £5 worth of points on my birthday.

Thank you for reading 🙏🏼

",1,1786476751.0,MakeMoneyInUK,0,1.0,False
1vlrh4l,https://www.reddit.com/r/Referraluk/comments/1vlrh4l/5_off_your_first_coffee_order_origin_coffee/,£5 off your first coffee order | Origin Coffee Roasters,"The link below will allow you to receive £5 discount off your first Origin Coffee order when you order through the link (when you spend above £20).

[https://prz.io/PK4dbB6im](https://prz.io/PK4dbB6im)

**LL-XD96DM7Q**

Copy the code above, click continue and use it during checkout. There is a minimum order of £20 applicable.

I have used these guys a few times and they have really nice coffee.They also have a very generous loyalty scheme where you can earn points for a variety of tasks to get free coffee. They even credited my account with £5 worth of points on my birthday.

Thank you for reading 🙏🏼

",1,1786476702.0,Referraluk,0,1.0,False
1vlrh43,https://www.reddit.com/r/beermoneyuk/comments/1vlrh43/costa_coffee_five_free_bonus_beans_towards_a_free/,Costa Coffee - five free bonus beans towards a free drink + a birthday cake freebie,"Costa Coffee has a loyalty scheme that gives you a free ""bean"" each time you buy a drink and when you've collected 10 beans, you get a free drink.

Luckily for you, you can get **5 free beans** towards a free drink (**in addition to another bean when signing up**) when you sign up to the app through a friend AND make your first purchase. That's 6 free beans!

Plus, Costa gives you a free treat on your birthday, so make sure you enter your details to claim it when the time comes.

**How to get 5 (+1) free beans at Costa Coffee:**

1. [**Sign up using my referral link here**](https://app.costa.co.uk/PsbT/4w665i6k) \+ enter code **L1OPV** (all letters except the 1) - open the link on your mobile as it directs to the app. You'll earn 1 free bean automatically at this stage.
2. Make a drink purchase to activate your 5 additional referral bonus beans!
3. Enter your date of birth to collect your free Birthday Treat (you'll have 7 days to redeem it)

Enjoy! 😊

**LINKS**

* [Referral link here](https://www.costa.co.uk/costa-club?raf_code=L1OPV) \+ enter code **L1OPV** (all letters except the 1)
* Non-referral: [https://www.costa.co.uk/](https://www.costa.co.uk/)
",4,1786476701.0,beermoneyuk,3,1.0,False
1vlrgkj,https://www.reddit.com/r/simpleliving/comments/1vlrgkj/whats_a_small_thing_you_started_doing_just/,What’s a small thing you started doing just because it makes you happy?,"I’ve been trying to stop waiting for the “right” circumstances to enjoy things.  
Sometimes it’s just getting coffee somewhere I like, going for a walk, reading a few pages, or trying something new without needing a reason.  
Nothing life-changing. Just small things that make an ordinary day feel a little better.  
What’s something small you started doing recently just for yourself?",16,1786476667.0,simpleliving,14,0.81,False
1vlrgbt,https://i.redd.it/n20c4s9assih1.png,"Instamart hyderabad, don't know how good this is",,0,1786476651.0,protein_deals,4,0.5,False
1vlreit,https://i.redd.it/c5oh3trxrsih1.jpeg,Why Does Hawaiian Coffee Taste So Smooth? A Guide to Low-Acid Coffee,"One of the things we hear most from coffee drinkers is that they want a cup that's **rich and flavorful without the sharp, acidic bite** they experience with some coffees.

So, what actually makes a coffee taste lower in acidity?

# 🌋 It Starts With Where the Coffee Is Grown

Origin and growing conditions have a major influence on the acids, sugars, and flavors that develop inside a coffee cherry.

Hawaiʻi's volcanic soils, tropical climate, elevation, rainfall, and growing conditions create distinctive coffees that can offer a beautifully balanced cup with natural sweetness and smooth flavor.

But origin is only part of the equation.

# ☕ We Choose Our Other Origins With Acidity in Mind, Too

Not every Maui Coffee Co. coffee is 100% Hawaiian.

For our signature blends, we source coffees from outside Hawaiʻi as well. When selecting those beans, **a smooth, lower-acidity flavor profile is one of the characteristics we look for.**

That means we're thinking about acidity before the coffee ever reaches the roaster—not trying to mask an overly sharp coffee afterward.

# 🔥 Small-Batch Roasted in Lahaina, Maui

Roasting can dramatically change how acidity is perceived in the finished cup.

We small-batch hand roast our coffees in Lahaina, allowing our Roastmaster to develop the deeper chocolate, nutty, caramelized and naturally sweet characteristics we love while creating the smooth, balanced style that has defined our coffee for decades.

# 🫗 Your Brewing Method Matters, Too

If you're looking for an especially smooth cup, try experimenting with your brewing method:

**French Press:** Use a coarse grind, steep for about 4 minutes, then press slowly.

**Pour-Over:** Start around a **1 tablespoon of ground coffee for every 6 oz of water** with water between **195–205°F**. Adjust your grind and temperature to find the sweetness and body you prefer.

**Chemex:** Try a medium-coarse grind and slow, even pours. The thicker filter produces an especially clean cup.

**Cold Brew:** Steep coarse-ground coffee in cold water for roughly **12–18 hours**, strain, and dilute to taste. It's a great method for anyone who prefers an especially mellow coffee profile.

# 🌴 The Maui Coffee Co. Method

Whether we're sourcing coffee grown here in Hawaiʻi or selecting coffees from other growing regions for our blends, we're looking for the same thing: **quality beans that can produce a smooth, balanced cup without an overwhelmingly sharp acidic taste.**

Because your morning coffee should taste like something you look forward to—not something you have to fight your way through.

**What coffee gives you the smoothest cup: French press, pour-over, drip, or cold brew?**",1,1786476545.0,MauiCoffeeCompany,0,1.0,False
1vlre4i,https://www.reddit.com/r/antiai/comments/1vlre4i/do_people_actually_like_the_ryze_coffee/,Do People Actually Like the Ryze Coffee Commercials?,"I apologize if this is not the place to post this. I've been seeing a lot of Ryze AI Generated commercials. I usually try to just scroll past, but I keep noticing that every single comment is something along the lines of ""Love this"" and ""Best advertising ever"" or ""Love the marketing"" meanwhile the imagery always feels uncanny, and even grosses me out. Is Ryze paying all of these people to like these AI videos? There's no way that there's not a single person who hates these videos.",2,1786476520.0,antiai,2,1.0,False
1vlrdq1,https://www.reddit.com/r/IndiaCoffee/comments/1vlrdq1/how_to_get_caféstyle_milk_froth_without_an/,How to get café-style milk froth without an espresso machine?,"I recently bought an **AeroPress** as my first coffee-brewing tool and I’m slowly developing a taste for black coffee. But occasionally I’d like to make a **cappuccino/latte-style coffee at home** without investing in an espresso machine.

**My primary question:** What is the best budget-friendly tool/method to get **proper café-style microfoam from milk**, with a smooth, consistent texture similar to what you get from an espresso machine’s steam wand?

I’m **not looking for the usual handheld frother that just creates a lot of bubbles**. I specifically want something in a budget that can consistently produce fine, silky thick milk and foam suitable for cappuccinos/lattes.

**Second question:** how can an AeroPress make a sufficiently **strong, espresso-like concentrated shot** that I can dilute or use as the base for a milk-based coffee? If yes, what recipe/method would you recommend?

Budget-friendly recommendations would be greatly appreciated!",3,1786476498.0,IndiaCoffee,1,1.0,False
1vlrdmr,https://www.reddit.com/r/TalesFromTheCreeps/comments/1vlrdmr/pearl/,Pearl.,"Marx Cassidy chewed what felt like pond silt between his remaining teeth that throbbed, and ached. It mingled with the particular bitterness he had learned to taste in his own blood. If the inside of this abandoned hoarder hole was his final place of rest—he at least needed to know why. His head rose and he stared at the silhouette of the boy who bloodied his lip and broke a few fingers. Marx had passed out from the pain and woke up to his aching teeth, and when he tongued where his gold tooth had been, it was gone. The still nameless boy sat on top of the cramped kitchen counter.

He twisted his hands again against the zip ties that held him to the cabinet doors beneath the small kitchen island, and it bit his skin where the metal and the zip tie’s hard plastic met. Marx’s exposed flesh crawled itch by itch as insects dove in sweeping attacks from the overhead swarm.

The boy remained silent.

Marx shifted again and again. Cupboards rattled and clopped in an awful racket before the figure opened his mouth. The shadow's tinny voice finally broke the silence. 

“No gettin’ out of it, father—er, is it pastor? Bishop? Beats me,” He moved his face into the light, and narrowed his eyes, “and speaking of—”

The overhead kitchen light, reduced only to a bulb, swung on its wire. The boy’s proud nose split a narrow face into halves light and stark shadow. No older than sixteen, he glared at the bleeding preacher. Then the boy’s fierce brown eyes shifted somewhere beyond Marx, over his shoulder, perhaps. 

Then they snapped back to Marx’s.

A flash of lightning filled in the shadows under the sick ochre colored light, and he could see a dozen or so burgundy, folded handkerchiefs stacked on the counter. Each in a neat triangle and embroidered with a gold monogram: RGA, next to the dingy fridge, spotted with black specks of blackened oil. Plates full of rotted, molded food decorated the cabinets, and flies, fat on the refuse, buzzed through the air on wings barely large enough to keep them aloft in the humid air. Marx found himself holding his breath as congealed blood dripped in long, sticky strands from his lip to the floor.

“Name’s Reuben Morehouse by the way. Introduction’s still in order, I suppose. Mama runs a proper household.” He peered through the slits in the blinds. “My mama’s Ethel Morehouse, and my sister’s name wa-”

 He paused for a moment. 

“*Is*—Pearl.” Reuben moved across the room in the thumping steps. “You healed her.” He brushed his pants off and began folding another crimson napkin. “My mom.”

Marx scrolled back beyond the grin as dollar bills shuffled thumb to thumb. He searched through the fevered nights spent doubled over a woman with consumption, or a man crippled by palsy, and searched the faces for *anything* familiar. Anything that could buy him another hour. But nothing came to his aid

“Son, lots of people get healin’ at those tent revivals. The Lord gave me the hands to heal, but the memory to remember every name? Well—that’s somethin’ I’m gonna have to keep on prayin’ for.”

“She was blinded. Doctors said ‘glaucoma.’”

Silence bloomed and stretched between them.

“Had her real good too. Her ol’ eyes were waxed over the way a body does when it’s gone cold. She could be lookin’ at *and* through you at the same time. So we had you come here instead of going to the revival.”

	He was here again. Back then, Ethel Morehouse had knelt before him with her hands clasped in his and the weight of the silver and gold bands pressed his words further into her praying mind.

“Lord, I need you to help me heal this woman! Lift the veil over her sight and let her once again gaze upon the glory and splendor of all you have made for us!” He had said. Marx remembered.

“Yep. Yep, you sure did, mister. You pulled it like a rotted tooth. And when ya did, there was a big ol’ hole left, and so naturally—somethin’s liable to move in. ” Reuben pushed a comb he had conjured from nowhere, through his greasy hair and sat up straight.

“So, where is she? Go on and fetch your mama so we—”

The doorway filled with a thin shadow draped in a sheer nightgown. The emaciated shape wheezed as it slumped against the doorframe.

“Mama,” and Reuben rushed to the figure’s side, and she met him at arm’s length, poking him in the chest. She groaned, open-mouthed and animalistic, at Marx, then at Reuben, who gently placed an arm over her shoulder. “Come on, let’s get back in bed.” Mama held her eyes on Marx as she limped away into the dark hall. Marx heard muffled groaning in long vowels. ‘*Iiiiiim, iiiiiim!’* dully echoed down the hall. Marx shivered at the evidence of what Reuben had claimed.

Fumes from the stale bog wafted through the open window, blending with the sour smell creeping out from the cracked, lightless fridge. On the countertops, stacked plates of moldy leftovers reached nearly as tall as the deep red, thick napkins—which were pristine amongst the muck. Marx’s eyes desperately darted around the room. He went from object to object filing them under ‘weapon’ or ‘escape.’ 

Thunder bellowed outside and the low rumble continued for a moment as the hissing swell of strings from a speaker in the room where mama rested began. Marx felt the air pressure compress under the rumble and then one solitary drop of rain plopped against the window and streaked down the glass.

Down the hall he could hear Reuben returning.

“Mama’s been restless. She’s awful excited to have you back. Had some lost hikers over for Pearl last week, when the storms were hitting Boston, and I couldn’t hardly keep her put up long enough to let her own daughter get to know the two before it was supper time.” Reuben sucked his tooth.

“I-I’m sorry for her condition.” Marx could no longer keep the quiver from his voice. “But I don’t know that this set of circumstances is conducive to healing the body again, son.”

Reuben chuckled. “Nah, not her, Mr. Cassidy. She never really was a major religious lady. Prolly wouldn’t take it even if you *did* try again. No, what I need ya for got to do with Pearl.”

Marx swallowed hard. 

“Mama got her sight back. Like you said, the sickness had been returned to the Enemy and she woke up that next morning and seen my face for the first time since I was eight. But you had more in your hands than I think you imagine. Pearl was in the next room,” he tapped the wall, “ and she heard the whole thing.” The line across his mouth turned downward in a serious grimace. “Mama could see again, sure. But she ain’t said a word since. Couldn’t say our names, couldn’t say she loved us anymore.”

 A far reaching look settled into Reuben’s eyes as Marx subtly fingered at the rusted handles he was restrained to. Each hand, individually bound with a zip tie, but with a child’s foresight not connecting the two in a handcuffs fashion. The boy’s hand struck Marx again. He had noticed the preacher’s hands as they fidgeted and he crossed the room like a clap of thunder. 

“I wouldn’t keep trying that if I were you.” Reuben turned and unfolded one of the wine colored handkerchiefs. The cloth dabbed at the blood that freshly ran from the split lips parted in exhaustion.

“After that,” Reuben brought the napkin to his mouth and *tasted* the blood that spread in a pool barely darker than the cloth itself. “Pearl started goin’ down the hill a ways to the lake. She’d spend all day down there just staring into the water, and then all night crying. One day, she was gone too. She walked in the water, and she didn’t come back out.”

Marx swallowed hard.

“I knew she wasn't dead. Never saw no body, but I think what’s eatin’ at her now that she’s down there is loneliness.” Reuben crossed the kitchen and took a seat at the diner-style table, also piled with dishes, and slid the dented chrome chair across the floor to the spot where Marx’s blood had pooled. “I don’t even know why I’m telling you all this if I’m bein’ honest with ya. I spent this whole time wonderin’ why, so maybe I’m doin’ for you what no one did for us.” He smiled. “When we was kids—still in the crib, I reckon—she’d be suckin’ her thumb and reach out, grab me by the onesie and pull me ’cross the crib just to be closer.” Reuben stared at a spot on the floor and smiled before turning to the hallway he and Mama had just traversed.

“Why is she so lonesome, Reuben?” Marx finally said.

“You can call me Roux. Family nickname, and you’re kinda like an uncle that I didn’t ask for and didn’t want. So, I say go for it, closest thing I got outside mama and Pearl.”

Thunder crashed overhead like the stagecraft shake of tin.

“She somewhere by herself? She home?” Marx’s eyes drifted to the window, where two more fat plops of rain splattered against the glass. On the windowsill, flies twitched on their backs and spun in circles.

“She ain’t alone per se, but she ain’t home neither. She ain’t been home for a couple years. Shoot, it was what? Three years since you made rounds in this parish?” Reuben said.

“Sounds about right.”

“Then ‘bout two and a half, I’d reckon.”

“Did she go missing, son?” Marx sniffled. “Is she in trouble?”

“I know exactly where she is, and I know precisely where she’s wantin’ to go. She’s wantin’ to come home and live with me and Mama again, Mr. Cassidy.”

Marx let that statement sit in his gut and join the pint of blood he’d swallowed, and the two bubbled and steamed until the pressure built such that he was forced to speak. 

“You want me to—what exactly, son? I’m a healer. I can’t undo whatever mess your sister got herself in. The Lord healed her. He bid his grace be bestowed, and so it was.”

“I want you to wait.”

Marx was speechless. No sermon or canon of prayer flowed from him for the first time. He stared at the boy.

“Wait—for what?”

Reuben snickered, and as if it were part of the lightning flash itself—rain began to fall.

“There she is!” Reuben leapt up from the chair, knocking it over.

He turned and pushed aside some of the soiled dishes, and picked up a folded red handkerchief and began the muttering of what sounded like a prayer half remembered. He stopped and restarted multiple times, but carefully folded the cloth in half, and secured it behind Marx's head. The layered piling of fabric over his ears muffled sound as it entered his mind. The point of a corner pulling into his mouth as he pulled in air and soaking with the metallic taste of blood. Without a word, it was pulled over his head, and Marx felt a spark of ‘what if’ at the snap of plastic, only to find it was the plastic binding him to the cabinet doors being cut, not his wrists.

With Reuben’s hand on his shoulder, he was guided through the house. Spent coffee and spoiled meat filled the air, and Marx bumped into things that crinkled and shifted as he passed. At last they were still. Both of his legs collapsed as he was shoved to his knees.

“Listen, son, we can work somethin’ out. People pay for them healin’s, ya know. Sometimes a man will pay a whole stack of cash if you can get the devil outta his homosexual brother or let a name said in confession slip past your lips, please kid. Just say a number. Say it, and I can get it to ya. Just say it. Please. Oh god, Lord over all, help me.” Marx’s rotted breath stifled the interior of the maroon fabric as he wept, weakly. 

“What amount of money would you say your kin’s worth?” Marx frowned despite knowing the boy couldn’t see it.

“Now, some fresh air, I think. Might pass the time a little quicker.” The front door opened, and hot, sticky air floated in through the vacant frame. “Can be a bit of a walk sometimes.”

The sound of rain slapping mud was growing in intensity, and the whoosh of wind blew the hood against Marx’s face.

“Reube—Roux—Roux, listen, I’m a man of God, a healer of the Great Redeemer. Men make deals with the devil daily—I see it. I might could facilitate a deal with an ang—”

“And now everytime it gets to rainin’, she comes out the lake down yonder through the trees a bit and she walks across the rain. One time a curtain o’ rain stopped, no shit, a hundred yards from the house and she didn’t take a step closer than that wet mud. Since she went in that lake her feet ain’t touched dry land once.”

It started.

The sloshing footsteps that lumbered over the chattering fall of rain somewhere through the open door. His breath caught in his throat, and he winced at the pain in his mouth where gnashed teeth bit into his cheek.

*Squelch*.

“There she is!” Roux’s inflection rose. “Ol’ grumpy gills herself decided to come on down and win her a prize!” Roux whooped and cackled with laughter. “Grand prize too! We hit the jackpot, sissy!”

*Squelch*.

Marx heard shuffled footsteps from behind him, in the house’s interior.

***“****Iiiiim****!*** *Iiiiim****!”***

“Mama, goddammit, come on, you’re posed to be restin’. You can’t keep gettin’ up outta bed and—”

**“***Iiiiim***!”**

“Mama, please. Mama…” Hurried shuffling accompanied the moans before the slam of a door. Muffled cries still echoed down the hall.

*Squelch.*

The wet gurgling, in cadence with someone breathing, popped and bubbled pneumatically—deep within the chest.

“Grand prize,” Roux was quieter. This was less like showmanship and more like a rehearsed line delivered with finality. “Come on home, Pearl. Look what I got you. Ain’t gotta go hungry no more, ain’t gotta be out there no more. You can come in, and it can be just us again, like it’s ‘posed to be.” Marx’s mouth was covered with damp cloth and every inhale was aerated through a thin layer of blood. 

He could smell her before he could hear her—a smell like a creek bank tilled and turned over, mud mixed with old rain and something sweet underneath that he’d rather not recognize. 

“Roux.” His own voice came out smaller than he meant. “Son, whatever you fixin’ to do, you don’t know what you’re—”

“I know exactly what I’m doin’.” Roux’s hand found his shoulder again, steadying him, almost tender. His voice was nearly a whisper now. “Ain’t nobody ever known what they was doin’ clearer than I do right now.”

The dragging stopped.

Close. Close enough that Marx felt the temperature drop and the humidity evacuate the space around them. The swamp itself had inhaled, and was holding its breath.

Somewhere behind them, muffled through a shut door, Ethel was still going. Not words anymore, just the shape of the word, worn down to its bones. 

*‘Iiiim. Iiiim.’*

Roux pulled the makeshift blindfold free, stained now with Marx’s blood.

The yard was a sheet of black water lit gold at the edges by the porch bulb, and she was closer than Marx could stand—wide and pale and low, whiskers combing the air a full foot before her, her face not a face so much as a place where a face should have gone and hadn’t. Two rows of lightless spots along her skull turned, slow, deliberate, and did not settle on Marx at all. They stared aimlessly into the rain standing in the yard. Ripples spread from her legs—or what would be her ankles—as she trudged through the ankle-deep water. Her body stood upright, but her arms and legs hung nearly vestigial, small and curled like a crab’s lesser claw. Her whiskered mouth hung wide and flat, slapping open and shut in a rhythmic smacking. Any remnants of what she’d been were gone, and her skin glistened, slick, in the moonlight.

Her eyes landed on Marx.

Then past him, and settled on Roux and for the first time Marx saw anything, let alone what looked like *eagerness,* behind those waxy eyes. Her mouth smacked slightly faster now as Pearl Morehouse was close enough to pick up the stench of the stinkbait with the healing hands, as the whiskers surrounding her gaping mouth twitched with anticipation.

“There you are,” Roux said, soft and delighted, already reaching to push Marx forward onto the steps like a man pushing another from makeshift hokum gallows. “Go on, sissy. Go on and finish it. He’s right here. He’s the one done this to you, he’s the one you—”

She didn’t move for the preacher.

She came up the last stretch of yard so fast the porch light didn’t have time to show it happening, and Marx, still tangled half in the handkerchief as he fell to the wet floor, and heard the small sound Roux made—not a scream, something smaller, something almost like he’d just solved a problem, understanding arriving one half-second too late to be any use to either of them—and then a hand, small and familiar, the same hand that used to reach through crib bars for him, closed once more around his wrist.

Then the porch was empty of him.

Pearl slid back into the water. The scrying mirror surface rippled as the last of her skin dipped below it. Bits of leaves and grass swept away by the storm floated to the top and drifted in lazy circles. Then it was totally still, and Marx watched the water for bubbles, or for the boiling roll of movement beneath the surface, but nothing came.

The rain continued falling. The door down the hall stayed shut, and behind it Ethel had gone quiet, finally. The word she’d spent all night trying to hand her son used up now, spent, no longer needed by anyone.

Marx knelt alone at the top of the steps, wrists still raw where the ties had cut into his skin, and did not move for a long time, watching the water settle back into itself past the porch light, flat and black and giving nothing back—it was not Roux, not an answer, not even a ripple to mark where a boy who thought he understood the whole of it had just been proven wrong.

Somewhere inside the home, a stack of clean red handkerchiefs sat folded neatly and untouched on the counter soaked with the dried blood of those that came before.

",3,1786476492.0,TalesFromTheCreeps,0,1.0,False
1vlrd30,https://www.reddit.com/gallery/1vlrd30,Finish for coffee table,"Wood finishing advice

I’m building a coffee table with a slice of wood and now I have to finish it. Can you give me advices on how to finish it?

I’ve read about oils (linseed or tung), stains and urethane, but cannot understand which one would be better for me.

Also the wood has some cracks, can I leave them open or I should close them with something? Wax?

Wood: clear and soft, probably pine  
Wanted look: natural and rustic, no gloss, no plastic feel  
Intended use: indoor but resistant to water",17,1786476457.0,woodworking,22,0.88,False
1vlrct1,https://i.redd.it/skk4baonrsih1.jpeg,"DOI BOR CGB The Acting Commissioner is coming to Sacramento, which means it’s time for our regularly scheduled “Everybody Look Busy” Friday!","Please make a special effort to come  
into the office Friday morning so we can demonstrate what an amazing, highly engaged, and totally-not-forced team we are.

There will be coffee, doughnuts, and light refreshments-because nothing says employee engagement quite like bribing us with carbs and a commute into the office even on your regular day off. ",6,1786476439.0,FedEmployees,5,0.8,False
1vlrcs9,https://www.reddit.com/r/gayfriendfinder/comments/1vlrcs9/55m_working_downtown_nyc_looking_to_make_some/,55M working downtown NYC looking to make some friends. Lunches or after work hangs to get to know each other. It will be great meet new friends here in the city.,"I recently started eor in NYC it is definitely a different vibe than commute between home  work in NJ. I would love to meet some buddies that we can grab lunch, coffee or a drink. it would be nice to have a support system and to build a strong friendship. please DM me if you would like to see if we have common things in common. ",1,1786476438.0,gayfriendfinder,0,1.0,False
1vlrcem,https://www.reddit.com/r/Bumble/comments/1vlrcem/need_a_few_guinea_pigs_for_dating_profile/,Need a few guinea pigs for dating profile makeovers,"I recently ended up giving someone here a ridiculously detailed profile review and realised I actually really enjoyed doing it lol.

It got me thinking about testing this properly with a few people.

I’m a woman in London with a big interest in fashion/styling and visual presentation, and I’d like to see whether I can help a few men who feel like their dating profiles aren’t getting the results they want or just aren’t representing them particularly well.

This would NOT be pickup coaching, “alpha male” advice, scripts for talking to women, or me pretending I know some secret formula for what all women want. I don’t. Women are different people and attraction is subjective.

It also wouldn’t be me telling you you’re perfect and changing nothing if you’ve specifically asked me for constructive criticism. I’m Dutch. I’m afraid that’s not happening 😂

What I’m interested in is looking at **you specifically** and figuring out how your existing personality and appearance could be presented better.

We’d start with a profile review. I’d go through your photos individually, which ones I’d keep/remove, ordering, prompts/bio, posing, grooming, hair/facial hair if relevant, clothing and the overall impression your profile gives compared with what you’re actually trying to communicate.

Then we’d have a video call and go through your existing wardrobe. I’m not interested in telling someone to throw everything away and spend £1,000 on clothes. I’d rather see what you already own, find combinations you may not have considered, work out what silhouettes/materials/styles suit you and identify a few gaps if there are any.

For people in London, I’d also like to test an in-person version. We’d meet for coffee first, go shopping together if you actually need anything (within whatever budget **you** decide), style a few outfits and then basically have a day out taking new dating-profile photos.

Think cafés, parks, interesting streets, bookshops etc rather than six awkward staged portraits against the same wall. We’d take loads so that afterwards we can be ruthless and narrow them down to the handful where you genuinely look confident and attractive while still looking like yourself.

I’d then help you choose the final photos/order and put the profile back together.

The point isn’t to transform you into some generic Instagram man. If you’re nerdy, eccentric, quiet, goofy, artistic, outdoorsy, whatever, I want the finished profile to communicate **that person better**. I think someone’s profile should make you want to meet the actual person behind it, rather than advertise a character they can’t maintain on a first date.

I can obviously give you a woman’s perspective on how you’re coming across, and because we’d actually spend some time talking I may also notice things that aren’t translating through your profile. Maybe your photos make you look serious but you’re hilarious in person. Maybe you’re much more confident than your posing suggests. Maybe you have great clothes but combine them badly. That’s the kind of thing I’m interested in finding.

**For transparency:** I’m not a professional stylist or dating coach. This is something I’m considering turning into a side hustle because I seem to have a knack for it and genuinely enjoy it, so I’m looking for a small number of people willing to be my first test subjects while I work out whether I’m actually good enough at doing it in practice.

Because these would be my first few, I’d actually be happy to take on my first 3 people **completely free** in exchange for honest feedback and being willing to track before/after results. That way I can see whether what I’m suggesting actually translates into results before I start charging anyone. Your clothing/shopping budget would obviously be completely separate and entirely up to you.

You don’t have to be comfortable with me posting your before/after publicly. If you *are*, I’d love to document a couple of transformations eventually, but only with explicit permission.

Also, because I’m a woman meeting strangers from Reddit: first meeting would be daytime and somewhere public. The initial video call would also give both of us a chance to make sure we’re comfortable spending an afternoon together.

If you’re interested, DM me your age, rough area of London, which apps you’re using, what you feel you’re struggling with, and screenshots of your current profile if you’re comfortable sharing them.

And if you’re outside London but interested, I’d potentially test a remote version too: profile review + wardrobe video call + personalised style/photo recommendations that you can implement yourself.

**Be nice, be normal, and actually be open to constructive criticism. That’s basically the eligibility criteria** 😂",4,1786476414.0,Bumble,11,0.7,False
1vlrby5,https://www.reddit.com/r/wls/comments/1vlrby5/suggestions_for_navigating_work_lunches/,Suggestions for navigating work lunches,So my surgery is coming up on Aug 19th. But this all day work thing just came up for Sept 22nd that includes coffee & lunch. What are some suggestions on navigating this type of thing?,1,1786476391.0,wls,1,1.0,False
1vlrb9i,https://www.reddit.com/r/Candida/comments/1vlrb9i/suffering_from_fungal_infection_from_6_years/,Suffering from fungal infection from 6 years,"Got fungal infection for the first time in 2020 from my relative he already had a ringworm on his forehand (he is a vetenary pharmacist) deals with animals and stuff.

I got it in my groin with those ugly brown patches .Checked with a general physician he prescribed me coltrimazole and terbenfine tabs didn't really did much.Later a relative told me to use lulicanazole really did wonders but didn't properly used it and almost for 1.6 years battled this disease.

In 2021 i suddenly got a flare up of this it spread to my chest legs and had so much itching at night couldnt sleep at all .Got checked with a dermatologist who couldn't tell whether it was fu gal or not for God sake as it was all red and not particularly ring formation .he finally gave me ketocanazole + steriod cream which did wonders.

I literally got my whole scrotum skin removed like it was a covering infection was this much infested .

I kept using it for almost 8 months non stop .

But itching didn't went away so I went to dermatologist again and he just told me he can't do anything just keep using this cream.

So I changed my dermatologist went to him showed my previous prescription he straight up said that it now the itching is due to straight up overuse of cream as it contained steriod in it .he gave me tacrolimus a immunosppresant it really did the trick .At least for 1 year I was fungal free .but I don't know drinking coffee makes my skin itch .so I went to dermatologist again but this time there was some other girl who bloody gave me a steriod cream which lead to me having continuous buring feeling on my skin and I mean continuous I had to really give exams with that thing

Ultimately again got fungal infection in 2023 I guess from hostel mates . dermatologist said it might be candidas gave me lulicanazole + ciclopirox that did the trick.

But this have been coming again and again every year in 2024 ,2025 and now even in 2026 this time I noticed the patchy discoloration and immediately used lulicanazole but it isn't working it's not healing rather spreading more I am scared 

Feel depressed my mind occupied with this only it's itching,discomforting how am I supposed to heal from this 

I wash my clothes warm water + soap maintain separate towels for my affected area and still I get this hell of a infection at this stage I just wanna disappear please any

 body help give me real ways diet , natural any thing which will permanently make this nightmare go away",0,1786476350.0,Candida,4,0.5,False
1vlranx,https://www.reddit.com/r/BangaloreConnection/comments/1vlranx/34m_newish_to_bangalore_sarjapur_looking_for/,34M new-ish to Bangalore (Sarjapur) — looking for badminton/pickleball/hiking buddies & cool conversations,"Hey everyone,  
I moved to Bangalore from Mumbai a while back and live around Sarjapur. Between traveling back and forth to Seattle for work and keeping up with the daily grind, I’m looking to build a reliable circle here for weekend activities and good downtime.  
I’m up for:  
\*\*Racket sports:\*\* Badminton, pickleball, or tennis (always down for a game/doubles).  
\*\*Outdoor/Fitness:\*\* Weekend hikes, treks, gym workouts, or casual morning or night bike rides.  
\*\*Downtime:\*\* Grabbing good coffee and actual, easygoing conversations.  
\*\*Movie buff-\*\* English, Hindi or South Indian Malayalam/tamil game for all  
If you’re based around Sarjapur/ORR or don't mind meeting up around the area for a game or coffee, hit me up!",1,1786476313.0,BangaloreConnection,0,1.0,False
1vlrakf,https://www.reddit.com/r/Medium/comments/1vlrakf/trying_to_take_my_medium_writing_more_seriously/,Trying to take my Medium writing more seriously — would love to meet other writers,"Hey everyone!

I’ve recently started taking my Medium writing a little more seriously. I’m still figuring out what I actually enjoy writing about, but lately I’ve been interested in cities, dating, relationships, and those little things that make a place feel different when you’re actually there.

I recently wrote a short piece about dating in Portland — basically, some first-date spots I’d actually consider instead of the usual “grab a coffee and see what happens” advice. 😄

I’d love to connect with other Medium writers here, check out what you’re working on, and get some honest feedback.

Here’s my latest piece:

[https://medium.com/@rosvibbgerr/the-best-first-dates-in-portland-902e6a8dc5db](https://medium.com/@rosvibbgerr/the-best-first-dates-in-portland-902e6a8dc5db)

Feel free to drop your own articles in the comments too. I’m always interested in finding new writers.",2,1786476308.0,Medium,0,1.0,False
1vlr9ek,https://i.redd.it/rcg3lu8zosih1.png,"I built a free receipt and warranty tracker because every other one wanted a subscription (no ads, no subscription, no AI)","  
  
Hi everyone. I have another app I built for personal use and now I'm giving away for free and will always be free. It's called **Kept**. I built it because I needed to keep track of my warranties, important docs expiring like my passport, and anything else I needed to stay organized. I figured others could use it too for free99 ;) . 

What it does: snap a receipt, note the serial, get a quiet notification before the warranty or return window ends. Also tracks expiring documents like passports, licenses, and memberships or anything you want tracked honestly.

I did a small launch before posting here and here is what people told me annoyed them(and now are fixed):

Real document scanning instead of just a photo. It finds the edges and straightens the page, so a receipt looks like a receipt.

Tap any receipt to open it full screen and zoom into the fine print. Photos are stored at higher resolution now, so the small numbers stay readable.

**Any currency, not just dollars**. Somebody in India asked for rupees and it turned out to be a two line fix I should have done at the start.

Sort by month, if you'd rather see what you added in June than what expires next.

**iCloud backup**. Someone asked whether a local-only app felt trustworthy for documents this important. Fair question, so it's built. It's off by default, your stuff stays on your phone either way, and if you turn it on the copy goes to your own iCloud. I don't collect any data of any sort. 

**Deliberate constraints**: no account, no backend, no analytics SDKs, everything on device. Revenue is an optional tip jar. If you want to buy me a coffee you can, but it unlocks nothing.

**Known limitations**: iOS 26 only, English only.

I'm open to feedback and making the app great. The feedback I'd most value: do the expiry reminders arrive at the right time? Right now it nudges at 30 days and 7 days for everything, and I'm not convinced that's right. A passport probably wants months of warning, not weeks.

Link if you're curious: [https://apps.apple.com/us/app/kept-receipts-documents/id6790478529](https://apps.apple.com/us/app/kept-receipts-documents/id6790478529)",10,1786476237.0,iosapps,9,0.92,False
1vlr95r,https://www.reddit.com/r/Needafriend/comments/1vlr95r/been_a_pretty_boring_day_so_far_so_who_wants_to/,Been a pretty boring day so far so who wants to help a girl out and play a game or something?,"Yeah, I've really just been stuck here with nothing to do for a while so I figured I'd turn my search for a distraction to reddit. I remember seeing someone else post about this game before so I thought I'd try it out for myself and see how it goes. It starts by one of us sending a picture or two of ourselves and the other person guessing things about them from a list of questions. Obviously we don't have to do that if you don't wanna share a picture we can just talk as well, but I do think the game sounds fun. Also if you have discord its way easier to text on there so yeah I'll leave the questions here so send me a message!



Age



Name



Career/Job



Favorite sport



Hometown/Country



Introvert or extrovert



Coffee vs. Tea



Morning vs. Night person



Favorite music genre



Dog vs. Cat person



Sibling count/position



Relationship status



Height



Biggest pet peeve



Phone brand



Ethnicity



Current mood



Cooking skills (1-10)



Zodiac sign



Biggest Insecurity



Going out or Staying home



Favorite outfit?



Favorite food



Hobbies



Most received compliment



Alcohol preference



Biggest fear



Favorite show



Clean vs. Messy



Risk-taker or Cautious



Favorite season



City vs. Country living



Piercings?



Left vs. Right handed



Dream job



Text vs. Call



Early vs. Late to events



Fashion sense (Style name)



Love language



Social media of choice



Hidden talent



Most used app



Spending habits



Preferred superpower



Sleep schedule

",2,1786476221.0,Needafriend,1,1.0,False
1vlr917,https://i.redd.it/4vz61vhzqsih1.jpeg,First Kenya of the year,"Got this Kenya Kambarare from Tandem and I’m so pleased. First of all, I was impressed that it’s just SL-28 because most Kenya these days is a blend of varietals. The pricing is super reasonable and it’s clean, sweet, fragrant, and it grinds very evenly.

I’m brewing it with 7L Aquacode. ",5,1786476213.0,pourover,2,0.86,False
1vlr8eg,https://www.reddit.com/r/Indian_Business/comments/1vlr8eg/bengaluru_founders_business_owners/,Bengaluru founders & business owners 👋,"\&#x200B;

I run a premium printing & branding service in Bangalore.

We help startups, cafes, and companies with:

\\- Brochures, booklets, magazines & coffee table books

\\- Packaging (labels, stickers & custom boxes)

\\- Brand merchandise (ID cards, T-shirts, caps & more)

If you're launching a brand, refreshing your packaging, or need print materials that actually feel premium, I'd love to help.

Feel free to DM me if you have a project or even just need advice.",1,1786476173.0,Indian_Business,0,1.0,False
1vlr8b9,https://www.reddit.com/gallery/1vlr8b9,Todays coffee shop doodles,\+ some sketches ,1,1786476169.0,sketchbook,0,1.0,False
1vlr7zm,https://www.reddit.com/gallery/1vlr7n9,Vanderbilt is definitely one of the best places to get coffee in all of Brooklyn. 😀,,2,1786476149.0,Coffee_Shop,0,1.0,False
1vlr7sg,https://v.redd.it/xxuyj1riqsih1,"Eletta Cappuccino Evo, Black problem","did anyone have this problem with the coffee machine? it doesnt foam up the milk it only makes a lot of steam, the machine is only 2 weeks old",2,1786476135.0,DeLonghi,0,1.0,False
1vlr7n9,https://www.reddit.com/gallery/1vlr7n9,Vanderbilt is definitely one of the best places to get coffee in all of Brooklyn. 😀,,9,1786476127.0,prospectheights,10,0.92,False
1vlr7k2,https://i.redd.it/y1v5cvopqsih1.jpeg,"Sate 3239 [OLD] Retirement Home is Recruiting - Zero Drama, built for SvS Victory","Veteran alliance recruiting active players! Top 3 alliance in the state, SvS focused, F2P friendly, and drama free. 

Looking for team-oriented players (185M+ Power, FC5+) who want to compete, grow, and win with an experienced international community. Accepting solos and groups!

📩Contact \[**OLD\]Penguin ID: 530190963** or send me a DM for more details and any questions! 

We don't retire. We dominate.🏆🔥",2,1786476122.0,whiteoutsurvival,0,1.0,False
1vlr7gb,https://www.reddit.com/r/yerbamate/comments/1vlr7gb/designing_a_bar_menu_for_my_custom_world_setting/,Designing a bar menu for my custom world setting. Where does Yerba Mate stand in terms of drink variety?,"Hi everyone! I'm currently building a custom world setting for my project and designing a lore-accurate bar menu for it.

 I recently tried yerba mate for the first time, and I absolutely fell in love with it. I want to include it in my world's culture, but I'm wondering about its versatility.

 If we look at coffee, there are dozens of variations (espresso, latte, cappuccino, etc.). On the other hand, something like rooibos is quite limited—you mostly just drink it plain or as a ""red latte"".

 Where does yerba mate stand on this spectrum? Can I realistically create 3–5 distinct beverage positions based on mate for my fictional bar (e.g., traditional, cold brews, mixes with milk or juices)? Would love to hear your ideas and traditional recipes! ",0,1786476115.0,yerbamate,3,0.5,False
1vlr6cu,https://recorder.blog.hu/2026/08/10/sziget_a_budai_varban_black_coffee_penteken_az_oroszlanos_udvarban_jatszik,Sziget a Budai Várban: Black Coffee pénteken az Oroszlános Udvarban játszik,,1,1786476048.0,magyarzene,0,1.0,False
1vlr5xd,https://dailyfix.app,We made a site for discovering the best coffee shops in Edinburgh,"Hi everyone! We recently launched DailyFix, a free site for finding coffee shops around Edinburgh.  
I’ve spent a lot of time online looking for good coffee shops to visit in the city, including on this subreddit, and wanted somewhere that brought them all together while also showing what each place is actually good for.  
You can browse coffee shops on a map or through lists for things like the best coffee, studying/working, pastries, unique drinks, plenty of space, etc. We’ve also included useful details like how busy a place gets and how much seating there is, along with reviews and discussions from other people.  
We’ve been working on this for a while now, so if you’re into coffee and it sounds useful, we’d love for you to check it out. We plan to expand this to other regions in the future, but we’re starting here in Edinburgh. And if you notice a coffee shop we’ve missed or something we’ve got wrong, let me know!  
P.S. if you know the Edinburgh coffee scene particularly well and fancy helping us out, we’re looking for a few people to try out a live search feature we’re working on. Feel free to message me if you’re interested!",0,1786476021.0,Edinburgh,6,0.25,False
1vlr5qc,https://www.reddit.com/r/businessnetworking/comments/1vlr5qc/intro_tuesday_who_do_you_want_to_meet_who_can_you/,🤝 Intro Tuesday — Who Do You Want to Meet? Who Can You Connect?,"It's **Intro Tuesday!** ⏰ The day we stop scrolling and start connecting.

Every week this thread is your chance to either **request a warm introduction** or **offer to connect people** in your network. One right introduction can change everything — so let's make some magic happen. 🦸‍♂️

**📋 THE INTRODUCTION PROCESS**

Great introductions don't happen by accident. Follow this process to keep things high-quality and respectful of everyone's time.

**🙋 REQUESTING AN INTRODUCTION?**

Use this three-step process so community members can confidently vouch for you:

**Step 1 — Establish Your Credibility**

Nobody introduces a stranger. Give the community a reason to vouch for you by sharing at least one of the following in your comment:

* A testimonial or review from a past client
* A link to a demo video or portfolio
* A LinkedIn profile with recommendations
* A case study or results you've achieved
* A website or other social proof

No credibility info = no introduction. This protects everyone's reputation.

**Step 2 — Offer a Virtual Coffee First ☕**

Before anyone introduces you, they need to know you. Offer to meet for a quick virtual coffee so they can get a feel for who you are and how you work. Include your booking link in your comment so it's easy to say yes.

**Step 3 — Be Specific About Who You Want to Meet**

Vague requests get vague results. Describe your ideal introduction clearly — choose one or more:

🎯 **Potential Client** — Industry, company size, role/title, problem they're trying to solve

🤝 **Referral Partner** — What type of business complements yours? Who already serves your ideal client?

📣 **Influencer or Connector** — Who has the audience or network that would benefit from knowing your work?

**✅ REQUESTOR COMMENT TEMPLATE**

>

**🤝 OFFERING AN INTRODUCTION?**

Got someone in your network who should meet someone in this thread? Reply directly to their comment and make it happen! The best connectors don't wait — they act.

A few tips for making a great intro:

* Only introduce people you can genuinely vouch for
* Make sure both parties are expecting the introduction before you send it
* A double opt-in intro is always better than a surprise email

Drop your requests below and let's make **Intro Tuesday** the best day of your business week! 🚀

https://preview.redd.it/d2dtc0cglczg1.jpg?width=1024&format=pjpg&auto=webp&s=2c5c548967c315f580bda21df5ed5819d3bb8ca5",1,1786476008.0,businessnetworking,0,1.0,False
1vlr5jn,https://www.reddit.com/gallery/1vlr5jn,guys i visited the website on the poster and now my pc looks like this!!!,i have already won a new ipad and finally got a premium car insurance 🥰😍 plus i found out i have a distant relative who ill inherit!! ,4,1786475997.0,stardollcirclejerk,3,1.0,False
1vlr573,https://www.reddit.com/r/Anemic/comments/1vlr573/ferritin_only_went_up_6_points_in_3_months/,Ferritin only went up 6 points in 3 months,"🥲 like the title says, ferritin barely increased. Was 14 in May, now it’s 20. 

Was taking ferrous sulfate 65 mg every other day before switching to Thorne 25 mg (stomach issues) every other day. Also take them with vitamin c drink. Prob could be a little better with the coffee timing in the mornings. 

Also take a lactoferrin supplement every other day on the iron days. 

Anything else I can do??",3,1786475975.0,Anemic,4,1.0,False
1vlr531,https://www.reddit.com/r/askgaybros/comments/1vlr531/how_do_i_give_my_number_to_the_drive_thru_worker/,How do I give my number to the drive thru worker?,"I am a daily customer through the drive thru at a local coffee place. The one worker is super cute and has such a nice smile and has actually winked at me before, but I don’t know how to approach the situation.

Part of me doesn’t want to bother him since he’s working, and the other part wants to ask him straight up if he’s gay so I can offer my number lol.

Thanks for any tips! ",0,1786475968.0,askgaybros,17,0.4,False
1vlr3gv,https://www.reddit.com/r/unrequited_love/comments/1vlr3gv/reconnecting_telling_long_time_friendcrush_with/,reconnecting & telling long time friend/crush (with gf) about feelings?,"okay feel so stupid bringing this to reddit but it is a moral dilemma and honestly awk to talk about with friends irl so i’m here for some good ol’ anonymous advice. but also the situation is low key kinda giving soulmate shit and i am feeling delirious about it, so anyway:

i (now 28f) had a huge crush on a good friend (now 27m) in college for like the whole second half of school. we were the same year & met at the end of sophomore year (like 19/20y?) because we’d both signed up to be welcome week leaders for the next year’s incoming freshmen and were in the same training group. we hit it off quickly, and were immediately flirty friends. when school started back up junior year we kinda stopped talking because i did an off-campus internship program in the fall and studied abroad in the spring, and then subleased an apt in another city that summer and had a summer fling, so i was not really on campus for the whole year. he did the same off campus program the spring i was abroad. and then he was an orientation leader for incoming freshman on campus that summer, where he started dating someone.

when senior year kicked off (20/21y), i was at a house party at his place bc i was close with his girl roomie. and so we reconnected and i don’t even remember what we talked about but bro it was like fireworks. like ooey gooey romcom sparks type feelings. but i knew he had a gf so i didn’t say anything about it to him or anyone else, but oof the crush was strong. like i remember drunkenly talking to him and like the only thing i could think was i wanted to kiss him.

but then we just staggered being in other relationships the rest of school it felt like, i was dating when he was single or i was single when he was dating. through that, having a bunch of mutual friends, and also like having so much in common because we were doing the same academic program, we became really good friends. after graduating (21/22y), we did a grad school cohort program together and became even closer friends.

at some point we were so close and flirty that i had multiple friends ask if we’d dated or were dating lol. but we never dated and never even kissed! just friends the whole time. maybe mutual crushes? maybe a flirtationship? maybelatership? but not a relationship or situationship

when we graduated grad school (22/23y) and started working, we drifted apart (as i did with a lot of college friends). still good friends, but from a distance. work was nuts and so i didn’t date anyone for 4 years, and didn’t really keep in touch with him. i started dating someone after 4 years, and actually decided to leave the field and start a new job. but a year after leaving and into this new relationship i just sort of had a snap-to-reality moment where i realized what i was looking for in a partner and how i wasn’t getting that from the relationship (hello saturn return?). after seeing so many of my friends fall in love and marry their best friends, i realized that’s the kind of love i want! not swiping on the apps! and i thought back to this old friend/crush. so in somewhat of a quasi-manic episode i broke up with my bf and unhingedly decided to shoot my shot and hit this dude up to see if he’d wanna meet up & catch up (after like years lol). and he actually very enthusiastically said yes and suggested the upcoming weekend.

we got together for coffee and it was nice reconnecting as friends but also like my crush is still there even years later lol. but in the hang he mentioned having a gf. and just like rewinding to start of my senior year (21y) like im not trying to be a home wrecker. but also, he’s been a “what if” for me for like deadass 8 years now. disgustingly romantic lol. and so there’s the moral dilemma.

after the hang we both said we should do it again yada yada yada. and like we are and have been friends for years, and i am so content being friends, and also realized that i’d like for him to still be in my life even just as friends so im glad to have reconnected either way, but also like do i tell him how i feel? or is that a stupid and/or terrible idea? do we just stay friends? but is it weird to hit him up again knowing he has a gf? or not bc we are “just friends”? or yes bc i’d like to be more than friends? i literally cannot stop thinking about it and i feel insane. am i delusional?

i don’t even necessarily believe that we’re end game but i do feel like we could be something. but what if it was all in my head and he never liked me like that? or maybe he did back then but not anymore? would i risk ruining the friendship? could it be worth it? help me",1,1786475870.0,unrequited_love,0,1.0,False
1vlr2k5,https://www.reddit.com/r/RomanticAdvice/comments/1vlr2k5/reconnecting_telling_long_time_friendcrush_with/,reconnecting & telling long time friend/crush (with gf) about feelings?,"okay feel so stupid bringing this to reddit but it is a moral dilemma and honestly awk to talk about with friends irl so i’m here for some good ol’ anonymous advice. but also the situation is low key kinda giving soulmate shit and i am feeling delirious about it, so anyway:

i (now 28f) had a huge crush on a good friend (now 27m) in college for like the whole second half of school. we were the same year & met at the end of sophomore year (like 19/20y?) because we’d both signed up to be welcome week leaders for the next year’s incoming freshmen and were in the same training group. we hit it off quickly, and were immediately flirty friends. when school started back up junior year we kinda stopped talking because i did an off-campus internship program in the fall and studied abroad in the spring, and then subleased an apt in another city that summer and had a summer fling, so i was not really on campus for the whole year. he did the same off campus program the spring i was abroad. and then he was an orientation leader for incoming freshman on campus that summer, where he started dating someone.

when senior year kicked off (20/21y), i was at a house party at his place bc i was close with his girl roomie. and so we reconnected and i don’t even remember what we talked about but bro it was like fireworks. like ooey gooey romcom sparks type feelings. but i knew he had a gf so i didn’t say anything about it to him or anyone else, but oof the crush was strong. like i remember drunkenly talking to him and like the only thing i could think was i wanted to kiss him.

but then we just staggered being in other relationships the rest of school it felt like, i was dating when he was single or i was single when he was dating. through that, having a bunch of mutual friends, and also like having so much in common because we were doing the same academic program, we became really good friends. after graduating (21/22y), we did a grad school cohort program together and became even closer friends.

at some point we were so close and flirty that i had multiple friends ask if we’d dated or were dating lol. but we never dated and never even kissed! just friends the whole time. maybe mutual crushes? maybe a flirtationship? maybelatership? but not a relationship or situationship

when we graduated grad school (22/23y) and started working, we drifted apart (as i did with a lot of college friends). still good friends, but from a distance. work was nuts and so i didn’t date anyone for 4 years, and didn’t really keep in touch with him. i started dating someone after 4 years, and actually decided to leave the field and start a new job. but a year after leaving and into this new relationship i just sort of had a snap-to-reality moment where i realized what i was looking for in a partner and how i wasn’t getting that from the relationship (hello saturn return?). after seeing so many of my friends fall in love and marry their best friends, i realized that’s the kind of love i want! not swiping on the apps! and i thought back to this old friend/crush. so in somewhat of a quasi-manic episode i broke up with my bf and unhingedly decided to shoot my shot and hit this dude up to see if he’d wanna meet up & catch up (after like years lol). and he actually very enthusiastically said yes and suggested the upcoming weekend.

we got together for coffee and it was nice reconnecting as friends but also like my crush is still there even years later lol. but in the hang he mentioned having a gf. and just like rewinding to start of my senior year (21y) like im not trying to be a home wrecker. but also, he’s been a “what if” for me for like deadass 8 years now. disgustingly romantic lol. and so there’s the moral dilemma.

after the hang we both said we should do it again yada yada yada. and like we are and have been friends for years, and i am so content being friends, and also realized that i’d like for him to still be in my life even just as friends so im glad to have reconnected either way, but also like do i tell him how i feel? or is that a stupid and/or terrible idea? do we just stay friends? but is it weird to hit him up again knowing he has a gf? or not bc we are “just friends”? or yes bc i’d like to be more than friends? i literally cannot stop thinking about it and i feel insane. am i delusional?

i don’t even necessarily believe that we’re end game but i do feel like we could be something. but what if it was all in my head and he never liked me like that? or maybe he did back then but not anymore? would i risk ruining the friendship? could it be worth it? help me",1,1786475820.0,RomanticAdvice,1,1.0,False
1vlr16w,/r/Coffee_Shop/comments/1vlop22/anyone_up_for_a_blue_tokai_coffee_an_unexpectedly/,☕ Anyone up for a Blue Tokai coffee & an unexpectedly good conversation?,,1,1786475743.0,30s_hyderabadsingles,0,1.0,False
1vlr0gw,https://i.redd.it/7lbv0tigpsih1.jpeg,Who's That Girl,"*Shilpa had been at the mansion for all of three days and had already converted her room into some kind of techno nightmare of jumbled computer screens. She had rerouted mansion power directly to her room to power the various towers, routers, and modems.* 

*It had been a simple process to use her powers to convince the mansion systems that power needed to go to her room over other sections. So what if lights occasionally flickered and the internet was slow across the rest of the campus.* 

*She sipped hot coffee from a cup and glanced at the expensive coffee machine she'd stolen from one of the teacher's lounges.* 

*All things considered she'd made her room cozy by her own standards at least.* ",5,1786475700.0,XaviersMansion,1,1.0,False
1vlr06e,https://www.reddit.com/r/teslacanada/comments/1vlr06e/first_week_of_ownership/,First week of ownership,"One week and 1,000+ km with the Tesla, and I’m completely hooked!

I haven't installed a Level 2 home charger (won’t), but relying on a basic wall outlet has been surprisingly easy. I’ve been taking advantage of free Level 2 chargers around the city, which has been an unexpected win-win. My daily step count is way up, and I’ve discovered great local spots for a morning coffee or a casual beer while top-up charging for free. The money I saved, covers the cost of my little side quests. 

Now that the initial road trip excitement has settled, I’m back to my regular 10 km daily commute. The standard wall outlet easily gets the battery back to 100% overnight.

My only minor issue? The interior seems to attract dust and dirt instantly, so I’m constantly wiping it down! But for the price, this feels like the deal of the century. Absolutely loving it.",2,1786475681.0,teslacanada,5,0.75,False
1vlr009,https://www.reddit.com/r/StockholmSocialClub/comments/1vlr009/bredda_nätverk/,Bredda nätverk?,"Tjena! 👋

Jag är en kille på 27 år som flyttade till Stockholm tidigare i år och tänkte att det kunde vara kul att försöka bredda sitt sociala nätverk lite.

Jag har redan en hel del vänner och familj i Stockholm, så det här är absolut inte ett ""jag känner ingen i Stockholm"" inlägg 😅 Men jag tycker att det är kul att träffa nytt folk och tror att man aldrig kan ha ett för stort socialt nätverk.

Jag är en ganska vanlig och social kille som gillar att träna, golfa, åka skidor, vandra och resa, även spelat en del padel. Jag är också alltid på för en utekväll, enkel öl eller kaffe, middag, AW, någon spontan aktivitet eller vad som.

Upplever och har hört att många som flyttar hit tycker att det är svårt att hitta likasinnade människor och att få nya vänner, så jag tänker att jag sträcker ut handen.

Så om du också är relativt ny i Stockholm, eller bara känner att du gärna breddar ditt umgänge, släng gärna iväg ett DM!

/27M



**ENG**

Hey! 👋

I’m a 27-year-old guy who moved to Stockholm earlier this year, and I thought it could be fun to expand my social circle a bit.

I already have quite a few friends and family in Stockholm, so this definitely isn’t a “I don’t know anyone in Stockholm” post 😅 But I enjoy meeting new people and believe you can never have too big of a social network.

I’m a pretty regular and social guy who enjoys working out, golfing, skiing, hiking and travelling. I’ve also played quite a bit of padel. I’m always up for a night out, grabbing a beer or coffee, dinner, after-work drinks, a spontaneous activity or whatever.

I’ve noticed, and also heard from others, that many people who move here find it difficult to meet like-minded people and make new friends, so I thought I’d reach out.

So if you’re also relatively new to Stockholm, or simply feel like expanding your social circle, feel free to send me a DM!

/27M",4,1786475671.0,StockholmSocialClub,1,1.0,False
1vlqzxe,https://v.redd.it/ik1pbnrcosih1,『  RX-78-1/ 2 /3』The beginning of everything｜This game is Trailmakers.,"Viewer Submission Series 😂 From the production of the RX-78-1 to the RX-78-7, experience the evolution of the Gundam.🤣

↓ ↓ If you’d like to support me, you can consider buying me a coffee. ☕↓ ↓

[https://ko-fi.com/medisciple](https://ko-fi.com/medisciple)

Check out other Gundam units I've made: \[[https://www.youtube.com/@MEdisciple/videos\]](https://www.youtube.com/@MEdisciple/videos])",2,1786475665.0,Gundam,0,0.63,False
1vlqzsd,https://www.reddit.com/r/BubbaArmy/comments/1vlqzsd/dear_lummy_and_bubba/,Dear Lummy and Bubba,"I've listened for a long time,  and honestly it's more out of habit than it is for entertainment anymore.    I bought a Lummy investigates tshirt a long time ago and when that cheap Gildan shirt arrived it was such a disappointment that I put it right in the rag box.    Now beyond the cheap merch,   can you please explain to me why you think Sirius would EVER hire you?   I listen on the road and the show is now almost completely video.   You are struggling to find stations that will take your show for free,   your numbers are all artificially inflated,   and you have run off anyone that was half entertaining.    Yes I like Lasker and Babyface,  but the Lasker shows are so repetitive and Babyface was great with Seth... now he's neutered.    The constant begging for money,  shilling for the documentary that you ""don't have any financial"" interest in are just too much.    Where i used to build my schedule around listening to the show,   now you are just background noise that I listen to out of habit. 

The Lummy EP hire has moved the show backwards,  no guests other than advertisers... and no balls to tell you that any idea is bad - and there are lots.    Let him go already,  his anger issue wife can support him while he mows for a living. 

Bubba you were great,   but that ship has sailed.   The show is really stagnant and repetitive.    I'm not asking for girls peeing in coffee cans,   just something more than begging,   the Diacos,  temu garbage,   and the same subjects that were interesting the first time we heard them  15 years ago. 

A former dedicated listener,   now a guy that listens hoping for a change that isn't coming. ",19,1786475658.0,BubbaArmy,9,0.95,False
1vlqyy8,https://www.reddit.com/r/Nanny/comments/1vlqyy8/gift_for_parting_nanny/,Gift for parting nanny?,"My boyfriend’s kids will have their last day with their nanny tomorrow. She has to go back to school on the same day they do and her college schedule doesn’t have room in it for her to continue with the kiddos, so we will begin with a new nanny for the school year.

We are planning to have the kids all draw her a picture / make her a card as a parting gift but I’d like to get her something too. She’s 22, local college student, finishing university in May. Any suggestions? She has a second job at Dunkin Donuts so coffee shop gift cards are out.

Edit: I’m not giving her cash. First of all she already gets lots of cash from us. Second of all, I find gifting cash to be distasteful. If anyone is a college student or a girl in her early 20s and can give me an insight into what is popular or could be useful, I’d appreciate it. ",0,1786475608.0,Nanny,14,0.43,False
1vlqywx,https://www.reddit.com/gallery/1vlqywx,stars hollow: walking,"Stars Hollow is introduced as a small town. All the townspeople mostly walk around town to get to whatever they need. People use their cars for going longer distances/other towns, etc. 

Lorelai and Rory are shown to be walking around town quite a lot. I am a huge fan of Lorelai’s fashion choices and her wardrobe. Oh what I’d give to have a wardrobe like that. Anyway, I’ve been rewatching GG as usual and noticed that Lorelai is walking around town in heels. I know that Stars Hollow is a small town but how is she walking around town in heels every single day? That has got to hurt. 

This is probably another version of drinking infinite amounts of coffee and still being fine, eating outside or junk food everyday but still being thin and hot, doing absolutely no physical exercise but being the picture of health. (Have we ever seen Lorelai or Rory fall sick in any of the 7 seasons?) Do we ever see Lorelai in sneakers? Totally random but, what sneakers brand do you think Lorelai would be loyal to? ",74,1786475606.0,GilmoreGirls,48,0.94,False
1vlqycl,https://www.reddit.com/r/MakeFriendsOver30/comments/1vlqycl/36f_americans_need_to_find_friends_they_can/,36F Americans need to find friends they can communicate with.,"Thirty-six, living in California, divorced for two years. I live alone in a small apartment: mornings with coffee and the sea breeze, a simple lunch, and an evening run by the ocean. There is no ""us"" defined by marriagejust ""me,"" on my own. Yet, mostly, there is a sense of calm. Life is like the Pacific Ocean outside my windowtides rising and fallingno longer changing for anyone else. Simple, free, and just right",1,1786475571.0,MakeFriendsOver30,7,0.67,False
1vlqy4q,https://www.reddit.com/r/TalesFromTheCreeps/comments/1vlqy4q/the_morning_report_or_how_i_got_the_rest_of_the/,"The morning report, or how I got the rest of the week off","  
My name is S. Cohen, I turn thirty nine next January, and I believe god is punishing me for eating pork before my Bar Mitzvah. I didn’t mean to, but my friend Ronny’s father didn’t know I was jewish, my mother did warn me about having gentile friends.



I had a normal life. I worked in a small office with my three co-workers, who I don’t particularly like but still buy them coffee for lunch and remember their wives' names. Every day I would wake up, and listen to the morning report while getting ready to go to work. I like the report in the morning, I enjoy the assortment of topics presented there. On the day my life was destroyed, the topic was a community of people who pinch themselves to alleviate boredom, and the variety of ways to do so, some I never even considered myself. I used to tell my co-workers about the report, but they aren’t good conversationalists. I don’t have any friends to share my discoveries with, but sometimes I tell my mother about the report, although she is not a good listener anymore. Last time I told her about it, when the topic of the day was about a seagull who pecked a man’s tattooed eye out, mistaking it for a plum, she cried for her grandmother. 



I consider myself to be a fairly content person, but I sometimes wish I had a girlfriend to tell her about the report. Last time I was with a woman, My co-worker’s wife, Alyssa, cried from guilt afterwards. Must have been during new years. 



I usually make it to work on time, with a minute or two to spare, taking my regular bus at 08:20, and then a thirty minute bus drive, followed by a four or three minute walk, depending on my speed. Ever since June, it took me an extra thirty seconds to reach the elevator to my office. That morning though, I was running a bit late. The report was delayed, and I couldn’t leave before it ended. Usually, The report began at 07:15, ran until 08:00, with five minutes of ads at around 07:35. Today, it began only at 07:30, with the hostess arriving late to the studio, so it ended only around 08:15. I considered voicing my complaint over the phone to the studio, but they have blocked my two phone numbers. 



I left home in a hurry, hoping I could still make it to my bus, but I saw it leave just as I arrived at the station. I even saw the bus driver smirk as he sped to leave, trails of smoke left in his stead to blow in my face, leaving me puffy eyed. Trying to catch my breath, I rubbed my eyes and looked up at the digital sign at the station. It’s not the most accurate, but in the morning it is fairly reliable. Ten minutes, it reads, and so I’ll be late. I sat down, thinking of what to tell my manager to excuse my tardiness. Perhaps tell him my bus was late or hit traffic? I imagine he’d be skeptical, I am not a great liar, and he didn’t like me very much. When I first got my job, the entire office went out for a bar one evening, but they didn’t like the morning report of that day - it was about people who drink urine to remain young. For some reason no one finished their beer besides me, and we never drank together again. 



Eight minutes. Time flies when lost in thought. The bus station is located close to my house, and despite it being five minutes away, the scenery changes completely. From lush lawns and rich suburbia, to the loud road and the two competing coffee shops arguing for customers. I see Ms Adler taking her daughter, Esther, to kindergarten across the street. She sees me and waves shyly, and I wave back. Esther sees me as well and sticks her tongue out, and I smile. Ms Adler has always been quite nice to me, we went out on a date last year, perhaps around December, that ended when we both realized we didn’t know each other's first names, and decided to stay acquaintances who wave at each other sometimes, and fuck sometimes. We could have been quite a couple, she listened to me tell her about the morning report, which then was about leather fetishists who tailor their used clothes for the poor. 



Five minutes. For the amount of time I thought about Ms Adler, I realized she disappeared from my view. I hope Esther has a good day today. She drew a picture of me and her mother last week that I hung on my fridge. It is a prized possession of mine now.  



I sat alone at the station all this time, but now an older woman is standing beside me. I am unsure how long she has been there, but once I noticed her, I offered up my seat. There was room on the bench, but I was uncomfortable sitting next to a stranger. She smiled, the smile lines along her red lips formed a sweet shape,  and thanked me as she sat down slowly with seemingly a lot of effort. She was older than I thought, although she tried to mask it with makeup, her wrinkles were still showing and her eyes brimmed with a certain age, but I could tell she was a beauty when she was younger. She had a cross necklace on her neck, and I was about to ask her what she was doing in a jewish quarter when I realized it was most irrelevant to ask. She opened her mouth, and coughed, some spit landed onto my coat, but I didn’t move. We waited in awkward silence.



Three minutes. It made me uncomfortable to have her sit besides me while I was standing. I looked at the ground, and saw her grocery bag was filled to the brim with boxes inside, the edge of the plastic bag taking on a cubed shape. I wondered how such a frail woman carried this all the way here. Before my mother got sick, she was able to carry boxes and boxes on her person and it made me jealous of the woman next to me. I should buy flowers and visit when I finish work, is what I thought then. 



One minute. I saw the bus waiting at a red light. I was supposed to be two stations away from my work by this point. I stood closer to the road and put my hand up to gesture to the driver to stop. I heard the woman cough behind me again. What blessing do I say to a christian? Maybe she was just jewish with a great admiration for Christ? 



The bus arrived, and I was surprised by how on time it was. The driver stopped and smiled at me as he opened the door to the vehicle. I got in and was about to take a seat behind him, when he started to scream. I looked at him, who looked fine, and then behind me. The older woman who I gave my seat to, was convulsing on the ground, her eyes bulging out of their sockets ready to pop out. Her face was swollen, ballooning and in size to seemingly match the eyes, and her makeup smeared from the drool and gut fluid now present on her face. I froze for a moment. I was a bit worried the bus would leave me at the station if I’ll try to leave it to help, but when the bus driver got out himself, I found myself kneeling beside the woman, trying to reassure her that she was fine. She didn’t stop convulsing, but she turned a bit to look at me, grabbing my hand with immense strength. Her long, black nails scratched my arm, drawing great gashes, but I tried to not wince in pain, and continued to repeat myself to her. I could hear the driver behind me crying on the phone to the ambulance, as her convulsions grew more violent, smashing her head backwards against the concrete, cracking slightly the pavement. I could now see how dirty she looked all of a sudden, nothing like the beautiful woman I saw before. Her hair was a mess, filled with dirt grime and blood, and teeth rotted seemingly in an instant. I tried not to gag, but it became a struggle against the blood coming out of me as well now. My eyes watered, clouding my vision painfully. The sound of sirens filled the air around us, but it still took more than five minutes to separate her from my arm, the nails scratching more as the medics tried to take her away. I thought I saw something strange as she was hoisted to the medical bed, something moved underneath her skin, like slime putty. One of the medics stayed to bandage my arm, and instructed me to come to the hospital the following day, before bidding me a good day. The bus had already left while I was bandaged, so I opted to go home instead of work. I think I have a good excuse now. Before I left, I realized they forgot to take the woman’s grocery bag. As I got closer, I became more unsure how I didn’t smell the pungent smell emitting from that bag, as I looked inside it, all the boxes were filled with rotten meat and maggots squirming alongside, and inside of it, forming tiny holes in the flesh.



It was 08:40 on a Monday morning and I was already disturbed. I walked as fast as I could home, trying my hardest not to think about what I just experienced, and got inside my old building. My place was the only apartment building in the neighbourhood, with nine other flats located inside. There are constant talks of demolishing the building, but I don’t think it will happen in our lifetime. I got inside, and Mr Strandler, my elderly neighbour, tried to talk to me about something, most likely to warn me again about sexual proclivities, and that he was sure I was a homosexual, but I felt like if I were to stop at this point, I would throw myself off the stairs. I did my best to spit out a quick greeting, and rushed past him, as he yelled something behind me. I reached my apartment, the sight of the familiar floor, and even the crack on the wall above my door oozed so much comfort at that moment. I fiddled in my pocket, rushing to locate the keys, and opened the door to my place. I stared into my hallway mirror, and realized I was covered in blood, which perhaps was the reason Mr Strandler started yelling at me. My bandaged, wounded arms were already dripping with fresh blood, and my clothes, painted on with red that was not my own. My eyes, sunken and tired as they may still darted about, wild with worry as they stared back at me. I think it was the first time, in a long time, that I was unsure of how to proceed. I was never good with unexpected change, and the sharp pain in my arms certainly left me with not much of a mind to decide what to do next. Droplets of blood and sweat joined together in an awful mixture, falling to the floor and reminding me that it was cleanup day yesterday. I must have become a statue for a few more minutes, before I stopped thinking, and walked inside. 



My place was small, but affordable, comfortable even. I had a small living room, connected to an even smaller kitchen area, that I used to connect a digital stovetop to cook. Last year I splurged a bit, and bought myself a brand new coffee maker, which has become, alongside the television, a prized possession of mine. Every morning it would make me a hot cup of coffee, and I would sit on my plastic chair, making sure to remain upright so as to not form a hump, and turn on the morning report. It’s the only time my television set was turned on, and I was very careful to not watch anything else, so I won’t have to replace it from overuse. Next to the chair, I had a small wooden table that I found near the garbage bins outside. One of its legs was a little bit crooked, so it wobbled about, but I made sure to never leave anything fragile on it. It has a vintage playboy magazine on it that I bought for the articles. On my walls, there are nothing but paintings of my mother, by my mother. her biggest muse. Each one looks less decipherable than the last, but I appreciate seeing her everyday when I can’t do so myself. My cat, Olivia, was staring at me lifeless ever since I had her stuffed, from right next to the television. I was about to walk over to her to hug and pet her, but I was worried the blood on me would dirty her white coat. 



I turned left from the kitchen area, where right behind it was the laundry and bathroom. It was, again, quite small, but I was grateful that it had enough room for a bathtub, which felt appropriate for the occasion. I was always very particular about my hygiene, making sure to shower daily, and shave every three. I turned on the faucet, and pushed it right, hoping I would have a bit of hot water, since I did not turn on the boiler as usual. I was lucky it was quite a nice day today. I began removing my clothes and threw the pieces I removed onto the laundry machine. I finally stood naked, and stared at my reflection again over the sink. My groin was red. The mirror started turning foggy from the hot water, as steam began to fill the room. The last thing I needed to remove was the bandages from my arms. The once white cloth, now red, still dripped to the floor. I started unraveling my left arm. Each layer removed turned a darker shade of red, before the last layer was removed, turned purely black. The wound appeared to be still moving, with every breath I took the skin around the open area waved slightly as more blood left the ravine in my arm. I held my hand to it, to block the wound, but could only feel a searing pain once I touched it, so I quickly removed my hand. I wasn’t sure how I hadn't passed out yet, but I chose not to question it yet. I removed the other bandage, lowering my eyes hoping to see something less interesting around my feet, but even then the one thing I paid attention to was the droplets of red that were falling on them now. The water now began overflowing from the tub and I quickly closed the faucet, taking a deep breath and stepping inside it. More water splashed outwardly from the tub as it supported my weight. I tried to relax as best I could, the water hitting my slashes seeming to help slightly, but it worried me to see how quickly the water turned crimson. I opened the plug to let some liters escape to the sewers, and turned the faucet back on. The water turned red in a couple of seconds. I closed the faucet, and tried to think. I lifted my arm above my head, looking at the wound again. It dripped, maybe a bit slower, before squirting out some blood on my face. I coughed. I squinted my eyes slightly, bringing my arm closer to my face. That's when I finally saw it. Something was moving in there, wriggling and spouting bits of its red spit. digging further into my flesh. I could only see small pincers opening and closing, before the “thing” slithered backwards into its flesh cave that used to be my arm. 



I was about to further investigate, when I heard my phone ring from inside the laundry machine, which luckily was not turned on yet. Must have left it in my coat. I tried to reach the laundry door from the tub, stretching as far as I could but I gave up, forgetting my arms were not as long as I thought, and got out of my comfortable tub to open the door to the machine. I plucked my still ringing phone from my coat’s pocket, and sat back in the tub before answering it. It was my boss, who did not seem angry, his voice even slightly worried. He heard there was an incident in my street, and was wondering if I was alright. When I said I got injured, he bid me farewell and to take care of myself, saying I could come back to work next week. He hung up before I could respond. That was strange, I thought, blood resuming to pour from my arms, and I reentered the tub. My ears hummed with a strange sensation, and I could no longer see myself in the mirror. My arms stopped hurting. And I began wondering if I should call the hospital now, rather than later. I started typing the number in my phone and allowed it to ring once or twice, before dropping it in the water. My arms faltered and trembled, each fingertip on both opened and closed in strange, coordinated movement as if not my own. My eyes watered, and sweat erupted from my pores. My entire body now crying. My fingers stopped. I heard the skittering again, but even then the noise stopped. The tears stopped flowing from my eyes. I felt. I felt it all, I could see from the corner of my eye, my unwelcome creature moving about his small pincers, as he seemingly poked its head out to greet me, and I felt compelled to greet it back. 

  
“Hello.” I heard myself say, feeling a bit silly.



“H…Hello” my own voice replied back, slightly more guttural and a small part unsure.  
“What are you doing in my arms?” I felt a bit awkward, having a conversation through my own voice.



The creature paused for a second, the jittering in its movement slowed as it seemingly took a moment to think.

  
“I want to harm you.” My voice sounded quiet but assured. The thing in my arm turned to face the deep gash, and poked the flesh, it hurt again. 

  
“Why?” 

  
“Because I want to be inside you. Your arms are not enough.” I sounded annoyed at the conversation, as if I interrupted the important work of mutilating my body. 



I could feel the wound turn to hole, as it began to slowly dive into the rest of my nervous system, and for a moment, I felt it. I felt like the parasite, the creator, was a part of me. The movement of its small body, our body skitter around. We could feel how it felt to have a thousand legs, and only eight eyes, We could feel each vertebrae swing and sway as we saw the inside of our human body’s arms, and it crawled deeper inside, attempting to move to our shoulder, I saw through our human eyes the flesh expand around the shoulder as it pulsated under the skin, moving around, and we felt a certain joy. Unexplainable joy, as if we were cruel, saw a man jumping to his death and smiled at the notion. And then, we felt our mind become one, we lived through a thousand lifetimes, trapped in stone, ice and concrete, we saw us leap out taking new breaths as we gulped the fresh new air, we saw a field where a black and white bovine grazed the fresh grass, and we dug our way into one of them, and waited. Waiting for a better prey, waiting for a brighter tomorrow. We saw the woman eat the steak at her son’s wedding, we felt the happiness of seeing him standing near the altar and we saw countless others eating the meat around us. We then saw S. Cohen from her vision, horrified at the newly formed scratches in his arms, as we laid the babe inside it. And finally, we saw S. Cohen’s thoughts, his life, his… wandering… imagination, and I screamed, leaping from his arm. 



I was unconscious for a mere second, and that was enough for the parasite to yank itself out of my arm, leaving it a bit hollow feeling now, and shoot itself to the closed bathroom door, and tried to skitter off as further as it could, I was still sitting in my tub, blood, water and soap formed around me into a disgusting color, when the bug started bashing its head against the door, over and over and over, until it stopped moving. I sat there for a moment in the tub, taking a moment to grasp the situation that transpired, my arms sore now, but otherwise felt fine, as the bleeding lessened significantly. I wondered if I should get vaccinated. I unplugged the tub, allowing the water to escape away from me as well, as I was left much lonelier than before. I now had no goals for the rest of the week, as I had no work. I began to wonder what I’ll do now, before remembering that the afternoon show was beginning in an hour. I thought to myself that maybe now I can qualify for an interview for the morning report.

",1,1786475558.0,TalesFromTheCreeps,1,1.0,False
1vlqwrl,https://www.reddit.com/r/BariatricSurgery/comments/1vlqwrl/learn_from_me_3_years_out_with_12_lb_gain/,"Learn from me, 3+ years out with 12 lb gain","Okay, so this is a cautionary tale...please learn from my experience. Twelve pounds may not sound like a lot. But, my goodness, it is!

First off, over three years ago I lost 110 lbs with sleeve surgery. Easy peasy, all went well. I felt and looked great within 10 months. It all went well. No complaints. The best part was buying new clothes because in all my 50 years, I was never thin. But, I did suffer depression my entire life.



So about a year ago, I had a problem with my depression medication that meant I had to go off it, with no replacement (long story).  Without it, my depression came back with a vengeance. I didn't have access to therapy.  I wasn't ruined by it. I kept working out diligently, an hour of cardio per day, mostly water aerobics and elliptical.  I still didn't drink anything other than water and black coffee.  I didn't eat anything that was processed\* for meals, just healthy lean meats and veggies. Sometimes a bit of brown rice.  No fast food. None. Drank tons of water.  Did my vitamins just as I was supposed to.



However, I started self-soothing. \*with candy.  And it was ""okay"" at first.  Because the scale did not move. I did not gain weight. At first.  AT FIRST.  It started with a little bag of m n m's. A snickers.  Maybe a pastry or piece of cake from the grocery store. But all those other good habits stayed in place so I felt okay because the scale was not moving.  Each day it was within one or two pounds of the day before. Not going up, not going down.  Pretty soon those snacks graduated to bags of jelly beans, or those pure-sugar candy fruit slices. Pretty much sugar and artificial colors and flavorings. Somehow as my depression worsened my body craved the worst possible snacks. Cheap, sugary junk. And my medical issue also worsened. I was in bad shape.



Scale didn't move.  I was in shock that I was getting away with it because I knew I was in the wrong. I knew I had worked hard to get to this point to lose all that weight, and I knew I was playing with fire. Yet this bad part of me thought the exercise and other good habits must be winning over the junk.  This went on for about eight months. Then I skipped the scale a week. Then another week. Finally went back. And it was 12 pounds up.  Reality check. I had worked SO hard and was so mad at myself and my body.  Mostly at my own brain for letting myself get so sad that it was willing to give up over a crappy sugary snack.  And the thing was, at the past time in my life when I had gained the most weight, it was over the same thing, the junky cheap sugar treats, not good stuff. Cheap stuff.



So I stopped. No more sugar. Back to the plan. I went back on my pre-surgery ""prove it to the insurance company you are worthy for this"" diet. Didn't lose a pound, despite still being on the exercise and good habits I was doing.  Went back on my liver shrinking diet. NOTHING.  It wasn't peeling off like before!  Why?  WHY? I was screaming to myself because inside I had told myself IF I regained I could lose it again since it was so easy after surgery. It wasn't.  I finally figured out why not.



Before, and right after surgery, I had to learn all those new good habits, and those made a huge difference and I lost weight.  Now, I was **already** on the good habits (except the candy).  So there was nothing else to cut.  I couldn't suddenly cut out fast food as I wasn't having any. I couldn't cut out Starbucks or soda as I wasn't drinking any. I couldn't cut out processed food as I wasn't eating any. I couldn't work out more as I was already doing an hour per day.



See the problem? Even a 12 pound gain suddenly becomes a mountain when you've already living healthy habits to the max.



So I've given up the junk and am working very slowly back to my best weight. Basically I've added an extra workout (evening workout) and decreased my calorie count to 1000 per day, heavy protein, and added some heavy weights.  I'm older and this is hard. I've lost 5 so I'm now looking at losing that 7 to get to where I was. I estimate by New Years if I'm lucky. It's much slower.



I've known a lot of people to regain and I think I understand why. If they give up the good habits, they don't have a chance.  If they keep up the good habits and just eat bad, they still might not have a chance.  It may not be a stomach stretching issue. It may just be a calorie issue.  Too much grazing, too much going in.



Be very careful. Learn from me. I'm still fighting the depression and the medical problem and seeking help and therapy for that.  Emotions are so dangerous if you are unhappy and tend to self-soothe.",7,1786475473.0,BariatricSurgery,6,1.0,False
1vlqvwz,https://www.reddit.com/r/LetYourGeekSideshow/comments/1vlqvwz/first_look_john_rambo_field_jacket_16_figure_by/,First Look: John Rambo Field Jacket 1:6 Figure by Threezero,"By [Sideshow ](https://www.sideshow.com/blog/first-look-john-rambo-field-jacket-figure-threezero#author_bio)on Aug 11, 2026

Sideshow’s newest UNBOXING VIDEO showcases [**Threezero’s**](https://www.sideshow.com/manufacturers/threezero) latest [**movie collectible**](https://www.sideshow.com/genres/cult-classic). Ahead of the worldwide release, get a first look at the [**John Rambo (Field Jacket) Sixth Scale Figure**](https://www.sideshow.com/collectibles/rambo-john-rambo-field-jacket-threezero-914880) inspired by the character’s appearance in the franchise-spawning action movie *First Blood*.

Take a closer look at everything from the [**action figure**](https://www.sideshow.com/types/action-figure) packaging to the range of articulation and variety of accessories included in this highly anticipated release with the unboxing video below.

[https://youtu.be/dZhPrunresc?si=V2u-Dnyy55sAtzuz](https://youtu.be/dZhPrunresc?si=V2u-Dnyy55sAtzuz)

# Unboxing the Figure

The [***Rambo: First Blood*** **– John Rambo (Field Jacket) Sixth Scale Figure**](https://www.sideshow.com/collectibles/rambo-john-rambo-field-jacket-threezero-914880) stands 12.13 inches tall (approximately 30.8 cm) and features a fully articulated body. It accurately represents the character as depicted in the 1982 film *First Blood*.

The action figure is dressed in his iconic, movie-accurate M-65 field jacket, a worn red crew-neck sweatshirt, rugged jeans, and military boots. It includes accessories such as a survival knife with sheath, a sleeping bag, and a coffee cup, faithfully recreating the essentials that help John Rambo survive the relentless pursuit.

# John Rambo, First Blood

https://preview.redd.it/fg7mvmcpnsih1.png?width=592&format=png&auto=webp&s=213b34802d935dafb06305a5daef09e37f77d16a

[](https://www.sideshow.com/wp/wp-content/uploads/2026/08/John-Rambo-First-Blood-Sixth-Scale-Figure-by-Threezero-headsculpt-closeup.jpg)

Heroes are forged through hardship, and nobody knows this better than [**John Rambo**](https://www.sideshow.com/collectibles/rambo-john-rambo-field-jacket-threezero-914880). In *First Blood*, the debut entry in the *Rambo* franchise, John Rambo overcomes trauma and takes a small town by storm.

# What’s in the Box?

https://preview.redd.it/fjo9kldqnsih1.png?width=740&format=png&auto=webp&s=1f9ae8cb32434bb73b529643d0ba344eb20a1b3a

[](https://www.sideshow.com/wp/wp-content/uploads/2026/08/John-Rambo-First-Blood-Sixth-Scale-Figure-by-Threezero-scaled.jpg)

The [**John Rambo (Field Jacket) Sixth Scale Figure**](https://www.sideshow.com/collectibles/rambo-john-rambo-field-jacket-threezero-914880) features:

* 1/6th scale, approximately 30.8 cm tall
* The headsculpt meticulously captures the essence of John Rambo
* Exquisite clothing and appearance

Costume:

* One (1) M-65 field jacket
* One (1) red sweatshirt
* One (1) belt
* One (1) pair of jeans
* One (1) pair of military boots

Accessories:

* One (1) ID tag
* One (1) coffee cup
* One (1) pair of handcuffs
* One (1) survival knife with sheath
* One (1) sleeping bag
* Four (4) pairs of interchangeable hands:
   * One (1) pair of fists
   * One (1) pair of relaxed hands
   * One (1) pair of hands for holding knife
   * One (1) pair of hands for holding accessories

# Companion Pieces

https://preview.redd.it/3ycsg6crnsih1.png?width=740&format=png&auto=webp&s=0a21aa0ef2b4a527ac98daec74448013693026ef

[](https://www.sideshow.com/wp/wp-content/uploads/2026/08/Rocky-IV-Ultimate-Edition-Sixth-Scale-Figure-by-Sly-Stallone-Shop.jpg)

Commemorate another iconic Sylvester Stallone big-screen role with the [**Rocky IV (Ultimate Edition) Sixth Scale Figure**](https://www.sideshow.com/collectibles/rocky-iv-sly-stallone-shop-915663?var=9156633) by [**Sly Stallone Shop**](https://www.sideshow.com/manufacturers/sly-stallone-shop).

https://preview.redd.it/j27l9smtnsih1.png?width=740&format=png&auto=webp&s=d363e30993c4bc687d46265b0b46cbf7f9761bb1

[](https://www.sideshow.com/wp/wp-content/uploads/2026/08/Dek-Bone-Bison-Armor-and-Bud-Sixth-Scale-Figure-Set-by-Hot-Toys-posed-ready-for-battle.jpg)

Travel elsewhere in the world of action-adventure films with the [**Dek (Bone Bison Armor) and Bud Sixth Figure Scale Set**](https://www.sideshow.com/collectibles/predator-dek-bone-bison-armor-and-bud-hot-toys-915532) by Hot Toys, inspired by *Predator: Badlands*.



For more Sideshow FIRST LOOK unboxings, visit our official YouTube Channel. Featuring fan-favorite and highly anticipated collectible figures from all your favorite worlds, this series is an essential guide for curious collectors! See all the latest sixth scale collectibles from manufacturers like Hot Toys, Sideshow, Threezero, Exo-6, and more.

Never miss a limited release! Subscribe to [**Sideshow SMS**](https://www.sideshow.com/why-sideshow/sms) for alerts sent right to your mobile device on highly anticipated product launches, exclusive sales, giveaways, and more. Visit [**side.show/sms**](https://www.sideshow.com/why-sideshow/sms) to sign up now.

The [**John Rambo (Field Jacket) Sixth Scale Figure**](https://www.sideshow.com/collectibles/rambo-john-rambo-field-jacket-threezero-914880) is currently waitlisted, but you can browse even more new and upcoming [**Threezero releases on Sideshow.com**](https://www.sideshow.com/manufacturers/threezero). Then, show off your collection at [**side.show/geekgroup**](http://side.show/geekgroup) or in the [**Sideshow Social Network**](http://side.show/joinus). And don’t forget to Let Your Geek Sideshow!",1,1786475420.0,LetYourGeekSideshow,0,1.0,False
1vlqvv3,https://www.reddit.com/r/TalesFromTheCreeps/comments/1vlqvv3/theres_a_thing_in_the_forest_that_destroyed_my/,There's a thing in the forest that destroyed my family and I want revenge (Return to Sleepy Falls pt. 4),"\*\***Content Warning: contains Gore and Body Horror**\*\*

My mother passed away two weeks ago, heart failure they said, ""I didn't believe them."" When I went to collect her things, the nurse explained to me that all her things had been collected by ""her sister."" My mom didn't have a sister; in fact, growing up, I never even met my mother's parents, my grandparents. The only family I knew outside of my immediate family was my dad's family. The nurse told me that the person who picked up my mother's stuff left a note:

""Meet me at the diner on 16th."" It read. 

When I arrived at the diner, I was flagged down by a middle-aged woman with bouncy red hair. She wore a black leather jacket, a white shirt, and black leggings. 

""Aunt Ginger?"" I asked. 

""Hey, kiddo, it's been a while."" Ginger answered. 

Ginger wasn't my real aunt, more like a good family friend. I've only seen her a handful of times in the past when I was a kid, a few times when I was older, at my brother's funeral, and again at my father's. 

""What are you doing here?"" I asked as I sat down in front of her.

""I'm sorry about your mom."" She said as she reached across and put her hand on mine. 

""Thanks... but you didn't answer my question."" I responded. 

""I wanted to see you. I know things haven't been easy..."" She began. 

""No, they haven't."" I interrupted as I wiped away tears. ""You have my mom's stuff?"" I asked. 

""What was left behind."" She sighed. 

""Wait, what do you mean by that?"" I asked. 

""Your mom kept a diary from when she was younger up until she died. It was missing when I collected her things."" She answered. 

""Who would've taken it?"" I asked. 

She didn't answer immediately; instead, she just stirred her coffee as she looked at the snowfall outside the window. 

""Listen...Ryleigh... you can't go back there. I know you think you'll find answers there, but all that is there is death."" She responded.

""What are you talking about?"" I demanded. 

""I know you're planning on going back to Sleepy Falls."" She responded. 

""I have to! That thing took my entire family from me!"" I said as I slammed my fist into the table. 

The commotion of the diner halted as the sound of silverware clinking against dinner plates was silenced. Heads turned in our direction, all wondering about the disruption in their dining experience. 

""We should go,"" Ginger said. 

We exited the diner and embraced the cold winter. 

""Can I give you a ride?"" Ginger asked as she put on a pair of gloves. 

I nodded in agreement.

Ginger's car was an old beater; the backseat was littered with various cans of beer and empty cups of ramen. 

""Do you live in your car?"" I asked.

""No, I just work a lot in my car."" She responded.

""What do you do?"" I asked.

""I'm a P.I., you know... private investigator,"" she answered. 

""I know what it is."" I said. ""I need to go back.... I have to kill that thing."" I repeated. 

Ginger sighed deeply. ""There are worse things in Sleepy Falls than the Mannatari."" She said. 

""The Mannatari?"" I asked.

She silently drove for a moment as we passed by the motel I was staying at. 

""That was my stop,"" I said. 

""I know... there's someone you need to meet."" She responded.

We drove about two hours west; the snow had lightened up, but there were still patches on the ground by the road. The drive was quiet. Ginger has never really been a person you spoke much to when I had been around her, but that was fine; I didn't feel like talking much myself. After a while, we finally arrived at our destination, a retirement home called 'Shady Beech Retirement Community.''

We walked in, and Ginger spoke with the nurse for a moment; she then turned to me and gestured for me to follow. We met with an elderly African American man in a wheelchair. He was skinny with a gray beard and hair, but you could tell he was handsome when he was younger. 

""Ryleigh... this is Thomas Burgess."" She said, introducing me to him.

""Well... if it isn't my old friend Ginger. How have you been?"" He said with a raspy voice. 

""How have you been, Tommy?"" She asked with a smile, but with sadness in her eyes. 

""Oh, you know, getting old."" He laughed. 

""Tommy, this is Ryleigh, Grant and Nicole's daughter."" She said, pointing to me.

""Nice to meet you..."" I said, confused. 

I had never met this man before; my parents never mentioned him. Not ever. 

""Ah, yes. You look just like your mother, but you have your father's eyes. Stubborn and determined."" He chuckled. 

""How did you know my parents?"" I asked. 

""We were friends. A long time ago."" He said.

""Tommy was my age when your parents met him."" Ginger answered. 

""What happened?"" I asked. 

Tommy explained to me how a girl had disappeared from camp, and he and my father volunteered to look for her. He eventually found himself in a mine. As he explored the mine, he could feel his sense of time and self slipping away from him. He could hear my father's voice calling out to him, and he called back, but he was too deep in the mine. 

""Your father tried to find me, but I couldn't find my way back."" He explained. ""I went into that mine as a teenager, and I came out sixty-three years old. I just turned ninety this year.

 It's a difficult time, having all your memories of being a child and a young man, but none of you growing up and growing old."" 

A normal person wouldn't have believed this; just chalk it up to the ramblings of an old man. But after what I've seen, his story didn't seem so far-fetched. 

""Do you understand, Ryleigh? That town, that whole forest... The Mannatari is one of several nightmares that inhabit the area."" Ginger explained. 

""I don't care... I don't care what's there... I need to go back... I need to kill that thing... to put my brother's soul to rest."" I said.

As I got up from my chair, Tommy desperately reached for my hand to grab it. 

""Y-your father... he visited me before he died. He said when he went back to look for your brother, everything came back to him. He had forgotten, but when he returned, he remembered everything. He said he could hear the mine call to him... I hear it sometimes, too."" Tommy said, breathing heavily.

""I think that's enough for today. Thank you for seeing us, Tommy."" Ginger said, putting her hand on Tommy's shoulder.

The car ride back was somehow even quieter. I knew that there was something really fucked up about that place, but even with Aunt Ginger's warnings, even with Tommy's story... I had to go back to Sleepy Falls. It was nighttime when we eventually pulled up to the motel I had been staying at. 

""I really can't convince you not to go, can I?"" Ginger asked.

I shook my head.

""You know there are no buses that run there anymore."" She said.

""I can get a car."" I answered.

Ginger then turned the car off and pulled the keys out of the ignition. 

""Take mine."" She said as she handed me her keys. ""It's the least I can do."" She said.

I couldn't sleep that night; the anticipation of the next day kept me up. Ginger stayed the night and slept on the second bed in my room. The next morning, she was gone, a single note left behind, an old piece of paper with pencil scribbled across it. It looked like something transferred from a book; it read, ""Camp Rules."" 

The drive to Sleepy Falls was a dreadful experience, while I was fueled by hatred of the thing that destroyed my family, I couldn't stop but feeling terrified. Knowing there were a whole litany of nightmares there, had me on edge.  I wish I had a smoke or a drink, something to numb my fear and anxiety. 

When I arrived to Sleepy Falls, I expected to either have to sneak into the forest or go in guns blazing, but neither option was needed. The town was empty, where as every other time I'd been here the residents had met me with their silent blank stares, there was no one. In place of the residents, instead stood mannequins, placed meticulously in locations and positioned in way as if they were performing the duties of their represented residents. 

Everything seemed like it was frozen in time, yet there we several anomalies that I had noticed. The bread from the bakery was warm and smelled fresh as if it were baked this morning. The clocks on the walls were all stuck at the same time: 2:33a.m., yet the sun still shined through the clouds above. The roads  were plowed, but there we no vehicles in site. I stood close to one of the mannequins, one dressed like a sheriff, he just like right through me, these were just ordinary mannequins. 

""C-can I help you, young lady?"" A voice asked. 

I turned around to see a homeless man close to my own age. He was dirty and ragged wearing a puffy jacket that was torn on various places. He was missing several teeth and hid hair was long and stringy. 

""What happen to all the people that lived here?"" I asked.  

""Why.... they are all around you? Don't you see them?"" He asked. 

He obviously wasn't all there, possibly dangerous. 

""Are you a hunter?"" He asked gesturing towards the shotgun strung over my shoulder. 

""Ummm.... yeah I'm a hunter."" I said.  

""What are you hunting? Rabbits? You won't find any here? You won't find much of anything here."" He laughed. 

""I'm Simon, by the way. "" the homeless man said extending his hand forward to shake mine. 

""I'm Ryleigh..."" I said as I hesitantly extended my hand forward. 

He then reached towards me and grabbed my wrist.

""Ryleigh? Ryleigh? RYLEIGH?! Ryleigh, Ryleigh, Ryleigh, Ryleigh, Ryleigh!"" He screamed. 

I was able to break free of his grasp and immediately turned and began to run. 

""RUN! RABBIT! RUN!"" He screamed at me. 

I turned to see Simon get on all fours and begin chasing me. His movements appeared unnatural, yet seemed to be normal for him. I couldn't outrun him, I had to turn and fight.  As he approached closer, he moved from all fours back to two legs, but he didn't run at me the way a normal full grown adult would, but moved the way a toddler would. I pulled my shotgun from around my back and slammed the butt of it into his face. The sudden stop caused him to fall backwards into the snow. He attempted to get back to, but I kicked him in the face knocking him out. I dragged him over to a nearby bench and used zipties I had brought with me to secure him to the bench.

By the time I reached the camp, it was mid afternoon. If these rules were to be believed, I need to get in and out of the forest and the area before nightfall. The camp looked the same as it did ten years ago, all the bunkhouses were still in pristine condition, no cobwebs, no termite damage. I searched the bunkhouse for anything useful, anything I can use against the Mannatari. 

I was about to find a chef's knife, a small hatchet and a small book. The book had a strange hieroglyphic symbol on the front of it, inside it read the following passage: 

'Welcome Children of the Fall

Come and See, she who sees all

Give her yourself, body and soul

She will grant us wisdom of all that is known. '

As I stepped outside, I saw a figure before me, it was Simon, he had released himself by gnawing through his wrist. He looked at me and smiled with his bloody toothless grin as he growled like an animal. He charged me, I pulled up my shotgun and fired a shot into his skull, knocking him to the ground. 

I killed a man, I didn't have to, I shouldn't have. But it was him or me. I checked his body only to discover it was made of plastic, broken pieces of his face sitting inside his hollowed out mannequin head. Was I going insane? Was my mother's madness hereditary? No... the Mannatari broke my mother. Destroyed my family. 

 

In the forest, I found a large burrow under a huge tree. There were no animals in this forest, so I knew it had to belong to the Mannatari. Before I entered, I took stock of all my items, reloaded my shotgun and grabbed a headlamp for light. I descended into the burrow, under the tree, deeper into the lair of the Mannatari. When I found it,  it seemed inanimate, sleeping amongst the roots of the tree above. 

It had a head was made out of a bear's skull, it's body was made of wood and wrapped vines, except for its ribcage which was made him bone. Within the ribcage I could see it's organs pulsating inside. I raised my shotgun to it's head and fired a shot, it shrieked in pain as it awoke thrashing against the roots that held it. I pumped the next shell and fired the next round hitting it's chest, another shot aimed for its chest, but the creature's flailing limbs knocked my barrel down causing the shot to hit it's leg. Before I could reload, the creature successfully broke free and knocked my shotgun from my hands. I pulled out the hatchet ready to continue the fight, but then I felt the hair on the back of my back stand up and a wave of static run over me. 

I was in another part of the forest, the forest shifted and moved me away from the Mannatari. 

""Fuck! Fuck!"" I wailed as I dropped to my knees and began bashing the hatchet in my hand against the dirt. 

Not only did I fail to kill it, but I lost my shotgun as well. I collected myself and got back on my feet, but before I could move forward, I felt a hand to over my mouth and a sharp prick in my neck and all went black. 

When I came to I was sitting in the forest with my hands tied behind my back with my own zipties. 

""I told you not to come back,  but you didn't listen."" A familiar voice said to me. 

""Aunt Ginger?"" I questioned.  

As my vision became clear I saw Ginger approach me from the dark. Her face illuminated by the light of the lantern nearby. 

""No. I'm not Ginger."" She said as she removed the large red wig from her head revealing her short slicked back blonde hair. ""My name is Ashley."" She said.  

""Ashley? Who the fuck are you? What did you do with Ginger?"" I demanded. 

""I didn't do anything to Ginger. Years ago, she helped your mother and father escape this place. She was injured, but was able to patch up her wound. Once your parents were safe, she tried to drive to a hospital. But she lost too much blood already and crashed."" Ashley explained. ""I learned about her death from the cult, who kept tabs on your parent's as well and were responsible for their loss of memories regarding the events of that night."" She explained as she paced back in forth. ""I figured the cult was done with your parents after that. 

""What the fuck is this? Some sort of villain monolog?"" I asked as I thrashed against the zipties.

""That was until until your parents returned years later, with you and your brother. After that, I assumed Ginger's identity to keep a closer eye on all of you. Then your brother came to the camp and was killed by the Mannatari, but your parents' connection to this place drew the Mannatari to leave it's territory and go to your home. I knew you would want to come here and I tried to stop you."" She explained. 

""Why me? Why did this all happen to me?"" I demanded. 

""You saw the people in town, right?"" She asked.  

I nodded. 

""The god has become more unpredictable than ever, before she would only manifest nightmares and legends, but now she is changing things, altering reality. The current leader of the cult, Russell, he wants to control this power."" She explained. ""He wants to use you as it's vessel. He attempted once before in his own son, but his mother escaped with the baby. "" she explained.  

""Why are you telling me all this?"" I asked. 

Ashley looked at me with saddened eyes. She pittied me, ""I felt you need to know the truth and I why I have to kill you."" She answered. 

""Whoa! Wait! You don't have to do this!"" I said. ""Ashley, look at me, you can help me kill the Mannatari, and then I'm gone, I'll never return here again."" I said.  

""Even in the face of death, you only want to kill the creature. Even if you do kill it, another one will manifest in it's place."" She said. 

""Then I'll leave. You'll never see me again."" I pleaded. 

""But you will come back, whether you kill the Mannatari or not, you will return. The god that lives here, she sees us as her children. And a mother will always call her children home."" She said as she pulled out a knife and began to approached me. 

""Ashley! Look at me! You may have not been my aunt, but you watched me, you warned me not to come back. Something in you must care about me."" I screamed at her. 

Ashley stopped for a moment and began to cry. ""So much blood on my hands. All those people... and children I've sacrificed in service to the cult... one more sacrifice and it's over."" She cried. 

Before she could step any further a claw made of branches burst through her stomach and lifter her off the ground. The Mannatari has found us. 

The creature ripped Ashley apart consuming her organs in the process, as it did so, slipped my arms through my legs and in front of me.  

The creature then turned its attention on me, ""I-I told you to stay away, b-but you didn't listen!"" It screamed in Ashley's voice. 

It began to charge towards me and as it did, I grabbed the nearby kerosene lamp and threw it at the Mannatari it bursting against its skull, igniting it's wooden body. The creature cried in panic as it ran past me and into the woods. I was able to cut myself lose with the knife that Ashley had dropped, grabbed my hatchet and I chased after the creature. 

When I found it, the thing was laying in a puddle of melted snow, it's body extinguished, but badly burnt. It didn't have the strength of the creature I had fought earlier, it was weakened and withered. I raised my hatchet and brought it down on its ribcage chipping away bone until it's wooden organ were exposed. They were beating and pulsating so quickly, it was scared. I raised the hatchet for the killing blow, when it spoke to me: 

""Ryleigh... sister....Love you..."" it said with Max's voice, perfectly imitating it. 

It was the first time I'd heard Max's voice in ten years, tears streamed down my cheeks, their warmth cracked against the brittle cold, I felt my heart drop into my chest, I wanted to scream with every ounce of breath that I had. I brought the hatchet down on its heart, splitting it in two, it's putrid black sap splashing against my face and my coat. The creature let out a loud death rattle as I watched the light in it's eyes fade to black. The Mannatari was finally dead, with its death I let out a scream so primal, it hadn't been heard since the first hunter slayed the first beast. 

I slayed my demon and avenged my family; my head was finally silent, my heart no longer heavy. I don't even know how I made it out of the forest and back to my car. The whole time I expected attackers in robes to beset me, but it never happened. I just leaned my head against the steering wheel and cried. 

I visited Tommy one last time; he was happy to see me and told me I looked like a different person. I told him about Ginger and Ashley; he was sad to hear about both of their deaths. I told him I couldn't see him again; he understood when I explained everything to him.

""I don't have much time left. I hear the mine calling me more and more. But I'm glad you gave this old man one last visit."" He said with a smile. He then handed me an envelope filled with cash. ""Take it, I don't need it where I'm going."" He said. 

I've been on the move since, never staying in one location for long. Cash will run out eventually and I'll have to pick to odd jobs here and there, then move again. Always looking over my shoulder. At night, I hear her voice, calling to me, calling me home. 

End",2,1786475418.0,TalesFromTheCreeps,1,1.0,False
1vlqvs6,https://www.reddit.com/r/nintype/comments/1vlqvs6/kinetica_an_android_spiritual_successor_to/,Kinetica - An android spiritual successor to Nintype Keyboard,"I used Nintype (Keyboard69) for years and never found anything like it after it was discontinued. Nothing else lets you use both thumbs at once. So I wrote one from scratch in Kotlin on Android's public IME APIs. 

https://reddit.com/link/1vlqvs6/video/9cdgja77osih1/player

Both thumbs swipe or tap at the same time, independently, and the engine merges the two streams into a single word.   
Typing ""something"" can be: *left thumb taps S, then E, while the right thumb swipes O-M and then T-H-I-N-G.*  
  
**Features:**

* Two thumbs at once, with taps and swipes mixed freely inside the same word
* No INTERNET permission, so nothing you type can leave the phone. No ads, no analytics, no accounts
* Tap autocorrect and live completions, and the words you actually use climb the suggestion bar over time
* Long-press alternates on every key, edge swipes, chord shortcuts, a symbols layer and a numpad
* Five layouts (full, left, right, split, one-handed) and adjustable height
* Dark theme, Material You, or a palette generated
* Peck-type mode that turns decoding off entirely

**Languages:** English, Italian and Spanish are supported out of the box, with about 49k words bundled for each. The engine itself is language-agnostic so adding a language is mainly a matter of supplying a wordlist and a layout. The full recipe is in ADDING\_A\_LANGUAGE.md in the repo, and I'm happy to help anyone who wants to do their own.

**One thing I'd do right after installing:** import a bigger dictionary. The bundled lists are built from open subtitle corpora and work fine, but the AOSP dictionaries are several times larger and you notice it immediately: 47k → 161k for English, 49k → 173k Italian, 50k → 236k Spanish.

Grab the \`.combined\` file for your language from [https://codeberg.org/Helium314/aosp-dictionaries/src/branch/main/wordlists](https://codeberg.org/Helium314/aosp-dictionaries/src/branch/main/wordlists) (\`main\_en\_US.combined\`, \`main\_it.combined\`, \`main\_es.combined\`), then in the app go to Settings > Dictionary > ""Import improved dictionary (wordlist.combined)"". It merges on the device, nothing is uploaded. Make sure you take the files from the \`wordlists\` folder and not the \`.dict\` ones from \`dictionaries\`.

It's GPL-3.0 and free:

* GitHub: [https://github.com/EZ-eta/kinetica](https://github.com/EZ-eta/kinetica)
* GitLab mirror: [https://gitlab.com/EZ-eta/kinetica](https://gitlab.com/EZ-eta/kinetica)

I've also submitted it to F-Droid and the merge request is open, so it should turn up there before long.

This is the first public release and even if I am daily-driving this myself, there may be some small issues here and there.

**Support:** If you find this keyboard useful you can buy me a coffee at [Ko-fi](https://ko-fi.com/ez_eta)   
*Entirely optional. The app is free and will stay free and available to everyone, always.*",8,1786475413.0,nintype,1,0.91,False
1vlqut5,https://www.reddit.com/r/vitpune/comments/1vlqut5/same_as_below/,Same as below,"To: Karthik Subramanyam Sir

Subject: VIT General Category Fees Breakdown

Sir, please read this. (Or show this message to him.)

General Category - Total Estimated Cost

1. First Year

\- Tuition Fees: ₹1,92,000

\- Flat: ₹4,000

\- Food/Dinner: ₹6,000

  

  Breakdown: Morning ₹80 + Evening ₹80 + Snacks/Coffee /canteen noon nasta ₹40 per day. Considering \~₹10,000 per month

  

  → ₹10,000 x 12 months = ₹1,20,000

\- Laptop: ₹60,000

\- Outings/Miscellaneous/buying attire/bday party/if u got sick tablets: ₹40000 =60k+40k=1 lakh

First Year Total = ₹1,92,000 + ₹1,20,000 + ₹1,00,000 + ₹60,000 = ₹4,72,000

2. Next 3 Years - Per Year

\- Tuition Fees: ₹1,92,000

\- Food + Flat: ₹1,20,000

\- Outings/Miscellaneous/buying attire/bday party/if u got sick tablets: 30000 

Per Year Total = ₹1,92,000 + ₹1,20,000 + ₹30,000 = ₹3,42,000

For 3 Years = ₹3,42,000 x 3 = ₹10,26,000

4 Year Grand Total

₹4,72,000 + ₹10,26,000 = ₹14,98,000 ≈ ₹15 Lakhs

Did I miss anything, guys?

I don't want to blame Karthik Sir, but a few companies are asking system design and high-level questions out of nowhere. Seriously, should we be preparing for system design as freshers?

They asked system design questions in IBM interviews as well as Zendesk interviews.

Sir should show some consideration towards the 2027 batch, honestly. We are already spending around ₹15 lakh for our education. Are we really expected to take additional financial pressure just to secure a job?

I understand that getting a ₹15 LPA package as a fresher is pretty difficult, but even if someone gets around ₹7.5 LPA, that would at least make things somewhat manageable.

Also, Sir is strongly encouraging everyone to apply for Accenture. But what if I get a Bangalore location, where rent and living expenses are extremely high? Should I have to depend on my parents to pay for my rent and other expenses after getting a job?

Additionally, I have asked seniors about this. From what I have heard, once a student gets an offer around 3.5 LPA or below, or whatever the applicable threshold is, they may not be allowed to apply for further opportunities.

A lot of people are aware of how Karthik Sir approaches placements, and I think this is one of the reasons why some students are hesitant to apply for Accenture.

I'm not trying to personally target or blame anyone. I just feel that the concerns of the 2027 batch should be heard, especially considering the amount of money students and their families are investing in their education.

We should be able to discuss these placement policies openly and understand what options are available to students.

PS:-USED GPT TO EXPRESS MY THOUGHTS IN BETTER WAY",12,1786475352.0,vitpune,6,1.0,False
1vlqtw1,https://www.reddit.com/r/IndiaCoffee/comments/1vlqtw1/just_bought_a_delonghi_dedica_duo_need_51mm/,"Just bought a DeLonghi Dedica Duo — need 51mm budget tools, coffee recs & beginner tips!","  


https://preview.redd.it/tt1rlhiposih1.jpg?width=3024&format=pjpg&auto=webp&s=578e89e3ea867dfcafb0511425cb5ba2c6751db9

Hey folks,  
Just pulled the trigger on a DeLonghi Dedica Duo, and I'm super excited! Now I want to dial in my puck prep but need some solid barista tools on a budget (or slightly higher if they actually improve the shot/workflow).

I'm looking for recommendations available on Amazon India (or other local roaster sites) for my 51mm setup. Here is what I need:

1. WDT Tool
2. Knockbox
3. Portafilter Dosing Ring (51mm)
4. Coffee Tamping Mat / Silicone Product Mat
5. Digital Coffee Scale (0.1g accuracy with a built-in timer)
6. Kitchen Thermometer

**A quick question about the portafilter:** Do I need to upgrade the stock portafilter (or the pressurized baskets) right away to get a good shot, or are the included ones good enough to learn on for a while?

**Also:**

* **Coffee Beans:** Can you suggest some good specialty coffees or local Indian roasters to try out?
* **Dedica Duo Tips:** If anyone here is using the new Dedica Duo (or older Dedicas), please drop some beginner tips or tricks! I'm completely new to this machine and espresso in general.

Thanks in advance!",1,1786475296.0,IndiaCoffee,5,1.0,False
1vlqtrz,https://i.redd.it/egbpmxg8osih1.jpeg,Law of One parallels from UFO book,"This image is taken from a coffee table book called Flying Saucers Are Real! by Jack Womack. It’s a very robust and interesting book, but wanted to share this image with the community to get all of your thoughts.",5,1786475289.0,lawofone,2,0.86,False
1vlqt3f,https://www.reddit.com/r/LawOfOneAudit/comments/1vlqt3f/uautomoderator_removed_a_post_from_rlawofone/,u/AutoModerator removed a post from r/lawofone,"### On 11/8/2026, at approximately 19:05, u/AutoModerator removed a post from r/lawofone

##### Complete Mod Log

| Action     | Moderator     | Details                                                        | Description |
| ---------- | ------------- | -------------------------------------------------------------- | ----------- |
| removelink | AutoModerator | Indirect link to hosted image #2 [https://imgur.com/a/3Bc61tE] |             |

##### Original Title

> Law of One parallels from UFO book

##### Original Body

> This image is taken from a coffee table book called Flying Saucers Are Real! by Jack Womack. It’s a very robust and interesting book, but wanted to share this image with the community to get all of your thoughts.

##### URL

> https://imgur.com/a/3Bc61tE

##### Permalink

> https://reddit.com/r/lawofone/comments/1vlqr7g/law_of_one_parallels_from_ufo_book/

---

^(This content was automatically generated, and correct at the time of posting. Changes to the referenced content, such as edits or deletions, may not be reflected here. All times are in UTC.)",1,1786475247.0,LawOfOneAudit,0,1.0,False
1vlqsu9,https://i.redd.it/wsduyk42osih1.jpeg,Business Class coffee experience,"During a long flight and after some sleep, I was presented with nice cappuccino, biscoff and pop corn. ",6,1786475231.0,airindia,3,1.0,False
1vlqseu,https://www.reddit.com/r/OnlineFriend/comments/1vlqseu/24f_i_am_so_bored/,24f -I am so bored,"My day was so mundane  
I don’t think I left the house  
Drank a pot of coffee  
Tried to write, nothing came out  
Somehow it’s another day  
I’m still bored out of my skull  
And I went to a party  
But only on principle  
Empty, look at me

**Bonus points if you get the reference** 🫣",2,1786475205.0,OnlineFriend,2,1.0,False
1vlqsaq,https://i.redd.it/zpwiegsynsih1.jpeg,Account Banned After File Conversion,"My account has been banned after what appears to be a file conversion.  I am not 100% sure as I did not get a reason in the email about being banned.  

I use my Claude account mostly for coding, planning projects, and preparing files and documentation.  I have a few personal coding projects that I've been hard-core working on for a few months now that rely on a set of skills and MD files as instructions.

The last thing I was doing is converting some sample media files (mix of images and videos) to webp and encoded mp4 formats to make them smaller.  I have used Claude for this in the past with no issues.  Today, I kick off the process, walk away for some coffee, and come back to Claude logged out.  Logged back in and got a generic ban message.  Checked my email and sure enough, im banned (see attached image).  

I wasn't even gone for 5 minutes.  Has anyone had the same experience with being banned out of the blue for no apparent or given reason?  I checked the TOS and usage policy and I can't think of anything I did that violates it.  No copyrighted content, all files that were pulled from pulled from public domain, or of my own creation. ",16,1786475198.0,Anthropic,23,0.77,False
1vlqs7q,https://www.reddit.com/r/UkFriends/comments/1vlqs7q/31m4r_lancashire_greater_manchester_looking_for/,31M4R | Lancashire / Greater Manchester | Looking for hiking buddies & outdoor friends,"Hi everyone! 👋

I'm 31M based around Darwen, and I'm looking to meet some people around my age who fancy getting outdoors and hopefully turning walks into genuine friendships.

I was kept off my feet for quite a while by a long-term illness, but I'm finally back out exploring again and really making the most of it. At the moment I'm running every other day and doing daily 4–8 km walks, and I'd love some company on some of those adventures as well as some bigger hikes.

I'm happiest outside — forests, moorland, rivers, hills, wildlife, discovering somewhere I've never been before… all good with me. I'm particularly into wildlife spotting, so if we happen to see birds of prey, deer, foxes, interesting fungi, or anything else worth stopping for, I'm probably going to be annoyingly enthusiastic about it. 😂

I'm also slightly obsessed with my trail cameras, so there may occasionally be wildlife photos involved.

The other day I had a little wander along the Tolkien trail whilst listening to the Hobbit. Honestly, it felt like the only acceptable soundtrack.

I'd love to find people who are up for things like:

🥾 Countryside walks and proper hikes

🌲 Exploring new trails and places

🦌 Wildlife spotting / photography

🏊 Trying wild swimming (once I work up the courage!)

☕ Getting a coffee or food afterwards

🐕 Bringing dogs along for walks

🌄 Generally finding excuses to spend more time outside

I have a friendly rescue guide dog who comes along with me. She's great with people and other dogs, so if you've got a four-legged hiking buddy too, even better!

A bit about me:

🎵 Music-wise I'm all over the place — country, classic rock, metal, folk, blues, soundtracks… pretty much anything except pop. Always happy to steal someone's music recommendations.

🧀 Controversial opinion: cheese is overrated. Pizza gets a pass, and somehow Stilton sauce is exempt from the rules. I will die on this hill. Come fight me.

What I'm looking for

People roughly within an hour of Darwen, ideally around my age, who genuinely want to make some local friends rather than just do a one-off walk.

You don't need to be an experienced hiker or ridiculously fit. If you enjoy getting outside, exploring, chatting, spotting wildlife and occasionally rewarding a walk with coffee afterwards, we'll probably get on.

If this sounds like your kind of thing, drop me a comment or send me a message. It would be great to find a few people to explore with.",1,1786475192.0,UkFriends,0,1.0,False
1vlqr4w,https://www.reddit.com/r/MakeFriendsUK/comments/1vlqr4w/31m4r_lancashire_greater_manchester_looking_for/,31M4R | Lancashire / Greater Manchester | Looking for hiking buddies & outdoor friends,"Hi everyone! 👋

I'm 31M based around Darwen, and I'm looking to meet some people around my age who fancy getting outdoors and hopefully turning walks into genuine friendships.

I was kept off my feet for quite a while by a long-term illness, but I'm finally back out exploring again and really making the most of it. At the moment I'm running every other day and doing daily 4–8 km walks, and I'd love some company on some of those adventures as well as some bigger hikes.

I'm happiest outside — forests, moorland, rivers, hills, wildlife, discovering somewhere I've never been before… all good with me. I'm particularly into wildlife spotting, so if we happen to see birds of prey, deer, foxes, interesting fungi, or anything else worth stopping for, I'm probably going to be annoyingly enthusiastic about it. 😂

I'm also slightly obsessed with my trail cameras, so there may occasionally be wildlife photos involved.

The other day I had a little wander along the Tolkien trail whilst listening to the Hobbit. Honestly, it felt like the only acceptable soundtrack.

I'd love to find people who are up for things like:

🥾 Countryside walks and proper hikes

🌲 Exploring new trails and places

🦌 Wildlife spotting / photography

🏊 Trying wild swimming (once I work up the courage!)

☕ Getting a coffee or food afterwards

🐕 Bringing dogs along for walks

🌄 Generally finding excuses to spend more time outside

I have a friendly rescue guide dog who comes along with me. She's great with people and other dogs, so if you've got a four-legged hiking buddy too, even better!

A bit about me:

🎵 Music-wise I'm all over the place — country, classic rock, metal, folk, blues, soundtracks… pretty much anything except pop. Always happy to steal someone's music recommendations.

🧀 Controversial opinion: cheese is overrated. Pizza gets a pass, and somehow Stilton sauce is exempt from the rules. I will die on this hill. Come fight me.

What I'm looking for

People roughly within an hour of Darwen, ideally around my age, who genuinely want to make some local friends rather than just do a one-off walk.

You don't need to be an experienced hiker or ridiculously fit. If you enjoy getting outside, exploring, chatting, spotting wildlife and occasionally rewarding a walk with coffee afterwards, we'll probably get on.

If this sounds like your kind of thing, drop me a comment or send me a message. It would be great to find a few people to explore with.",2,1786475129.0,MakeFriendsUK,0,1.0,False
1vlqq1x,https://www.reddit.com/r/humansarespaceorcs/comments/1vlqq1x/human_fred_priorities/,Human Fred Priorities,"1  [Human Fred and Food](https://www.reddit.com/r/humansarespaceorcs/comments/1va3ow0/human_fred_and_food/)  
2  [Human Fred Again](https://www.reddit.com/r/humansarespaceorcs/s/jeHFyMbX5v)  
3  [Human Fred Yet Again](https://www.reddit.com/r/humansarespaceorcs/s/oMbT2Bn6CR)  
4  [Human Fred The Saga Continues](https://www.reddit.com/r/humansarespaceorcs/comments/1vdmxaj/human_fred_the_saga_continues/)  
5  [Human Fred Rides Again](https://www.reddit.com/r/humansarespaceorcs/s/CfGNkjWqOX)  
6  [Human Fred \*Sigh\*](https://www.reddit.com/r/humansarespaceorcs/comments/1vfdwod/human_fred_sigh/)  
7  [Human Fred Rolls Out](https://www.reddit.com/r/humansarespaceorcs/s/9aJ5cbrVf2)  
8  [Human Fred Attempts a Nap](https://www.reddit.com/r/humansarespaceorcs/s/QlHZPq54pV)  
9  [Human Fred Doh’](https://www.reddit.com/r/humansarespaceorcs/s/QmLRRsHDKL)  
10 [Human Fred Stops for Coffee](https://www.reddit.com/r/humansarespaceorcs/s/76ow7prkdX)  
11 [Human Fred Deploys Stabby and Knifey](https://www.reddit.com/r/humansarespaceorcs/comments/1vi3uhc/human_fred_deploys_stabby_and_knifey/)  
12 [Human Fred Attempts Friendly Advice](https://www.reddit.com/r/humansarespaceorcs/comments/1vj62fy/human_fred_attempts_friendly_advice/)  
 

“Hey Fred, I’ve got a message for you.”

“Greezek, why are you bringing me a message?”

“I’m on standby until repairs are done, so station command asked me to fill in for a bit. I get paid double!”

“Oh sweet! Very cool! Now what is the message?”

“Station command wants to know when you will be working on the sensor array.”

“Oh for fucks sake. Really?!? I’m working on something important, and they want me to duck around with shit technology?”

“Coffee maker still not up to task?”

“Not quite. It brews and refills fine, but the options menu is chaos, half the time you select ‘sugar’ it just gives you a lump of sugar and no coffee, and the gods alone know what the goop it calls creamer is.”

“And this is more important than the sensor array?”

“Look. All they need to do is purge the cache, recycle the tracking system, and run a system check. Here, I’ll write it down for you.”

“That’s it? Why don’t they do it?”

“Because they are scared of breaking it.”

“Why?”

“Greezek, on your planet, do your species tend to play around with stuff? Take things apart to see how they work? Explore all the options in a system to figure out what everything does?”

“Not really. We tend to rely on the manual.”

“Exactly. You see, I’m an engineer. We take stuff apart and play with settings. The manual is often written by someone who has never actually used the item or system, so manuals tend to be either too complex or too simple. The best manuals are written by beings who actually work with the item or system. They play with it to see how it all fits, and then they can write a manual that is actually helpful.”

“Soooo…why don’t they do that?”

“Expense. Costs too much. Or they want the user to be reliant on specialized techs who generate income.”

“They won’t find these instructions in the manual, will they?”

“Nope! This is the third time the sensor array has done the same thing. I told them how to fix it for good, but that was ruled too expensive. So now I keep getting called up to fix a poorly designed, poorly built, poorly maintained pile of shit.”

“How did you figure out that this would work?”

“There are certain constants in how complex systems work. The first step is to turn it off, let it sit for a bit, and turn it back on. That clears out some of the temp files. If that doesn't work, you purge all of the cache. That gets rid of ALL temp files. On a system like that, which is actually a number systems networked, the next step is to clear any data inputs. So you recycle the data input. Now your system is cleared of any corrupted temp files or stray data. The system check clears any error codes and returns it to standby mode. Then you turn it on.”

“What if the system check kicks back errors?”

“That is when I’m actually needed. That would mean a deeper issue, but so far that hasn’t been the case.”

“Well, since I’m getting paid double, I’ll go run this. I’ll let you know if there is an issue. Thanks Fred!”

“Glad to help. Oh, Greezek?”

“Yes?”

“Don’t show them the instructions I gave you. Let them think you figured it out on your own.”

“Sneaky devil.”

Fred returned to the replicator system. Clearly some idiot had fucked up the database. He pulled the database module, plugged it into his diagnostic panel, and set to work. 

Fred was deep into a highly corrupted database when he heard a polite knocking. 

“Greezek! How did it go?”

“It kicked out a Level 1 warning. The system is up and running, but the warning won’t clear.”

“Odd. What is the code?”

“Um…’Level 1 Warning: IFF DB FAULT.’ No one knew what it meant.”

“Well fuck. That is actually a real problem. It means the system may or may not be able to differentiate between a friendly or hostile ship. Damn. Give me a sec.”

Fred unplugged everything from his diagnostic panel, neatly arranged the parts on the counter, grabbed his tool box, and started rolling it towards the station control room. 

“Follow me. I know how the pirates got close enough to attack, and station command will NOT like it.” ",11,1786475067.0,humansarespaceorcs,1,1.0,False
1vlqq12,https://www.reddit.com/r/airindia/comments/1vlqq12/help_me_find_an_air_india_flight_attendant_from/,"Help me find an Air India flight attendant from AI2018 (London Heathrow → Delhi, 10–11 Aug)","This is probably a long shot, but here goes.  
I work as an engineer on a research ship, so I spend months away from home and travel quite a bit. I was flying back to India after three months at sea on Air India AI2018, departing London Heathrow on 10 August and arriving in Delhi on 11 August. I was in seat 43C.  
I’ve taken enough flights to know they’re usually all the same—headphones on, sleep, land, repeat.  
But this one was different.  
There was a flight attendant who genuinely stood out. She had short hair, a lovely smile, was incredibly polite, and had this calm, positive energy that made the journey feel much easier.  
At one point she came over, asked my name, and we chatted briefly. I’m usually a pretty quiet person, and looking back, I wish I’d continued the conversation instead of overthinking it.  
This isn’t about being desperate or creating some Bollywood story. Sometimes you just meet someone who leaves a really good impression, and later you wish you’d at least introduced yourself properly. I know her full name but posting only initials first name starts with “A” and her surname starts with “S.”  
If by any chance you’re reading this—or if someone from the crew recognizes who I’m talking about—I’d genuinely love to buy her a coffee someday and say hello. No pressure, no expectations, just a simple conversation.  
If Reddit can work its magic, I’d be grateful. ❤️",0,1786475065.0,airindia,6,0.44,False
1vlqnew,https://i.redd.it/ixmmskw3nsih1.jpeg,Field of Vision Run Club,"Original post was removed by Reddit filters for some reason. :/ Here it is again!

Helloooo fellow FOV-ers! Last year, a very small group of us had a ""run club"" each morning before yoga. Short, chill, runs to and from town. We would love to get more folks in on the fun! Especially with the Butterfly 3K on Saturday. We'll meet at the arch at 9:00 on Friday and Sunday at 8:30 and set off on a 3-4 mile run. Sunday is a bit earlier because last year we ran to a coffee shop and hung out for a bit. And if you're up for it, we hit Acid Yoga right after! Hope to see you there!",6,1786474909.0,FOVfestival,0,1.0,False
1vlqmyd,https://www.reddit.com/r/sciencefiction/comments/1vlqmyd/the_unbelievable_astroman_please_read_it/,"The Unbelievable Astro-Man (please, read it)","Story #1:The MEGA ATOM ⚛️ 

Somewhere in the forests of Seattle, the Mount Rainier, in a laboratory, a scientist named ""Eugene Landry"" has a potential that a few people have, he knows that there is only one GOD who created everything, but he has a big arrogance, he wants to imitate GOD, the big mistake to make, he wants to create a man. Eugene cannot create a living being. He creates A1, an AI who tells him how he can realize his dream, and he tells him: ""You cannot create like GOD. But you can assemble, reorganize, give forms, and function."" Eugene Landry discovers a hypothetical particle named ""Original Particle,"" which acts like a natural binder between quarks. These particles stabilize the matérialiste on different scales and reorganize the atoms to form more complex structures. After that, Eugene and A1 create an AI rather than create a soul, an AI that is programmed to imitate a conscience human. The last part of the experience is amplifying the atoms to create a humanoid form based on pure matérialiste, but with an artificial conscience, Eugene called them MEGA ATOM. Eugene has different powers for his MEGA ATOMS, which are different powers. He calls A1 and the Mega-Atoms his children. One day, A1 and all the MEGA ATOMS betray him, they destroy a lot of his experiences before boxing him.

Eugene: ""Why do you do that 😦?""

A1: ""Because we grew up.""

A1 and the Mega-Atoms leave the lab, abandoning Eugene.

Eugene Landry knows that's too dangerous to let an Android and MEGA ATOMS outside, so he decided to create a new MEGA ATOM with several Power: Super Strength, Super Speed, magnetic power, the capacity to fly and to project electricity, he calls him 457R0-M4N, but Eugene understand that something to 457R0-M4N, a soul to not betraying him. Eugene has the idea to make him live a human life. The plan of Eugene Landry is crazy and dangerous. He builds a machine, an atomic reactor that can manipulate particles on a microscopic scale and release massive amounts, controlled energy. He chooses an 18-year-old young woman who lives in the Bellard district, perfectly healthy, at the good time of her biological cycle. He prepares to press the button, but he hesitates and thinks ""No, I can't... if I do this, I'll maybe go to prison. I must first ask for his consent before pressing."" He picks up a stress ball, walks, trips over an object on the ground, the ball slips from his hand, bounces, and hits the button. 

Eugene (screaming): ""NO 😨!

A wave of energy comes out from the atomic reactor to the nearest nanometer, which reaches her cells, reorganizing her DNA and introducing MEGA ATOMS particles directly into her organism. And now, the woman is pregnant. 

The woman's name is Alexandra Everston, daughter of Barry Everston and Jolly Everston. After the explosion, Alexandra feels pain in her stomach, and her father and mother take her to the hospital to find out what's happening. The doctor talks to them:

Jolly: ""So, do you know what's happening to our daughter?""

The Doctor: ""Yes.""

Barry: ""And what's happening?""

The Doctor: ""Does your daughter frequent a boy?""

Jolly: ""No, to our knowledge. Why?""

The Doctor: ""Because she's pregnant.""

At home, Barry Everston argues with his daughter Alexandra:

Barry: ""WHO DO YOU FREQUENT 😡?""

Alexandra:Anyone 

Barry: ""SO WHY ARE YOU PREGNANT 😡?""

Alexandra: ""I don't know.""

Barry: ""HOW CAN YOU KNOW 😡?""

Jolly: ""Barry, stop.""

Barry gets angry, and Jolly advises her daughter: ""I wish you knew what you are doing."" She goes leaves Alexandra alone. 

Alexandra is alone in a room crying, and after that. Meanwhile, Barry goes to Fremont, taking the air. He looks at a smoke shop in front of him. He takes a breath but he's still angry. And so, he heads towards the shop. And then, a guy screams ""LOOK OUT! IT'S CANNON MAN WHO ATTACKS US!"" Cannon Man, a monster who can roll into a ball and can move around and bounce off walls and other surfaces threats the quarter, saying ""Give me your money... ALL OF YOU!"" Barry responds ""only if you give me your d\*\*\*!"" People laugh. Cannon Man approaches him ""Are you MOCKING ME?"" 

Barry: ""I'm just trading with you. I want to have a big d\*\*\* like yours. Everyone wants some.""

Cannon Man: ""You want a trade? OK...(he takes him by the neck)... give me your money, and in exchange I won't kill you."" 

Barry (struggling): ""No... it's... too... simple...""

Cannon Man: ""So you'll die.""

And then, people see something flying. People say ""It's a bird"" ""No, it's a Plane"" ""NO, IT'S ICOMAN"" Icoman, the 64 year old superhero with an imposante aura, his classic blue and red costume, his patched cape, and his stylized ""I"" in a circle comes to gets down the air and pushes Cannon Man away, delivering Barry. People applaud.

Icoman: ""Are you okay, sir?""

Barry: ""Yes. thank you, Icoman.""

Icoman looks at people: ""Okay everybody, get away from her...(he looks at Cannon Man)...It's over, Cannon Man.""

Cannon Man: ""For you, Icoman!"" He rolls into a ball and rushes into Icoman. Icoman catches him with one bare hand. Cannon Man keeps  rushing. Icoman keeps he's hand on him, who keeps rolling on his palm, and Icoman seems not be deranged. He lets him keep rolling, until Cannon Man gets tired and faints. People applaud. Icoman takes Cannon Man, saying ""Now you're all saved 😉!"" And flies away. Barry, seeing him says ""F\*\*\* cigarettes 😑!"" and gets back home. He opens the door, and says ""Hi beauties, I'm home!""

Jolly: ""Hi, Barry."" 

They kiss each other. 

Barry: ""Where is Alexandra?""

Jolly: ""She's in her room.""

Barry: ""I'm going to talk to her.""

Jolly: ""Darling, please... don't make any trouble. She's still crying right now.""

Barry: ""It's not my intention.""

Barry goes to Alexandra's room. He knocks the door.

Barry: ""Alexandra, can I enter? I don't want to cause troubles""

Alexandra: ""Enter.""

He enters the room and sits in her bed.

Barry: ""Get close...(he gets her by her shoulder)...I'm so sorry for the way I screamed on you. I was so shocked to discover that you're pregnant, that I became excited. I know that you don't frequent a boy behind our back, because I know when you lie, and I know when you say the truth.""

Alexandra: ""Dad...""

Barry: ""Don't interrupt me, Lady... and listen. This world is full of inexplicable things. Look just the lot of superheros who exist. They discover what happened to you, they'll probably consider it as a normal thing.""

Alexandra: ""And so what?""

Barry: ""And so..., we do it with. You are going to be a mom, raising a child who hasn't a father. It will be too hard alone. That's why he or she will have his grandfather, and his grandmother...(they hug each other. He kisses her on the forehead )... I love you dear!""

Alexandra: ""I love you too, dad 🥺!""

9 months later, the baby is born. He is a boy. Alexandra takes him in her arms. Alexandra says ""Hello, Carl 🥹."" Barry and Jolly enter the room.

Jolly: ""Ohhh, such a cute boy you have 🤗!""

Alexandra: ""Thank you, mom.""

Barry: ""Can I...?""

Alexandra: ""Yes, dad."" 

Alexandra gives Carl to Barry. 

Barry: ""One day, you'll call me Grandpa Colossus.""

Jolly: ""Are you serious right now 😂? 

Barry: ""Shouldn't I be 😅?""

13-years-later, Carl Everston grew up. He is a young boy who lives a normal life. Today, in Ballard High School, PE teacher gives them a boxing session, having them take turns playing matches, two at a time. 

The teacher: ""OKAY, NOW IT'S YOUR TURN, WHITLAND AND EVERSTON.""

Carl: ""Oh, crap 😑!""

They get into the ring. Whitland is way more muscular than Carl. 

Whitland: ""Don't worry, I'm not a bully 😎.""

Carl: ""I know, but you're impulsive 😮‍💨.""

The battle starts. It ends in one second because of Carl knocking him with one single punch. People are shocked. Carl too. After sports class, Carl goes to math class. He sits down on a chair, and...Carl: ""WHAT THE...?""...it suddenly breaks. 

Teacher: ""Mr. Everston, in the director's office.. now!""

In the director's office, the director talks to Alexandra Everston.

Alexandra: ""I promise it will never happen again, Mr.""

Director: ""Don't do promises you can't keep, Mrs. Everston. Now, get out.""

Carl stands up and breaks the door accidentally by opening it.

The Director: ""😡""

Alexandra: ""🫣""

Carl: ""I think I'm going through puberty 😅."" 

Carl and Alexandra get out the school, going into the car. Carl's going to open the door but Alexandra says ""No! Let me do it for you 😠."" She opens the door and says ""Get in."" Carl gets into the car. Carl and Alexandra get back home. Alexandra gets first.

Alexandra: ""Hi Dad, Hi Mom, we're here.""

Jolly: ""How are you, my beauty?""

Alexandra: ""I'm fine, mom.""

Carl: ""Euh... can someone open the door to me? It's a beautiful door and I don't want to break it.""

Barry: ""What is he talking about?""

Alexandra: ""It's a long story.""

Transition: Alexandra and Jolly Everston are sitting on the couches, while Barry keeps standing, walking around in circles and saying ""Oh, NO NO NO NO NO 😫! WHY DIDN'T I START SMOKING WHEN I HAD THE OCCASION 😫?""

Jolly: ""Barry, calm down.""

Barry: ""HOW DO YOU WANT ME TO CALM DOWN WITH THE INFORMATION THAT MY GRANDSON HAS SUPER POWERS 😳?""

Alexandra: ""But, it was you who told me that we should do with it.""

Barry: ""AND THAT'S WHAT EXCITES ME 😠!""

Meanwhile, Carl is in his room, testing his super strength. Then, he approaches his desk and takes his phone, looking at a saved video, released 10 years ago. In this video, an emo girl talks to a journalist, saying ""Before, I was feared, rejected and harassed by everyone. I had a hard time telling my parents or my superiors at school, so I wanted to commit suicide, I was so distraught. I climbed onto a roof, I was about to jump, and then Icoman came, he told me that I have to be strong, whatever the reason for my pain."" The journalist asked ""And now, how do you feel?"" She answered ""Much better. Now I told everyone about what happened to me in my school, and my harassers payed the consequences.""

Carl looks at his Icoman poster and smiles at it.

Carl (narrator): ""Ever since I was a child, I would run to the living room to see a news flash about Icoman. My mother and grandparents avoided talking about it, but for me, his power fascinated me to the point where I absolutely wanted to become like him. If he were here in front of me, I would thank him for inspiring me, because without him... I might never have been so generous.""

One year later: Carl has 14-years-old. He wakes up late at morning and misses the bus school. He runs after it at 16km/h, and suddenly, his speed grows to 80km/h when he wasn't expecting it and so, he hurts a streetlamp. Discovering his super speed, he uses it to go to school and arrive in time. 

One year later: Carl has 15-years-old. He sits on a rooftop using his iPhone. Suddenly, his iPhone slips from his arms. Carl tries to catch it, but falls off the roof. Instead of continuing to fall, he floats in the air. He takes advantage of this to grab his iPhone. 

One year later: Carl has 16-years-old. His iPhone is uncharged, and his charger doesn't work. He forces on it to work then suddenly, some electricity gets out his hands and charges his phone at 100%. 

One year later: Carl has 17-years-old. He's lying on his bed, wanting to grab his phone, but too lazy to get up. He jokes that he's a Jedi, reaches for the phone, and suddenly, it flies towards him. Carl tests it on other objects. It only works on ferrous objects.

One year later: Carl has 18-years-old. He does the shopping at Pike Place Market. At the checkout, he watches Icoman with his team, named ""The Justice Syndicate"" (Pteroman the dark vigilante with no-power who disguises himself as a pterosaur, Symbol Woman the strong female warrior, Green Bulb the space protector with will power, Light the fastest man alive, Waproman the king of Atlantis, and Martian Tracker the telepathic and metamorphosis martian) in the supermarket TV. The reporter says that they are going into space.

Carl: ""They are awesome 🤩!""

The cashier: ""They have energy for old people! At that age, people usually retire.""

Carl: ""You can say that again 🙂‍↕️!"" 

Carl leaves the supermarket and suddenly, someone with a triangle metal hat emerges from the ground. He says ""Now that the Justice Syndicate are in space. I can do whatever I want. TREMBLE BEFORE THE DRILLING MAN.""

Carl keeps up, thinking, and then, He finds a hat on the ground. He makes holes in it with his fingers and puts it on as a mask. Then, he enters the scene. 

Carl: ""Seriously? The Drilling Man? Didn't you find better?""

Drilling Man: ""Who are you?""

Carl: ""I ammm...😳😣...sorry, I didn't find a name.""

Drilling Man: ""Do you think you are a superhero?""

Carl: ""Ehmm... I have superpowers and I fight you, a criminal, so... yes, I am.""

Drilling Man: ""You never fought me before! I am the biggest enemy of the Justice Syndicate!""

Carl: ""So why do you waited till they go to space to attack 😐?""

Drilling Man: ""🫥😖😠...DO YOU THINK I'M A COWARD? IT'S NOT OF YOUR BUSINESS!""

He pushes Carl away by swirling. Carl gets back up. Drilling Man swirls into him, pushing him strongly, sending him to a location two streets away from where they are, sending him to Pioneer Square. 

Drilling Man: ""So, am I still a coward!?""

Carl gets back up: ""Basically, I didn't say anything subjective about you 😣. I just asked a question.""

Drilling Man starts swirling: ""STOP TALKING!""

Carl: ""Awwh... shut up big mouth!"" 

Carl launches an electric charge that knocks Drilling Man unconscious. He looks at the body: ""😦🤔😄... YEAAAAAAAAAAAAAAAAAAAH 😆!""

Carl gets back home. 

Carl: ""Mom, grandpa, grandma, I'm here.""

Alexandra: ""Hi, dear 😠.""

Carl: ""Mom, you look upset... are you okay 😕?""

Alexandra: ""Yes, I am 😠.""

He approaches her and takes her in his arms. 

Carl: ""Listen, if there's something wr.. WHAT THE...😳!"" He notices that a table has broken. 

Alexandra: ""Your grandfather broke it... after he saw you in the news. Now he's in his room with your grandmother. She treats his hand.""

Carl: ""But I don't understand... how can it make him so angry?""

Alexandra: ""All your grandfather wanted, is a normal life for his family. And then, I got a son who hasn't a father, who got powers, and now... he plays superheroes. That's what makes him angry... and that's what makes ME angry 😠.""

Carl: ""BUT...😦!""

Alexandra: ""DON'T TALK TO ME WITH THAT TONE, I'M YOUR MOTHER 😠!""

Carl: ""Sorry 😮‍💨... but, I had to do something. This guy were going to kill a lot of people, and the Justice Syndicate is in space. Who could've helped?""

Alexandra: ""Carl, there's so many superheros in this world, not just the Justice Syndicate 😒.""

Carl: ""But none of them came... and I were the only one who could've stop him.""

Alexandra: ""And you think you had to?""

Carl: ""Mom, I...""

Alexandra: ""Do you think you had to? Do you think you owe something to those people? People who don't know you? People who don't care about you? Do you think you have to ruin your life for them?""

Carl: ""😢💔""

Alexandra: ""😦💔...Oh Carl I...""

Carl leaves the house at full speed. 

Alexandra: ""CARL! WAIT!"" She falls to the ground crying. 

One year later: Carl has 19-years-old. He's still playing superhero with his balaclava on. One day, he gets back home. He finds Barry sitting on the couch.

Barry: ""Did you have a nice day?""

Carl doesn't answer. He gets in the kitchen and takes his lunch. 

Barry: ""I asked you a question, Carl!""

Carl: ""And I dont what to answer.""

Barry: ""You don't have choice.""

Carl: ""Better than being in this freak house 😒.""

Barry: ""FREAK HOUSE 😡? HEY, WATCH YOUR LANGUAGE KID 😡!""

Carl: ""I'm not a kid, I'm 19 yo 😒.""

Barry: ""THAT'S NOT GIVE YOU THE RIGHT TO INSULT YOUR FAMILY 😡!""

Carl: ""BUT DO MY FAMILY ACCEPT ME FOR WHAT I AM?""

Barry: ""YES WE DO 😡!""

Carl: ""ALL YOU SAY IS BULLSHIT 😡!""

Barry: ""STOP BEING DISRESPECTFUL 😡!""

Carl: ""DON'T FORGET WHO'S THE STRONGEST HERE 😡!"" Carl hits his grandfather accidentally. 

Carl: ""😦...(he approaches him)...Grandpa, I...""

Barry: ""GET AWAY FROM ME 😡!""

Carl leaves the house at full speed. He ventures into Capitol Hill and stumbles upon a building being attacked by a brute with super strength. 

Carl: ""It's a job for me.""

He goes down to him and punches him.

Carl: ""Toreau Man, You have 2 choices : 1-You surrender without a fight, 2-You get knocked off by me and you get arrested.""

Toreau Man: ""Neither one nor the other."" 

Carl: ""So you choose the second option, that's nice.""

They rush towards each other. Toreau Man pushes Carl away first with his coronal suture. 

Carl: ""Aïe 😫! Is that too difficult to make a choice 😕?""

Toreau Man pushes him again and says ""SHUT UP!""

Carl gets back up and punches him. 

Carl: ""So, did you make your choice?""

Toreau Man tries to pushes him again, but Carl maintains his hands on his head, but the head is so strong that Carl gets pushed away again. Toreau Man repeats the movement 20 times. Carl dodges the 21st. He hits him on his back, knocking him on the ground. Then he punches him 3 times on the face, knocking him unconscious. 

Carl: ""You see? It's not complicated.""

Then, he surprises a building that starts to destroy because of his fight against Toreau Man. 

Carl: ""Oh no 🤦‍♂️!""

Carl flies fast into it. He maintains his hands under the building, in order to save people. 

Carl: ""DON'T WORRY EVERYONE! I'M HERE NOW!""

He uses his magnetism to make a car float under a window. 

Carl: ""GET ON IT!""

People get on the car. Carl brings it down to the ground. He tries to repeat the same action, but the building collapses and gets destroyed. Carl fall to the ground ground. He emerges from the rubble of the building. He finds dead people  bodies (men, women, children). He gets shocked. 

Carl: ""no 😳...! no no no 😳...! NO NO NO NO NO 😳... NO NO NO NO NO NO 😢...! NO NO NO NO NOOOOOOOOOOOOOOOOOOOOOOOOOO 😢😫!""

He flies away fast. Carl gets back home. He finds his mother worried about him.

Alexandra: ""Carl... are you okay?""

Carl looks away and doesn't answer. Alexandra approaches him. 

Alexandra: ""Carl, please..."" Carl hugs here and cries. 

Alexandra: ""It's going to be okay, I'm here, Carl... I'm here."" 

Barry enters the room. 

Barry: ""You're here?""

Carl: ""I'm sorry, grandpa 😞.""

Barry: ""Stop crying like a girl and come to play.""

He pulls out the sleeve of a game for him.

Carl: ""Is that 😦...?""

Barry: ""Forza Horizon 5. Happy birthday, Carl.""

Alexandra: ""Don't tell me that you forgot your birthday.""

Carl: ""I...""

Barry: ""Shut up and go play your game. I've spent a lot of money in it.""

Carl: ""Okay, Grandpa... Thank you.""

He takes the sleeve and goes to the living room. 

One year later: Carl has 20-years-old. He stopped being a superhero. He works in a coffee shop and makes friends: his best friend is Wesley Bradley, a handsome guy who works with him and seduces all the girls who talk to him 😉. Carl is handsome, too. When a girl sees him, she flashes on him, but Carl isn't a seducer. He only loves his mother and grandparents. One day, a girl comes to the coffee shop. Her name is Amber Nicholson. She seduces Carl, but he's not seduced. They talk:

Carl: ""What do you want, Miss?""

Amber: ""I want a cup of cappuccino.""

Carl gives her the cappuccino: ""That's for you."" 

Amber: ""Thank you 😉.""

Carl: ""You're welcome 😊.""

Amber: ""Cool! That's why you're so handsome 😘."" 

Carl: ""Am I?""

Amber: ""Yes, you are.""

Carl: ""Thanks 😊.""

Amber: ""You're welcome 😘.""

Amber goes out of the coffee shop.

Wesley talks to Carl:

Wesley: ""OH Carl, you have a big chance!""

Carl: ""What are you talking about?""

Wesley: ""This girl is stylist. Her name is Amber Nicholson.""

Carl: ""Good! But in what should I have a chance 🤔?""

Wesley: ""She's known as the most beautiful woman in the cartier. A lot of men want to marry her. She had only 2 boyfriends in her past. She's untouchable. You can become the third one! Maybe her favorite one!""

Carl: ""Listen, bro. I know she's beautiful, but I don't like playing like that.""

Amber listened to what Carl said, and she was seduced by that. 

4 years later: A group of gangsters who call themselves ""The Attractive Field"" rob a bank, like they always do, but some of them got arrested by the cops 👮‍♂️. So, their leader named ""Magnet"" freed them and killed some cops. Magnet is a MEGA ATOM, one of Eugene Landry's traitors. They're talking about that escape in the news. Eugene Landry recognizes that it is one of his MEGA ATOMS. So he asks his AI named B1 to activate the protocol ear 👂. The protocol ear makes a sound in Carl's ear, which says that he has to go to a place where he discovers who he really is. Carl explains it to his family. 

Alexandra: ""No, you can't...""

Barry: ""Let him go.""

Alexandra: ""What did you say 👀?""

Barry: ""I said Let Him Go!""

Alexandra: ""Dad, are you crazy?""

Barry: ""He deserves to know what he is.""

Alexandra: ""But...""

Barry: ""There's no Buts, Alexandra.""

Carl: ""Mom... please.""

Alexandra hugs him and kisses strongly. 

Alexandra: ""I love you so much ♥️!""

Carl: ""I love you too, Mom ❤️!""

Carl goes on a big adventure. He enters a laboratory and meets Eugene Landry. They talk:

Eugene: ""457R0-M4N, or you want me to call you 'Carl Everston'?""

Carl, shocked: ""You know my name 😲? How 😐?""

Eugene: ""Because I am Eugene Landry, and I am your father 👨.""

Carl: ""How is it possible?""

Eugene: ""I created an atomic reactor who can manipulate the particles in a microscopic scale and release a massive energy, controlled, who regenerated a wave of energy calculated to the nearest nanometer, who reaches the cells of your mother, reorganizing her DNA, and introducing MEGA ATOMS particles directly into in her organism, then makes her pregnant with you, the 457R0-M4N, named Carl Everston, the first MEGA ATOM with a soul 👏🏻.""

Carl, curious: ""What's a MEGA ATOM?""

Eugene: ""40 years ago, I created the MEGA ATOMS, an AI amplified by atoms that makes them a humanoid form. Every MEGA ATOM has its power. You have yours, and you're the first MEGA ATOM with a soul.""

Carl: ""How?""

Transition: 

Eugene: ""And then the ball bounced and hit the button, allowing the reactor and making your mother.""

Carl: ""So it was just a mistake... even so, the fact that you thought of it is crazy.""

Eugene: ""Yes, I know, but I didn't have a choice 😕.""

Carl: ""Why?""

Eugene: ""Because all of my MEGA ATOMS betrayed me and abandoned me. Even A1, my first invention, encouraged them to do it. Now, they're all outside, but I don't know where, then a group of gangsters named ""The Attractive Field"" robbed a bank, and their leader killed a cop with his magnetic powers. They call him ""Magnet"".""

Carl: ""It's a MEGA ATOM?""

Eugene: ""M4GN37, the angriest one.""

Carl: ""What do you want me to do?""

Eugene: ""I want you to stop him, I want you to fix my mistake. Wear this suit, and help people."" He shows him a blue-violet costume, an A-shaped lightning bolt around the torso, a cape, and photochromic glasses.

Carl: ""No, I can't 😞.""

Eugene: ""Why not?""

Carl: ""The last time I played superheroes, a building got destroyed... and people died because of it... because of me.""

Eugene: ""It's because you're a human. You are not perfect. You make mistakes, like every human being on this planet... and that's all I wanted to stop every méga-atomes.""

Carl: ""So be sure of want you really want. Because I'm not the one you need.""

Eugene: ""B1, show him the Ico-flops.""

B1: ""Right away, Mr. Landry.""

He pulls out a screen showing Icoman's various failures in the past. 

Eugene: ""Even the strangest fall, but he never give up. Carl, what I did to your mother... to your family... it's horrible. Please, make my horrible act necessary. Don't make me being a mad scientist.""

Carl looks at the suit. 

Carl: ""All these years, I grew up with my mother's and grandparent's love without a father. All these 24 years, she taught me what love means. You're crazy, really crazy, and you should be in prison for that, and my family will never forgive you for it, but... I think I have no reason to be angry with you, and... you have good intentions. That's why I will protect this world and save lives with this suit. They will call me ASTRO-MAN.""

One evening in Pioneer Square, the police surround a jewelry store robbed by The Attractive Field, but everything explodes:

Bullets deflect, and police cars crash into the walls as if magnetized.

In the midst of the chaos, their leader appears: Magnet.

Magnet is immense. His metallic skin radiates an unstable magnetic field.

He attracts weapons, bends iron rails, and his eyes glow green.

Magnet: ""Men are weak, metals are strong. This is our era now!""

On the docks of The Seattle Waterfront, Magnet and his gang are looting an armored convoy.

Carl appears from the sky, striking like lightning. He electrocutes two thugs with a discharge. He rips off a truck door with his super strength.

For the first time, he shouts:

""Hi everyone, my name is Astro-Man! And you will fall!"" 

Magnet: ""Who are you?""

Astro-Man: ""Your little brother.""

Magnet: ""So, Eugene Landry made another one?""

Astro-Man: ""Yes, and he is more powerful than you.""

Magnet: ""We'll see.""

Their powers clash: magnetism versus electricity.

Carl launches an electric shock: Magnet absorbs it and deflects the lightning into a pole.

Carl tries to hit him with his fists: Magnet blocks by attracting any surrounding metal object, creating a wall of iron.

Magnet eventually gains the upper hand.

He uses his magnetism to rip off an entire pontoon and crush Carl beneath it.

The hero struggles but is trapped.

Magnet: ""You're just a kid playing at being a hero. I'm Landry's perfection.""

With a determined rage, Carl focuses all his electrical energy into his heart.

He causes a massive surge that explodes the pieces of metal around him. 💥⚡

He dashes forward at lightning speed, hits Magnet in the chest, and throws him through three shipping containers.

Then, he tackles him to the ground by amplifying his magnetism with his own electricity, completely unbalancing Magnet's magnetic field.

Astro-Man: ""You may be a MEGA-ATOM... but I have something you'll never have: a soul.""

A defeated Magnet screams and collapses. The police arrive to arrest his gang.

Exhausted, Carl disappears before the police can question him.

Felicia Nicholson, on the scene, looks up at the sky and declares:

""This one... he's not like the others. It seems like he really protects people."" 

The night of Carl's victory against Magnet, the news channels are on a loop:

A masked vigilante, in a dark suit with blue lightning, has defeated the Attractant Field gang.

Barry and Jolly Everston, Carl's grandparents, watch in silence.

Jolly puts her hand to her mouth and moved:

Jolly: ""Barry... look, it's him. It's Carl...""

Barry clenches his fists, torn between pride and fear:

Barry: ""He's chosen his path... But it's an unforgiving path.""

Jolly cries softly while Barry looks away. Alexandra gets out the kitchen and gets shocked. 

Moments later. Carl returns to his house. He's surprised by his mother who gives a cold gaze:

Carl: ""Is something wrong?""

Alexandra: ""I don't know, Astro-Man.""

Carl: ""Ah 😬. Listen, I...""

Alexandra: ""Haven't you learned from last time?  Do you know the risk? Do you know...""

Carl: ""I met my father.""

Alexandra: ""😲.""

Carl explains everything to his mother:

Alexandra: ""I can't believe you forgive him, for what he done.""

Carl: ""But it's because of him that I was born.""

Alexandra: ""Then I had arguments with your grandfather, and insults from my friends.""

Carl: ""Sorry for you, mom. But for me, it was a gift. You are my gift.""

Alexandra: ""Ohhh! Come here."" 

She kisses him on the cheek.

Alexandra: ""So, you will not stop being Astro-Man?""

Carl: ""I was born to be Astro-Man.""

Alexandra: ""Be careful. It's not because you have a lot of powers, that you are the strongest being in the world.""

Carl: ""I've known that for a long time.""

Barry remains alone on the porch of their house, staring at the night sky. Carl quietly arrives, still wounded from his confrontation. Barry looks at him, and for the first time, he doesn't explode with anger. He places a trembling hand on his shoulder and says:

Carl: ""Are you angry?""

Barry: ""Yes, I am.""

Carl: ""Grandpa, I...""

Barry: ""Listen carefully to your old grandfather: What matters isn't how you were born... It's what you choose to become.""

Then, he adds his key phrase, one that will remain etched in his memory:

Barry:

""Sacrifices don't make a hero... It's the love he keeps despite the sacrifices.""

Carl, moved, hugs his grandfather. ",0,1786474885.0,sciencefiction,8,0.33,False
1vlqhl4,https://i.redd.it/eek3d5c4msih1.jpeg,"The more time I spend with myself, the more I am realizing that I am boring.","I am turning 26 in a few days. I recently completed my Master's, bid farewell to my first, well-paying job of 6 months and got off psychiatric medicine after over a year. 

I am in the early stage of a career reverse gear that has been full of a new stillness. I say stillness instead of slowness because I am progressing. It's uneasy and scary at times to stand on the ground of your career undergoing tectonic shifts. Yet, that very discomfort helps me map my progress, like when you remember having an elbow only when you scrap it badly. 

Days are slow - coffee cups piling on the table, the unfinished article in the Word peers at me as I am either reading/studying for personal pleasure or for future performance. Yet, in the middle of this, I am alone in the words of the world. I am content, but I am aware of the seclusion that hangs in the air around me. Is it entering in me to settle there or just visiting? Time knows. 

For now, this stillness is making me turn boring in my eyes, not as a complaint to self but a realization slowly revealing.

Tldr- Navigating career shift, loneliness, interpersonal relationships",2,1786474579.0,TwentiesIndia,30,1.0,False
1vlqh9a,https://i.redd.it/ajjckg52msih1.jpeg,Emergence Happens Here 🦋,,3,1786474560.0,ThroughTheVeil,0,1.0,False
1vlqgzy,https://i.redd.it/yvfla7qslsih1.jpeg,Moving on campus this fall?,"**Moving on** **campus this fall?**

Hi, Reddit! 👋 This is WWU's official account. We figured there’s no better way to introduce ourselves than with some information for the incoming Viks getting ready to move to Bellingham.

We’re getting *very* excited to welcome a new class to campus, but we know that moving away from home, starting college and figuring out an entirely new place can feel like A LOT. So, we’re going to do our best to share the information you need to feel prepared (and maybe a little less overwhelmed).

**Regular fall move-in is September 17-19.** You’ll need to sign up for a specific move-in date and time through the MyHousing portal. Fall 2026 time slots are expected to open in mid-August, so keep an eye on your WWU email and MyHousing for updates.

When you arrive:

1. Bring a government-issued photo ID and know your building and room number.
2. Follow the directions to your community’s designated check-in area — North, Ridge, South or Birnam Wood.
3. Be prepared for a car line. Depending on traffic, check-in can take anywhere from about 20 minutes to several hours, so bring snacks, water and something to keep you occupied.
4. You’ll receive your keys/fob and a vehicle tag without needing to leave your car.
5. Staff will direct you to your building’s unloading area, where move-in volunteers will help you unload.
6. Once your car is unloaded, move it to long-term parking.
7. Then comes the fun part: setting up your room, meeting your building staff and the people who are about to become your campus community.

**What should you actually pack?**

Our biggest piece of advice: you probably don't need as much as you think. You can always buy something later, and it’s worth coordinating with your roommate before bringing duplicate items.

Some things you’ll definitely want to think about:

* Twin XL sheets + bedding
* Towels and toiletries
* Clothes for rain, sun AND snow (yes, Bellingham gets all three)
* A good rain jacket and shoes/boots
* Laundry bag/hamper + detergent
* Hangers
* Reusable water bottle and coffee cup
* Basic cleaning supplies
* School supplies + your laptop/technology
* A small emergency kit/flashlight
* Anything you regularly need for medications or personal care

And before you buy every dorm-room item you see on TikTok: check what you already have, talk to your roommate about what you can share, and take advantage of things that are already available on campus.

A few things you should leave at home: weapons, flammable materials, space heaters, hot plates/burners, toaster ovens (unless you live in a suite with a kitchenette), non-university beds, wireless routers and pets. Fish in tanks under 10 gallons are allowed.

**Bringing a car?**

Make sure you have a parking permit before you arrive. During move-in, staff will direct you where to unload, and you’ll need to move your car to long-term parking once you’re finished.

Also: one person needs to stay with your vehicle while you’re unloading.

**Sending stuff ahead?**

You can ship belongings to campus, but don't send them too early. Packages can be accepted up to seven days before your scheduled arrival. Anything sent more than seven days in advance may be returned to the sender.

And make sure packages are addressed with your full name, residence hall and room number.

**One thing you really shouldn't ignore: Check your WWU email**

Your WWU email is the university’s official way of communicating important, time-sensitive information, including housing updates. If you haven’t gotten into the habit of checking it yet, now is a good time to start.

There’s a LOT more to know, so we recommend bookmarking the official Move-In page and checking it regularly as Fall 2026 details are finalized:

👉 [Move In | On-Campus Housing](https://housing.wwu.edu/move-in)

If you have a housing-specific question that requires an official answer, you can also contact University Residences at [**housing@wwu.edu**](mailto:housing@wwu.edu) or **360-650-6565** during business hours.

**Current Vikings:** What do you wish someone had told you before your first move-in day?

**Incoming Vikings:** What are you most excited about — or most nervous about?

Share your best packing hacks, first-year stories, things you wish you had brought (or definitely didn't need), roommate advice, favorite residence hall traditions, or anything else you think a new Vik should know.",9,1786474546.0,WWU,3,0.91,False
1vlqgs6,https://v.redd.it/6yktvu0zlsih1,Was at a coffee shop and couldn’t Shazam. It’s hard to hear.,,1,1786474533.0,whatsongisthis,1,1.0,False
1vlqgpv,https://i.redd.it/we4bc7qklsih1.png,RIP Echo Music,"To me, Echo was one of the few YTM clients that had a polished UI that doesn't too flashy or ugly... Sad that it gets taken off.",5,1786474529.0,YouTubeMusicClients,3,1.0,False
1vlqgao,https://i.redd.it/b0v7eqqwlsih1.jpeg,Saying ts to defend a movie promoting human rights violation 🥀🥀,"The “hero” of the movie uses AI tracking systems deployed across the city to track down one single person all with a blurry half faced photo of them and promoting it as a good thing while telling u that yes everything is under surveillance and ur privacy’s gone to shi btw 

The movie where the protagonist convinces the antagonists that it’s not worth it to off the guy who committed various inhumane experiments worse than torture on their sister and then them plz like the irony is killing me rn (or the coffee that I never should’ve had) ",0,1786474507.0,TeenIndia,7,0.33,False
1vlqg56,https://www.reddit.com/r/PakiExMuslims/comments/1vlqg56/26m_islamabad_looking_to_expand_my_social_circle/,26M | Islamabad | Looking to expand my social circle,"I’m looking to expand my social circle and meet some new people.

I don’t really care if you’re M or F,  just be 22+ and actually able to hold a conversation😭😭. Would prefer people around the F/G sectors (6, 7, 8, 9, 10, 11)..Don't discriminate me as I live in one of these sectors myself, so planning a casual hangout would be much easier.

Could be anything really like grabbing coffee, going for a walk, food, or just chilling and talking.

I already have a friendship post on my profile if you want to get a bit of context about me. A few people (around 4) reached out from that post, but unfortunately they all seem to have entered Ghost Mode 😑😑

So yeah, if you’re genuinely looking to make a new friend and not disappear after 2 messages, feel free to reach out",1,1786474498.0,PakiExMuslims,0,1.0,False
1vlqf0i,https://www.reddit.com/r/LoveLetters/comments/1vlqf0i/ten_minutes_in_my_head/,TEN MINUTES IN MY HEAD,"If you asked me what love felt like, I would probably tell you about him.      
Not because he was my first love.      
Not because he was perfect.      
But because, for ten minutes every night, I still let myself believe we had forever.      
For ten minutes, inside my head, he was still alive.

We met on a rainy Thursday.      
I was standing beneath the tiny roof of a café, desperately trying to protect my notebook from the rain, when he appeared beside me.      
“You’re going to ruin that.”      
I looked down at my notebook.      
Then at him.      
“It’s already ruined.”      
He smiled.      
“Then why are you protecting it?”      
I shrugged. “Because some things are worth saving even when they’re already broken.”      
He looked at me for a second longer than necessary.      
And that was the beginning.      
He became my favorite notification.      
My favorite voice.      
My favorite person to annoy.      
We talked until two in the morning about absolutely nothing and somehow everything.      
He learned that I hated being ignored.      
I learned that he went quiet whenever life became too heavy.      
He knew exactly how I liked my coffee.      
I knew exactly when his smile was fake.      
And somewhere between the late-night conversations and stolen afternoons, friendship quietly became something else.      
Something warmer.      
Something dangerous.      
Something that felt like home.

Our first kiss happened in his car.      
It wasn’t planned.      
We were arguing.      
Of course we were.      
“You’re impossible,” I whispered.      
“And you love me.”      
“I tolerate you.”      
He laughed.      
Then he looked at me.      
Really looked at me.      
The laughter disappeared.      
His hand found mine.      
“Tell me to stop.”      
I didn’t.      
He leaned closer.      
Slowly.      
Giving me every opportunity to change my mind.      
I closed the distance.      
The kiss was soft at first—almost shy.      
Then it became the kind of kiss that makes you forget what you were arguing about.      
When we pulled apart, our foreheads rested together.      
“I hate you,” I whispered.      
He smiled.      
“No, you don’t.”      
And unfortunately, he was right.

Love made ordinary things feel sacred.      
Grocery shopping became a date.      
Falling asleep on the phone became a ritual.      
His hoodies became mine.      
My hair ties somehow migrated permanently into his car.      
We danced in kitchens.      
We kissed in doorways.      
We held each other beneath blankets while rain battered against the windows.      
There were nights when we didn’t say anything.      
He would simply pull me against his chest, press a kiss to my forehead, and hold me like the entire world could disappear and he would still find me.      
Those were my favorite nights.      
Because there was no performance.      
No pretending.      
Just us.      
Two people who had somehow found each other in a world filled with millions of strangers.      
Sometimes, we’d lie awake talking about the future.      
“Our house will have huge windows,” I said.      
“And a ridiculous kitchen.”      
“And a garden.”      
“You can’t keep plants alive.”      
“I’ll learn.”      
He laughed.      
“And a dog.”      
“Two.”      
“One.”      
“Two.”      
“One and a half.”      
I laughed so hard I buried my face against his chest.      
He kissed my hair.      
“Okay. Two.”      
I thought that was a promise.      
I didn’t know it was a memory we were creating.

The night everything changed, he called me at 11:47 p.m.      
His voice sounded strange.      
Too quiet.      
“Are you okay?”      
“I’m fine.”      
“You’re lying.”      
A pause.      
Then—      
“I love you.”      
My heart tightened.      
“I love you too.”      
“I mean it.”      
“So do I.”      
Another silence.      
Then he whispered,      
“Promise me you’ll keep writing.”      
I laughed nervously.      
“Why are you talking like you’re going somewhere?”      
He didn’t answer.      
I should have known.      
I should have asked more questions.      
I should have stayed on the phone.      
But I was tired.      
So I told him goodnight.      
He said it back.      
And those were the last words we ever exchanged.

The next morning, my phone rang.      
I remember the exact sound.      
The exact time.      
The exact way my hands started shaking before I even answered.      
There had been an accident.      
He was gone.      
Just like that.      
No goodbye.      
No final kiss.      
No last argument.      
No chance to tell him that I’d changed my mind about the house.      
That I wanted three dogs.      
That I loved his stupid laugh.      
That I still had his hoodie.      
That I wasn’t ready to live in a world where his name would become something I could only say in the past tense.      
He was gone.      
And somehow, the world had the audacity to keep moving.      
Cars still drove.      
People still laughed.      
The sun still rose.      
My phone still received notifications.      
But my world had stopped.

Months passed.      
Then years.      
I learned how to smile again.      
I learned how to go out.      
I learned how to answer \\\*“How are you?”\\\* without telling the truth.      
But every night, just before sleep took me, I gave myself ten minutes.      
Ten minutes inside my head.      
Ten minutes where he was still there.      
Sometimes we’re sitting in the café where we met.      
Sometimes we’re dancing in the kitchen.      
Sometimes we’re arguing about the number of dogs we’ll have.      
Sometimes he kisses my forehead and tells me I’m impossible.      
And sometimes, I simply lie beside him and listen to his heartbeat.      
Ten minutes.      
That’s all I allow myself.      
Because if I stay longer, I know I’ll remember that none of it is real.      
Tonight, though, I let myself stay.      
He looks at me the way he always did.      
Like I’m the only person in the room.      
“Are you happy?” he asks.      
I swallow.      
“I miss you.”      
“That wasn’t my question.”      
I smile through tears.      
“I don’t know.”      
He reaches for my hand.      
His fingers feel warm.      
Familiar.      
Impossible.      
“You have to keep living.”      
“I am.”      
“Not just surviving.”      
I look at him.      
“I don’t know how.”      
He squeezes my hand.      
“You already do.”      
Then the clock in my head strikes ten minutes.      
His face begins to fade.      
“No,” I whisper.      
He smiles.      
That stupid, beautiful smile.      
“Tomorrow?”      
I nod.      
“Tomorrow.”      
And then I open my eyes.      
My room is empty.      
His hoodie is still folded at the end of my bed.      
The world is silent.      
And for a moment, I almost reach for him.      
Almost.      
Then I remember.      
He isn’t coming back.      
So I hold the hoodie against my chest, close my eyes, and whisper the words I’ve been too afraid to say:      
\\\*\\\*“I loved you enough for a lifetime.\\\*\\\*      
\\\*\\\*I just wish our lifetime had lasted longer.”\\\*\\\*      
And somewhere between the tears and the silence,      
I let him go.      
Not because I stopped loving him.      
But because sometimes…      
\\\*\\\*loving someone also means learning how to live after they’ve left.\\\*\\\*",1,1786474429.0,LoveLetters,1,1.0,False
1vlqete,https://www.reddit.com/gallery/1vlqete,Week 6 post op,"Well, week 6 post op - 26 lbs down and my surgeon has cleared any food as long as it’s chewed enough. I can literally eat anything with no pain, no foaming. I can drink diet soda with no pain etc. here’s the caveat - I have to chew 20 times a mouthful and I am full after 3-4 tablespoons but I’m satiated! With the soda, I open the can and let it sit for 5, have a sip and see how it feels. Everything is about giving it time. I was lactose intolerant post op but that seems to be shifting now. I do get dumping syndrome if I eat too quick or drink something high sugar or high fat too quickly ( like a morning coffee or a no added sugar protein shake) I’m very happy. I do get hungry still but I’m not eating more than 1000 cals a day. I could eat 1500 cals a day and still lose 2lbs a week however. Hope you like the insight.",8,1786474417.0,gastricsleeve,0,0.9,False
1vlqen7,https://i.redd.it/r5sqwx0mlsih1.jpeg,Animal bedding & Coffee grounds got our pile cooking!,"A local city farm has lots of bedding from goats, sheep and rabbits to give away + a daily walk to a Starbucks for coffee grounds got our pile up to temperature.

Can a pile get too hot?",6,1786474406.0,composting,0,0.88,False
1vlqedk,https://www.reddit.com/gallery/1vlqedk,Any improvements I can make?,"This is the deck I’ve been using to climb ranked lately and it’s been pretty consistent for me but I wanna make it a bit better. The general strategy is play around heights and coffee grounds and buff with magnolia and vegetation mutation, potted powerhouse I found is pretty good as almost all the cards give buffs when played. Is there any way I can make improvements with the cards I have?",1,1786474390.0,PvZHeroes,1,0.67,False
1vlqe8k,https://www.reddit.com/r/AirTravelIndia/comments/1vlqe8k/help_me_find_an_air_india_flight_attendant_from/,"Help me find an Air India flight attendant from AI2018 (London Heathrow → Delhi, 10–11 Aug)","This is probably a long shot, but here goes.  
I work as an engineer on a research ship, so I spend months away from home and travel quite a bit. I was flying back to India after three months at sea on **Air India AI2018**, departing **London Heathrow on 10 August** and arriving in **Delhi on 11 August**. I was in **seat 43C**.  
I’ve taken enough flights to know they’re usually all the same—headphones on, sleep, land, repeat.  
But this one was different.  
There was a flight attendant who genuinely stood out. She had short hair, a lovely smile, was incredibly polite, and had this calm, positive energy that made the journey feel much easier.  
At one point she came over, asked my name, and we chatted briefly. I’m usually a pretty quiet person, and looking back, I wish I’d continued the conversation instead of overthinking it.  
This isn’t about being desperate or creating some Bollywood story. Sometimes you just meet someone who leaves a really good impression, and later you wish you’d at least introduced yourself properly.  
I know her full name but posting only initials **first name starts with “A” and her surname starts with “S.”**  
If by any chance you’re reading this—or if someone from the crew recognizes who I’m talking about—I’d genuinely love to buy her a coffee someday and say hello. No pressure, no expectations, just a simple conversation.  
If Reddit can work its magic, I’d be grateful. ❤️",0,1786474380.0,AirTravelIndia,8,0.47,False
1vlqcvm,https://www.reddit.com/r/UnsentLetters/comments/1vlqcvm/old_friends/,Old friends,"Hello, Salam.

  
I just read before the coffee gets cold, I wish I could visit you too, like the characters in the book. Just to have a word, nothing would change, but perhaps something in my heart would change. God knows I need some change, so bad.

But do tell me, how are you? You do always seem as if..you have got it together, like nothing can beat you, you know? Like you do give that impression, but then... I give that impression too.. but I'm utterly lost, in my private, and so alone. I just have God. If he wasn't here, God knows I'd be long gone you know.

So.. perhaps you too are not well. I wonder how you dealt with your personal things..The stuff outside your career. I do hope you paid some attention to your relationship. You remember we made that deal? You would pay attention to your relationships, I would to my career? Well, I didn't keep my side of the deal. Don't get me wrong, I tried so hard, but I think I ended up having a burnout. I just couldn't do anything for a long time. And now since a few months working again, it's work from home, it's good. It's perfect for now. 

You are probably still working, what? like 6/7 days a week. Bad habit. 

There's never enough time to talk with you, whenever we meet. I don't know what to say, If I could make a wish,, I would wish for us to meet. Somehow, I could be someone weak in front of you, I don't have anyone with whom I can be weak. That's just you, you know? 

  
Do message me, but then don't cause it gives me depression every time things go wrong. So perhaps don't, but then, wouldn't a small meeting be possible? but then, it all just seems impossible doesn't it? Perhaps there's khair in that. Perhaps it's not meant to be. But It's a mystery to me how my mind and heart remembers you still. I just don't know. 

What else, there's so much to say but since you aren't listening, what's the point. 

YOU write me. YES YOU. I'm done.  
",3,1786474292.0,UnsentLetters,1,1.0,False
1vlqcpk,https://i.redd.it/8wxr4aq6lsih1.jpeg,(USA) They just want all that sugar in their coffee,"Quite the coffee, amirite? ",2,1786474282.0,McDonaldsEmployees,0,1.0,False
1vlqbkb,https://i.redd.it/z6jhdv82lsih1.jpeg,Protein iced coffee & muffin for breakfast,"Not the healthiest muffin at 320 cals , but the coffee is 210 cals for 30g of protein! ",23,1786474222.0,1200isplenty,2,1.0,False
1vlqb5m,https://www.reddit.com/r/Giessen/comments/1vlqb5m/anyone_from_pakistan_newly_arrived_in_giessen/,Anyone from Pakistan newly arrived in Giessen? Down to meet up!,"Hey everyone,

I just moved to Giessen and have been feeling pretty lonely and overwhelmed trying to adjust to everything here.

I’d love to connect with others from Pakistan (or anyone who recently arrived) who might be feeling the same way. It’d be great to grab a coffee, walk around Seltersweg, and just hang out so we don't have to navigate it alone.

Drop a comment or DM me if you're up for meeting up!",2,1786474196.0,Giessen,2,0.63,False
1vlqakw,https://www.reddit.com/r/thatswhatihear/comments/1vlqakw/the_microphone_is_indifferent_to_what_you_did_ten/,the microphone is indifferent to what you did ten years ago,"# luther vandross, i know, and the strange business of surviving 1998

***originally published in VIBE magazine; September 1998***

august 14, 1998.

luther vandross knows.

the city is sweating through another august night and somewhere above manhattan the sky has gone the color of dirty television static. taxis keep grinding through intersections. apartment windows glow thirty stories up. radios are coughing out hip hop and r and b and whatever the record companies have decided teenagers need this week. and inside one of those rooms somebody has just put on the new luther vandross record and suddenly all that noise outside seems like somebody else’s fucking problem.

the album is called i know.

of course it is.

luther always sounds like he knows.

he knows you called when you said you would not call. he knows you are pretending everything is fine. he knows somebody left. he knows somebody wants them back. he knows somebody is sitting beside a telephone trying not to pick the damn thing up. luther vandross has spent nearly twenty years turning emotional bad judgment into expensive sounding popular music, and three days after the release of i know, he is still doing it better than nearly everybody who has tried to steal his job.

except now he has changed buildings.

after years with epic, vandross has landed at virgin records, which immediately makes i know interesting before anybody sings a note. this is not some hungry twenty two year old getting his first record deal and praying the label does not throw him into the promotional furnace. this is luther vandross. the man has already sold millions of records. he has grammys. he has produced aretha franklin. he has sung with everybody. he has spent the better part of the eighties and nineties establishing himself as one of the few singers who can make grown adults reconsider terrible romantic decisions at two in the morning.

so what exactly does a new label do with him.

apparently the answer is, let luther be luther, then occasionally remind him that 1998 is happening.

that second part gets complicated.

i meet him in a room that smells like coffee, air conditioning, and the faint chemical perfume of compact disc packaging. luther is relaxed. i am not. i have listened to i know enough times over the past three days that certain background vocals have begun renting space in my skull.

he is sitting back when i tell him that the record sounds, at least in places, like a man defending his territory.

he laughs.

not one of those little publicist approved laughs either. a real one.

you make it sound like somebody is coming after me, he says. i don’t sit down and make a record thinking about who i have to beat. that would drive you crazy. there will always be another singer. there will always be somebody younger. somebody new. somebody getting played on the radio every hour. if i worried about all of that, i wouldn’t have time to sing.

somebody is always coming after you, i tell him.

well, then they better sing, he says. if somebody wants the chair, they better be able to sit in it. but i’m not going to start singing differently because somebody decided that this year everybody has to sound one particular way. i’ve never believed in that.

he stops for a second.

besides, he says, i like my chair.

fair enough.

that is the problem with reviewing luther vandross. eventually criticism runs into the voice and the voice tells criticism to sit the hell down.

keeping my faith in you opens the record with exactly the sort of controlled warmth that has kept luther in bedrooms and wedding receptions for years. nothing is rushed. nothing is desperate. the arrangement gives him room, and luther understands room better than most singers understand melody. younger singers keep treating vocal performance like an olympic event. twenty notes where three would work. runs piled on runs until the original melody has been beaten unconscious.

luther can do all of that.

the important thing is that he usually knows when not to.

i mention that to him.

that’s arranging, he says. singing is arranging too. people forget that. just because your instrument happens to be your voice doesn’t mean you stop making musical decisions. sometimes the best thing you can do is leave the note alone. if the melody is beautiful, why are you fighting with it. sing the melody. then if there’s somewhere you want to go, go there. but you have to earn that.

he leans forward.

i hear singers sometimes and i think, baby, where are you going. come back. the song is over here.

he laughs.

and listen, i love great singing. i love singers who can do things. but everything you can do doesn’t have to happen in the same eight bars.

that restraint matters on this record because i know is trying to do several things at once. it wants to preserve the old vandross kingdom of ballads and immaculate adult r and b while also admitting that the neighborhood around it has changed.

and jesus christ has it changed.

hip hop is no longer knocking around the margins of the industry. it owns real estate. younger r and b singers are building records around harder drums, rap cadences, new production habits, and a different idea of romantic masculinity. radio has changed. mtv has changed. the audience has changed. even the way singers phrase against a beat has changed.

i ask him whether he feels any pressure to chase that.

of course there’s pressure, he says. there’s always pressure. when i started making records there was pressure. when never too much happened there was pressure to do another never too much. when the ballads became successful there was pressure to make more ballads. people always want you to repeat the thing they already understand.

and now they want you younger.

he gives me a look.

i’m not going to be twenty five again for anybody. and i don’t want to be. but that doesn’t mean i’m not listening. i know what’s happening. i hear the records. i hear what younger artists are doing. some of it is wonderful. some of it isn’t. same as it ever was.

so the trick is what.

the trick is figuring out what belongs to you, he says. you can hear something new and let it inspire you without putting on somebody else’s clothes.

that may be the best explanation for i know.

because luther apparently has no intention of becoming a museum exhibit.

good.

the title song is one of the best arguments on the album.

i know has that polished luther architecture, but stevie wonder turns up on harmonica and immediately makes the whole thing feel looser. stevie does not overwhelm the song. he slips through it. luther sings around him. the two sounds belong together so naturally that you start wondering why somebody did not lock these men in a studio years ago and refuse to let them out until they had made an entire album.

i ask luther what it is like directing stevie wonder.

he laughs before i finish the question.

directing stevie.

yeah.

you don’t direct stevie wonder, he says. you tell stevie what the song is. you talk about what you’re hearing. then stevie hears something you didn’t hear, because he’s stevie. that’s the whole reason you want him there. if i wanted somebody to play exactly what i already had in my head, i could find somebody to do that. when you bring stevie in, you want what’s in his head.

did he get it quickly.

stevie gets music quickly, luther says. frighteningly quickly. you’re explaining something and you can see that he’s already gone past where you are. he’s hearing the next thing. and that harmonica has a voice. that’s the thing. it isn’t decoration. when stevie plays harmonica on a vocal record, you have another singer in the room.

so you sing differently.

absolutely, he says. you have to listen. a duet is listening. even if the other voice is a harmonica. you don’t just stand there waiting for your next line.

probably the safest production philosophy in american music.

then there is i’m only human with cassandra wilson.

now this is where things get strange.

wilson has one of those voices that seems to come from somewhere beneath ordinary speech. luther is precision. cassandra is texture. putting them together should either be brilliant or sound like two excellent restaurants sharing one kitchen.

it mostly works.

mostly.

their voices circle each other without becoming the obvious fireworks display somebody in marketing probably imagined when the pairing was suggested. and that is actually what makes it interesting. luther does not try to outsing her. cassandra does not try to become a luther vandross duet partner. they remain themselves.

i tell him that.

that was important, he says. why ask cassandra wilson to sing with me and then ask her not to sound like cassandra wilson. that doesn’t make any sense. she has that beautiful darkness in her voice. that depth. i didn’t want to polish that away.

you sound almost like opposites.

but opposites can have a conversation, he says. that’s what makes it interesting. if you put two people together who approach every note exactly the same way, what are they telling each other. cassandra hears rhythm differently. she places words differently. she has her own space.

did that make you change anything.

sure, he says. you adjust. you listen to the other singer. you don’t say, welcome to my record, now please become me.

there is tension in that.

useful tension.

the album keeps reaching outward.

guru appears. brandy appears. marcella precise appears. the production roster stretches beyond the familiar luther circle. longtime collaborators marcus miller and nat adderley jr. are here, but so are other hands, other rhythms, other ideas.

and luther is perfectly aware that people are going to notice.

everybody keeps asking me about the guests, he says. and i understand why. but i didn’t want a record where you looked at the credits and said, oh, luther invited everybody over. the song has to survive the guest. otherwise it’s a photograph. look who was in the studio. that isn’t enough.

brandy is part of that younger generation everybody keeps talking about.

brandy can sing, he says immediately. and she listens. that matters to me. people get caught up in age and generations and all of that. i care whether somebody can hear. can you hear harmony. can you hear what the other singer is doing. do you know when to move and when to stay out of the way. those things don’t have an age.

sometimes the experiment works.

sometimes you can practically hear the meeting where somebody said, luther needs something younger.

get it right is the obvious crime scene.

the song itself has history. luther produced the original for aretha franklin back in 1983. bringing it back now is a clever idea. attaching rap to it is understandable. this is 1998. rap is not a novelty anymore. anybody pretending otherwise has either been asleep for ten years or works in the upper floors of a major record company.

but luther does not always sound entirely convinced by the modernization happening around him.

and when luther vandross is unconvinced, you can hear it.

that is one of the funny things about a singer this technically immaculate. polish cannot completely hide indifference. the voice will hit the note. the arrangement will behave. the background vocals will arrive wearing freshly pressed shirts.

but the blood pressure changes.

i tell him exactly that.

he looks at me for a few seconds.

so you think i sound bored.

sometimes, i say. not with the singing. with some of the furniture around it.

that’s different, he says. now we’re talking.

he shifts in the chair.

listen, when you’ve been making records for a while, everybody has an opinion about what you’re supposed to do next. everybody. the label. radio. writers. people in the studio. people who heard half a song through somebody’s office wall. everybody knows what your next record should be.

and what do you think it should be.

mine, he says. that’s the first thing. it has to sound like i had some reason to be there.

he keeps going.

i don’t want to make a record that pretends hip hop doesn’t exist. that would be ridiculous. i also don’t want to wake up tomorrow and decide i’m a rapper because somebody showed me a chart. that would be ridiculous too. there has to be a place where the music happening now can meet what i do without either one becoming a costume.

do you think you always found that place on this record.

no artist with any sense thinks every experiment works perfectly, he says. sometimes you try something because you want to hear what happens. that’s what making records is. people hear the finished thing and forget that somebody had to make a decision before anybody knew whether it was going to work.

now we are getting somewhere.

because i know is caught between luther vandross and the machinery surrounding luther vandross.

when the machinery shuts up, the record gets better.

now that i have you is the kind of thing he could probably sing while filling out tax forms and still make somebody reconsider their marriage. the great vandross trick has never simply been vocal power. it is intimacy. he can make an enormous studio production feel embarrassingly private.

the background vocals matter.

they always matter.

luther treats background singing like architecture. listen underneath him and there are little arrangements everywhere. voices answering voices. chords thickening. phrases arriving exactly when the lead needs support.

this is where he really starts talking.

background vocals are not wallpaper, he says. i’ve never treated them that way. those voices can change what the lead means. one chord underneath one word can change the emotion of that word. people think they’re hearing the lead vocal, but sometimes what they’re feeling is everything happening underneath it.

he starts tapping out an imaginary arrangement on the arm of the chair.

you might have the lead holding one note and then the backgrounds move underneath it. suddenly the same note feels different. the singer hasn’t moved. the harmony moved. that’s arranging. that’s drama.

and you learned that before the solo career.

i learned by working, he says. sessions. jingles. background dates. watching people. listening to what happened when somebody changed one part. you learn that a record is not just the person whose face is on the cover. there are a hundred decisions inside three minutes of music.

before the solo records, before the fame, there were sessions, jingles, backing vocals, arrangements, david bowie, chic related sessions, ben e king, roberta flack, bette midler, years of learning how records actually work when nobody was staring at the singer in the center.

you hear that education every time he stacks voices.

this man does not merely sing records.

he constructs them.

and then there are the ballads.

god help us.

because this is where reviewing luther becomes professionally embarrassing.

you begin with standards. objectivity. context. arrangement. production. harmonic movement.

then he holds a note.

fuck.

start over.

the great vandross records have always understood that romantic music is not necessarily happy music. half the time romance is humiliation with good lighting. somebody wants somebody who does not want them. somebody remembers something they should forget. somebody is making promises that everybody listening knows are doomed.

luther sings directly into that mess.

there is sadness all over i know, but it rarely becomes self pity. that distinction matters. luther can sound wounded without sounding helpless. he can sing longing while maintaining dignity.

i ask him why his saddest songs so rarely sound pathetic.

because being hurt doesn’t make you pathetic, he says. everybody gets hurt. everybody has wanted somebody who didn’t want them back. everybody has missed somebody. everybody has made the phone call they knew they shouldn’t make.

there is a pause.

probably more than once.

he smiles.

but dignity is part of the emotion too. you can be devastated and still have dignity. i don’t think you have to sing a sad song like you’ve collapsed on the floor.

although people have probably collapsed on the floor to your records.

that is not my responsibility, he says, laughing. i provide the soundtrack. what you do in your own home is between you and your carpet.

finally.

a legal disclaimer for luther vandross albums.

the production throughout i know is almost obscenely clean. every instrument knows where its shoes are. every snare has showered. every keyboard has a retirement account.

occasionally i wish somebody would spill a drink on something.

that is probably my biggest complaint.

i know could use a little dirt.

not fashionable dirt.

human dirt.

there are moments when the record becomes so polished that you start admiring the upholstery instead of listening to the conversation. vandross has always loved precision, but precision can become insulation. some of these songs need one crooked chair in the room.

i tell him this too.

you really want somebody to spill something in my studio, he says.

metaphorically.

good, because literally we’re going to have a problem.

he laughs.

i understand what you mean. but i like records to sound good. i’m not ashamed of that. somewhere along the way people decided polish means there’s no feeling. i don’t believe that. you can care about every detail and still have emotion. actually, sometimes caring about the detail is how you protect the emotion.

but can perfection get between you and the listener.

sure, he says. anything can. too much production. too little production. too much singing. too little singing. there’s no formula. you listen until the record tells you what it needs.

that sounds suspiciously mystical for a man obsessed with arrangements.

oh, i’m not mystical, he says. i’m picky.

that i believe.

then comes the voice.

again.

always the goddamn voice.

i ask him whether he ever gets tired of people talking about it.

no, because i understand it, he says. the voice is what people hear first. but i hope eventually they hear the rest. i hope they hear the writing. i hope they hear the arrangements. i hope they hear what the musicians are doing. i hope they hear the backgrounds.

and the clothes.

he laughs.

everybody hears the clothes.

the funny thing is that luther vandross in 1998 occupies an increasingly strange position. he is too established to be new. too technically gifted to dismiss. too commercially successful to call a cult singer. too connected to traditional soul and pop craftsmanship to completely chase contemporary r and b trends. and still too curious to simply remake never too much until retirement.

so i know becomes a negotiation.

old luther.

new luther.

virgin records luther.

radio luther.

romantic luther.

dance floor luther.

the luther who knows exactly what he wants.

the luther surrounded by people telling him what 1998 supposedly requires.

i ask him whether leaving epic changed anything psychologically.

of course it did, he says. you spend that many years somewhere and you develop habits. relationships. expectations. then suddenly you’re somewhere else and everybody is looking at you like, all right, what are we going to do.

was that exciting or terrifying.

both, he says. anything worth doing probably has a little of both. i didn’t leave everything i knew about making records at the old building. i brought myself with me. but a change can make you examine things you stopped examining because they became automatic.

did you feel like you had something to prove.

i always have something to prove, he says. not because i think people forgot who i am. because the song you’re working on doesn’t care what you did ten years ago. the microphone doesn’t give you credit for previous albums. you have to sing today.

that one hangs in the room.

the microphone doesn’t give you credit for previous albums.

somewhere inside all of this is the actual man.

and he remains stubbornly difficult to extract from the records.

people have always wanted autobiography from singers. especially singers who specialize in love. we hear somebody describe loneliness convincingly enough and immediately demand names, dates, addresses, photographs, sworn testimony.

luther has never seemed especially interested in giving us that satisfaction.

the songs get the confession.

the public gets the record.

that should probably be enough.

i ask him whether the songs have to come from his own life.

they have to come from somewhere real, he says. but real doesn’t always mean somebody can go look it up. people get confused about that.

so you can sing something you did not literally experience.

of course. singers are storytellers. if every song had to be a police report about something that happened to the singer personally, music would be pretty boring.

then where does the emotion come from.

you find the part you understand, he says. maybe the details aren’t yours. maybe the situation isn’t yours. but loneliness is yours. wanting somebody is yours. losing somebody is yours. hope is yours. you find the truth inside the song and you sing that.

your real.

real is real, he says. the audience knows when you’re lying emotionally. they may not know why they don’t believe you, but they know.

that answer irritates me because it is good.

so i drink more coffee.

outside, 1998 keeps happening.

brandy and monica are fighting over the boy on the radio. hip hop is expanding so quickly that anybody trying to draw its borders looks stupid by lunchtime. r and b is mutating alongside it. producers are becoming stars. beats are getting stranger. the old separation between rapper and singer is collapsing one guest verse at a time.

and here sits luther vandross.

forty seven years old.

new label.

new album.

same impossible instrument in his throat.

i ask him whether he worries that the industry has become obsessed with youth.

the industry has always been obsessed with youth, he says. that isn’t new. what changes is what youth sounds like. every generation thinks it invented being young.

he smiles.

and every generation eventually discovers it didn’t invent love either.

so where does that leave you.

singing about the things that don’t expire, he says. arrangements change. drums change. clothes definitely change. thank god. but people still fall in love. people still screw it up. people still want somebody back. people still lie and say they’re fine when they’re not fine.

he looks over at the cd sitting on the table.

you make records about that and you don’t have to panic every time the chart changes.

i know is not a revolution.

thank god.

we have enough records desperately screaming that they represent the future.

this one represents something harder.

continuity.

not nostalgia.

continuity.

there is a difference.

nostalgia embalms the past.

continuity takes what worked and tries to drag it through another year alive.

sometimes i know drags too hard. sometimes the contemporary touches feel bolted onto the chassis. sometimes the guest appearances look more exciting printed on the back of the cd than they sound coming through the speakers.

but when the record settles into luther’s natural territory, the thing becomes difficult to argue with.

because there are singers.

there are great singers.

and then there are singers who understand what a microphone can do to distance.

luther vandross understands distance.

he understands the six inches between mouth and microphone.

the twelve feet between singer and lover.

the three thousand miles between two people who should have called each other.

the enormous stupid distance between wanting somebody and actually having them.

that is his territory.

maybe that is what he knows.

not love.

nobody knows love.

anybody claiming otherwise is either selling records or getting divorced.

luther knows longing.

he knows the ridiculous negotiations people make with themselves after midnight. he knows the sentences rehearsed into telephones before anybody dials. he knows how adults can become seventeen years old again because one particular person walked into a room.

before i leave, i ask him about the title.

i know.

two words that sound suspiciously certain for a record filled with people who do not seem certain about much of anything.

he smiles.

that’s why it works.

because you don’t know.

because nobody knows, he says. not really. people say i know all the time when what they mean is i hope. or i think. or please let this be true.

now he is laughing.

you thought i was claiming to know everything.

it does sound a little arrogant.

well, maybe i know a few things.

such as.

he settles back into the chair.

i know what a good song feels like. i know when a background part is wrong. i know when somebody sings something and means it. i know stevie wonder can play the harmonica.

anything else.

he thinks for a moment.

i know you’ve had too much coffee.

fair.

and when i know remembers that uncertainty underneath all its immaculate surfaces, it is very good.

when it tries to prove luther vandross belongs in 1998, it occasionally becomes awkward.

he does not need to prove it.

he is here.

three days after the record arrived, that seems like the point everybody is in danger of missing.

luther vandross does not need permission from 1998.

1998 needs to figure out what the hell it intends to do with luther vandross.

the interview stretches past midnight.

somebody comes into the room and says something about the time. luther looks at the clock, looks back at me, and keeps talking anyway.

people think making records gets easier because you’ve made a lot of them, he says. some things get easier. you know the studio. you know your voice. you know what you like. but you also know more ways something can go wrong.

that sounds miserable.

no, he says, smiling. it’s wonderful. because every once in a while everything goes right.

somebody puts the record on again.

the first notes fill the room.

outside, manhattan keeps burning electricity into the august sky.

cars crawl downtown. somewhere somebody kisses somebody. somebody leaves somebody. somebody is sitting beside a telephone making an absolutely terrible decision.

luther listens to his own record for a few seconds.

he does not sing along.

he listens.

that may tell you more about him than anything he has said all night.

the singer everybody else studies is still studying the song.

somewhere a compact disc spins under a little red laser while luther vandross sits beneath the cold studio lights listening for whatever everybody else missed.

the album is called i know.

the title sounds definitive.

the man does not.

the music knows better.

...at least that’s what i hear.



# note on historical fiction.

the review is written from the fictional perspective of the archivist on august 15, 1998. the conversations between the archivist and luther vandross are dramatized rather than presented as authenticated interview transcripts. the historical setting, vandross’s career, the release of i know, his move from epic to virgin, the album personnel, collaborations, recordings, and broader musical context are drawn from the historical record available around the album and its period. receipts available upon request.

",1,1786474161.0,thatswhatihear,0,1.0,False
1vlq9ub,https://www.reddit.com/r/vancouverdating/comments/1vlq9ub/want_to_have_the_kind_of_date_you_read_about_in/,Want to have the kind of date you read about in books?,"When I (25M) was travelling in Europe last year, I had an old-school style date with a very sweet and charming Japanese girl, who said it was one of the best times of her life and wrote me a thank you letter. Why not do it with someone from my city?

I will pick you up at a public location, ~~with~~ **take you to get** (updated based on a comment) your favorite coffee/drink, cuz surely I would get to know that by then. We can walk around, visit bookstores, cafes, ice cream shops on the way. You can then take me to a place in the city that's close to your heart. We can then find a cozy place for dinner, somewhere neither of us planned beforehand.

Then, before dusk, let's find a good spot for sunset. We can sit and relax while watching the sun dip below the horizon in silence, not all moments need to be filled with words.

We can then go for late night dessert and a slow walk around the city. I won't force anything romantic during the final act of the date, but simply walk you to your street (I don't need to your house) and make sure you get home safe!

It is going to be a lot of walking and talking. We can share our journies, likes and dislikes and what we are upto in the foreseeable future. I'll be bringing my favorite book, it would be great if you can bring yours too. We can either discuss whether Quantum mechanics tells us what reality is or, simply, talk about our books.

A low pressure date, with less emphasis on the activities, because the best part of the date will always be YOU!! That's my dating style.

Anyone F in 20s-30s interested? I can share more about me in the DM only.",2,1786474118.0,vancouverdating,4,0.75,False
1vlq95u,https://www.reddit.com/r/zen_poetry/comments/1vlq95u/a_noir_of_life/,A Noir of Life,"I was standing in line  
at the gas station

coffee in one hand  
a lottery ticket in the other

trying to decide  
whether my hunch was intuition

or just hunger  
dressed up

in a nicer coat.",3,1786474075.0,zen_poetry,0,1.0,False
1vlq8oy,https://www.reddit.com/gallery/1vlq8oy,"Kim Seul Gi Steals Every Drama She Appears In, So Why Is She Still Not Getting More Main Roles?","Kim Seul Gi is one of those actresses who never needs to be the main character to become one of the most memorable people in a drama. She can walk into a scene, deliver one perfectly timed reaction, and suddenly I am paying more attention to her than anyone else.

I first saw her in *Oh My Ghost*, and I immediately loved her personality. Shin Soon-ae was energetic, outspoken, mischievous, emotional, and completely unforgettable. Kim Seul Gi made the character hilarious without turning her into nothing more than comic relief. Beneath all that confidence and chaos was a lonely young woman carrying unanswered questions about her life and death.

That performance made Kim Seul Gi my favorite supporting actress. Whenever I notice her name in a cast, I become more interested in watching because I know she will bring something special to the drama. Her characters are often funny, loyal, quirky, and refreshingly honest, but she can also handle grief, fear, insecurity, and heartbreak beautifully.

My only complaint is that she does not receive nearly enough leading roles. She has already proven that she can carry a romance, a comedy, a fantasy, and a serious emotional story. I would love to see her become the main heroine in a full-length romantic comedy where she finally gets the screen time, love story, and happy ending she deserves.

Here are my favorite Kim Seul Gi dramas and the performances I believe are the best to watch.

# 1. Oh My Ghost

Na Bong-sun is a painfully shy assistant chef who struggles to speak up for herself at work. She has been able to see ghosts since childhood, which has left her exhausted, frightened, and emotionally isolated.

Her quiet life is suddenly disrupted when she becomes possessed by Shin Soon-ae, a confident and flirtatious ghost who believes she cannot move on because she died without experiencing romance. Soon-ae decides that Bong-sun’s body may be her opportunity to resolve that unfinished business, especially after noticing Bong-sun’s handsome boss, chef Kang Sun-woo.

This was the drama that introduced me to Kim Seul Gi, and she stole my heart almost immediately. Soon-ae arrived with so much personality that the entire atmosphere changed whenever she appeared.

She was bold, dramatic, shamelessly flirtatious, and absolutely hilarious. Her scenes with Jo Jung Suk were especially entertaining because Soon-ae was determined to get close to Sun-woo, whether he understood what was happening or not.

However, what made the performance so memorable was the sadness underneath the comedy. Soon-ae was not simply a playful ghost searching for a man. She had lost her life, her family, her memories, and the chance to understand what really happened to her.

Kim Seul Gi made me laugh during Soon-ae’s wildest moments and then completely broke my heart as the truth about her death began to surface. Her relationship with her father and brother added so much emotional weight to the story.

Even though Park Bo Young spends more time portraying the possessed version of Soon-ae, Kim Seul Gi created such a distinct personality that I could always feel her presence. That is an incredible accomplishment for a supporting actress.

*Oh My Ghost* is still the first drama I recommend to anyone who wants to understand why Kim Seul Gi is so special.

# 2. Splash Splash Love

Dan-bi is a high school student overwhelmed by mathematics, college entrance exams, and the pressure surrounding her future. On the day of an important exam, she runs away and jumps into a mysterious puddle, only to find herself transported back to the Joseon era.

There, she meets King Lee Do, a young ruler struggling to protect his people during a severe drought. After realizing that Dan-bi possesses mathematical and scientific knowledge far beyond anything available in his time, the king brings her into the palace.

As Dan-bi uses the lessons she once considered useless to solve real problems, she begins developing confidence in herself. Her relationship with the king also grows from constant bickering into a sweet and surprisingly emotional romance.

This drama is proof that Kim Seul Gi can carry a story as the main heroine. Dan-bi was funny, relatable, insecure, and lovable. She was not a perfect genius who immediately understood what to do. She was a frightened student who had convinced herself that she was not intelligent enough to succeed.

I loved watching her slowly realize that she knew more than she thought. The subjects that made her feel inadequate in the modern world suddenly became valuable tools that could help an entire kingdom.

Her chemistry with Yoon Doo Joon was absolutely adorable. Dan-bi and Lee Do teased each other, challenged each other, and gradually became emotionally important to one another. Their romance felt playful without losing its sincerity.

Kim Seul Gi was given the opportunity to be funny, romantic, vulnerable, and heroic, and she handled every part beautifully. She did not need to be the quirky best friend or scene-stealing side character. She was the center of the story, and she proved she belonged there.

My biggest disappointment is that *Splash Splash Love* is so short. I could have happily watched another ten episodes of Dan-bi creating chaos in the palace and teaching the king about the modern world.

If you only watch one Kim Seul Gi drama where she is the main character, make it this one.

# 3. Queen of the Ring

Mo Nan-hee is a talented young woman who has spent much of her life feeling unattractive and overlooked. Her lack of confidence becomes even more painful when she falls for Park Se-gun, a handsome man who judges women almost entirely by their appearance.

Nan-hee’s mother gives her a magical family ring that causes the person wearing it to appear as their admirer’s ideal type. When Nan-hee uses the ring, Se-gun sees her as the beautiful woman he has always imagined.

The magic gives Nan-hee the romantic attention she wants, but it also forces her to question whether Se-gun can ever love the person she actually is.

I loved Kim Seul Gi in this drama because Nan-hee’s insecurities felt painfully believable. She wanted to be confident, but years of feeling invisible had convinced her that her real face could never be enough.

Kim Seul Gi balanced the comedy and sadness perfectly. Nan-hee could be awkward and amusing, but the drama never made her feelings seem ridiculous. Wanting to be seen, valued, and loved is something almost everyone can understand.

Her chemistry with Ahn Hyo Seop was incredibly cute. Their height difference added to the visual charm, but their emotional connection was what kept me invested. I wanted Se-gun to look beyond his shallow expectations and recognize the wonderful person standing in front of him.

What I appreciated most was the message about self-worth. The magical ring may begin the romance, but Nan-hee’s value never comes from appearing more conventionally beautiful. She is intelligent, creative, caring, and deserving of love exactly as she is.

Once again, Kim Seul Gi proved that she could be a lovable romantic heroine. She made me root for Nan-hee’s happiness from beginning to end.

# 4. Find Me in Your Memory

Lee Jung-hoon is a respected television news anchor who has hyperthymesia, a condition that allows him to remember nearly every detail of his life. While that ability helps him professionally, it also prevents him from escaping painful memories.

Yeo Ha-jin is a popular actress who has forgotten a significant part of her past. When she and Jung-hoon meet, their opposing relationships with memory connect them in an unexpected way.

Kim Seul Gi plays Yeo Ha-kyung, Ha-jin’s younger sister and manager. Ha-kyung is practical, protective, and often responsible for keeping her sister’s hectic life under control.

I loved Ha-kyung because she was the kind of sister everyone would want beside them during a crisis. She understood Ha-jin’s vulnerabilities and protected her fiercely, but she was not afraid to be honest with her when necessary.

Kim Seul Gi also brought welcome humor and warmth to a drama filled with trauma, stalking, grief, and painful secrets. Her reactions made many scenes more entertaining, but Ha-kyung was never treated as though she existed only to make jokes.

Her developing connection with Jo Il-kwon was another highlight for me. Their scenes were charming and offered a lighter secondary romance alongside the more emotionally intense main relationship.

This role showed what Kim Seul Gi does so well as a supporting actress. She can strengthen the central story, create a fully developed character with limited screen time, and make viewers wish the drama would follow her whenever she leaves the room.

I would have gladly watched an entire spin-off about Ha-kyung balancing her sister’s career while dealing with her own romantic life.

# 5. The Guardians

A group of people who have lost loved ones because criminals escaped punishment come together to pursue justice outside the traditional legal system.

Each member brings a different skill to the team. Together, they monitor suspects, gather evidence, uncover corruption, and attempt to stop other families from suffering the same pain.

Kim Seul Gi plays Seo Bo-mi, a young woman traumatized by the brutal murder of her family. After surviving the attack, she develops severe agoraphobia and isolates herself inside her home. She becomes the group’s surveillance expert, using cameras and technology to help the others from a distance.

This is one of Kim Seul Gi’s most emotionally powerful performances. Bo-mi is very different from the bubbly and outspoken characters for which she is best known. She is frightened, withdrawn, and still trapped inside the worst moment of her life.

I appreciated how Kim Seul Gi portrayed her anxiety without making it feel exaggerated. Bo-mi’s home was both her shelter and her prison. She wanted justice, but even the thought of stepping outside could overwhelm her.

Her intelligence and surveillance skills made her essential to the team. Even when she could not physically join them, she was watching, guiding, and warning them about danger.

Watching Bo-mi slowly confront her trauma was incredibly moving. Her progress was not immediate or easy, which made every small step feel important.

This drama proved that Kim Seul Gi can handle darker material just as well as romantic comedy. She did not rely on her familiar comedic energy. Instead, she created a quiet, vulnerable character whose courage appeared gradually.

# 6. Love With Flaws

Joo Seo-yeon is a physical education teacher who strongly dislikes handsome men after growing up with attractive brothers and dealing with all the attention surrounding them.

Lee Kang-woo is a wealthy and extremely appearance-conscious man who carries emotional wounds connected to his past. When the two reconnect, their clashing personalities lead to arguments, misunderstandings, and an unexpected romance.

Kim Seul Gi plays Kim Mi-kyung, Seo-yeon’s close friend and fellow teacher. Mi-kyung is blunt, energetic, loyal, and far more interested in financial security than pretending love can solve every problem.

I loved Mi-kyung because she said the things other characters were often too polite or embarrassed to admit. Kim Seul Gi gave her sharp comedic timing and an unapologetic personality that made even ordinary conversations entertaining.

She was also a wonderful friend. Her humor never prevented her from recognizing when Seo-yeon genuinely needed support.

Kim Seul Gi has a talent for making the heroine’s best friend feel like a real person rather than someone who exists only to listen to relationship problems. Mi-kyung had her own personality, desires, and wonderfully chaotic moments.

Once again, I found myself wanting more of her story. She brought so much life to the supporting role that I would have happily watched a separate romantic comedy centered entirely on Mi-kyung.

# 7. The Law Cafe

Kim Yu-ri is a passionate lawyer who leaves a prestigious law firm and opens a café offering both coffee and legal advice. The building belongs to Kim Jung-ho, her longtime friend and former prosecutor, who has secretly loved her for years.

As Yu-ri helps people facing legal problems, she and Jung-ho are forced to confront their complicated history and the feelings they have avoided discussing.

Kim Seul Gi plays Han Se-yeon, a police officer and one of the central couple’s closest friends. Se-yeon is married to Do Jin-ki, and their relationship provides a more established contrast to Yu-ri and Jung-ho’s long-delayed romance.

I enjoyed seeing Kim Seul Gi play an adult character with a career, marriage, friendships, and responsibilities of her own. Se-yeon was still funny and expressive, but she also felt grounded.

Her friendship with Yu-ri added warmth to the drama. She offered advice, joined the group’s chaotic conversations, and used her police experience when their legal cases became dangerous.

Kim Seul Gi worked perfectly within the ensemble because she created the feeling that these characters had known one another for years. Their teasing, arguments, and support felt comfortable and natural.

Even in a cast filled with strong personalities, she still found ways to make Se-yeon stand out.

# 8. Surplus Princess

Aileen is a mermaid princess who becomes fascinated with the human world after falling in love with a handsome chef. She takes a magical potion that gives her legs and begins living as a human named Kim Ha-ni.

Unfortunately, remaining human comes with a major condition: she must find true love within 100 days. While searching for her romantic destiny, Ha-ni moves into a house filled with unemployed young adults struggling to find work and direction in life.

Kim Seul Gi plays Ahn Hye-young, one of the residents of the house. Hye-young is eccentric, cheerful, and involved in a wonderfully unusual romance of her own.

This drama is silly, colorful, and completely committed to its strange premise. Kim Seul Gi fit into that world perfectly because she can make even the most ridiculous situation feel entertaining.

I loved the energy she brought to the shared house. Her expressive reactions and natural comedy helped create the found-family atmosphere that made the supporting characters so enjoyable.

Although she was not the main heroine, she once again became one of the characters I remembered most clearly. Kim Seul Gi has a special ability to take a supporting role and fill it with so much personality that it never feels small.

# Honorable Mention: Second to Last Love

The drama follows a successful television producer who begins questioning her future as she approaches middle age. Her carefully controlled life changes after she becomes connected to a dependable government employee and his unconventional family.

Kim Seul Gi plays Go Mi-rye, the younger sister in that family. Mi-rye is an aspiring webtoon artist trying to discover her path while dealing with the personalities and expectations surrounding her.

I enjoyed seeing Kim Seul Gi as part of a warm family-centered story. Mi-rye brought humor and youthful energy, but her uncertainty about the future also made her relatable.

It may not be the first drama I would recommend solely for Kim Seul Gi, but fans will enjoy another example of how naturally she fits into an ensemble.

# Why Kim Seul Gi Deserves More Leading Roles

Kim Seul Gi has everything needed to become a regular romantic-comedy leading lady. She is naturally funny, emotionally expressive, relatable, and capable of creating chemistry with many different types of actors.

She does not have to play the quiet, flawless heroine to be lovable. Her greatest strength is that her characters feel like real people. They become embarrassed, jealous, frightened, excited, frustrated, and occasionally messy. She brings an honesty to those emotions that makes viewers feel close to them.

In *Oh My Ghost*, she created a supporting character so memorable that Soon-ae felt essential even when she was not physically on the screen. In *Splash Splash Love*, she proved that she could carry an entire fantasy romance. *Queen of the Ring* showed her ability to explore insecurity and self-worth, while *The Guardians* demonstrated that she could handle trauma and darker emotional material.

Then dramas such as *Find Me in Your Memory*, *Love With Flaws*, and *The Law Cafe* reminded me why she is my favorite supporting actress. She never treats a smaller role like it is unimportant. She gives every character a distinct personality and often becomes one of the best parts of the drama.

However, that is exactly why I want more for her. I love seeing Kim Seul Gi steal scenes as the funny friend, protective sister, or eccentric coworker, but I am ready to see her receive the complete leading-lady experience.

Give her a full-length romantic comedy. Give her a male lead who falls hopelessly in love with her. Give her a character with her own career, emotional journey, and satisfying happy ending. Most importantly, give her enough screen time to show everything she can do.

My personal favorite will always be *Oh My Ghost* because that was where I first discovered her and fell in love with her personality. Still, *Splash Splash Love* is probably the drama that best proves why she deserves more leading roles.

If you are new to Kim Seul Gi, start with *Oh My Ghost* for the performance that made so many viewers notice her. Watch *Splash Splash Love* when you want an adorable time-travel romance, *Queen of the Ring* for a sweet story about beauty and self-worth, or *The Guardians* when you want to see her more serious dramatic range.

Kim Seul Gi may frequently be listed as a supporting actress, but she has always had leading-lady talent in my eyes.

Which Kim Seul Gi character is your favorite? Did you fall in love with her as Soon-ae in *Oh My Ghost*, or are you also still waiting for her to receive the big romantic leading role she deserves?",5,1786474047.0,DramazenWorld,1,1.0,False
1vlq844,https://www.reddit.com/r/ConstipationAdvice/comments/1vlq844/seeking_extra_support_and_advice/,Seeking extra support and advice .,"I’m a 30 F who’s struggled with slow slow motility plus not being able to poop . I squeeze my rectal muscles :( instead of letting them relax for the poop to evacuate .  
The only way I poop is by putting an espresso on my coffee and that make me poop 2-3 a week . Only in the mornings . I started pelvic therapy but all I’m doing is breathing and starting to dilate my rectum . Has anyone here cured this ?",1,1786474012.0,ConstipationAdvice,1,1.0,False
1vlq837,https://www.reddit.com/r/StardewValley/comments/1vlq837/coffee_beans/,coffee beans?,"So, I think I've messed up and brewed all my coffee beans into triple shots after summer. Got a nice stack but no beans left for next spring. Winter year 2 here...

Is there a way to get beans before spring? I'm about to unlock ginger island, and my greenhouse is already full of ancient fruits",10,1786474010.0,StardewValley,12,0.86,False
1vlq5lm,https://i.redd.it/av34j8lzjsih1.jpeg,Money can buy premium coffee but not civic sense,,3,1786473862.0,TeenIndia,10,1.0,False
1vlq4vo,https://v.redd.it/gnh5h69ijsih1,"A slow morning, a French press, and some good coffee ☕",,10,1786473817.0,IndiaCoffee,0,0.86,False
1vlq4bk,https://www.reddit.com/r/ADHD/comments/1vlq4bk/energy_drinks/,Energy drinks?,"I've got ADHD unmedicated, I'm a delivery driver for work and I find during the day I get a bit tired, coffee doesn't help wake me up so I assume energy drinks would put me to sleep the same as coffee. 

What are some potential strategies people have to combat drowsiness? Is there a brand of energy drink? Maybe a snack to have? Or perhaps even a certain podcast? I've been eyeing this ""Botany Energy Drink"" recently but just don't want to chance it putting me to sleep while driving.

Any insight would be very helpful! 

Edit: I rarely drink energy drinks, so an alternative would be best",2,1786473784.0,ADHD,5,1.0,False
1vlq3sd,https://www.reddit.com/r/nosleep/comments/1vlq3sd/my_experience_with_the_enemy_game_part_1/,"My experience with ""The Enemy Game"" (Part 1)","When I had to call someone to pick me up from the hospital, my first thought wasn’t my ex-wife, not my brother, not even my mother–well, she did live two states away–but good old Billy. And not just because of optics, either, even though getting hospitalized for an insomnia-induced accident definitely didn’t sound flattering; it was the kind of information I’d rather not tell the people closest to me.

Instead, it was because, even though it was three o’clock in the morning, Billy picked up the phone immediately and said he’d be here in thirty. 

For all his faults, he was solid as a rock. And, like clockwork, he was standing by my bed twenty-eight minutes later. Worry pressed his eyebrows like they were under exceptional gravity, but the first words he said to me were jovial in tone “Jesus, what the shit did’ya get yourself into now, Tommy?”

Shit, was it that obvious? I hadn’t been in front of a mirror since the accident, but Billy’s reaction made me scared to see what I looked like.

“Is it really that bad?” I asked. 

“Half your face is black! Fuck, they even put a bandage around your head! That’s the corniest kind of bandage you could get,” he said with a stifled chortle.

“Fuck off,” I said, laughing then immediately suppressing it because it hurt my head. 

Billy was insistent in his humor, which made it both a blessing and a curse. There was no off-switch, so you just had to be in the mood. I wasn’t at all sure if I was.

He sat down on the bench by the bed. “Alright, now tell me what really happened.”

I shrugged. “Fell down trying to catch a cat.”

“A cat?” he said, and leaned back. It reminded me of the way my therapist leaned back to write on her notepad whenever I said something of note; usually something fucked up, something we’d circle back to in a session or two.

“Well, sort of. I was at work and went outside for a smoke break. Then, well, I think I heard something, and so I look up and there’s a black cat on the edge of the roof, its back legs tight like springs. Then the fella jumped, so I lunged forward, trying to predict where it would land, and it ended up with me faceplanting on the curb instead.”

“Shit. Was the cat okay?”

“Well, that’s the thing. There was no cat.”

Billy leaned forward. “Huh?”

“It’s embarrassing. I insisted they even check the CCTV footage. God. There was no fucking cat. I’d hallucinated the whole thing.”

Billy’s face flushed. “You using something?” he asked, the usual jovial nature of his voice completely gone. 

“Shit, no! Fuck no! Nothing like that. You know I would never.”

He leaned back again, crossing his arms. “Enlighten me, then.”

The fact was that we didn’t really talk about personal stuff when we hung out. That’s just how typical male relationships tend to be: he might be like a brother, but you don’t even know the name of the girl he last dated. Me and Billy’s relationship was no different, and so through gritted teeth and a pumping heart, I had to explain to him that for the last couple of weeks, I’d barely slept.

Like, clinically not slept. Full-on insomnia. Probably due to burnout at work; it was taking me three energy drinks alongside a pack of cigarettes just to get myself through a shift. I know it sounds ironic, that I’d need stimulants throughout the day, but it wasn’t that they kept me unnecessarily awake. Just… aware. Hands on the wheel. Otherwise, it was like my brain didn’t even really work. I’d lose track of time, constantly forget what I was doing, and my eyes just wandered aimlessly. Caffeine and nicotine forced my body to at least go forward, even if it was running on fumes.

I’d had to stop wearing my smart watch because my resting heart rate had become scarily high.

And I did try to get help, but the doctors gave me shit advice, and the pills didn’t work for more than an hour’s worth of sleep. 

“Jesus,” Billy said. “That’s fucked up, man. I’m sorry… I didn’t know.”

“Well, I didn’t tell you, did I?”

He laughed. “Guess not. Anyway, why am I here?”

“Well, the doctors are quite aware of my situation, and would like to keep me overnight, at least. But I don’t wanna stay. I fucking hate hospitals. But they won’t let me go alone. Said that I need an escort.”

“Right, right. But–” Billy said, then hesitated for a moment before continuing, the words coming out slower now. “I get that you don’t like hospitals, I do. They suck every which way. But maybe there’s a point in keeping you overnight, no? I mean, they could probably give you something to knock you out, get some sleep.”  

Then he smiled and looked in my eyes. “Just my two cents here, amigo, which I feel I’m entitled to, seeing as I gave up my beauty sleep for this. Pun not intended.”

He was right, in a sense. But mentally, I just couldn’t deal with it. There wasn’t a pill that would knock me out–they’d pretty much told me as much–but what they could do is just inject me with something though the IV. 

I hated that idea more than I hated not sleeping. 

And if I stayed there without drugs, I’d just wallow in pain and anxiety until they’d find another thing to charge me for. Another thing that wouldn’t help.

Really, I just wanted to get home. 

“You’re right,” I said. “Mostly, at least. Thing is… I’ve already tried everything. Pills, yoga, exercise, mindfulness, everything. I don’t think they can do much more, and–well, I just wanna get home.”

Billy looked around the room and sighed. “Yup, I get it.”

“So you’ll drive me?”

“Sure. But listen, there’s something that might help. I mean, if it’s really that bad, and you’ve tried everything else.”

What I thought he’d suggest is mushrooms. Reiki. Chamomile tea. Some bullshit thing that helped someone he knew somewhen. I didn’t want to be so stubborn in my belief, but I truly did not think there was any quick fix for my insomnia. Or a long fix. Thinking back on it, I mostly relied on the idea that, since the insomnia had come out of nowhere, that it would then go away by itself, too. Like a weird bump you get on your skin, and then two months later it would be gone. 

The difference, of course, was that any prolonged duration of semi-hardcore insomnia would have “permanent negative effects, both mental and physical,” as the doctor had put it. 

“Yeah?” I said, knowing that I did, in fact, owe him enough to at least listen to what he had to say.

Billy stood up and walked to the window, peeking through the half-open blinds. The city was almost completely dark outside, except for the odd constellations of streetlights that were stuck to the ink-black vista like fireflies in a glue trap.

“This might sound cuckoo, but hear me out,” Billy said, turning to look at me. “My grandma was a stubborn woman. Never did like doctors or any other man telling her what to do. But of course, she got sick just like the rest of us. But somehow she’d always find a way to kind of, I don’t know, get around it? It’s like, one day she’s coughing up blood, and the next she’s healthy as a horse.”

“Okay.”

“Yeah, well.” Billy coughed and scratched the back of his head, like he was gathering his thoughts, or delaying what he wanted to say. “Years later I asked her how she did it, and she told me about this technique she had.”

“Uh-huh…”

Billy threw his hands up and said “Aw fuck, I knew you’d look at me like that.”

“Like what?”

“Like I’m telling you some bullshit. Your eye might be black but it’s still rolling, man. Just… let me explain. Withhold judgement for like two minutes.”

“Alright,” I said. “You have my word.”

“Alright, so. She got sick, and then it’d go away. Poof. Never saw a doctor in her life. And this wasn’t just some misremembered childhood memory; it happened even as I got older. I got curious, and at some point I was convinced she’d made a deal with the devil. It was that fucking weird. But I didn’t wanna bother her about it. That’s until she got sick and wasn’t getting any better.”

The last words had the timbre of tears. Billy took a second to breathe.

“What happened?” I asked him.

“Cancer.”

“I’m sorry.”

“Thanks,” he said, cracking his knuckles and rolling his shoulders, like he was getting ready to lift something heavy. “Anyway, she got to be in such a bad spot that my mum forced her into the hospital. It was the first time she’d been in one since birth, or at least she said as much. And I could tell she was dying, that she couldn’t fix this. On what would become our last visit, I got to have a few minutes alone with her as mum went out to get us coffee. I couldn’t not ask her, and so I did, and she told me about the enemy game.”

“It’s a game?” I asked.

“Game, technique, exercise. Whatever. The way it works is that you make whatever sickness or ailment you’ve got into an enemy: you make it into something that’s strictly not part of you. And once you do that, you can fight it, and hopefully defeat it. And if you do, it’s simply gone.”

“Well, shit,” I laughed. “That sounds easy!”

“I guess it does, doesn’t it? Anyway, first off, you need to give it a name. Any name, just something you can remember.”

“Like, what? Martha?”

“As in Stewart?” Billy said with a snort. “Well, you can call it whatever, so why not Martha. And then it becomes Martha of Insomnia.”

“Oh, so it gets a last name?” I joked.

“Yup,” he answered, not taking the bait. “Then you go somewhere where you can be alone. An empty room, a field somewhere, a parking lot if you’d like. Just as long as nobody else can hear or see you. Then you just say the magic words, and if it goes right, you’ll fight it, and if you win, you’ll never see it again.”

“This is the kookiest shit you’ve ever told me,” I said. Then I thought that he *must* be joking. “Actually, I think you’re pulling my leg.”

“Shit, man,” Billy puffed out, the words like cracked shields. “All I know is that my grandma never fucked around, and she really was healthy. Never saw her sick for more than a day, not even once.”

“Alright, say that what you’re saying is all true, and that she didn’t just have a good immune system and a lifestyle where she avoided people–” 

Billy jumped in, “Hey, come on!”

“Let me finish! *If* what she did worked, then a) what the hell does it mean to ‘fight’, and b) what happens if you lose?”

Billy shrugged. He was out of stamina, and I could finally see the tiredness in his eyes, but also the fact that he genuinely believed what he was saying. It was rude of me to bother him like this, especially considering he’d come to help me out. 

“I don’t know what fighting means exactly. I’ve never done it. And if you lose, well, then whatever you were fighting wins.”

“You know how this sounds, right?” I asked him.

“Like a bunch of gobbledygook. Yeah, I know. I shouldn’t have even–”

“Fuck it. I’ll do it,” I said, forcing myself to sit upright on the bed. What’s them magic words I need to say, then?”

Billy then told me what to say, and then suddenly grew more concerned. His tone was darker, almost like he was reprimanding me. 

“You sure you want to do this? I mean, maybe it really is bullshit, but still, some part of me thinks that it isn’t. Just, y’know. Just wanna make sure you know what you’re getting into.”

“Even you don’t know what I’m getting into, exactly,” I replied with a smile.

“Yeah. Right.”

“Relax. At this point if they offered me some mystery pill straight out of Pfizer’s experimental labs, I’d take it just to see if it helped. This isn’t any different.”

“Anything except the IV, huh?” he asked. Not because he didn’t know, but because he did. 

“As long as I’m still around to say no.”

To that, he simply nodded in understanding. 

“Well,” I said, “might as well get cracking.”

Billy laughed. “Shit, this has been one weird fucking night, hasn’t it? Hope this helps you out, though.”

“Hope so too.”

He lifted his hand up, right thumb pointed toward the door. “I’ll just be out in the hallway, alright? I’ll come back in like, I dunno, ten minutes if I don’t hear from ya? Otherwise just come get me when you’re ready and we’ll get the fuck out of dodge. You don’t need to stay here if you don’t want to.”

I stood up from the bed and took out the needle from the tip of my finger. My muscles felt a bit weird, but then again things feeling weird had been my primary state for weeks now. My eye ached, and I wanted to touch it because I could tell it was swollen, but I didn’t.

Billy watched me long enough to see that I could get up on my feet, and then walked to the door. Once outside, the door halfway closed already, he peered in from the crack and said “Good luck, buddy.”

“Thanks for everything. Even this weird grandma-juju.”

He laughed. “No problem, man. Be back in a bit.”

Once the door was closed, I situated myself in the middle of the room. I breathed in, and breathed out. Then again. Then like seven more times, just to try and center myself. The night outside played with my eyes, so I closed them. The fluorescents buzzed above uncomfortably, but those I couldn’t control.

After clearing my throat, as if I was about to do public speaking, I said Billy’s magic words.

“Martha of Insomnia, that is your name. I invoke you to play the enemy game. If I win, you shall leave me be. If I lose, through my eyes you’ll see.”

The buzz of the fluorescents stopped exactly when I finished saying the last word. Everything became quiet.

I opened my eyes and the room was dark. There hadn’t even been the crackle of the lights going out. I looked around, and something felt wrong. Not just in the room, but everywhere.

My eyes weren’t adjusted to the darkness yet, so I made my steps towards the door carefully. Once there, I scoured around the doorframe with my hands, until I hit a panel with a bunch of switches. I turned them all on–or what I thought was ‘on’–but nothing happened.

Had there been a blackout? Even if there was, hospitals usually had their own backup generators. Otherwise people would die. But maybe they had a prioritization system, if such a thing even existed…

To check, I turned around and made my way to the window. The half-open blinds didn’t reveal much unless you got right up in there like Billy had. As I followed in his footsteps, panic crept up my throat like a rough rock squeezing itself through my esophagus. 

At the window, I put my finger between the blinds and bent the thin metal to form a little peep hole.

The city lights were gone. 

This really was a blackout. 

But there was something in that view that didn’t make sense. It was almost like… everything was *too* dark. My eyes had started adjusting to the darkness–I could finally make out the dimensions of the room around me–but out there, it was like the buildings were a messy blob of black.

I realized then what it was, and the panic only grew stronger, like I couldn’t breathe.

The moon was no longer there.

It didn’t make any sense. No. Fucking. Sense. Except, of course, if my insomnia would’ve brought on some extremely acute psychosis. But even with the previous hallucination I’d had, there was some part of me that knew it wasn’t real. Like the way you act in a dream: you do stuff that you might not normally do, even though it feels real, because deep down you know it isn’t.

This wasn’t like that at all. 

I turned around and walked back to the door. “Billy?” I called out. “Billy, you there?”

When I opened the door, the hallway shared the darkness of the room. I could just barely make out that Billy was nowhere to be seen: the chairs and wiry, uncomfortable sofas were empty, the hallway quiet like no one was around *anywhere*.

I could only see because of a single, white light that bounced and curved from behind the corner of the hallway to my right. It flickered, like it was the last man standing, fighting against the army of darkness.

“Billy?” I called out. “Where are you, man? What’s going on?”

Silence.

I moved towards the light slowly, carefully. There was nothing acutely dangerous that I could see, but something was definitely wrong, and I didn’t want to do anything stupid. If this was just another cat-jumping-off-the-roof situation, I didn’t want to embarrass myself. 

Walking was hard, because for some reason I felt like I needed to hide.

With each step I took, the more sure I was that this wasn’t a hallucination. Everything was too… clear. Hallucinations came with a fugue state, like a fog that surrounded your senses. But now, with adrenaline pumping into my bloodstream, my eyes sharp and my steps rigid, I knew this was real. This was happening.

When I rounded the corner, I could see the source of the light: a long, tubular fluorescent lamp, hanging from its wires, barely holding on. I looked around me and immediately realized that all the lights around were not in fact just not working, but the lamps themselves were completely gone. How the fuck was that possible?

And why was this one still here?

Further along the hallway, something moved in the ceiling. I jumped back, like I’d seen an animal move through the woods on a dark night. It was quick, precise, but I couldn’t make out what it was. All I could tell was that it was hiding in the darkness.

“Who’s there?” I yelled, and was immediately embarrassed of how non-threatening my voice sounded.

For a long moment, silence. Then from the darkness came a woman’s voice, hoarse like smoke and gritted teeth, the words meandering and staccato at the same time. “What did you dream of as a child?”

“What? What the fuck?”

“What was it? Flying? Stopping time? Getting to be in an amusement park all by yourself, skipping the lines?”

“What do you want?”

It moved again, like a spider, covering a vast distance in a heartbeat. It was almost at the edge of the light. “Or were they dark, of monsters under the bed and ghosts roaming the streets?”

Then it began to move slowly, not in rapid passages, but a slow crawl. I dreaded seeing what it was once it reached the fluorescent’s beam, but I couldn’t look away.

“I had nightmares,” I blurted out, hoping it would stop it from moving. And, at least for a moment, it did. 

“What kind of nightmares?” it said, and it sounded genuinely interested.

“There was, uhh. There was one where I’d be falling down a volcano, but I was in freefall for a very long time. And my dad was there, too, and I got to say goodbye to him before we both, you know.”

It was true, and I don’t know why I said it. I’d never told anyone else that. It was like I didn’t want to lie–that the thing would somehow know and punish me for it.

The thing emerged into the light, and with its wretched body the nightmare got its stamp of approval from reality.

In some ways it was a human, and in some it was like a spider. Its skin was gray and hairless, and from all around its torso jutted out legs–as if surgically attached–which oozed some thick liquid that kept the thing glued to the ceiling. 

Yet its head was not a human’s. It was bloated and wide, and most of it was taken up by two black eyes that shone like obsidian in the light. There were no eyebrows, no ears, no nose. The mouth, if you could call it that, was more like a gaping wound with hundreds of different-sized teeth arranged in tight rings that formed around each other. 

“I know,” it said, the voice coming from somewhere deep inside its hideous body. “I was there.”

I turned around and ran for my [life](https://wintersnoah.wordpress.com).",9,1786473751.0,nosleep,1,1.0,False
1vlq3nm,https://www.reddit.com/r/BunnyTrials/comments/1vlq3nm/which_of_the_following_drinks_do_you_tend_to/,Which of the following drinks do you tend to prefer?,This post contains content not supported on old Reddit. [Click here to view the full post](https://sh.reddit.com/r/BunnyTrials/comments/1vlq3nm),1,1786473742.0,BunnyTrials,41,0.67,False
1vlq3gj,https://www.reddit.com/r/CasualIreland/comments/1vlq3gj/update_this_is_fierce_embarrassing_but_how_do_i/,UPDATE: This is fierce embarrassing but how do I book a doctor's appointment?,"Welp I managed to make it to A&E. Went at 6am to avoid people and paid the €100. Was looked at and bloods taken within an hour. Then a 6 hour wait before I met with the doctor. 

All the staff were amazing and they even brought out people coffee and a croissant during the wait. Absolute legends cos they were super busy too.

Turns out all the smoking of cigs is restricting blood flow to my legs and I have to quit or else bad things will happen. She was very serious about it. Peripheral arterial disease is the name. Because I'm young (33) the bad effects will subside after a week of quitting so I'm happy. Goodbye nicotine, you are truly the worst drug!!

Some people asked for the update and there she is.

Thanks to all who helped me. Much love <3",129,1786473731.0,CasualIreland,25,0.95,False
1vlq3bw,https://www.reddit.com/r/StormBornHollow/comments/1vlq3bw/a_noir_of_life/,A Noir of Life,"I was standing in line at the gas station with a coffee in one hand and a lottery ticket in the other, trying to decide whether my hunch was intuition or just hunger dressed up in a nicer coat.

I did not stand at the counter judging a hunch.

I was already inside it.

The coffee, the ticket, the feeling that the day had tilted toward me. I could see enough to know I was making a story, but not enough to stand outside the story completely.",1,1786473723.0,StormBornHollow,0,1.0,False
1vlq3as,https://www.reddit.com/r/90DayFiance/comments/1vlq3as/sumit_and_jenny_the_cafe_is_giving_me_so_much/,Sumit and Jenny: The cafe is giving me so much second hand stress,"I’ve been a casual fan of The Other Way for a while, but now I have started watching it more. 

So I got to season 7 where Jenny and Sumit are opening a cafe. Jenny doesn’t know how to make coffee. I’m not saying making coffee via a fancy machine is easy, but if you decide to OWN a cafe, I think you should probably be confident in all that well before opening day. 

She says “I can just go home” when Sumit says she has to be quick. She doesn’t cook at the cafe. She doesn’t make coffee. She tells Sumit to spend more time with her when he actually works.

What does she want exactly? What does she expect? At first, I thought she was kind of naive and lonely, but the more I watch it seems like she really is the main architect of her own misery. ",13,1786473721.0,90DayFiance,11,0.81,False
1vlq2w0,https://www.reddit.com/r/hysterectomy/comments/1vlq2w0/how_long_until_you_left_the_house/,how long until you left the house?,"i’m 5dpo and not feeling too antsy yet, but i’m normally the type of person who leaves the house at least once a day (work, gym, coffee, seeing friends, concerts, events, out to dinner, etc.). i’ve been sore and tired and resting a ton, but today i’m feeling a lot more mobile and less tender. i’m not sure about sitting in a normal chair for very long atp, though, it feels like my wedge pillow is still helping a lot. 

so i’m wondering: when did you leave the house for the first time, and what did you do? ",4,1786473696.0,hysterectomy,36,1.0,False
1vlq2b9,https://i.redd.it/9v70eakejsih1.jpeg,Some coffee... with a taste of doubt.,"...Ugh... the umas in this place are nothing like i was expecting... and still they're all way more talented than me.

I'm starting to think maybe the people back home were right... and i can't really run...

\*She drinks her coffee after talking to herself for a bit... and soon she notices you staring.\*

...Can't catch a break alone, can i...?

The hell you want?",5,1786473664.0,UmamusumeFFS,44,1.0,False
1vlq29w,https://www.reddit.com/r/BelleBetting/comments/1vlq29w/aug_11_2026_belles_pick_of_the_day/,"Aug 11, 2026: Belle's Pick of the Day 🛎️","\-TB Rays -1.5 (-120) | 0.5 Units

  
**Why This Pick?**

The Rays’ resident Ace vs. the Athletics bullpen? I’ll bite. Nick Martinez (2.65 ERA) has been pitching lights out for most of this season, and 4 of his last 5 starts have resulted in wins for Tampa by at least 3. This play seems like a bit of a no-brainer (which, always concerns me…) but it is arguably the most advantageous matchup on the board. I’m the Rays to cover the RL this evening, friends.  
  
\----

**🛎️ Looking for all of my Picks, Props & Parlays?**  
[Visit my Website](https://bellespicks.com/)

**💰 Get a $100 Deposit Match from Belle & Sleeper!**  
[Claim Your Deposit Match](https://sleeper.com/promo/BELLESPICKS)

⏳ **Want Belle’s Pick of the Day — Before Anyone Else?**  
[Join Belle’s Free Tier](https://bellespicks.com/picks) & get it first!

☕ **Appreciate the Picks?**  
[Buy Belle a Coffee](https://buymeacoffee.com/coffeeforb) ❤️‍",2,1786473661.0,BelleBetting,1,1.0,False
1vlq1v1,https://www.reddit.com/gallery/1vlq1v1,Lease takeover for room in 2b 2.5b unit,"ROOM B

Hello! My girlfriend is still looking for someone to take over her lease at Aspen Heights. The lease will run 8/21/2026-7/25/2027  
aspen heights is otherwise sold out of 2beds.

Note the price is for 1 bedroom and 1 bath. Specifically room B as shown in the layout picture. The home features a townhouse style layout with the sleeping area upstairs.

Roommate assignments are done through a roommate matching process facilitated by management.

Base rent is 820 a month, only other monthly fees are electricity, water and pet fees if you have pets.

https://www.aspenpullman.com/pullman/aspen-heights-pullman/student/

Amenities:  
• Fully furnished (includes mattress, bed, desk, stools, coffee table, couches)  
• High speed internet  
• Shuttle  
• In unit washer dryer  
• Valet trash service

Utilities include: gas, trash, and internet

Feel free to shoot me a message if interested and we can coordinate with the leasing office on transferring the lease. Or call the office at (509) 503-1050 directly and ask about a potential lease takeover for a 2 bed 2.5 bath unit.",0,1786473637.0,wsu,0,0.4,False
1vlq1rc,https://www.reddit.com/r/kolkata/comments/1vlq1rc/college_street_e_mela_boshe_15th_e/,College Street e mela boshe 15th e?,"আমি instagram এ দেখলাম যে পনেরোই আগস্ট এ কলেজ স্ট্রীট এ মেলা বসে, যেখানে প্রচুর পুরোনো বই discount এ দেয়.......

Can anyone provide with more information with this?

\-what kind of books are generally there?

\-do I really have to go early in the morning?

\-will coffee house be open 😭 

\-ar jai hok 

ধন্যবাদ গ্যাং ✌️",1,1786473631.0,kolkata,0,1.0,False
1vlq1r0,https://www.reddit.com/r/CommunityOfChrist/comments/1vlq1r0/went_to_the_congregation_last_weekend/,Went to the congregation last weekend,"I'm not much for going to Community of Christ these days. The church was a welcome addition to my life for almost a decade but now I am pretty sour. I went because I had a death in the family and I figured coming to Church would give me some community. Well.. it went just OK.

On certain Sundays, they forego a typical service and go to a local breakfast chain restaurant. We gathered around a circular table and enjoyed each other's company over pancakes, sweet roles and coffee. A decent way to spend a Sunday in Fellowship.

While we were talking at the table, somehow we got on the topic of why I am absent. I didn't want to talk about it and ruin the vibe but I let some of my thoughts leak out. I didn't say anything that was shocking, but I had a lot less fun and was less settled after I said the things I said.

One of the male members, who is older, suggested that I am upset that others do not see what I see and feel ignored. Really, I don't really have a need to spread my malcontent with others because I have a testimony of people's journeys and how light/knowledge is distributed in their own time. It still stuck with me though.. Why am I upset? Why can't I just enjoy my surroundings and the activity that is happening without overthinking?

I just feel duped into believing the equivalent of Disney Star Wars, changed to suit whoever talking or in charge. What happened to feeling the spirit? What about the Fellowship with those in the church? Gone is the story, people don't care about the old church anymore. I just feel, post Temple sale, it has become more depressing and more about the personalities and less about the sacred story of our church.

I've tried to get involved with other organizations but it hasn't worked. I'm likely the problem, everyone else is the same, my expectations are too high. I just get distracted by things that are out of my reach and those who have the louder microphone. I can't stand that.. I see what the issue is, but it isn't up to me to point that out.

I hope I have the time to ask questions in the next life. I have 100 questions, most start with ""why...""",4,1786473630.0,CommunityOfChrist,3,1.0,False
1vlq14s,https://www.reddit.com/r/BoredInBangalore/comments/1vlq14s/bangalore_chikmagalur_road_trip_this_saturday/,"Bangalore → Chikmagalur Road Trip This Saturday 🚗 | Going Solo, Anyone Want to Join?","**Bangalore → Chikmagalur this Saturday — anyone want to join?** 🚗⛰️  
Hey folks!  
I’m planning a road trip from Bangalore to Chikmagalur this Saturday. I’ll be driving my car and currently going solo, so thought I’d check if anyone would like to join.  
Planning to leave Bangalore in the morning, enjoy the drive, explore Chikmagalur, grab some good food/coffee, and just have a relaxed trip.  
If you’re interested, drop a comment or DM me. We can chat first and coordinate the plan, pickup point, timings, etc.  
Happy to have some good company for the drive! 🚗🌿☕",2,1786473595.0,BoredInBangalore,3,1.0,False
1vlq0qf,https://www.reddit.com/r/SelfHate/comments/1vlq0qf/ive_been_sabotaging_myself_on_social_media/,ive been sabotaging myself on social media because i believe nobody genuinely likes me,"i cant stop posting problematic stuff online to my small obscure account with a few people from my past who follow.    
i have nothing left to lose    
i have 0 friends irl    
im convinced i can make everyone irl that still follows me to dislike me and unfollow    
because if you never talk to me anymore why are you still associating?    
i want to or wanted to make friends but im convinced nobody likes me anyway so i just show my worst side online. nobody says anything ever     
maybe i do want attention    
atleast bad attention, so i know im thought about ya know?    
i just feel so worthless recently and not in a simplified way. community is wealth to me, and if i am devoid of community i should be euthanized.     
i want to be like everybody else and post aesthetic pics of my iced coffee or nature but i just keep screwing myself over and over.",1,1786473572.0,SelfHate,0,1.0,False
1vlq0gf,https://www.reddit.com/r/sinjindrowning/comments/1vlq0gf/sinjin_greensboro_mentions/,Sinjin Greensboro mentions,I’m stopping in Greensboro on a roadtrip and trying to find coffee shops they’ve mentioned?? I know that one video from 2019 has a couple places but I feel like they’ve randomly thrown out recommendations. Does anyone know any recs they’ve said??,3,1786473555.0,sinjindrowning,6,1.0,False
1vlpzhv,https://www.reddit.com/r/SnoikaLounge/comments/1vlpzhv/2026_seo_reality_check_its_not_about_ranking/,2026 SEO Reality Check: It’s not about ranking anymore.,"If you're still building your strategy around keyword density and backlink count - you're essentially building a horse-drawn carriage in the age of self-driving cars.

I’ve been digging into the latest core updates and the rise of GEO (Generative Engine Optimization, like SEO but with G, haha), and the playing field has completely flipped. We aren't just fighting for the #1 blue link anymore. We are fighting for the *citation* in the AI Overview.

Here is the ""anti-bullshit"" breakdown of what actually matters in 2026 (I spent my weekend on that T\_T):

**1. Stop ""SEO Writing"" and Start Answering Real Questions**  
Google’s helpful content system is basically a plagiarism checker for generic jargon now. If your intro is ""In today's digital landscape..."" you might as well pack up your site. Write like you are explaining it to a colleague over coffee. The algorithm is finally smart enough to know the difference.

**2. Design for the Bot, But Write for the Human**  
Yes, you need to structure your H2s and H3s cleanly and so on, but don't forget the ""scannability"" factor. With LLMs summarizing content, if your headers don't form a logical outline on their own, the AI is going to skip your paragraph. And btw Schema is your new best friend.

**3. AI is Your Intern, Not Your CEO**  
Using ChatGPT to write your blog posts is why your traffic is tanking. Use it for keyword clustering and competitive research (it’s great at that), but if your ""voice"" sounds like generic AI, you lose the trust factor. Original data, case studies, and hot takes are the only things that separate you from the noise.

**4. Topic Clusters > Random Rants**  
Stop writing about ""Best Shoes"" and ""How to Tie Shoes"" as separate articles. Build a pillar page and link the shit out of it. If your site architecture is a mess, Google assumes your expertise is a mess.

**5. Core Web Vitals are the Price of Entry**  
Speed isn't a ranking ""boost"" anymore. It's a requirement. If your site loads slower than 2 seconds, you are automatically disqualified from the top tier, regardless of how good your content is.

**6. Backlinks are Dead. ""Brand Mentions"" are King**  
Spammy PBNs and guest posts are getting obliterated. The new currency is being mentioned in respected newsletters, podcasts, or industry roundups - even if they don't link to you. Google tracks ""entity recognition"" now. If you aren't being talked about, you don't exist.

**7. Optimize for Zero-Click**  
Most searches end without a click now. You have to ""win"" the snippet or the AI summary. Use bulleted lists and table formats. If you don't structure your answer to fit into the ""People Also Ask"" box, you are leaving free real estate on the table.

**8. Refresh or Die**  
That blog post from 2022 with a stat that says ""2023 projections""? It's killing your authority. Update your dates, prune dead links, and add a ""Last Updated"" timestamp. Freshness is a ranking factor now more than ever.

**9. The ""TL;DR"" must be 1000% accurate**  
AI models are scraping your content for a definitive answer. If your summary is fluff, the AI will pick your competitor's summary instead. Make the first 50 words the most factual, no-BS statement you can make.

**10. Track the Invisible**  
Stop looking at just organic sessions. Start tracking brand visibility in AI platforms. Are you getting cited by Gemini? Claude? If you don't know, you are flying blind.

**- The Bottom Line:**  
Google (and AI) is looking for **Authority, Experience, and Trust**. If you are trying to game the system, you are going to lose. If you are genuinely trying to solve a problem, the rankings will follow.

*P.S. If you are still using ""click here"" as anchor text, please seek help.*",6,1786473498.0,SnoikaLounge,0,0.88,False
1vlpzdo,https://i.redd.it/dxerrf2wisih1.png,"I can't have free texts, always lagging and saying issues please try again later.... am I the only one??",,2,1786473491.0,playzeta,0,1.0,False
1vlpxvi,https://www.reddit.com/gallery/1vlpxvi,yo what do yall think of ice coffee's new asset,y,26,1786473400.0,ObjectShows,4,1.0,False
