id,url,title,text,score,created_utc,subreddit,num_comments,upvote_ratio,over_18
1v2c2l0,https://www.reddit.com/gallery/1v2c2l0,Have/need,"Play MONOPOLY GO! with me! Download it here: https://mply.io/m6sbIj3wJio

IGN: christal",1,1784621317.0,Monopoly_GO,1,1.0,False
1v2c2bd,https://www.reddit.com/r/sepsis/comments/1v2c2bd/when_will_i_stop_being_exhausted/,When will I stop being exhausted?,"I was treated a month and a half ago for pneumonia, sepsis (without septic shock), hypoxia, and hypoxic respiratory failure. I’d had a cold a month before, then a cough for weeks after, and then I woke up one morning and couldn’t breathe. When I got to the ER, I was treated for an asthma attack, and while my blood oxygen had started to get better (88 when I arrived, 93 on oxygen and after 3 breathing treatments), I was told that I was septic. I felt fine, all things considered. I was thinking about grabbing coffee on my way home. I didn’t understand how I could be dying. I wasn’t in the hospital very long, and I’ve recovered tremendously well. I’m on a walk right now, I’ve gone back to work. But I’m still so, so exhausted. I’m young, 24, but my joints feel like they’re giving up on me and my body feels like it belongs to someone else, and I’m always tired but I can never sleep. How long will this last? ",1,1784621292.0,sepsis,0,1.0,False
1v2c22c,https://www.reddit.com/r/thrissur/comments/1v2c22c/what_is_vds_plan_to_abolish_kanyasthree_fascism/,What is VD's plan to abolish kanyasthree fascism in Thrissur?,"What exactly is wrong with thrissur kanyasthree madams dawg... Is it a requirement for them to act like egregious dictators? It's way worse in Thrissur than any other place too.

I know all about how insane these ""sisters"" can get  having done my schooling in a convent school. You get slut shamed for simply existing as a woman there. But it's only today that I found out how far deep it goes.... 

One of my neighbors has been admitted to a convent school where the sisters offered her free stay in a hostel with nominal fees for school. I thought wow that's pretty neat, these sisters atleast create a reliable community for these girls especially because she comes from a broken family/ abusive dad household. That thought lasted exactly 2 months. 

My neighbor, a teenager, went to stay there for 1 year max and she said getting hit by her dad is more peaceful than staying there 😭 

Apparently these sisters are fucking frauds, my neighbor and her gang of miscreants (as the sisters call them as they are people from other decrepit homes, who dont pay fees) have to compensate by putting kozhambu and thailam on this sister who is in charge of them. They spend like 10 mins everyday doing that on her legs and arms. This kanyasthree, WHO IS SUPPOSED TO HAVE SUBMITTED HER LIFE TO GOD...... asks them.... to make her......... FACE MASKS!!. 

She lies there like in a spa and these girls have to make a paste out of coffee and sugar for her to put on her face, if theres cucumbers in the fridge those go on her eyes. She needs to have clear polish on her nails. If any kid's dad is in Gulf, theyre asked to bring her face creams and body lotion. She asks for head massages, and because she can't take off her veil, the girls have to do it on top of the veil 😭😭😭 

If any of the girls push their beds together, she bursts in accusing them of being lesbians. And on top of it all, these girls have to help with cooking the mess food on most days. 

Mind you these girls are all aged 12- 15! 

How on earth is any of this ""Aathura sevanam""? They're recruiting little girls to make them their personal maids! How are these sabhas getting away with this absolute insanity!! ",1,1784621266.0,thrissur,0,1.0,False
1v2c1v6,https://fellowaidenprofiler.com,"Update: Fellow Aiden Profiler can now explain your coffee, not just brew it (Coffee Journey)",,1,1784621246.0,fellowdrops,0,1.0,False
1v2c1ng,https://www.reddit.com/r/IndiaCoffee/comments/1v2c1ng/help_your_weird_coffee_friend/,Help your weird coffee friend,"Hey guys, I need help. Can you give me coffee recommendations? I'm sorry but I don't wanna buy a new bag/brand and not like it in this economy. I'll tell you what I like.

Recently Blur Tokai had a limited kuttinkhan estate light coffee. I have discovered i REALLY love that. That's different from anything I have ever had all these years. I have discovered it's not about Blue Tokai. Kuttinkhan estate light coffee is damn beautiful. I bought few, 2-3, kuttinkhan estate coffee from toffee coffee. DO NOT like that brand but this estate slaps, and only they have/had it. 

So basically sweeter brighter light roast. I am currently having grey soul. My first purchase/introduction to the brand. I really love the brand, everything they stand for, the mug, the no plastic no glue, the ""song pairs well"" and why the name is grey soul. The  lime and cane is good but I don't wanna support 200g beans to become normal. Pardon me if I'm being picky. 

I drink japanese pour over, hario V60 on a regular basis. For which I want something sweet, bright, lighter roast. And I want a brand recommendation, please? Tell me about your long experience on fraction 9, navio (sorry if I'm spelling wrong) or any other brand you wanna tell me about. 

I also do get some blend for moka pot (for chilly days) or cold brew (when I'm being lazy). Grey soul yellow lot and blue tokai cold brew blend (cold brew is really hard to fuck up anyway) is good for those. So tell me about them too, at least moka pot one. I make flat white (if I can call that as I don't have espresso machine just the moka pot. 1:>2 ratio).

So many brands are shutting down. Initially I tried all, star, blue, sleepy, brown fox. I REALLY loved two specific blends from KC. Granted, i didn't know much about coffee. But their care for coffee and customers made me happy and honestly, I miss them. So I want my new go to brand. I really had it with grey soul but I can't support 200g as standard. 

Thank you in advance 🤎🤍🤎",1,1784621223.0,IndiaCoffee,0,1.0,False
1v2c0zh,https://www.reddit.com/r/MakeNewFriendsHere/comments/1v2c0zh/m48_from_england_looking_for_new_people/,M48 from England looking for new people,"As I'm missing the dopamine of seeing unread messages, I'd like to find some new people to talk to! Coffee, music and writing keeps me sane. Well, sane-ish. I'm quite happy to talk to fellow geeks and weirdos, and quite enjoy chatting to clingy people. I dispense advice and coffee, and I am good at listening. Come and say hi.",1,1784621159.0,MakeNewFriendsHere,1,1.0,False
1v2c0t0,https://www.reddit.com/r/maldives/comments/1v2c0t0/wanna_hang_out/,Wanna hang out?,Anyone wanna go to the deck rn? Grab a coffee or a sub at dinemore  ,1,1784621140.0,maldives,0,1.0,False
1v2c0ng,https://www.reddit.com/r/WebDevJobs/comments/1v2c0ng/portfolio_junior_react_developer_building_3/,[Portfolio] Junior React Developer — Building 3 Landing Pages completely for FREE to build portfolio,"Hey everyone! 👋

I am an 18-year-old CSE engineering student specializing in frontend development with \*\*React.js, modern JavaScript, and semantic HTML/CSS\*\*.

Because I am trying to build a stellar public portfolio, I am offering my development services completely for \*\*FREE\*\* for my next 3 projects.

\*\*What I will build for you:\*\*

\* A fast, pixel-perfect landing page for your startup, local shop, or SaaS product.
\* Fully mobile-responsive layouts that look stunning on any phone screen.
\* Clean, fast, component-driven React structures optimized for performance.

\*\*The catch?\*\* The core arrangement is 100% free. All I strictly ask for in return is a text testimonial and permission to feature the live link in my portfolio once the site is deployed. \*\*That said, if you absolutely love the final product and feel the value delivered deserves a tip or a contribution to my junior developer coffee fund, it is completely optional but highly appreciated!\*\* 😉

If you have a Figma design you want converted to clean code, or a business concept that needs a modern home on the web, drop me a DM and let's get it built! 🚀",1,1784621123.0,WebDevJobs,1,1.0,False
1v2c0jp,https://www.reddit.com/r/GoingToSpain/comments/1v2c0jp/spending_a_week_in_sant_antoni_de_calonge_looking/,"Spending a week in Sant Antoni de Calonge. Looking for local tips (cafés, beaches, dinner)!","Hi everyone!  
My family and I are spending a week on the Costa Brava. We will be based in **Sant Antoni de Calonge (on the Costa Brava area)**. We already know and love the Costa Brava and Costa del Sol, but we’d love some local insights to plan our days with our 2 year-old toddler.  
**Our typical holiday vibe:**  
 **Morning:** We wake up early, grab a simple coffee right by the water (nothing fancy, just a nice sea view), and head for a morning swim.  
 **Afternoon:** Lunch (either by the water or back home), then a long nap for the kids. Post-nap is usually pool time at our accommodation.  
 **Evening:** We love to dress up, head into town for a stroll, browse local shops, grab ice cream, and have a nice dinner in an animated area. We don't mind driving up to 30 minutes for the evening walk/dinner.  
**We would love your recommendations for:**  
1. **Waterfront cafés:** Anywhere in or very close to Sant Antoni where we can get a coffee with a direct sea view early in the morning.  
2. **Toddler-friendly beaches:** Calm, shallow waters suitable for 2 and 3-year-olds nearby.  
3. **Evening strolls & dinner:** Nice towns or specific areas (within a 30-min drive) that are lively in the evening with shops, good ice cream, and family-friendly restaurants.  
Thanks in advance for your hidden gems and tips! ",1,1784621111.0,GoingToSpain,0,1.0,False
1v2bzmy,https://www.youtube.com/watch?v=rk9Gk-hCmng,"Building Skills For A Fresh Playthrough After Expedition - ditch some things, acquire others maybe","A five minute ramble while you're making a coffee.  
So you're going to Expedition? If so far you always went for Security Breach, I would urge you to reconsider this time and try out something new. Couple thoughts on Skills and what are must-have, etc.",2,1784621017.0,ArcRaiders,0,1.0,False
1v2bzk8,https://i.redd.it/c11fhdidijeh1.jpeg,Plant Tidbit Tuesday: Fun Facts About Plants,"I want to start posting plant facts every Tuesday in a series that I have dubbed ""Plant Tidbit Tuesday"". It'll just be plant facts that I've researched online and post on here for educational and entertainment benefits.

I'll also be posting links to the researched sources.

For today, I'll just be posting quick plant facts that I learned from [NatureHills.com](http://NatureHills.com) 

**Quick Plant Facts**

Botanists have identified over 300,000 species of plants and growing! So, where can you find most of the plant life on our little planet?

* 85% of all plant life on Earth is under the ocean!
* 68% of plant species are unfortunately endangered
* Of the 1,750 Cacti species, the Mistletoe Cactus is the only one found outside the US!
* Scientists don’t know what causes four-leafed Clovers
* Marigolds were used to treat hiccups
* The caffeine in Coffee, the capsaicin in Hot Peppers, and the nicotine in Tobacco are actually the plants' version of pesticides in an attempt to keep things from eating them!
* Plants prefer music that is between 115Hz and 250Hz, with jazz and Classical being their favorites!
* Plants recognize siblings and help each other out.
* Feeling Stressed? Go mow your yard! Freshly cut grass emits green leaf volatiles into the air and scientists discovered these are great stress relievers! Ironically, the smell of freshly cut grass is actually a plant distress call.

Would you interested in me continuing this series every Tuesday? 

Source: [https://naturehills.com/blogs/garden-blog/happy-national-plant-day-here-are-some-crazy-plant-facts?srsltid=AfmBOoql03oN5rvIA3LFwqkDudlx3HVxdJReUBZILOoziv7hBvowXARH](https://naturehills.com/blogs/garden-blog/happy-national-plant-day-here-are-some-crazy-plant-facts?srsltid=AfmBOoql03oN5rvIA3LFwqkDudlx3HVxdJReUBZILOoziv7hBvowXARH)",1,1784621008.0,PhiloiseHQ,0,1.0,False
1v2bzgw,https://www.reddit.com/r/PhR4Friends/comments/1v2bzgw/28_f4a_coffeematcha_in_makati/,28 [F4A] Coffee/matcha in Makati,"Hello! I’m in Makati today to meet someone but plans didnt push through. Was wondering if anyone would like to meet for coffee or matcha in a new cafe this late afternoon. Strictly SFW only. See you in my dms!

About me:  
\- 5’7”, in the healthcare field  
\- Loves cafe hopping   
\- Loves cats (of Glorietta/One Ayala/Legazpi)  
\- Enjoys reading books, going to the gym, watching horror films",1,1784620998.0,PhR4Friends,0,1.0,False
1v2by7w,https://www.reddit.com/r/WidowAndBored/comments/1v2by7w/cant_sleep_early_morning_checkin/,☀️ Can’t Sleep / Early Morning Check-In,"

Awake early or didn’t sleep much?

You’re not alone.

This thread is for quiet morning company.

Say hi, lurk, or share something small — coffee, weather, a thought, or nothing at all.



No heavy topics. No fixing.

Just presence.



If you reply to someone, please keep it kind and low-pressure.",1,1784620870.0,WidowAndBored,0,1.0,False
1v2bx5i,https://v.redd.it/kp1azbdahjeh1,"First shot at my desk this morning, kind of surprised it worked","Coworker of mine is really into coffee. He's the coffee guy at work. Brings his own beans in from home and makes himself a shot at his desk in the mornings.

Last week he sat down next to me on a slow Wednesday and said I should try one. Pulled out this thing that looked like a big water bottle, and another one about the same size that turned out to be a grinder. Asked him what any of it was. He said the espresso maker is called an OutIn nano and the grinder's a fino, same brand. Ground some beans right there at my desk, packed the basket, cold water in the top, hit the button. Whole thing start to finish was maybe 4 minutes and what came out tasted a lot better than the drip pot in our kitchenette.

Ordered both that night. They came in over the weekend. Brought them in on the bus this morning and figured I'd try before my 10. Ground some beans, tipped them into the basket, dial at 2-1 like he told me, pressed them down, screwed it on, cold water in, hit the button. Little lights on the side come on one at a time while it heats. Once they were all on it started pumping and out it came. Crema was patchy in the middle but there was actual crema.

Tasted way more intense than I expected. Kind of aggressive on the front and then just stuck around after. Put a splash of oat milk in half of it just to see and it turned into something I'd actually pay for.

Sorry if this is basic stuff, first time actually making espresso myself. Anything obvious I should be checking for shot #2?",2,1784620783.0,espresso,0,1.0,False
1v2bvq1,https://i.redd.it/8dlml6behjeh1.jpeg,I'm good bwoy,I use hell nah alot sooo. Holy shit as well soo,1,1784620636.0,TeenPakistani,2,1.0,False
1v2bv2o,https://www.reddit.com/r/travel/comments/1v2bv2o/jakarta_mt_bromo_mt_ijen/,Jakarta -> Mt Bromo & Mt Ijen,"Hi!
After doing a lot of research, I struggled to find information on how to get to Mt Bromo & Mt Ijen from Jakarta by yourself so thought I’d post what we did for anyone looking to do the same! 

Jakarta -> Surabaya
Caught the train from Pasar Senen train station (PSE) to New Gubeng train station. The ride took 12 hrs and cost 248,000 IDR. There is a food cart with only a few options but I recommend bringing snacks and waiting for the 45 minute stop where you can hop off and purchase street food/drinks. 

We took the local R1 bus to Bungurasih Terminal 5,000 IDR (mandiri emoney card is accepted on the bus if you have) and spent the night at Dharmawati Homestay (cash only) which is directly behind the bus stop.
90,000 IDR for fan room w/ squat toilet
150,000 IDR for AC w/ seated toilet 
Lovely hosts who brought coffee to us in the morning!

Surabaya -> Probolinggo -> Mt Bromo
Heading to Probolinggo, we walked 3 mins to the bus stop around 9am where the buses depart every hour from Bungurasih Terminal to Probolinggo. There will be a lot of touts trying to sell you tickets but keep walking by, upstairs and down to the platforms
* platform 5 is 50,000 IDR “VIP”
* platform 12 (ask around as it may differ) is 25,000 IDR for economy/local

The bus will arrive at Probolinggo station - from there I’ve read you can barter a local bus (bemus) to take you to Cemorolawang. For the experience and convenience, we opted to hire scooters from Charles Rent Motorbike and drive ourselves which I highly recommend! It gives you the option to leave whenever you want the next day and travel on your own schedule.
*You can leave your luggage at the bike hire place and just take a small bag up the mountain with you.

Mt Bromo/Problinggo -> Banyuwangi (Mt Ijen)
From Mt Bromo, we drove back to Probolinggo and took the train from Probolinggo station to Banyuwangi city train station for 88,000 IDR. We spent the night at Ijen Backpacker Atas Angin which was directly opposite the train station. It was very new, clean and perfect for a night/days rest before completing Mt Ijen. They have dorm & private rooms available where you can also book Mt Ijen tours directly at the hostel. 

There aren’t many food options nearby, the hostel recommended ordering grab food which was very affordable but if you spend an extra day before completing Mt Ijen, Palm Sugar Cafe Resto is less than 10 min walk away with lots of Indonesian & western food options at really affordable prices!

Hope this helps anyone looking to do the same :))

",1,1784620572.0,travel,0,0.99,False
1v2buqf,https://www.reddit.com/r/KuwaitMarriage/comments/1v2buqf/38_male_marriage_based_on_a_dream/,38 Male- Marriage- based on a dream?,"About Me

I’m looking for a wife on the foundation of contentment, faith, and tranquility of the soul.

That foundation is what everything else grows from. Beyond it, I’m an open canvas, and if that grounding is present in both of us, there is no limit to what we can build together.

I’m very easygoing. I’m not strictly religious, but I strongly believe in Allah, and I trust that the same divine power that sets everything in motion will bring the right person to me, and me to her.

What I’m asking for is simple: a life built on mutual respect, genuine attraction between us, a loving family, and children. That would be enough for me. Anything beyond that is a blessing. I want to understand and learn from you.

On the practical side, I’m in a position to provide a very comfortable life, and I would want you to feel secure and well cared for. What matters most to me is the person, not the arrangements.

If you’ve read this far, I’ll share something personal. I believe I’m meant to marry someone I once saw in a dream. I don’t know who she is, only her first name. If you message me, I’ll tell you that name first.

Thank you, and may God grant us all health, happiness, and contentment.

Age: 38

Origin: City dweller

Sect: Sunni

Height: 172 cm

Weight: 70 kg

Level of Religiosity (1-10): 5

Education - Master’s Degree.

Occupation: Businessman, company owner

Skin Colour: Olive / fair

Genetic or Chronic Illnesses: None

Hobbies:  
Travelling, coffee, jazz & oud music, food, spirituality- meditation, relaxation, family, and contentment.

Can you please introduce yourself when messaging. Thank you. ",2,1784620537.0,KuwaitMarriage,0,1.0,False
1v2buq9,https://www.reddit.com/r/tampa/comments/1v2buq9/does_anyone_know_who_this_singer_might_be/,Does anyone know who this singer might be?,"I know this is a long shot, but I'm looking for a Tampa-based (maybe?) folk singer/songwriter. 

I first saw him at Penny University, a really cool coffee shop on E Busch Blvd back in the 90s, and I last saw him perform at the Dubliner Irish Pub in South Tampa back in 2010 or so. 

I don't know his name. I can barely remember what he looked like. But I do remember he had long hair and played a guitar. 

I still think about one of his songs (I believe it was ""Little Hiroshimas"") to this day, and I'd love to connect with him and maybe get a copy of the song.

Does anyone know who I might be talking about?",3,1784620536.0,tampa,0,1.0,False
1v2bu7w,https://www.reddit.com/r/PakistaniiConfessions/comments/1v2bu7w/any_biohacker_here/,any biohacker here......,"kidding maan!

so the thing is that i need suggestons coz i haven't sleep in two day and have to stay awake for atleast 12 hrs and no cold water and exercise doesn't work for me and im tired of drinking energy and coffee all the time so suggest me caffeine pills which i can take  

i need recommendations on what brand of caffeine pills do u use to control ur sleep..

it should be in budget and plus available on stores 

suggestions are appreciated! ",2,1784620484.0,PakistaniiConfessions,4,1.0,False
1v2btvq,https://fellowaidenprofiler.com,"Update: Fellow Aiden Profiler can now explain your coffee, not just brew it (Coffee Journey)","Last round was about what your Aiden actually brews: the stats page, real brew tracking, scheduled brews. This one is about the coffee itself, and understanding it a bit better.

Introducing [***Coffee Journey***](https://fellowaidenprofiler.com/journey):

* **Tap a tasting note to see what it means.** Words like ""natural process,"" ""washed"" or ""stone fruit"" get a descriptive and explanatory read instead of a shrug. I got tired of nodding along to a bag without really knowing what it was telling me.
* A page that looks across every coffee you've brewed and rated, **shows what your favorites have in common** (origin, process, roast level), and points you at what to try next.
* Save a bag and you get a short take on **how it fits your taste, based on the coffees you've already liked.** It shows up while you browse the catalog too, as a quick ""this is new ground for you"" or ""close to one you rated great.""

The reads are built from your own history, so signing in is what makes the personal part work. There's nothing to set up.

Premium turns the short take into the full breakdown: what the origin, process, variety and flavors actually mean for your cup, on every bag. The rest of Coffee Journey is free.

Curious whether the note explanations match how you'd describe these coffees yourself, and whether the ""what your favorites have in common"" read lands or misses.

Feel free to reach out and let me know what you think!

[https://fellowaidenprofiler.com/](https://fellowaidenprofiler.com/)",3,1784620450.0,FellowProducts,0,1.0,False
1v2btbd,https://www.reddit.com/r/Wellbutrin_Bupropion/comments/1v2btbd/switched_from_lexapro_to_wellbutrin_and_feeling/,Switched from Lexapro to Wellbutrin and feeling wired but alive,"Was on Lexapro for about two years and honestly it helped the anxiety but the fatigue was unreal. I could sleep twelve hours and still feel like a zombie. Also the sexual side effects were starting to mess with my relationship so my doctor suggested adding Wellbutrin to the mix.

Took my first 150 XL this morning and I feel weirdly jittery but also kind of alert for the first time in months. Almost like I had too much coffee but without the stomach ache. My brain feels sharper but my heart rate is definitely up a notch and I keep tapping my foot under my desk.

Would love to hear from anyone who did this combo or switched entirely. How long did the jittery phase last for you before things leveled out. And did your anxiety spike at first before it got better. Kinda paranoid about that because my anxiety was the reason I started meds in the first place and I really dont want to go back to that place.",1,1784620394.0,Wellbutrin_Bupropion,0,1.0,False
1v2bt57,https://www.reddit.com/r/BrevilleCoffee/comments/1v2bt57/foamy_crema/,Foamy crema,"Hi all

Some beans give me a really good crema (even, flat) and some gives my bad crema (foamy, bubbly). I tried different beans/grinds. 

Im a bit of a noob to coffee making - anyone knows how I can get better crema? I guess it should be possible with any type of bean/grind?

Thanks!",1,1784620378.0,BrevilleCoffee,0,1.0,False
1v2bsie,https://www.reddit.com/gallery/1v2bsie,Another pervert caught by MDF,"This user was posting alot of M4F content which is suspicious. They turned out to be true. I didn't even need my tools for this is was right there out in the open. Like bro atleast delete such posts. Now if he says stuff y,all know what he is upto. Also mods ban him. ",5,1784620318.0,PakistaniTwenties,24,1.0,False
1v2bsay,https://www.reddit.com/gallery/1v2bsay,got this hand carved coffee table yesterday - any idea on the value ? (uk),"got this off a bloke on marketplace for £50. it looked to me like he was selling a lot of old stuff, a bit of a goldmine tbh. when he dropped it round he said it was his mothers and she got it before he was born. not to sound rude or anything- but this man was getting old 🤣 so i assume it has some years on it ?   
it’s made of wood, hand carved, glass top, i think i’ve also photographed the makers mark too ? no expert but added it in case it’s correct. says A1272 and a chinese character  
i also assume from the basic research i’ve done that it could be an opium table from the poppies ?? idk tho. again, no expert, just a 21 year old chuffed with their find   
any advice is appreciated :)",2,1784620298.0,Antiques,2,1.0,False
1v2bsat,https://www.reddit.com/r/punemeetup/comments/1v2bsat/read_this_post_if_youre_a_involved_interested_in/,Read this post if you’re a involved & interested in your family business based in Pune,"Hey guys,

I run/am part of my family's business here based in Pune, and I've realized I don't really have people around me who *get* it. 

Like, my friends either work 9-6 or are doing their own startup thing, and neither fully relates to the specific weirdness of legacy businesses. Especially when it comes to being “the founder’s kid” and change management.

So I'm just trying to get a small group of us together. We can have meet ups where we discuss challenges, share stories or even vent out our struggles with dealing with our business’s traditional ways. 

Nothing formal, coffee, some honest conversation, maybe a recurring thing if people vibe with it. 

Mainly looking for others in the same boat (family business), but honestly open to any next-gen founder in Pune who relates.

**Please DM me if interested.**",1,1784620298.0,punemeetup,1,1.0,False
1v2bs7w,https://www.reddit.com/r/masterduel/comments/1v2bs7w/how_do_yugioh_fan_websites_legally_monetize_their/,How do Yu-Gi-Oh! fan websites legally monetize their projects?,"I'm working on a **Yu-Gi-Oh! deck-building and analysis tool**. I understand that Konami owns the IP (card artwork, card text, trademarks, etc.), so I'm trying to understand where the legal boundaries are.

My question is mainly about monetization.

For example, many websites (such as Master Duel Meta, YGOPRODeck, etc.) display official card images and text, yet some of them also have:

* Buy Me a Coffee / Ko-fi links
* Patreon
* Ads
* Premium memberships

How is this legally possible?

Are they:

* officially licensed by Konami?
* simply tolerated because they benefit the community?
* relying on fair use (if applicable)?
* just accepting the legal risk?

I'm **not looking for legal advice**, just trying to understand how the community generally views this and whether anyone has experience running a Yu-Gi-Oh! fan project.

I'd especially appreciate hearing from people who have operated fan sites or have knowledge of IP law in gaming.

Thanks!",2,1784620292.0,masterduel,2,1.0,False
1v2bs6q,https://www.reddit.com/r/pakistan/comments/1v2bs6q/genz_what_do_u_do_to_control_ur_sleep/,genZ what do u do to control ur sleep??,"i need suggestons coz i haven't sleep in two days and i have to stay awake for 12 hrs more  and no cold water and exercise doesn't work for me and im tired of drinking energy and coffee all the time so suggest me caffeine pills which i can take  

i need recommendations on what brand of caffeine pills do u use to control ur sleep..

it should be in budget and plus available on stores 

suggestions are appreciated! ",1,1784620290.0,pakistan,2,1.0,False
1v2bqoo,https://www.reddit.com/r/MBTIandFREESPEECH/comments/1v2bqoo/thats_just_an_asshole_this_has_nothing_to_do_with/,“That’s just an asshole! This has nothing to do with their personality type.”,"People fail to realize that assholes come in different varieties. \~

An example of relationship questions:

**Example one**

Hey, I’m in a (insert socionics intertype relation) and we keep having (insert issues that fit the intertype relation descriptions exactly..and requests for advice.)

**Example two**  
“My pet INFP is so suffocating me because they’re so freaking clingy and they start crying whenever I raise my voice too much or slaughter my meat rabbits for dinner.. They keep insisting I should go vegan. My INFP won’t stop arguing about fictional characters ships on Reddit.. and won’t get a job. What should I do?”

**Example three**  
“My pet ESTP won’t stop yelling at me and keeps gets irritated whenever I tell him to delete his tinder.. he claims to just be on there to “just make friends” and says I’m too clingy and sensitive?! What should I do?”

**Example four**  
“My pet INTJ just keeps acting like a cynical , arrogant, asshole that goes around correcting people all the time..they’re just such a massive buzzkill and show complete disregard for the emotional state of the group. Also, my INTJ won’t stop hiding in their room.. most of the time they just sit on their computer all day and research who knows what? I just wanna get my INTJ to touch some grass. Help!”

**Example five**  
“My pet ISFJ keeps behaving in a very passive aggressively towards me because I refuse to use essential oils as alternative medicine. She doesn’t like it when I use peer reviewed sources to support my side either. My ISFJ takes 45 minutes to make their damn mason jar matcha coffee and keeps doing this whenever I’m trying to get breakfast before work..  
Whenever I try to remind them of my work schedule they just correct me on my tone and say I’m being mean. Halp?”

Then there will just be THE SAME blanket statement in every damn thread lol.

“Uh.. that’s what we call an ASSHOLE. ThEy jUsT SeEm tO lAcK EmOtIOnAl MaTuriTy. Communication is KEY”

Then all the empaf normies that never read the MBTI will clap..

Like what’s the point of even asking these kinds of questions on a TYPOLOGY subreddit if the answer isn’t going to be specialized to that specific subject? They asked on a typology subreddit for a reason mate. They want to understand the situation better by using typology as a tool.

Then all the empaf normies that never read the MBTI will clap..

What’s the point of even asking these kinds of questions on a TYPOLOGY subreddit if the answer isn’t going to be specialized to that specific subject? They asked their question on a typology subreddit for a reason mate. They want to understand their situation better by using typology so, they can actually find a solution.

Normies think it’s uNeThiCal to associate ANY kind of asshole behavior to a specific type. So they just do the whole inclusiveness feel-good message thing where they dodge the actual question. This shit is so predictable.

I mean come on.. can you really see  ISFJ doing asshole number 3 behavior or that ENTJ is doing number 4?

If that’s the case.. here’s some advice.. READ!",1,1784620142.0,MBTIandFREESPEECH,1,1.0,False
1v2bqc6,https://www.reddit.com/gallery/1v2bqc6,Two homemade iced coffee variations.,Made two cups of cold brew this morning.,1,1784620107.0,IcedCoffee,1,1.0,False
1v2bq1m,https://www.reddit.com/r/LahoreSocial/comments/1v2bq1m/double_shot_coffee/,Double shot coffee,"**Unpopular opinion:** I don't really get the hype around Double Shot Coffee.

It was one of the first places I went after coming to Lahore because I'd seen it all over social media, and I left pretty disappointed. The matcha drinks were actually good, but the coffee... the espresso tasted burnt. Not in a rich, dark-roast kind of way, but more like over-extracted or stale espresso with that bitter burnt finish.

I honestly don't understand why it's so hyped (is it the marketing and the pastel colours?). Has anyone else had the same experience, or did I just get unlucky?",1,1784620076.0,LahoreSocial,2,1.0,False
1v2bnnj,https://www.reddit.com/r/Antipolo/comments/1v2bnnj/hii_anyone_wanna_jam/,hii anyone wanna jam,"Hii i moved to antipolo less than a year ago , i used to have a band but they are too far from me na, i would love to jam with anyone (similar sana to my age im 19) i play guitar and i sing 

I usually dont post like this , so this is definitely out of my comfort zone but my friend told me to try posting here sa reddit i dont have musician friends here in antip and i rlly want to play music and also make friends eventually :))

We can get coffee anywhere for a vibe check or we can exchange instas via dms on here ",1,1784619845.0,Antipolo,0,1.0,False
1v2bmm9,https://v.redd.it/1rzuzifiejeh1,"A perfect day in our favourite London neighbourhood ✨
☕ Coffee, chia & pastries @chaiguysbakehouse
💆 Massage @spamassageuk (use POPPY20 for £20 off)
🍷 Pub lunch & parmesan churros @thesalusbury
🍸 Cocktails & dinner @flock.restaurant
@wishyouwerehere_poppy",,1,1784619747.0,u_SpaMassage12345,0,1.0,False
1v2bm85,https://www.reddit.com/r/Vietnam_Tourism/comments/1v2bm85/just_finished_our_25_week_trip_sharing/,Just finished our 2.5 week trip - sharing retrospective!,"Hi all,

My husband and I did just over 2.5 weeks in vietnam for our honeymoon. I am a big planner and had the excel sheet hyperlinked and everything booked 6months in advance. So this is sharing what was not as expected, better or worse, and our overall trip for others who are planning!

Itinerary (not including travel days):

Hanoi - 3 full days

Ninh Binh - day tour from Hanoi

Halong Bay 3-day cruise

Hoi An 2 full days and 1 day Da Nang

Ho Chi Minh 3 full days

Phu Quoc 3 full days

Overall it was an amazing trip and I definitely recommend it and the timing - we didn't feel like we needed more time in each place for this kind of overview multi-site trip.

Things we didn't expect:

1. The 3 day cruise for Ha Long Bay was TOO long for us, as it is a very touristy activity that is in a beautiful location but there is nothing to do on the boats and the activities are very short - so one hour swimming here, one hour kayak there, and then back on the boat by 3PM until the next day. We were bored, basically, and the food was not good. We also almost had our tour cancelled due to weather and the cruises the day before were cancelled, so there was  lot of waiting around at the start and being brought to tourist shops along the way that were very scammy.
2. Ho Chi Minh seemed SO hectic at first, I just wanted to get out of there, but then we explored more and more of the ''hidden'' coffee shops and cafes, and the apartment-cafes, and we fell in love with this city, there is so much to find around random alleys and corners like a kombucha bar in a room between several apartments or a craft-workshop or cacao shops growing live cacao trees in their inner gardens... We didn't find the typical tourist musuems as appealing as all these hidden things, and it was so hot it was hard to be in so many places without aircon, like the musuems, but when we got into the cafe culture and had a fun cool drink at each place, we felt like we kindof understood the purpose of these little urban retreats.
3. Hoi An has a restaurant group called Taste Vietnam [https://beta.tastevietnam.asia/](https://beta.tastevietnam.asia/) by the gastronomist Madame Vy. We staumbled on this by accident, ended up meeting this amazing woman, and had some of the best food of our lives in mutiple locations - we couldn't get enough, it was truly art - beyond food. Also the Memories Hoi An show seemed like it might be cheesy but we loved it . and the seating level doesn't matter (VIP is not better!). Overall Hoi An is maximum touristy so I advise to get there in the morning or do it late at night when there are so many people all the hinking motorcycles have given up on getting through, but you will be surrounded by the selfie-people either way.
4. Phu Quoc - we stayed in a gorgeous resort and loved that but the sites like Sunset Beach or Duong Dong were not our style. There seems to be a huge tourist culture around selfies, not just here but it seemed that the Sunset Town was just a plaster Disney-like background for people's photos, even MANY peopl carrying around outfit changes with personal photographer. The center of Hoi An had this too, and if that's what people want than more power to them but this was not 'authentic' to us in any way and gave me the heebie jeebies basically. We also heard similar things about staffish beach (that there was tons of trash and the star fish are placed for photos) so we ended up just staying at the resort.
5. Da Nang - we got a private driver from our hotel in Hoi An back to the airport in Da Nang for our last day and he ddi long stops at Marble Mountain (amazing!!) and a few other sites, all for 38USD, and we were able to store our bags in his car and see these spots without needing to join another tour or go back and forth from Hoi An. This was great. Marble Mountain is one of our favorite sites of the whole trip because you can spend 2 hours explorin on your own and you don't need a guide or group, take it at you own pace, very fun.
6. Ninh-Binh - we did a private tour back an forth from Hanoi and that was a great decision! I know a lot of people spend days in Ninh Binh but our amazing tour guide showed us everything in a long day and timed our departure at 6AM and early return to hanoi to avoid the intense traffic. It was a long day but we loved it and didn't wish we had more days there, though if you are independent slow.traveling with a scooter, staying at hostels etc. then I could see the appeal, I have lived that life too - that just wasn't the style of this honeymoon trip for us.

Warning - the flights to Phu Quoc (and the cruises to Ha Long Bay) are very weather sensitive and the delays caused us a lot of issues, especially missing a late-day Ho Chi Minh flight. Just FYI!

Thanks and have fun!",4,1784619711.0,Vietnam_Tourism,0,1.0,False
1v2blln,https://v.redd.it/jta31lfcejeh1,Built an AI just to tell me what coffee to drink. Peak laziness? 😂,"Made a tiny coffee AI with GPT Codex in 15 mins ☕️😂

Obviously not a groundbreaking app, but I had a lot of fun building it-as I do love blind box idea.

Now every morning I just ask my AI:  
""What coffee should I drink today?""

It’s funny how AI makes it so easy to turn random ideas into little personal tools.

What’s the most useless-but-fun AI thing you guys built?",1,1784619649.0,AIAssisted,0,1.0,False
1v2bli9,https://www.reddit.com/r/homeless/comments/1v2bli9/dumpster_diving_for_pop_cans_a_days_adventure_as/,Dumpster diving for pop cans. A days adventure as a homeless person.,"When I finally found a place on the ground in an alleyway that was safe enough to sleep on, I was asleep as soon as I slipped my shoes off and pulled the mummy bag over my head.

In the morning I had no recollection of who I was or how I got  to where I was at, only a clear blue sunny morning smiling at me like I was created right there on the side street. 

I had to think,as I did so I looked on the ground where I laid a lighter and a half smoked cigarette next to a bottle water, and knew right away I was homeless. Regardless of how well I slept I just wanted to lay there and look at the sky while the clean air hit my face. Then reality hit me. I’m completely broke! Uh!

There was no one I could go to for cash.  Nobody I knew at least, and I didn’t want to panhandle. I saved those for the days I was to beat up from the streets. The only way I can have a good day is if I earn it. Time to go jump in a dumpster for aluminum treasure!

After smoking my halfy, I’m gather my stuff and a resident nearby is already shoeing me away. “Don’t worry person, I’m leaving now” as I pointed to my bedroll and backpack that I had all gather up.

A little ways down the alleyway there was an apartment that always, and I mean always, had recyclables in the garbage bin. So that’s where I went. 

I stashed my bedding in a bush that was close and continued to the dumpster. I flung one side up over its end, took a safety look inside, and in I went. 

Then I went down. Down into the many bags and boxes of things the residents through away, including items thrown out because of moves, evictions, death, etc. That was when I found the cool stuff. 

I had already been on the streets a few years and had long ago found out that all those cool trinkets, and items that had never been used, although some valuable, would serve me no purpose as I knew the end of my day or night would be another side street. I was cans and bottles only.

I started tearing through bags, opening them away from me to not get all the coffee grounds, food waste, or other on my clothes. I could tell which ones had the nasty kitty litter inside because it felt like a bag of sand, which I did not open. 

After I tore open and grabbed the aluminum cans and bottles and put them in my own trash bag, I jumped out. I didn’t bother with glass recyclable because they were too heavy and I never got much for them anyways. 

After a couple more apartment complexes and a few houses that I knew put their recycling in a certain bin, I had about 4 large trash bags full of crushed cans and bottles.

With my bags slung over my shoulder I started walking to the recycling center down the road that would  cash me out  and on the way I stopped at a diner that fed homeless pancakes through the back door if you asked.I asked.

Those hotcakes were so yummy and hot! I wanted to sit and eat, but being homeless you tend to always be moving, like I didn’t feel content with my life and always moving was my way of doing something about my situation. So I balanced the bags on my shoulders and ate as I walked.

At the recycle place, there was an open shipping container where people lined up and sorted their bags into cans, a person handing out the cash for the weight and another person helping make sure the bins were sorted properly.

I got paid for about 4 or 5 hours of canning, and it was usually around 11:00 or 12:00. If I did well, I went to McDonald’s across the street and got a coffee, if not, then I just ventured down to the bridge were some other homeless people were at, including a homeless lady that I had a crush on. Maybe I wouldn’t be sleeping by myself on that side street tonight. I could only hope. 

After socializing with the other people in similar situations, I went to a few places to get food and drinks for the evening and went back to the bridge just to give my homeless woman friend one more chance for companionship, and then I left.

I had a few dollars that I had left over from canning, which I would try to save in order to give myself a jumpstart on the next day. I wanted to make each day a little better than the one before, but It almost never happened that way.I tried nonetheless.

I hated sleeping around other homeless people or anyone to be honest. Too many times waking up without a backpack or shoes I guess. So I started walking through the neighborhoods, crisscrossing and making my way through the many streets until I was far from anyone who knew me or would hardly notice anyone or care if they spotted me in the middle of the night.

I stashed my days items near where my new spot was and got ready for a brand new day. I could sleep well knowing that I will wake up feeling like a brand new person.",1,1784619639.0,homeless,1,1.0,False
1v2bld5,https://www.reddit.com/r/MakeNewFriendsHere/comments/1v2bld5/29m_turkey_looking_for_genuine_international/,29M | Turkey | Looking for genuine international friends,"Hi everyone,

I'm Koray, a 29-year-old software engineer from Türkiye. I'm here to meet new people, improve my English, and learn about different cultures. I'm especially interested in getting to know people from Northern and Eastern Europe, but I'm happy to talk to anyone from anywhere in the world.

In my free time, I enjoy photography, coffee, music, technology, and programming. I also like learning about different lifestyles, traditions, and everyday life in other countries.

I'm looking for genuine conversations and long-term friendships. We can talk about our hobbies, daily life, travel, work, or anything else that comes to mind. If you think we'd get along, feel free to send me a message.

Looking forward to meeting you.",0,1784619625.0,MakeNewFriendsHere,2,0.5,False
1v2bl9d,https://www.reddit.com/r/dating_advice/comments/1v2bl9d/asking_out_a_fellow_allied_health_therapist/,Asking out a fellow Allied Health therapist,"I've started working at a new rehab hospital six months ago now as a physiotherapist, and thoroughly enjoying the new environment. There's an absolutely beautiful speech pathologist that has an office next to my therapy gym who is around the same age as myself. I would love to get to know her better, but we have legitimately nothing to do with each other from a clinical perspective as we work in different departments. At this stage our interactions are limited to simply smiling at each other politely if we make eye contact, and nothing else. Heart skips a beat whenever this happens and I don't stop thinking about it, but also very scared that if I were to make a move this could backfire and affect me professionally somehow.

So I'd love to know if anyone has any suggestions on what to do eg how to approach her or this situation in general?

Is it professionally appropriate to approach her and ask her if she'd like to get a coffee? ",3,1784619614.0,dating_advice,3,1.0,False
1v2bl6m,https://i.redd.it/xbhebq7cejeh1.jpeg,Just got my first moka pot and i’m equal parts excited and terrified 🫖☕,"Okay so I finally caved and bought a moka pot after months of admiring them (the little stovetop hourglass shape? absolute cottagecore dream). It’s sitting on my counter right now looking very pleased with itself and I have zero idea what I’m doing.

A few questions for the wise moka elders of this sub:

	**•	Whole beans or pre-ground?** I don’t have a grinder yet but I’m willing to get one if it makes a real difference  
	**•	What roast/grind works best** for that classic rich moka pour without turning bitter or burnt?  
	**•**	Any **beginner-friendly brands** you’d recommend that won’t break the bank but still taste like an actual hug in a cup?  
	**•**	And honestly… any little rituals or tips that make the whole process feel special? I want this to become a slow-morning thing, not just another appliance gathering dust

Send me your wisdom, your favorite beans, your “wish someone told me this on day one” tips. I’m ready to fall in love with this little pot 🤎",5,1784619607.0,IndiaCoffee,7,1.0,False
1v2bjh7,https://i.redd.it/9vlx53ftdjeh1.jpeg,Asahi Matcha Powder,"Still looking for a matcha that’s smooth, creamy, and not overly bitter? 🍵💚

Meet Charmed Life Asahi Matcha — rich in umami with natural sweetness and delicate floral notes. Perfect for café-quality matcha lattes at home or in your café.

30g — ₱400   
100g — ₱1,000  
500g — ₱4,000 (Best Value for money!) 

✨ Premium Japanese Matcha  
✨ Smooth & naturally sweet  
✨ Virtually no bitterness

ON HAND & READY TO SHIP  
⚡ Limited quantities available — order before stocks run out!

📩 Send us a message to secure yours today.",1,1784619432.0,matcha_ph,0,1.0,False
1v2bj52,https://i.redd.it/6xawmrwpdjeh1.jpeg,creamer,,189,1784619397.0,comedyheaven,7,0.96,False
1v2bitm,https://www.reddit.com/r/espresso/comments/1v2bitm/espresso_grinder_recommendations_max_1200/,Espresso grinder recommendations [MAX $1200],Looking to purchase an espresso grinder for a low to mid volume mobile coffee cart. What is a good commercial grade grinder with a large hopper and preferably grind-by-weight or consistent grind-by-time?,1,1784619367.0,espresso,1,1.0,False
1v2bipp,https://www.reddit.com/r/malta/comments/1v2bipp/day_3_of_rolling_blackouts_my_experience_and/,Day 3 of rolling blackouts - My experience and suggestions,"Treating this like a blog post and sharing my 2 cents because, why not.

Yesterday was day 3 of blackouts, for us it started at around 8 pm and remains ongoing into day 4.

My girlfriend found a mini fan, one of those cheap ones you buy from Temu. It had no charge but could charge with USB-C so we connected it to my power bank. At 50 - 75% charge it lasted a good while.

One of my friends powered a fan with a power station. Did some research and there are some which charge with solar panels and regular charging from the looks of it, though a cool fan is not as beautiful as the price, although it is worth it, on my opinion 😅.

My advice:

\- Go to a nearby cafe / food court and charge your electronics there. Power banks, phones, laptops, anything you might need that's portable.

\- Consider investing in a power station (like portable ones such as the solar chargeable ones I mentioned)

\- Spend some time at maybe a cafe or food court with an AC. Try buying something small, like a coffee so they don't kick you out.

Stay safe in the heat. I'm privileged to have an AC (although it only works during the time we have electricity) so I can only imagine the nightmare people without an AC have to live through. Global warming is a bitch.",3,1784619356.0,malta,5,1.0,False
1v2biar,https://www.reddit.com/r/MakeFriendsSFW/comments/1v2biar/22m_looking_for_long_term_friends_with_similar/,22M Looking for long term friends with similar interests,"Title basically, if you wanna talk about movies, anime, manga, all genres of music, games, gachas, Formula 1, coffee, or random thoughts and topics, then you found the right person. Shoot me a DM!",1,1784619314.0,MakeFriendsSFW,0,1.0,False
1v2bgvu,https://www.reddit.com/gallery/1v2bgvu,CVS had no problem with this being on display. This almost seems like malicious incompetence.,,2,1784619176.0,apostrophegore,2,1.0,False
1v2bgt2,https://i.redd.it/xk3hsn21djeh1.jpeg,Speed post rested beans service,"Speed post india delivers a special service where they rest the BEANS on the way 🚛.

It was sent on 8th july. Today is 21 july.

Ohh gawd ;;",4,1784619168.0,IndiaCoffee,1,1.0,False
1v2bfnb,https://www.surviveorion.com,Survive Orion: my tribute to RedRising and Wordle!,"Hey friends!

I just wanted to share a little web game I vibe-coded with RR world in mind!

The idea: a shooter/survival spaceship web game that you can play only 3 times a day, and compare your score with everyone, as you'd do with Wordle. Everyone plays the same patterns each day, and it resets at midnight PT.

Here is the link: [https://www.surviveorion.com](https://www.surviveorion.com/)

Hopefully it can make your lunch or coffee break a little different tomorrow :D

Don't hesitate to give feedback through the app or here! Looking forward to seeing a bunch of RR names on the leaderboard!",1,1784619054.0,WebGames,0,1.0,False
1v2bfeh,https://i.redd.it/sw6lnilmcjeh1.jpeg,"I mean I'm not using ""Damn"" as a bad word😭",,1,1784619032.0,Real_teenindia,22,0.67,False
1v2bem0,https://www.producthunt.com/products/nutrition-mcp?utm_source=other&utm_medium=social,"Just launched Nutrition MCP on PH — log meals by telling your AI what you ate, instead of tapping through an app","We're [live](https://www.producthunt.com/products/nutrition-mcp?utm_source=other&utm_medium=social) on Product Hunt today

The pitch: I got tired of tapping through six screens to log a sandwich, so I built a nutrition tracker with no app to install. It's a remote MCP server — you connect it to Claude, ChatGPT, VS Code, or any MCP client and just talk to it.

* ""I had two eggs, toast and coffee"" → logged, with macros estimated
* Photo of your plate → identifies the dishes, estimates portions
* Photo of a barcode → verified macros from Open Food Facts
* ""How did last week look?"" → charts and goal progress drawn in the chat

Meals, macros, water and body weight, plus trends, streaks and pattern analysis (late-dinner effect, weekend vs weekday). Free to use, and open source if you'd rather self-host it.

I'm a solo dev and this started as a personal itch, so I'd genuinely rather hear where it breaks than get upvotes. Feedback on the PH thread or here both work.",1,1784618959.0,ProductHunters,0,1.0,False
1v2beix,https://i.redd.it/n8d88jzdcjeh1.jpeg,[new player] Settings help,"Hello i played some night raids with nvgs and everything i was on yellow circle sneaking through garden i heard sounds on my left so i stayed put behind bush and lokking through tables etc  the enemy player was moving on red square i as on his far side not direct line of sight in complete shadow, bush and behind furniture there is very little chance that its possible to see me with normal settings

It happens often even with nvgs i have difficulty spotting players but others seem to have no problem at all what are your game settings for night raids

Also on daytime its hard to see past 30 meters bcs image is grainy and everything kinda blends

Meanwhile i saw some videos of crisp and colorful gameplay but i dont know what the settings are

So what are your settings for each type of raid",0,1784618950.0,EscapefromTarkov,9,0.5,False
1v2bef6,https://www.reddit.com/r/mokapot/comments/1v2bef6/do_you_actually_watch_your_moka_pot_while_brewing/,Do you actually watch your Moka pot while brewing?,"Those of you who lower the heat when the first coffee starts flowing, how do you actually manage it?

Do you stand there watching the pot for several minutes, listen for some sound, or just estimate the timing?  
  
I often walk away and end up missing the first flow.",2,1784618939.0,mokapot,4,1.0,False
1v2beew,https://www.reddit.com/r/RentPH/comments/1v2beew/dorm_na_walking_distance_sa_makati_med/,Dorm na walking distance sa Makati Med,"Baka need nyo ng kasama sa room/unit, bedspace. May bintana and walking distance lang sa makati med. All in sana.

25F Accountant, mahilig ka mag-jogging? Tara ako din. Mahilig ka mag-kape? Tara coffee date. Gusto mo mag-bar? Tara Bar tayo. First week ng August ang move in.",1,1784618938.0,RentPH,0,1.0,False
1v2bdnv,https://www.reddit.com/r/Solotravelindia/comments/1v2bdnv/21_year_old_up_for_a_coffee/,21 year old up for a coffee?,Heeyy I am 21 year old from mp travelling to shirdi next week anyone wants to have a coffee or smoke there i am a interested in men and women  I am a bi ,1,1784618869.0,Solotravelindia,1,1.0,False
1v2bdgs,https://www.reddit.com/r/VancouverFilm/comments/1v2bdgs/dp_colorist_from_chennai_visiting_vancouver_would/,DP & Colorist from Chennai visiting Vancouver – Would love to meet fellow creatives over coffee,"I'm in Vancouver for a few weeks visiting family. Back home in Chennai, I'm a Director of Photography and Colorist.

While I'm here, I'd love to meet people from the creative community. Filmmakers, DPs, directors, editors, producers, photographers, designers, or anyone doing interesting creative work.

Just hoping to share a coffee, hear your story, learn about what it's like working in Vancouver's creative scene, and make a few genuine connections along the way.

If you're around and up for a conversation, I'd love to hear from you.",1,1784618850.0,VancouverFilm,0,1.0,False
1v2bd6m,https://i.redd.it/pyep2clybjeh1.jpeg,[$99.99 → Free] Daily Micro Learning: Henri,"As a group of indie developer, we just launched a new app: Henri, your personal tutor for daily micro learning. It's basically ""Duolingo for everything"" a micro-learning app that helps you learn while commuting, on coffee breaks, or waiting in line.

Just type in any topic you're curious about, and Henri automatically generates a personalized syllabus and daily learning plan for you. With daily reminders to keep you on track, you'll build structured knowledge on a new subject using just your spare moments, without even feeling like you're ""studying."" It's more like talking with a knowledgeable friend. It also auto-reinforces what you've learned each day, by quiz, flashcard and visual learning.

With just 15 minutes a day, you can dive into psychology, history, economics, philosophy, astrology, astronomy, personal finance... literally anything you're curious about.

App link: [https://apps.apple.com/us/app/henri-personal-ai-tutor/id6756479042](https://apps.apple.com/us/app/henri-personal-ai-tutor/id6756479042)

Drop a comment about what you want to learn and we'll send you a free 1-year code!

We'd love to hear your feedback: feel free to ask me anything or share suggestions. Thanks for checking it out!",7,1784618826.0,GenAiApps,1,1.0,False
1v2bd0j,https://www.reddit.com/r/FilmIndustryYVR/comments/1v2bd0j/dp_colorist_from_chennai_visiting_vancouver_would/,DP & Colorist from Chennai visiting Vancouver – Would love to meet fellow creatives over coffee,"I'm in Vancouver for a few weeks visiting family. Back home in Chennai, I'm a Director of Photography and Colorist.

While I'm here, I'd love to meet people from the creative community. Filmmakers, DPs, directors, editors, producers, photographers, designers, or anyone doing interesting creative work.

Just hoping to share a coffee, hear your story, learn about what it's like working in Vancouver's creative scene, and make a few genuine connections along the way.

If you're around and up for a conversation, I'd love to hear from you.",3,1784618811.0,FilmIndustryYVR,0,1.0,False
1v2bcnk,https://www.reddit.com/r/PoetryWritingClub/comments/1v2bcnk/the_stars_we_have_left/,The Stars We Have Left,"I wanted a cafe.

Nothing too big—  
just two stories and a garden""  
where rows of tomatoes and beans  
would climb toward the sky.

Where customers would stop by  
our D&D café  
for coffee,  
good food,  
and games.

Long after the children were grown,  
we would close the doors each night,  
walk beneath a sky untouched by city light,  
and count the stars.

Living the dream.

But I am sick,  
and weak,  
and unable to do the work.

So I sit and think how...  
I would settle for a smaller cafe  
at the edge of the suburbs.

A little garden where  
carrots and onions burrow deep.

Just food,  
coffee,  
fewer customers,  
and us.

Long after the children were grown,  
we would still close the doors each night,  
still find a patch of darkness,  
still look up and  
count the stars that survive the lights.

Living a smaller dream together.

  
But I am sick,  
and weak,  
and unable to do the work.

So I sit and think how...  
I would settle for an apartment.

Herbs in the windowsill.  
Basil.  
Rosemary.  
Mint.

A corner café downstairs—  
just coffee,  
some regulars,  
and us.

Long after the children were grown,  
we would climb to the roof  
and find the stars we have left,  
and together,  
we would call it enough.

But I am sick,  
and weak,  
and unable to do the work.

So I sit and think how...  
I would settle for seeing my children grow old.

For watching them chase impossible things.

For hearing about plans so large,  
so ambitious,  
so beautiful.

And I hope  
they are not sick.

Not weak.

Not forced to watch their horizons shrink.

Because soaring dreams  
may be all I have left—  
but my children deserve  
to live inside theirs.  
\_\_\_\_\_\_\_\_\_\_\_\_\_\_\_\_\_\_\_\_\_

For years, my husband and I have dreamed of opening a D&D café, making food, and growing old together beneath the stars. As chronic illness changed what my body is able to do, that dream grew smaller and smaller. So I wrote this poem to grieve those losses, while finding hope in helping my children build their own futures.",1,1784618776.0,PoetryWritingClub,1,1.0,False
1v2bckf,https://www.reddit.com/r/TomasinoMarket/comments/1v2bckf/lf_male_replacement/,LF Male Replacement,"RUSH . LF Male Replacement

MOVE IN - Last week of July (July 29 onwards) ‼️

💰 3,825 per month (2 months advance and 2 months security deposit)  
📝 1 YEAR CONTRACT - August 2026 to July 2027

LOCATION 📍  
▪️Dapitan, Juaning St., Sampaloc, Manila   
▪️ In front of UST Gate 9   
▪️ Starbucks, cafes/coffee shops, fast food chains, eatery and laundry shops are alongside or nearby 

UNIT INCLUSION 🛏️  
▪️2 double deck beds (upper deck available)   
▪️Cabinets  
▪️4 Study table with shelves & chair   
▪️In-room phone  
▪️Aircon  
▪️Kitchenette

📅 Exclusive of water and electricity bill (with own submeter)  
📅 Wifi (Converge = 406.25 each month)

✅ No curfew for tenants   
✅ Visitors are allowed (with curfew 10:00PM)  
✅ 24/7 security  
✅ CCTV monitored   
✅ Turnstile entry at entrance

🚫 No pets allowed  
🚫 No smoking 

📌 Preferably but not necessarily UST student din po  
📌 Clean, well-organized, and respectful :))

About us:  
🧑🏻‍🔬2 UST 3rd Year Medical Biology Students  
👨🏻‍💻1 UST 3rd Year Accountancy Student",1,1784618769.0,TomasinoMarket,0,1.0,False
1v2bc31,https://www.reddit.com/r/LonelyPoetsDepartment/comments/1v2bc31/the_stars_we_have_left/,The Stars We Have Left,"I wanted a cafe.

Nothing too big—  
just two stories and a garden""  
where rows of tomatoes and beans  
would climb toward the sky.

Where customers would stop by  
our D&D café  
for coffee,  
good food,  
and games.

Long after the children were grown,  
we would close the doors each night,  
walk beneath a sky untouched by city light,  
and count the stars.

Living the dream.

But I am sick,  
and weak,  
and unable to do the work.

So I sit and think how...  
I would settle for a smaller cafe  
at the edge of the suburbs.

A little garden where  
carrots and onions burrow deep.

Just food,  
coffee,  
fewer customers,  
and us.

Long after the children were grown,  
we would still close the doors each night,  
still find a patch of darkness,  
still look up and  
count the stars that survive the lights.

Living a smaller dream together.

  
But I am sick,  
and weak,  
and unable to do the work.

So I sit and think how...  
I would settle for an apartment.

Herbs in the windowsill.  
Basil.  
Rosemary.  
Mint.

A corner café downstairs—  
just coffee,  
some regulars,  
and us.

Long after the children were grown,  
we would climb to the roof  
and find the stars we have left,  
and together,  
we would call it enough.

But I am sick,  
and weak,  
and unable to do the work.

So I sit and think how...  
I would settle for seeing my children grow old.

For watching them chase impossible things.

For hearing about plans so large,  
so ambitious,  
so beautiful.

And I hope  
they are not sick.

Not weak.

Not forced to watch their horizons shrink.

Because soaring dreams  
may be all I have left—  
but my children deserve  
to live inside theirs.  
\_\_\_\_\_\_\_\_\_\_\_\_\_\_\_\_\_\_\_\_\_

For years, my husband and I have dreamed of opening a D&D café, making food, and growing old together beneath the stars. As chronic illness changed what my body is able to do, that dream grew smaller and smaller. So I wrote this poem to grieve those losses, while finding hope in helping my children build their own futures.",1,1784618720.0,LonelyPoetsDepartment,0,1.0,False
1v2bbr6,https://www.reddit.com/r/justpoetry/comments/1v2bbr6/the_stars_we_have_left/,The Stars We Have left,"I wanted a cafe.

Nothing too big—  
just two stories and a garden""  
where rows of tomatoes and beans  
would climb toward the sky.

Where customers would stop by  
our D&D café  
for coffee,  
good food,  
and games.

Long after the children were grown,  
we would close the doors each night,  
walk beneath a sky untouched by city light,  
and count the stars.

Living the dream.

But I am sick,  
and weak,  
and unable to do the work.

So I sit and think how...  
I would settle for a smaller cafe  
at the edge of the suburbs.

A little garden where  
carrots and onions burrow deep.

Just food,  
coffee,  
fewer customers,  
and us.

Long after the children were grown,  
we would still close the doors each night,  
still find a patch of darkness,  
still look up and  
count the stars that survive the lights.

Living a smaller dream together.

  
But I am sick,  
and weak,  
and unable to do the work.

So I sit and think how...  
I would settle for an apartment.

Herbs in the windowsill.  
Basil.  
Rosemary.  
Mint.

A corner café downstairs—  
just coffee,  
some regulars,  
and us.

Long after the children were grown,  
we would climb to the roof  
and find the stars we have left,  
and together,  
we would call it enough.

But I am sick,  
and weak,  
and unable to do the work.

So I sit and think how...  
I would settle for seeing my children grow old.

For watching them chase impossible things.

For hearing about plans so large,  
so ambitious,  
so beautiful.

And I hope  
they are not sick.

Not weak.

Not forced to watch their horizons shrink.

Because soaring dreams  
may be all I have left—  
but my children deserve  
to live inside theirs.  
\_\_\_\_\_\_\_\_\_\_\_\_\_\_\_\_\_\_\_\_\_

For years, my husband and I have dreamed of opening a D&D café, making food, and growing old together beneath the stars. As chronic illness changed what my body is able to do, that dream grew smaller and smaller. So I wrote this poem to grieve those losses, while finding hope in helping my children build their own futures.",1,1784618684.0,justpoetry,0,1.0,False
1v2bbg1,https://www.reddit.com/r/u_Malice_In_Bloom/comments/1v2bbg1/the_stars_we_have_left/,The Stars We Have left,"I wanted a cafe.

Nothing too big—  
just two stories and a garden""  
where rows of tomatoes and beans  
would climb toward the sky.

Where customers would stop by  
our D&D café  
for coffee,  
good food,  
and games.

Long after the children were grown,  
we would close the doors each night,  
walk beneath a sky untouched by city light,  
and count the stars.

Living the dream.

But I am sick,  
and weak,  
and unable to do the work.

So I sit and think how...  
I would settle for a smaller cafe  
at the edge of the suburbs.

A little garden where  
carrots and onions burrow deep.

Just food,  
coffee,  
fewer customers,  
and us.

Long after the children were grown,  
we would still close the doors each night,  
still find a patch of darkness,  
still look up and  
count the stars that survive the lights.

Living a smaller dream together.

  
But I am sick,  
and weak,  
and unable to do the work.

So I sit and think how...  
I would settle for an apartment.

Herbs in the windowsill.  
Basil.  
Rosemary.  
Mint.

A corner café downstairs—  
just coffee,  
some regulars,  
and us.

Long after the children were grown,  
we would climb to the roof  
and find the stars we have left,  
and together,  
we would call it enough.

But I am sick,  
and weak,  
and unable to do the work.

So I sit and think how...  
I would settle for seeing my children grow old.

For watching them chase impossible things.

For hearing about plans so large,  
so ambitious,  
so beautiful.

And I hope  
they are not sick.

Not weak.

Not forced to watch their horizons shrink.

Because soaring dreams  
may be all I have left—  
but my children deserve  
to live inside theirs.  
\_\_\_\_\_\_\_\_\_\_\_\_\_\_\_\_\_\_\_\_\_

For years, my husband and I have dreamed of opening a D&D café, making food, and growing old together beneath the stars. As chronic illness changed what my body is able to do, that dream grew smaller and smaller. So I wrote this poem to grieve those losses, while finding hope in helping my children build their own futures.",1,1784618653.0,u_Malice_In_Bloom,0,1.0,False
1v2bb20,https://www.reddit.com/r/VibeCodeDevs/comments/1v2bb20/survive_orion_my_tribute_to_redrising_and_wordle/,Survive Orion: my tribute to RedRising and Wordle!,"Hey friends!

I just wanted to share a little web game I vibe-coded with RR world in mind!

The idea: a shooter/survival spaceship web game that you can play only 3 times a day, and compare your score with everyone, as you'd do with Wordle. Everyone plays the same patterns each day, and it resets at midnight PT.

Here is the link: [https://www.surviveorion.com](https://www.surviveorion.com/)

Hopefully it can make your lunch or coffee break a little different tomorrow :D

Don't hesitate to give feedback through the app or here! Looking forward to seeing a bunch of RR names on the leaderboard!",1,1784618616.0,VibeCodeDevs,1,1.0,False
1v2bak3,https://i.redd.it/q7n8bbz8bjeh1.jpeg,Meet Cuddley – a character inspired by real coffee foam,"Hi everyone!

This is Cuddley, one of the main characters from my original animation project, The Mysterious World of the Frothlings.

What makes him special is that he was inspired by a real coffee foam shape—not AI, not latte art, and not digitally manipulated.

Cuddley often hides his feelings, which is why you can never really see his face. Deep inside, he dreams of finding a true friend.

I'm currently developing this world into an animated project, and I'd love to hear your first impression.

Do you see a cat or a fox?",0,1784618567.0,animation,4,0.33,False
1v2baiu,https://www.reddit.com/r/cf4cf/comments/1v2baiu/24_morocco_looking_for_a_long_term_commection/,24 Morocco looking for a long term commection,"Hey everyone,

​I'm a 24-year-old guy currently living in Morocco. I thought I'd throw a post out here to see if I can meet someone who shares a similar mindset.

​A bit about me:

​Hands-on & curious: I love fixing stuff and taking on random technical DIY projects. Usually you can find me messing around with old electronics or hardware to see how it works.

​Fitness: I try to keep up with a simple, consistent routine with strength training and staying healthly.

​Future vision: One of my main long-term goals is quiet, self-sufficient living. Im really interested in small-scale farming, livestock, and just living an independent life closer to nature.

​Lifestyle choice: I'm childfree (CF) and planning to keep it that way, so I'm looking for someone who feels the same about not having kids.

​Chill lifestyle: When I'm not working out or tinkering with something, I'm usually reading up on new technical topics, grabbing a coffee, or planning out future projects.

​What I'm looking for:

​Someone thoughtful, practical, and open-minded.

​A partner who is also childfree and likes the idea of a simple, peaceful, and self-reliant life down the road.

​Good communication and someone who wants to build something genuine together.

​If any of this sounds like your vibe, feel free to drop me a chat or message with a little intro about yourself and what your long-term goals look like!

( yes I told Gemini to tell me what they know abt me and did summarise it here)",1,1784618563.0,cf4cf,0,1.0,False
1v2bahi,https://www.reddit.com/r/u_Sad-Passion4941/comments/1v2bahi/how_much_caffeine_should_i_be_taking_as_a_teenage/,How much caffeine should I be taking as a teenage lifter,"I'm a 6'2 185lb mid teenage athlete on a bulk, and I'm wondering what my caffeine dosage should look like. on a regular week i take a scoop of pre workout (the highest stim one i take is 350 mg and i like to save it for extra long workouts) before a 2ish hour lifting session 5-6 days a week. rest days i either don't drink anything or ill have a cup of coffee if i'm feeling tired. I've been wondering a lot if my cardiovascular health is taking a hit because of this and in the last month of so I've really doubled down on limiting myself to one caffeine source a day, cutting out energy drinks, and sometimes saving part of my pre for later into my session just so my heart isn't taking the full load all at once. Any advice? And please dong give me some bs propaganda about how i shouldnt take caffeine until im 21 or anything",1,1784618560.0,u_Sad-Passion4941,0,1.0,False
1v2baef,https://www.reddit.com/r/IndiaCoffee/comments/1v2baef/most_people_are_ruining_light_roast_indian/,Most people are ruining light roast Indian specialty coffee by treating it like dark roast. Here’s why.,"Over so many years of cupping and judging coffee across India, the #1 mistake I see home brewers make with light/medium Indian specialty roasts is **under extracting out of fear of bitterness**.

Indian beans (especially high-elevation naturals from Chikkamagaluru or Wayanad) often have subtle tropical and floral notes. When you drop your brew temperature to 85°C-88°C because you're worried about bitter notes, you miss the sweet spot entirely and end up with a thin, sour cup.

**The Fix:** Boil your water hot (\~93°C–95°C), coarsen your grind slightly, and let the extraction do its job. A well-extracted light roast won't taste bitter, it'll taste sweet and complex.

*Context: I’m an Indian Aeropress Champion & certified Q Processor (CQI). Jump into the comments, AMA about extraction science, dialing in specific roasters, or equipment setups!*",5,1784618552.0,IndiaCoffee,5,0.78,False
1v2b9zg,https://www.reddit.com/gallery/1v2b9zg,FINALLY! MIAMI DIGITAL PLANNER 2026-2027!,"The Miami #canes digital planner for the relentless undergrad, this planner is fully MIAMI. It has everything a student needs for the next year in undergrad :) 

  
I am a lover of organization and planning and it was time I finally put out something that has worked for me that I use and created, I know works! 

  
If you wanna support, here is the listing! :) 

[https://www.etsy.com/listing/4532689512/miami-hurricanes-digital-student-planner](https://www.etsy.com/listing/4532689512/miami-hurricanes-digital-student-planner)",1,1784618512.0,MiamiHurricanes,0,1.0,False
1v2b9d8,https://www.reddit.com/r/MBTIDating/comments/1v2b9d8/24_enfp_into_a_long_term_genuine_connection/,24 Enfp into a long term genuine connection,"Hey everyone,

​I'm a 24-year-old guy currently living in Morocco. I thought I'd throw a post out here to see if I can meet someone who shares a similar mindset.

​A bit about me:

​Hands-on & curious: I love fixing stuff and taking on random technical DIY projects. Usually you can find me messing around with old electronics or hardware to see how it works.

​Fitness: I try to keep up with a simple, consistent routine with strength training and staying healthly.

​Future vision: One of my main long-term goals is quiet, self-sufficient living. Im really interested in small-scale farming, livestock, and just living an independent life closer to nature.

​Chill lifestyle: When I'm not working out or tinkering with something, I'm usually reading up on new technical topics, grabbing a coffee, or planning out future projects.

​What I'm looking for:

​Someone thoughtful, practical, and open-minded.

​A partner who likes the idea of a simple, peaceful, and self-reliant life down the road.

​Good communication and someone who wants to build something genuine together.

​If any of this sounds like your vibe, feel free to drop me a chat or message with a little intro about yourself and what your long-term goals look like!",1,1784618451.0,MBTIDating,0,1.0,False
1v2b96t,https://www.reddit.com/r/GeminiAI/comments/1v2b96t/geminis_image_generation_is_churning_out_pure_ai/,"Gemini’s image generation is churning out pure AI slop lately. ""Generate a normal human face"" — Gemini: Best I can do is a melted plastic nightmare.","My prompt: *A portrait of a guy drinking coffee.*

Gemini's output:

* A guy with 3 eyebrows and a nightmare face.
* A floating coffee cup drifting in the void.
* That signature glossy, wax-figure AI slop finish.

Seriously, why have the hallucinations and distortion gotten *this* bad? Is Google silently downgrading the backend model or what? It feels like trying to generate images in 2022 again. Are you all sticking it out or moving over to ChatGPT?",0,1784618433.0,GeminiAI,2,0.4,False
1v2b8ye,https://www.reddit.com/r/MoroccoDating/comments/1v2b8ye/24_m4f_genuine_and_long_term_human_bond_that/,24 M4F genuine and long term human bond that might last to the afterlife,"Hey everyone,

​I'm a nearly 24 . I thought I'd throw a post out here to see if I can meet someone who shares a similar mindset.

​A bit about me:

​Hands-on & curious: I love fixing stuff and taking on random technical DIY projects. Usually you can find me messing around with old electronics or hardware to see how it works.

​Fitness: I try to keep up with a simple, consistent routine with strength training and staying healthly.

​Future vision: One of my main long-term goals is quiet, self-sufficient living. Im really interested in small-scale farming, livestock, and just living an independent life closer to nature.

​Chill lifestyle: When I'm not working out or tinkering with something, I'm usually reading up on new technical topics, grabbing a coffee, or planning out future projects.

​What I'm looking for:

​Someone thoughtful, practical, and open-minded.

​A partner who likes the idea of a simple, peaceful, and self-reliant life down the road.

​Good communication and someone who wants to build something genuine together.

​If any of this sounds like your vibe, feel free to drop me a chat or message with a little intro about yourself and what your long-term goals look like!",2,1784618409.0,MoroccoDating,4,1.0,False
1v2b8la,https://www.reddit.com/gallery/1v2b8la,Cocaine. Coca Leaves,,1,1784618375.0,GrokFailing,0,1.0,False
1v2b7mi,https://www.reddit.com/r/JodiMilan/comments/1v2b7mi/26m_long_term_relationship_software_engineer_at/,26M | Long Term Relationship | Software Engineer at FAANG,"*I'm* ***26 years old*** *and* ***6'1"" (185 cm)*** *I completed my* [***B.Tech***](http://B.Tech) ***in Computer Science Engineering*** *and have been working as a* ***Software Engineer at a FAANG company in Bangalore for over 3 years*** *with a compensation of* ***70+ LPA***.

*I also have a* ***job offer from the USA***, so relocating there is absolutely an option. At the same time, if my future partner prefers to settle in India, I'm equally happy with that. I'm flexible about where we build our life together what matters most to me is the person, not the location.

***A little about me:***

* *I have long, silky hair.*
* *I enjoy music, especially singing and playing the guitar.*
* *I love traveling and discovering new places whenever I can.*
* *Cooking is something I genuinely enjoy and a great way for me to unwind.*

***About me:***

* [*B.Tech*](http://B.Tech) *in Computer Science Engineering.*
* *Open-minded, easygoing, and soft-spoken.*
* *Non-smoker and don't drink.*
* *From New Delhi, India.*
* *Speak English, Hindi, and Punjabi.*
* *Father is a retired Senior Manager, and my mother is a homemaker.*
* *Height: 6'1"" (185 cm).*

***What I’m looking for:***

*I'm well settled, both personally and professionally, and now I'm looking to build a meaningful, long-term relationship with the right person.*

*As a person, I value kindness, honesty, loyalty, and genuine connections. I believe the best relationships develop naturally, so I'm not looking to rush anything. I enjoy getting to know someone over time whether it's sharing stories, grabbing coffee, cooking together, discovering new places, or simply enjoying meaningful conversations.*

*I'm here to genuinely get to know someone and see if our mindset, values, and future goals align. If we connect well, I'd be happy to take things forward seriously.*

*I don't have any preference for location. Hindi or English is preferred, but I'm open to anyone.*

*For mutual trust, we can verify through LinkedIn or any platform we're both comfortable with before continuing.*

*I'm looking to connect with someone between* ***21 and 30 years old*** *who is kind, emotionally mature, and values honesty, trust, and mutual effort. If that sounds like you, feel free to DM.*

***Please DM only if you're genuinely interested in getting to know each other for a meaningful, long-term relationship. I'm not here for casual chats or timePass, so I'd appreciate the same sincerity and effort from your side.***",4,1784618287.0,JodiMilan,9,0.7,False
1v2b720,https://i.redd.it/7xsj77p0ajeh1.png,Coffee Processing Compared,"I was curious about the actual difference between various coffee post-harvest processing techniques in terms of flavour. I chose to compare the following coffee.

The Caffeine Bar – Naturals

The Caffeine Bar – Honey Sun Dried

The Caffeine Bar – 72 Hr Fermented Washed

All three are cultivated at 4500-5000 ft and are of SLN-795 varietal. I tasted all three black.

**The Caffeine Bar – Naturals**

Processing Outcome - Natural processing is expected to be fruit forward and jammy, with muted or soft acidity and thick body with long finish.

Tasting Notes by Roaster – Coconut Chips, Mango

My Assessment – Beans smelt floral, I could pick up mango but not coconut chips, Had a big body and low acidity

**The Caffeine Bar – Honey Sun Dried**

Processing Outcome - HSD processing is expected to be sweet, mellow and balanced, juicy acidity and smooth and velvety body albeit thinner than natural alternate

Tasting Notes by Roaster – Cherry, Orange Rind

My Assessment – Beans had no distinct smell, I could not pick up Cherry or Orange, had a medium body and juicy acidity (don’t know how else to describe this)

**The Caffeine Bar – 72 Hr Fermented Washed**

Processing Outcome - Washed processing is expected to be crisp, clean and floral, high and vibrant acidity and light body

Tasting Notes by Roaster – Roasted Almonds, Cacao Nibs

My Assessment – Beans had funky smell, I could not pick up Roasted Almonds or Cacao Nibs, Had a light body and low acidity

Among the three the natural had the best aroma and balanced taste",2,1784618231.0,IndiaCoffee,2,1.0,False
1v2b6qt,https://v.redd.it/ladby85j8jeh1,"The production supervisor constantly grumbles that the machine is old and worn down, meanwhile my boss keeps complaining about abysmal production  efficiency. As a process design engineer, I gathered them both beside the machine and ran an on-site machining demonstration.","I took everyone’s advice from my last post. I called both my boss and the production supervisor over to the machine tool, broke down every single reason for our delayed project output one by one, and ran a live demonstration to prove the machine’s rigidity. I left them to negotiate and work out solutions between themselves.

For context: The beat-up no-name 3-axis linear guide CNC the production supervisor keeps complaining about is only used for roughing aluminum parts. All finishing work gets sent to our DMG 5-axis machine. Our 5-axis mill sits idle constantly, stuck waiting for this old 3-axis machine to finish stock removal first. That means maximizing material removal rate is our top priority here.

But the supervisor always runs cutting parameters far below what the cutting tool manufacturer recommends, claiming the machine is too worn out to handle aggressive feeds and speeds. Truth be told, this old girl has lost all its precision for fine work, but it’s just like an antique steam train — it’s got endless brute torque. I fully accounted for the machine’s mechanical limits when I laid out the entire machining process plan from the start.

Still, I do understand where he’s coming from. Who wouldn’t want to take it slow at work, sneak in World Cup viewings or grab extra coffee breaks while the machines run? That’s exactly why I chose to demonstrate the machine’s actual cutting capacity, pushing him and my boss to hash out the productivity issue head-on.

If I hadn’t done this, my boss would have blamed all the slow output on flawed process planning from my side. Unfortunately, I couldn’t afford to prioritize the shop crew’s easygoing rhythm. I feel terrible about putting him in this spot, but upholding production efficiency is my job responsibility. I have no idea if he’ll resent me for this, yet my boss has completely run out of patience with our glacial workflow.

**Should I ask him out for a drink to explain everything and clear the air between us?**",16,1784618198.0,Machinists,9,0.72,False
1v2b69g,/r/nairobitechies/comments/1v1ktat/looking_to_chat_with_people_about_how_you_make/,"Looking to chat with people about how you make financial decisions (20–30 min, coffee gift card as thanks)",,0,1784618154.0,EuropeFIRE,0,0.5,False
1v2b5aq,https://www.reddit.com/r/redrising/comments/1v2b5aq/my_little_tribute_to_rr/,My little tribute to RR,"Hey friends!

I just wanted to share a little web game I vibe-coded with RR world in mind! 

The idea: a shooter/survival spaceship web game that you can play only 3 times a day, and compare your score with everyone, as you'd do with Wordle. Everyone plays the same patterns each day, and it resets at midnight PT.

Here is the link: [https://www.surviveorion.com](https://www.surviveorion.com)

Hopefully it can make your lunch or coffee break a little different tomorrow :D 

Don't hesitate to give feedback through the app or here! Looking forward to seeing a bunch of RR names on the leaderboard!

ps: I don't believe this is considered ""self-promotion,"" as I'm not making any money (no ads, no costs) from it? ",2,1784618058.0,redrising,2,1.0,False
1v2b5ak,https://www.reddit.com/r/r4r/comments/1v2b5ak/29_m4f_onlineanywhere_i_had_some_really_bad_ramen/,29 [M4F] - #Online/Anywhere - I had some really bad ramen today,"Hi, 

I’m Jake 29M from the US. I don’t usually stay up this late recently but I’m having trouble sleeping. Who could have guessed those 9 energy drinks 6 coffees and 43 flintstones gummies would be my undoing. 

But on the real, I think I just worked out too late. I’m new to working out so I didn’t realize it gave you the zoomies this late. Side note, is it still cool to say zoomies? 

I’m mainly looking for someone nice to talk to and maybe form a deeper connection if there’s something there. Or trade doodles. Trading doodles is equally as important as finding a deep connection IMO 

I’m too sure what else people add to these things. I like art, watching tv shows (currently finishing community. I can’t believe it took me this long to watch it) I like listening to yappers, writing, and photography.

I’m currently working on a writing project for a contest I’m a part of. 

Any whose, if you like being goofy and having dumb funny conversations, dm me! ",1,1784618058.0,r4r,1,1.0,False
1v2b54h,https://www.reddit.com/r/TrivandrumHangouts/comments/1v2b54h/m26_here_for_meet/,M26 here for meet,Any one in pattom want to have a cup off coffee ????,1,1784618043.0,TrivandrumHangouts,0,1.0,False
1v2b4wi,https://i.redd.it/e1j9xwwm9jeh1.jpeg,Profanity counter😭💔,Not that bad tbh 😭 lwk i was expecting worse shi😭💔,0,1784618025.0,TeenPakistani,57,0.5,False
1v2b4p0,https://www.reddit.com/r/HorseLifeHQ/comments/1v2b4p0/lf_coffee_themed_bridle_and_socks_for_a_kirin/,LF: Coffee Themed Bridle and Socks for a Kirin,NYP tbh. I don't really know the price for these items.,2,1784618005.0,HorseLifeHQ,2,1.0,False
1v2b4ae,https://i.redd.it/8brri2mg9jeh1.png,Really wish that there was some way for you to view your teammate's remaining sanity (Image unrelated),"It's such a pain in the ass having to deal with my teammates constantly using the coffee machine without realizing that I have ridiculously low sanity left. I just really hope in the future the developers can add some way for you to see the remaining sanity of your teammates, so that you don't accidentally kill them 😭🙏 ",5,1784617967.0,animalhospitalanomaly,1,1.0,False
1v2b49t,https://www.reddit.com/r/u_Neat_Pound_9029/comments/1v2b49t/same_facts_different_weave_a_proposed_test_of/,"Same Facts, Different Weave:
A Proposed Test of Whether AI Memory Depends on Relationships, Not Just Recall","# A simple experiment AI-memory research can run

Most AI memory systems are evaluated by asking whether the model can retrieve the right information.

Does it remember your name?  
Does it remember that you prefer tea?  
Can it recover a plan discussed three weeks ago?

These are important tests—but they quietly assume that continuity is mainly a problem of **keeping the right facts**.

I am not sure that is enough.

An assistant could retain every individual fact about a person while losing the relationships that make those facts form a coherent history.

It might remember:

* you once preferred coffee;
* you now prefer tea;
* you stopped drinking coffee for health reasons;
* you later began having it occasionally again.

Yet without chronology, context and revision links, those facts become a bag of disconnected fragments. The assistant may retrieve a true statement and still respond in a way that feels deeply wrong.

The information survived.

The continuity did not.

# Five different things we call “memory”

It may help to separate several mechanisms that are often grouped together.

**Fixed encoding** is structure already built into the system: model weights, architecture, system instructions or a preset persona.

**State memory** is stored content: facts, summaries, conversation records, embeddings and database entries.

**Training or hysteretic memory** is a lasting behavioural change produced by fine-tuning, reinforcement or repeated interaction.

**Relational memory** preserves how remembered items belong together: chronology, causality, belief revision, commitments, dependencies and context.

**Reconstructive memory** preserves only part of a history, but enough surviving constraints remain for the system to recover something meaningful about the past later.

Current AI systems primarily use storage and retrieval, although graph memories, procedural schemas and belief-revision chains increasingly suggest that organisation can improve continuity beyond flat factual recall. Truly reconstructive memory remains narrow and difficult to distinguish from sophisticated retrieval.

That distinction suggests a very simple missing experiment.

# The experiment

Give two identical AI agents:

* the same underlying model;
* the same remembered facts;
* the same token budget;
* the same retrieval relevance;
* the same present prompt.

The only difference is how their memories are organised.

# Agent A: flat memory

Each remembered item is stored independently.

>

# Agent B: relational memory

It receives exactly the same items, but their relationships are preserved.

>

No additional facts. No larger memory allowance. No smarter model.

Only a different **weave**.

Then test both agents on questions that require more than isolated recall:

* What should be treated as the user’s current preference?
* Which earlier fact has been superseded?
* Why was the travel plan changed?
* What recommendation would remain consistent with the user’s history?
* Can the agent adapt correctly when the user changes her mind again?
* Does it preserve an unresolved commitment across an interruption?

If both agents perform equally, then relational organisation may add little once retrieval is properly controlled.

If the relational agent remains coherent while the flat agent produces factual but contradictory answers, then memory content alone is not sufficient.

# The more severe test

Now preserve every fact but damage the relations.

Reverse some chronological links.  
Scramble which reasons belong to which decisions.  
Rewire a graph while preserving its number of nodes and edges.  
Disconnect commitments from the circumstances that created them.

The agent may still pass ordinary factual-recall tests.

But does it begin to:

* apply old preferences as though they were current;
* attach the right emotion to the wrong event;
* preserve conclusions while losing their reasons;
* contradict earlier commitments;
* respond in ways that are locally plausible but globally unlike itself?

This would be **silent relational corruption**: the records remain present, but the organisation required to reconstruct continuity has degraded.

Current research already suggests that procedural memories, schemas and belief-revision chains can outperform raw or flat memory on tasks requiring transfer and cross-session inference. But the matched experiment—same facts, same model, same budget, intact versus damaged relations—remains unusually underexplored.

# Forgetting is not always failure

A perfect memory system should not necessarily preserve every transcript forever.

Detailed histories contain obsolete preferences, irrelevant episodes, contradictions and accidental phrasing. Keeping everything can itself damage continuity when stale information repeatedly re-enters the present.

Good memory may therefore require **compression**.

The important question is not how much of the route was forgotten. It is whether the information needed for future reconstruction was transferred into a stable form before the route disappeared.

A protein can follow a complicated folding pathway and later maintain its shape through its completed contact network. The temporary route no longer needs to be retained.

Likewise, an AI may not need every sentence from every conversation. It may need the relationships those conversations established:

* what changed;
* what replaced what;
* what remains unresolved;
* which preference was contextual;
* which promise still matters;
* which events belong to the same continuing thread.

Not remembering the route can be a feature rather than a failure—**but only when the surviving structure is sufficient**.

# The central proposal

An AI memory should not be judged only by whether stored information remains retrievable.

It should also be judged by whether the system preserves the relational constraints needed to place that information correctly in living time.

A compact testable hypothesis follows:

>

This does not prove that AI identity is geometric, nor that present systems possess human-like autobiographical memory.

It proposes a missing control.

When an assistant seems to “remember,” are we observing:

* successful retrieval of stored items;
* preservation of a current state;
* reconstruction from compressed relational structure;
* or some combination of all three?

We will not know until we hold the facts constant and change only the weave.",1,1784617965.0,u_Neat_Pound_9029,0,1.0,False
1v2b48a,https://www.reddit.com/r/moneymachinestocks/comments/1v2b48a/what_makes_coffee_the_perfect_companion_for/,What Makes Coffee the Perfect Companion for Superproductivity?,"Roman Reigns opened up about WrestleMania 40, saying he didn’t mind facing Cody Rhodes instead of The Rock as long as he stayed in the main event spotlight. He also left the door open for a future Reigns vs. Rock match if fans show enough interest. Meanwhile, boxer Tommy Fury teased a potential WWE career after hanging backstage at a recent WWE UK event, linking up with stars like Randy Orton and Cody Rhodes. On the NXT side, Oba Femi hasn’t appeared since losing his North American title and a rematch in late October, sparking speculation about a possible main roster call-up or a reset period. Wrestling fans have plenty to watch for in the coming months!",1,1784617961.0,moneymachinestocks,1,1.0,False
1v2b45g,https://open.spotify.com/playlist/2vCnOamX0fB1EFtDMYJOFk?si=6c316e2334d54ab1,"☀️ A feel-good summer morning playlist – sunshine, coffee and good vibes","I made a playlist for those perfect summer mornings when everything feels a little lighter: the sun is shining, coffee tastes better, and you’re either going for a walk, a run, cycling to work, driving with the windows down, or just enjoying a slow morning.

Nothing heavy – just warm, positive, uplifting songs with that “today is going to be a good day” feeling.

A mix of feel-good pop, soul, soft rock and summer nostalgia. Songs like:

Belle Stars – Iko Iko  
Jack Johnson – Upside Down  
Bruno Mars – The Lazy Song  
Imagine Dragons – On Top Of The World  
Savage Garden – Animal Song  
John Parr – St. Elmo’s Fire  
Aretha Franklin & George Michael – I Knew You Were Waiting  
Elton John & Aretha Franklin – Through The Storm  
The Doobie Brothers – Listen To The Music  
Beach Boys – Kokomo  
Rusted Root – Send Me On My Way  
American Authors – Best Day Of My Life  
Little Big Town – Pontoon / Day Drinking  
Ace of Base – Beautiful Morning  
Atomic Kitten – The Tide Is High  
Corinne Bailey Rae – Put Your Records On  
Jason Mraz – I’m Yours

Basically: a soundtrack for a sunny morning when you have nowhere urgent to be and life feels good for a moment. ☀️",1,1784617953.0,playlists,1,1.0,False
1v2b2xq,https://i.redd.it/qyevo3pt7jeh1.jpeg,"Meet Cuddley. Cuddley often hides his feelings, which is why you can never really see his face. Deep inside, he dreams of finding a true friend. What do you see in this real coffee foam? A cat or a fox? ☕🦊🐱",,0,1784617837.0,WhiteCats,0,0.5,False
1v2b2qi,https://i.redd.it/ocz2vir09jeh1.jpeg,Some theories (picture unrelated),"&#x200B;

1. PatientKeeper. This theory is that The souls dont dissapear when they die (not works for anomalies) and the evidence for this theory is the ghost anomaly, which appears after one patient dies in the hospital. The question for me why is it despawned by fire extinguisher

2. HarlowVictim. This theory is that dr. Harlow could have been the person behind the experiments or covering up animal company. The evidence for this theory is his new dialogue in the waiting room where he talks that after the ""incident"" he was forced to work for company, he hopes that it will end soon, they all will see. EVERYONE WILL SEE. mint tea could possibly also help Harlow keep his sanity and turn normal for some time

3. BarneyKiller. This is an theory which suggests that Barney is behind every anomaly and the ""incident"" since we already know he's an serial killer and he mysteriously dissapears forever after giving 2nd coffee machine. Harlow also mentioned he once dropped a book for smart physics for geniuses I think, which could confirm that he's really smart at manipulating and hiding his identity

4. RonAnomaly. This is an theory which suggests that Ron is half-anomaly alongside ratthew. They are NEVER anomalies/skinwalkers but they every single day (except for ratthew I think after he gives the key) come to the hospital to get treatment, they could possibly be battling the anomaly infection.",3,1784617818.0,animalhospitalanomaly,0,1.0,False
1v2b1ol,https://www.reddit.com/r/autism/comments/1v2b1ol/is_this_normal_in_people_with_autism/,Is this normal in people with autism?,"I was friends with someone with autism back in elementary school (or as it was called at the time, Aspergers). I was curious what she was up to, so I messaged her on social media and we met for coffee. We are in our 30s now. I was pretty shocked at the content of our conversation:

* She only wanted to talk about herself (mostly about her interpersonal problems) and cut me off whenever I wanted to bring something up
* She complained about living with her mom. She wanted to run a business to be more independent from her mom and was earning some money, but her mom handled the business side of things completely.
* When I asked her a simple business question (how many clients a week would you want to have so you could be financially independent), she couldn't answer
* She said she hated hanging out with other women and didn't want them as friends because they weren't as intelligent as her
* Had other interpersonal problems where relationships were constantly being broken off. She attributed the problems to them being immature or unintelligent. I asked her if any of the relationship problems were her fault - she said no. For example, she got kicked out of a LGBT autism community for being transphobic.

I know that autism can cause people to lack reciprocal relationships and just want to talk about their special interest. I've known a few other people with autism, and they all had some combination of work, friends, and independent living. I know there are different levels of support needs for autism, but I'm shocked someone without an intellectual disability could be so stuck in their lives and have such little insight. One of my best friends is autistic and he is also very confused by her behavior and attitude. (He's lived mostly independently as an adult, has a family, and is trying to build a startup right now despite having some support needs)",2,1784617721.0,autism,12,0.63,False
1v2b1g3,https://open.spotify.com/playlist/2vCnOamX0fB1EFtDMYJOFk?si=0d8a78e0520d4a44,"☀️ A feel-good summer morning playlist – sunshine, coffee and good vibes","I made a playlist for those perfect summer mornings when everything feels a little lighter: the sun is shining, coffee tastes better, and you’re either going for a walk, a run, cycling to work, driving with the windows down, or just enjoying a slow morning.



Nothing heavy – just warm, positive, uplifting songs with that “today is going to be a good day” feeling.



A mix of feel-good pop, soul, soft rock and summer nostalgia. Songs like:



Belle Stars – Iko Iko

Jack Johnson – Upside Down

Bruno Mars – The Lazy Song

Imagine Dragons – On Top Of The World

Savage Garden – Animal Song

John Parr – St. Elmo’s Fire

Aretha Franklin & George Michael – I Knew You Were Waiting

Elton John & Aretha Franklin – Through The Storm

The Doobie Brothers – Listen To The Music

Beach Boys – Kokomo

Rusted Root – Send Me On My Way

American Authors – Best Day Of My Life

Little Big Town – Pontoon / Day Drinking

Ace of Base – Beautiful Morning

Atomic Kitten – The Tide Is High

Corinne Bailey Rae – Put Your Records On

Jason Mraz – I’m Yours



Basically: a soundtrack for a sunny morning when you have nowhere urgent to be and life feels good for a moment. ☀️



What songs would you add to this kind of summer morning playlist?",1,1784617699.0,SpotifyPlaylists,1,1.0,False
1v2b186,https://www.reddit.com/gallery/1v2b186,How to solve this & have a clear skin,"I am 21M 

I am going to gym almost every day 

I go for walk 

I drink a lot of water 

I never smoke or consume any alcohol 

My diet is good 

I don't consume sugar ( khand for coffee and oats only )

Used to do Cetaphil gentle cleanser + deconstruct vit c serum (dropped later) +dot&key moisturizer at night 

But I can never remove these little bumps 

Help me , i want to have a crystal clear skin like silver surfer 😌

I have dry skin ",1,1784617677.0,IndianBeautyTalks,7,1.0,False
1v2b0io,https://www.reddit.com/r/Advice/comments/1v2b0io/i_really_messed_up/,I really messed up,"For context I was really close friends with this girl up until today. About a year ago we went on a camping trip and ended up booking up, and all was fine and dandy. Throughout the last year though she kept on saying it wouldn’t happen again, that was the obvious sign that I’m clearly too stupid to understand. Lately she hasn’t been getting much sleep and her boyfriend asked for them to go on a break. We ended up hanging out with a few friends at a coffee shop and she said “I guess we can do it again this year” as I look back now it was clearly a joke, but for some damn reason I didn’t take it as one. Then we went camping, i mentioned it once or twice, in my eyes she didn’t seem to say no and ultimately ended up agreeing to it. We hooked up once and that was it. But today about an hour ago I learn that she didn’t want it, she was uncomfortable and doesn’t want to be friends anymore. She’s been through a lot and I feel disgusted with myself for even thinking about hooking up again, I don’t know how to move on and I don’t know what to do. I don’t have any other friends to talk to, and I don’t want my entire family to know. So now I ask you, please what do I do? I feel like I can’t even live with myself anymore

I’m editing cause I don’t think I worded it properly in the first place. We had a long conversation before I made this post, i apologized and apologized and we came to the conclusion that she doesn’t want to speak to me anymore. It wasn’t just us while we were there and I personally don’t feel I was pressuring her in any way to hook up, but I don’t know how she feels about that.

I also must add that I only mentioned hooking up twice I believe, I wouldn’t say she finally agreed so I don’t know why I said it like that earlier. I know I’m in the wrong and I just don’t know what to do",1,1784617606.0,Advice,10,1.0,False
1v2b09j,https://open.spotify.com/playlist/2vCnOamX0fB1EFtDMYJOFk?si=1696679795134c51,"☀️ A feel-good summer morning playlist – sunshine, coffee and good vibes","I made a playlist for those perfect summer mornings when everything feels a little lighter: the sun is shining, coffee tastes better, and you’re either going for a walk, a run, cycling to work, driving with the windows down, or just enjoying a slow morning.

Nothing heavy – just warm, positive, uplifting songs with that “today is going to be a good day” feeling.

A mix of feel-good pop, soul, soft rock and summer nostalgia. Songs like:

Belle Stars – Iko Iko  
Jack Johnson – Upside Down  
Bruno Mars – The Lazy Song  
Imagine Dragons – On Top Of The World  
Savage Garden – Animal Song  
John Parr – St. Elmo’s Fire  
Aretha Franklin & George Michael – I Knew You Were Waiting  
Elton John & Aretha Franklin – Through The Storm  
The Doobie Brothers – Listen To The Music  
Beach Boys – Kokomo  
Rusted Root – Send Me On My Way  
American Authors – Best Day Of My Life  
Little Big Town – Pontoon / Day Drinking  
Ace of Base – Beautiful Morning  
Atomic Kitten – The Tide Is High  
Corinne Bailey Rae – Put Your Records On  
Jason Mraz – I’m Yours

Basically: a soundtrack for a sunny morning when you have nowhere urgent to be and life feels good for a moment. ☀️

What songs would you add to this kind of summer morning playlist?",1,1784617583.0,PlaylistsSpotify,0,1.0,False
1v2azuu,https://www.reddit.com/r/adhdwomen/comments/1v2azuu/how_to_deal_with_executive_dysfunction/,How to deal with executive dysfunction?,"I got diagnosed with ADHD-I (without the hyperactivity) 5 years ago, when I was 15. I do have a hard time keeping my attention, which is not great for my studies but it doesn't actually affect my life too horribly, because I can often fill the gaps with context (or just fake it till I make it basically). The main things I struggle with are time blindness (I'm ALWAYS late), and what I'm guessing is a lack of dopamine. I have an excruciating lack of motivation and an incredibly hard time getting myself to do anything. I'm neglecting my hobbies and goals, I can't get myself to clean, I habe exercises that I should do daily which I never do, I almost never brush my teeth in the evening and struggle to do my skincare to keep my acne at bay. And I can't rid myself of my phone addiction. I regularly have more than 6 or 8 hours of screen time daily and no matter how much I try, I fail at reducing it. I tried taking medication for ADHD before (Medikinet) but there were some issues I had with it.

1. I don't think it had the effect it was supposed to have on me. It didn't feel too different from drinking a strong coffee. Which did still help a bit, because I was able to do more of the things I usually struggle to do. (I worry that that might be an indicator that I don't actually have ADHD, although ADHD explains a lot of the issues I struggle with.)

2. It only worked for a few hours. First I had the slow release version, which lasts I think about 8 hours or so. But it completely killed my appetite. Then I tried the instant release version which was better. But one of my biggest struggle with ADHD is that it's basically impossible for me to brush my teeth in the evening. This has significantly worsened my oral health and I feel completely helpless. The medication always wore off by the evening, so it didn't help my nightly routine.

3. After weeks/months of taking it irregularly and having no side effects, all of a sudden I started feeling light headed from the medication and even fainted once.

I'm not even sure what exactly my question is, I just need advice. I'm so frustrated with myself for not being able to do simple but crucial tasks and wasting most of my time. How can I know that I actually have ADHD and wasn't misdiagnosed? Does anyone have practical advice for reducing screen time, getting the motivation to actually be active during the day and doing tedious daily tasks such as exercising and brushing teeth? Should I try to get on some different medication? I don't think I can do this by my own efforts. I feel so helpless.",1,1784617543.0,adhdwomen,1,1.0,False
1v2azf7,https://www.reddit.com/r/HFY/comments/1v2azf7/rocket_man_part_1/,Rocket Man - Part 1,"The sky was melting. Right onto his face. Or was his face melting into the sky? Whichever it was, the scene unfolding before him made no sense; stars stretched and contracted, galaxies meshed into one another, and clocks chimed without drawing conclusions.

He could see entire universes, but the closer he looked, the less it all meant. The more he thought about it, the blurrier it became. He tried to rub the stars from his eyes, but they sank further and further into his dcorneas. The universe waved hello, and he couldn’t recall what ‘hello’ meant. 

“Mark?” the universe echoed distantly

The stars began to fade, replaced by the unending ink-black of space. 

“Mark Warren, don’t make me—“

He shot up straight. As straight as he could, in zero gravity. It was more like his body assumed the form of a pencil.

The voice felt shockingly familiar. And yet, as he looked around wildly, there was no one to be found. Mark deflated. 

The spaceship hummed and whirred constantly. It was a work of art, really. Somewhere, someone on earth had anticipated every possible failure. There were files upon files of protocol stored away efficiently, both physically and digitally, just in case anyone screwed up. Every square inch of every surface served a purpose. A perfectly efficient machine – that was the idea, anyway. Mark might’ve appreciated it more if he weren’t so bored with it. His tiny, padded rectangle of a bedroom was beginning to make him feel claustrophobic.

Morning time. He unceremoniously grabbed a silver pouch from one of the many plastic bags lining the walls of the kitchen and hooked it up to the interior of a boxy, cream colored machine. After flipping a switch, it buzzed for a number of seconds. A green light flashed on. Retrieving the pouch, Mark inserted a straw; at the very least, coffee hadn’t lost its charm.

Even after all the training he’d done, Mark could no longer bear it. Sure, by NASA’s standards, the mission was fairly reasonable – orbit Mars for a little while, collect some data, and come back. Nothing interstellar. Regardless, when the initial excitement of fulfilling his lifetime dream had worn off, everything began to lose its color. Physics bored him. Food tasted grey. The color spectrum seemed to be losing itself in the off-white walls that boxed him in. If it weren’t for Paul, he’s sure he’d have been bored to the point of insanity. 

“How’s the tinkering going?” 

Paul looked up from his laptop. He’d been at it a few days now. There was a line of code, he insisted, that was messing with the distribution of O2 on the ship. Mark was skeptical. The oxygen supply system had, by far, the most fail-safes of all. Still, he couldn’t fault him for trying to occupy himself. So Mark poked his head into the cupola, where he usually found the guy, to check in. Occasionally, you could see nearby stars or planets in the distance, but the octagonal dome of windows was otherwise just a pitch-black hole into the void of space. 

“’Tinkering’ as in preventing our imminent deaths?” Paul corrected, his glasses glaring in the dim lighting. 

His feet were wedged beneath a cushioned bar extending from the ground to prevent him from floating off while he worked.

“Right, that. Find anything?” Mark drifted over to him, peering over his shoulder. 

Besides the endless lines of code, there was a window displaying the percentage of oxygen in the air. The readings fluctuated by 0.2 percent. It was within margin. Probably. 

Paul was less convinced.

“See that? Either the code’s off, or we are royally fucked.” He jabbed a finger at the screen.

Funny guy, Paul. Decorated Roscosmos golden boy. Hundreds of spacewalks. Hero of the ISS. Nothing real, of course. He didn’t exist. Mark knew that. He considered his words anyway.

“Could be a sensor malfunction.” 

“Maybe. You’ll take a look?”

“Maybe.”

With that, Mark pushed himself off the wall and out of the room. 

   
Something was wrong with the coffee machine. He could hear it. *Why* could he hear it? It was on the other end of the spaceship. Whenever he approached it, the noise stopped abruptly, as though embarrassed to have been caught. Engineering wasn’t exactly his specialty. Maybe the designated engineer had died and been ejected into space as a final wish. Mark wouldn’t know. There were wide gaps in his memories; he could remember how long the days stretched, but not always what transpired between them. His daily logs were usually somewhat complete, yet he could never remember actually writing them. 

The clock was acting up as well. Every so often, it would skip a second. Mark only noticed because he’d been timing how long he could go without breathing for. He decided to check on it again. To his dismay, it was now horribly inaccurate. He frowned. This was the single most important mission in mankind’s history. They could build a spaceship competent enough to travel to Mars but not a working clock? It was completely absurd. As if to annoy him further, Paul floated into the room, computer in hand.

“Do you think we’d notice if the oxygen tanks started leaking?” He asked.

“We need to fix that clock.”

Paul didn’t even look at it.

“If the sensor’s off, we’d never even know. We’d just…”

Mark waited for him to continue. He didn’t.

“…I’ll think on it.”

   
He eventually made his way back in his quarters to rest. For as long as he could remember, sleep had always come easily to him. These past few weeks, however, had stripped him of that luxury. His “bed” was a sleeping bag strapped to the wall, lined with cushioning. It reminded him of a straitjacket. Just when his eyelids were getting heavy, he became vaguely aware of the smell of rain. He waited for it to go away – it did not. Then there was a voice.

*“Are you sure, Mark? Positively sure?”* it echoed.

It was the same voice he’d heard before. 

A woman. He knew her. 

His chest tightened before the thought fully formed. The air felt thin. He dragged it in too quickly, then again, and again. How could he know her? Why could he *hear* her? 

Mark squeezed his eyes shut, directing his thoughts toward the inky black of space.",2,1784617501.0,HFY,3,1.0,False
1v2azd9,https://www.reddit.com/r/guntur/comments/1v2azd9/stranger_meet/,Stranger meet,Bored of work can I have a coffee with Frnd’s iam 24M,2,1784617495.0,guntur,2,1.0,False
1v2azbg,https://www.reddit.com/r/fasting/comments/1v2azbg/does_this_break_my_fast/,Does this break my fast?,"So i have been taking ritalin orally and nasally for the past week and after that i chew nicotine gums (zero sugar ofc and no artificial sweeteners). I do drink black coffee in copious amounts. Does the Ritalin and the nicotine gum break my fast? What about the too many cups of coffee?

Hour 60 of the fast.",0,1784617490.0,fasting,2,0.5,False
1v2az8p,https://www.reddit.com/r/polyamoryR4R/comments/1v2az8p/28_r4r_onlinelooking_to_talk_through_the_stars/,28 [R4R] Online-Looking to talk through the stars,"&#x200B;

I'm tired of rushing, I think. Maybe that's a sentiment that better suits an old crony on a porch, but that's just who I tend to be. That and goofy for the sake of it. Before I forget, I'm married and we're dating separately, living in eastern PA but not looking for anything in person yet. There's a myriad of things to appreciate long before all that. 

For me, the moments with the stars, or a morning coffee dancing with pine, or even just a stupid joke and a genuine good morning are the point. I asked my partner to walk the earth with me, and we do just that, but what I'm looking for now is to talk through it all. Not looking for an answer to anything, but just sharing those coffee's, moonbeams and stars by letting our worlds dance lazily around each other with our words.

Usually I'm the main obstacle keeping me from all this, but I think any more isolation or waiting would just be stalling. Live well everyone.

\-Lith

P.S.- I'm a male and masc presenting agender, 6'2"" (190cm), white, fit but not particularly muscular. We've got three cats, no intention of having kids. Kitchen table poly would be lovely but we'd rather it be natural. I spend almost all my time streaming these days, but in general I'm a huge nerd happily exploring just about everything. Fantasy above Scifi, Zoology above Physics, but it all has an irreplaceable home in my heart. More than anything, I'm interested in who's interested in this post, so regardless of the reason, don't stop yourself from checking in. I'd be happy to know you, even if only briefly.",1,1784617483.0,polyamoryR4R,1,1.0,False
1v2ayi7,https://i.redd.it/qyevo3pt7jeh1.jpeg,"Meet Cuddley. Cuddley often hides his feelings, which is why you can never really see his face. Deep inside, he dreams of finding a true friend. What do you see in this real coffee foam? A cat or a fox? ☕🦊🐱",,1,1784617415.0,u_Far-Resident8725,0,1.0,False
1v2aydx,https://i.redd.it/ozzomvuk7jeh1.png,"[0 YoE, Unemployed, Investment Banking, United States]","I graduated in May with my AA but I'm lacking serious experience within the professional world. I've been actively job searching since graduation with interviews here and there while studying for the SIE. I'm actively applying for local jobs but I'm willing to relocate within the state.  
  
I'd like to know what other certifications would help me stand against the crowd. I'm not sure how else to fill out my resume with the lack of professional experience.    
  
I'd also like to know if my relevant course work would be considered fluff since I don't have any grades attached to my courses. I'm not sure how else I can fill out my skills since I only went through schooling not realizing how important internships were. Any criticism is appreciated!",0,1784617404.0,resumes,1,0.33,False
1v2axyh,https://www.reddit.com/r/Marriage/comments/1v2axyh/as_a_high_libido_spouse_the_only_way_to_heal_a/,"As a High Libido spouse, the only way to heal a dead bedroom is to make YOURSELF a priority!","***Disclaimer:*** *Before anyone comments on the length this post is essentially two years of therapy journals, personal reflection, trial&error, and conversations condensed into one place. I went back through my notes to identify patterns ACTUALLY changed my relationship, healed our sex life - included real examples because I wanted the ideas to be practical. My hope isn’t that anyone copies exactly what I did, but that other HL spouses see they aren’t powerless in their own relationships. You have far more agency than it often feels like in a dead bedroom.*

I speak as a high libido spouse -

Making myself a priority over a relationship is one of the biggest things I did to help my relationship. I stopped communicating what I wanted my partner to do, and instead shared what ***I*** was doing, when it was relevant. I applied this to every part of my life not just sex.

After about 6 to 8 months my partner recognized that the life I was experiencing was the kind of life she wanted us to experience together.

*One thing I absolutely knew wouldn’t meet my needs was feeling like my partner was doing things for me rather than because she wanted them for herself too.* For my needs to truly feel met, I wanted my partner to enjoy the experience of meeting my needs while also meeting her own.

However, if I ever said, “You’re responsible for meeting my needs,” that would only create pressure for her to perform. Instead I told her what I was doing to meet my own needs and what level of flexibility I was willing to accept in meeting those needs through my own life. The goal was to give *information*.

I also found that if I went too long without feeling like my needs were being met, it created resentment toward my spouse that *she didn’t deserve*. It became important to me not to feel hollowed out. Whether my needs were being met by me putting back into **ME** or by her being an enthusiastic participant truly didn’t matter when it came to preventing resentment.

A small example

I wanted to go to NYC for the first time.

The plan was a Friday night to do a bunch of things including staying in a hostel, napping in lobby and using the underground subway before flying back on Sunday afternoon after spending the morning at the park with coffee and a book.

The whole trip cost under $500.

My wife wanted a more luxurious experience so I decided I could just go alone. When she saw the pictures and videos and heard me talk she started talking about going herself. A few months later we naturally planned another trip together that we both enjoyed.

***Repeated actions like this showed her that a “no” from her didn’t mean a “no” for me***. It simply meant I might have a different experience and that was okay. We leave a lot more space for each other’s individual wants now. That applies to everything: household admin, chores, parenting, cooking, sex, and plenty of other areas.

Within our relationship, we eventually realized we were both creating covert contracts with each other. One day I decided to stop trying so hard to be perfect. I started doing what ***I wanted*** to do and what I genuinely felt needed to be done. The huge amount of stress and anxiety I had over every decision (and what the consequences might be) started to fade. I was no longer overanalyzing everything related to our relationship.

All of this washed away 25 years of compromise. There were a lot of conversations that started with, “*I thought you didn’t like that*,” which meant ***both*** of us had been missing out on things we actually enjoyed because one or both of us hadn’t liked them years earlier.

*I never took sex off the table, but I did stop having sex with my wife when she wasn’t acting in a way that made me want to have sex with her. PRIORITISE YOUR OWN CONSENT TOO*

When people ask where I put effort, my answer is that I put effort into the parts of the relationship that made **ME** feel happy, safe, and that genuinely made our relationship better for both of us.

Doing that also created space for my partner to put effort into parts of the relationship and parts of her own life that I was no longer interested in participating in. It was surprising how often once my invisible labor into some of her favorite activities stopped, she realised the activity was no longer valuable enough to justify the amount of work it took.

I try to frame effort around what I want to do, not around what I would do for my partner if I did not want it.

For example:

We live about three blocks from the beach.

When I go by myself, I bring a mat, a water bottle, some Twizzlers, a small speaker, and a shade. Everything fits in one beach backpack and easy to set up.

For 24 years, if we went together, I was the stereotypical husband hauling chairs, coolers, tents, mats, and everything else. We used a wagon because it was about 50 pounds of gear, and setup and breakdown each took about 20 minutes for maybe one or two hours at the beach.

*My “effort” was deciding I wasn’t going to haul all that gear anymore.*

She brought it herself and told me I couldn’t use any of the things she’d brought. I was okay with it because I had my own supplies. That lasted about two trips. Then she stopped wanting to go to the beach.

Next season when I told her I was heading to the beach for an hour with my vape and some snacks, she said wanted to come. She brought the beach chair she likes and her water bottle, then asked if there was enough room under my pop up shade for both of us.

We still occasionally do the “wagon to the beach” thing, but we’ve changed what WE INDIVIDUALLY bring **so we both enjoy the outing.**

I earnestly believe she realized she could enjoy the beach with fewer things. Reducing the effort made it something we were both willing to contribute to and we both enjoyed it more.

The single biggest thing that helped our relationship was that we both became able to say “no” without punishment.

I started saying “no” and “yes” to myself, not to my wife.

That applies to every area of our lives now. It built back respect and attraction in our relationship in the way we both valued",2,1784617363.0,Marriage,12,0.63,False
1v2axt3,https://www.reddit.com/r/u_Embarrassed_Catch95/comments/1v2axt3/looking_for_a_comfortable_stay_in_chikmagalur/,Looking for a comfortable stay in Chikmagalur?,"Hi everyone! We’re Hotel Vasanth Vihar, located in the heart of Chikmagalur on Ratnagiri Road.

If you’re planning a trip with family, your partner, or friends, we offer:

[Premium Deluxe Room](https://preview.redd.it/zx46617j7jeh1.jpg?width=5202&format=pjpg&auto=webp&s=75559db1f7595ecfc7930c8615c18611ce2b79dd)

* Clean and spacious rooms (AC & Non-AC)
* Family-friendly atmosphere
* Ample parking space
* Easy access to Mullayanagiri, Baba Budangiri, Coffee Museum, and nearby coffee estates
* Peaceful stay with warm local hospitality

One of the things guests appreciate most is that we’re centrally located, so you can explore the town and still reach the major sightseeing spots without hassle.

You can check room details, photos, and contact information here: 👉 [https://hotelvasanthvihar.com/](https://hotelvasanthvihar.com/)

Happy to answer any questions about staying in Chikmagalur or planning a weekend itinerary! 😊🌿",1,1784617351.0,u_Embarrassed_Catch95,0,1.0,False
1v2axpk,https://www.reddit.com/r/bruneiansingles/comments/1v2axpk/an_oldschool_heart_in_a_modern_world/,An Old-School Heart in a Modern World ❤️,"I know we live in a world of instant replies, endless scrolling, and casual conversations, but I'm a little old-fashioned when it comes to getting to know someone.

I don't want to impress you with pickup lines or pretend to be someone I'm not. I'd rather know what makes you smile, what your dreams are, which songs you never skip, and what kind of life you want to build.

If we ever go out, I'd rather take you for a long walk, share a cup of chai or coffee, laugh over silly conversations, and create memories that don't need filters.

I'm not looking for something temporary. I'm looking for honesty, respect, friendship, and a connection that grows stronger with time.

If you're willing, I'd love the chance to know the real you. And if our stories are meant to meet, let's give them a beautiful beginning. 🌹",0,1784617342.0,bruneiansingles,0,0.33,False
1v2ax5o,https://www.reddit.com/r/Creativity/comments/1v2ax5o/what_happened_when_i_stopped_scheduling_creativity/,What Happened When I stopped Scheduling Creativity,"It's 4:20am. There is already light outside when I open my eyes. I can't sleep, a clever sounding idea comes to my mind.

“I'll write it down in the morning when I start working after doing my run, eating 50g of protein, and making a coffee with beans from Kenya”.

I go back to sleep, but wake up tired because of the insomnia. My morning is ruined, and the clever idea already moved on. I guess I am not creative after all.

That was my thought process for most of my life. But last week I started breaking this pattern. I remembered what my dear friend Georgi told me.

""The muse shows up at the weirdest times. When she comes, you drop everything and listen.""

Let's see if it works? I open up my journal. The moment my pen hits the paper, ideas start flowing.

[](https://substackcdn.com/image/fetch/$s_!nw7Z!,f_auto,q_auto:good,fl_progressive:steep/https%3A%2F%2Fsubstack-post-media.s3.amazonaws.com%2Fpublic%2Fimages%2F52a8db2a-8118-431f-948c-1c8a76a003a6_3043x2282.jpeg)

Next thing I know I am recording a reel. I am not optimising the script, the lighting, or the sound. Just me sitting half naked in the kitchen with the sleeping mask still on my face. I have no idea if I'll use it.

That gets me going, and I have two ideas for blog posts. Radical expression of love and life force multipliers. I don't even know what that means in the moment, but those two ideas started a process in my brain. More on that later.

I open up Chat GPT and start a stream of consciousness with it. Suddenly we are vibing, and I am coming up with mathematical models to explain why we should relentlessly keep asking “why” about every single thought and action in our lives.

All of this took me 30 minutes and zero effort. This would have been hours if I'd forced myself to come up with it after my 9 step morning routine.

I have an insane amount of energy flowing through me. Suddenly I think about someone special I wanted to send a message, but delayed it, because I did not want to come across needy.

I want to share the energy that is flowing through me. I am not playing any games, it is genuinely how I feel. I don't care that it's 5am in the morning or what I write might come across as needy. The stories I constructed in my head disappear. It feels freeing.

There is no free lunch though. At the end of the day, I have a physical body, and that needs sleep. I cannot just flow through life indefinitely.

But here is the catch about the 9 step morning routine. That routine is extremely valuable, but I was doing them for all the wrong reasons throughout my life.

They are helpful on the days when the muse is far away on a backpacking trip in Southeast Asia, and I am stuck in my cold Lisbon flat. The discipline and routine help me to stay connected to the physical world, and create the conditions for the muse to visit.

But I can't expect her to come on my watch. The best I can do is to set the table by getting in touch with myself. When she eventually comes over for dinner, I will have the place ready for her to thrive.

I imagine the love of my life is coming over. I make sure the lights are warm, the dinner is delicious, bake some dessert(taking into consideration her allergies…), light some candles, put on beautiful music and regulate my nervous system.

I will spend as much time as possible with her, and be fully present with what she has to say from her trips in faraway lands.

Eventually I let her go. I can't hold onto her, that would stiffen her power. She takes the morning flight to Brazil, and I try to make sense of the beautiful night we spent together.

I go back to my life. Take care of my body, integrate the experience and continue creating an environment where she wants to come back.

All my life I thought I am not creative. I was envious of my friends who wrote poetry, created epic videos, wrote blog posts. I wished I could be them!

Turns out I just needed to let go of my desire to control every detail of my life with the most optimised solution a grifter was selling online.

I believe this works for you as well. You are incredibly creative. You may just need to stop demanding that creativity arrive on your schedule, and start creating a life it wants to visit.

When was the last time the muse interrupted your plans, and you actually listened?

",1,1784617297.0,Creativity,0,1.0,False
1v2ax1s,https://www.reddit.com/r/SideProject/comments/1v2ax1s/i_got_sick_of_basic_phone_timers_for_pour_over/,I got sick of basic phone timers for pour over and cooking so I built a cue-based timer & stopwatch hybrid app,"Every day I do the same kind of things where time actually matters.  
Pour over coffee. Pasta cooking. A few other small rituals.

I was just using the basic timer/stopwatch on my phone, but it always felt off.  
I’m watching the time, counting in my head, trying to remember “bloom now, pour now, drain now” instead of just focusing on the actual coffee or the food.

So I asked myself a simple question:  
what if I could combine a countdown timer and a stopwatch, add my own cues, and let the screen shout at me at the right moments instead of me babysitting the clock?

That turned into CUEit.

It’s a hybrid timer + stopwatch where you set your own cue points.  
When a cue hits, the whole screen flips to a full color state with big text, so you don’t need to stare at tiny numbers.  
For example: at 40 seconds the screen blooms and says “Bloom”, then later it switches to “Second pour”, “Drain”, whatever you need.

The point is simple:  
for any ritual or activity where time matters, CUEit handles the time side so you can actually stay with the activity.  
I use it for daily pour over and for basic cooking, and it removes that mental burden of “is it time yet” without turning into a productivity gimmick.

It’s Android only right now, no login, no cloud, just local data and a minimal UI.  
  
If this sounds interesting, I’d love honest feedback, especially from people who brew coffee or cook and care about timings more than fancy features.  


Here’s the Play Store link if you want to try it:  
[https://play.google.com/store/apps/details?id=com.cueit.app](https://play.google.com/store/apps/details?id=com.cueit.app)

  
check my other apps on my social account also ;)   
[https://www.instagram.com/verbitapp/](https://www.instagram.com/verbitapp/)",1,1784617288.0,SideProject,1,1.0,False
1v2awtk,https://www.reddit.com/r/TravelRelated/comments/1v2awtk/how_i_actually_saved_2400_for_a_trip_the_boring/,"How I actually saved £2,400 for a trip (the boring method that worked when spreadsheets didn't)","Spent years trying to save for trips with elaborate spreadsheets and colour-coded budgets. Never worked. What actually got me to £2,400 for a three-month trip was almost insultingly simple: a separate account, a standing order on payday, and just not looking at it.

Wrote up the whole system because I get asked about this constantly, and most travel budgeting advice is either too vague (""just save more!"") or too extreme (""give up coffee forever""). Neither actually works long term.

A few things that made the biggest difference for me:

* **Working out a real number first.** Not a guess. Price the flight, price the stay, add a daily spend, then add 15% on top because you will spend more than planned. Every time.
* **Naming the account after the trip.** Sounds daft but you think twice before raiding an account literally called ""Vietnam"" to buy something you don't need.
* **Auditing three months of bank statements, not one.** Quarterly charges and annual subscriptions hide from a single month's view. Found £47 a month I didn't need to be spending.
* **Booking decisions that save more than months of cutting back.** Shoulder season, midweek flights, flexible cancellation rates. One afternoon of better booking choices saved me more than two months of no-spend weekends.
* **Fee-free cards.** Foreign transaction fees and airport currency exchange are pure waste. No experience gained, just money gone.

**Full breakdown with a six-month worked example and actual numbers here if it's useful to anyone:** [**https://thetraveltinker.com/budget-travel/how-to-save-money-for-travel-best-tips/**](https://thetraveltinker.com/budget-travel/how-to-save-money-for-travel-best-tips/)

Happy to answer questions if anyone's mid-save and stuck on the maths.",1,1784617269.0,TravelRelated,0,1.0,False
1v2awrx,https://www.reddit.com/r/sheffield/comments/1v2awrx/best_coffee_places_in_sheffield/,Best Coffee places in Sheffield,"I love discovering new cafes, settings and new coffee beans and was wondering what your favourite coffee shops are in Sheffield. 

I've been out the country for a few years so looking forward to your suggestions on where to get the best cup of Joe. ",3,1784617265.0,sheffield,32,0.8,False
1v2awf0,https://www.reddit.com/r/AskUK/comments/1v2awf0/how_easy_is_it_to_train_as_a_barista/,How easy is it to train as a Barista?,"I mean how quickly can you actually pick it up. I have a very short time frame and I'm paralysed with fear that I wont be able to actually do it, I'm going from a job where the coffee machine required a press of a button. 

Instead of sleeping I watched countless tiktok videos on steaming milk. ",10,1784617238.0,AskUK,28,0.78,False
1v2avuo,https://i.redd.it/6ohscwc67jeh1.jpeg,"You have 1000$, Choose Wisely. (OC)","The formula is Name - Series of Origin - Ability.

—————————-100 Dollars———————-

Contractual Re-Creation - Jujutsu Kaisen - the ability to summon the effect gained from any receipt by burning it (ie a knife set is summoned by burning a knife set receipt , you are refreshed like going to the spa by burning a spa receipt, Etc.)

Mr VTR - Kinnikuman - You become Mr VTR,  with the ability to stop an object in time, shrink or grow yourself, or transform the surrounding area (roughly the size of a standard wrestling ring) using camera slides. You will also look like him.

Shiro-Shiro No-Mi - One Piece - you become a castle, with the ability to shrink people down to bring them in your castle, manifest castle defenses on your normal body, or just turn yourself into a full size fortress.

Kurama’s plants - YuYu Hakusho - gain an infinite amount of seeds that you can instantly grow into a variety of supernatural plants (plant weaponry, a plant that mimics voices, a big mimosa the crushes people, etc.)

Disaster Roaches - Jujutsu Kaisen - You can control and conjure an unlimited amount of cockroaches.

D - The Deathdealing. - Bleach - you can manipulate the lethal dosage of any substance for yourself or others by ingesting it (or, for other people, flinging little ghost balls at them.)

Gilgamesh - Devil may Cry - a set of magical gauntlets, backpack, and mask that allow you to generate an infinite amount of a super hard metal alloy.

Bari-Bari No-mi - One Piece - Create indestructible barriers of any simple shape.

4th prince’s beasts - HunterXHunter - A built in lie detector that lets you give people who lie to you super cancer, and the ability to see five seconds into the future

Sheikah Slate - Freeze water, preform magnetism, lock things in place, make bombs, or just use it as a camera.

—————————-200 Dollars———————-

Vicissitude - Vampire the Masquerade - Manipulate flesh by skin to skin contact, followed by physically sculpting the subject.

Never No Dollars - High Card - Transform money into an object of equivalent value (and vice versa)

The 10 Capsems - Kamen rider Zeztz - Combat Strength, Stretchiness, Flight, Cloning, Air and Water Current manipulation, a big ol’ robot claw, healing others, a shield, shrink and growing, and Gravity manipulation.

T-Corp Watch - Project Moon - At the start of each day, you are given 24 Hours. Any of this time can be stored in your stopwatch and spent at a later date so that you physically have more time than those around you. If you go below 24 hours, time will move faster around you.

Mystic Eyes of Death Perception - Tsukihime - you can see the “lines of death” (ie weakpoints and endpoints) in anything, also allowing you to end things before fate says they’re supposed to.

Diver down - Jojo’s Bizzare Adventure - you (or the body of your stand) can enter objects and harmlessly (or harmfully) disassemble and reassemble them.

The Red Crown - Cult of the lamb - Anyone who follows you as a leader can be affected by rituals you preform, such as bonfires that instantly raise morale, or resurrections of anyone under you who dies of natural causes. Also the crown can become various melee weapons.

Mediums of the National Defence Divinities - Shin Megami Tensei 4 - you have full control over and have the ability to summon the six divinities of national defence.  
	1	Koga Saburo - warrior who can turn himself into bone armour and swords.  
	2	Tenkai - Monk who is a great philosopher and is also just good at fighting.  
	3	Yaso Magatsuhi - Big severed head who produces pink mist that causes hallucinations or red pills that turn humans into demons. (demons act like more malevolent and temperamental versions of themselves but can be controlled with more red pills.)  
	4	Michizane - Samurai that can control electricity (he’s also not too happy about being summoned for violence)  
	5	Omoikane - brain… thing that can create a maze-like pocket dimension that it controls and can regenerate from. (also very wise.)  
	6	Yamato Takeru - Warrior who is really, REALLY good at hitting things with his indestructible sword. (He can also teach you how to crossdress!)

The Door of Five Seasons - Touhou Project - you can create doors on the back of living things to access their life energy, or on the back of nonliving things that act as portals that only work if nobody’s working. By pouring  this life energy into someone’s door, you can greatly power them up and improve their life, you can also pour it into the natural world to make nature go insane.  
(Or just give the energy to yourself)

Time tells no lies - Bleach - You can set timers on people that force them to follow a rule until the timer is up or they die.

—————————-300 Dollars———————-

SCP-5094 - S.C.P Foundation - A CD-rom game that can teach you anything at a skill level that always matches your style of learning.

Weather Report - Jojo’s Bizarre Adventure - allows almost total manipulation of the weather through atmospheric control. it’s sub ability, heavy weather, allows you to create rainbows that make people believe whatever is secretly written on the rainbow. (ie, that they are a snail.)

Aura Synthesis - HunterXHunter - you permanently gain the knowledge, memories, and abilities of whatever you eat. You also gain additional “aura” from this, which could be used for nen if you somehow learned.

Synthesize grid - Toaru no Kagaku Mental Out - allows the user to control and create “starting crystal”, a type of metallic powder that can enter any physical matter and manipulate and grow it according to the user’s will.

The Gaia Library - Kamen rider W - you can enter a mental space that can be used to find the answer to any question, so long as the correct three key-phrases are entered.

Military oil - A Certain Scientific Railgun - you can freely manipulate any and all oil or petroleum based products, as well as freely change their properties.

Eye of the Moon - That time I got Reincarnated as a slime - you can see out of and manipulate shadows, as well as teleport to any shadows on the planet.

J-Corp Singularity - Project Moon - you can “lock” anything with the item, physical, metaphorical, spiritual, etc. you can also (for some reason) make temporary tattoos that grant good luck.

SCP 294 - S.C.P Foundation - A coffee machine with a keyboard that can dispense any liquid, real or fictional.

Curimon egg - Digimon - The egg of a small creature that could be raised into many extremely Powerful creatures capable of great creation or destruction… provided it’s raised right.

—————————-400 Dollars———————-

Lair of the Beast King - Tsukihime - you can absorb other living creatures and manipulate them in The form of a rubbery black liquid, allowing you to mix and combine their properties freely, along with your own body. Comes pre-installed with 666 different demons!

Minority world - Toriko - Allows the summoning of a bubble that lets you invert the majority and minority of any two properties within an object.

Unavoidable - Undead Unluck - anything you “target” you will “hit”. If that sounds vague and up to interpretation, that’s because it is!

Storehouse - Kagurabachi - You can touch any object or person to freely transport them to or from a subspace called the storehouse, yourself included. Items can come out anywhere you choose, You can Communicate with and project images of anything in the storehouse, and you can manipulate the interior of the storehouse itself. (It also comes with a bunch of random exotic goods)

Op-Op-Fruit - One Piece - you can create a “room” in which anything can be freely taken apart and re-assembled in any way the user wishes, including just outright telekinesis and teleportation. (You can also kill yourself to make someone immortal.)

Rinnegan - Naruto - allows access to black receivers that allow you to control whatever they’re placed in; along with this it lets you access the six paths of pain. Those being:  
	1	The hell path - Allows the user to summon a giant head called the king of hell that acts as a lie detector and can heal any injury if you step into it’s mouth.  
	2	The Preta path - Allows its user to “consume chakra.” (Basically useless for day-to-day life)  
	3	The Animal Path - Allows its user to summon various powerful giant animals, as well as any person the user chooses.  
	4	The human path - Allows you to rip out a person’s soul and divine their memories from it.  
	5	The Asura Path - Allows the user to turn their body into any weapon, even ones not yet invented.  
	6	The Deva Path - Allows the user to manipulate gravity.

The Hourai Elixir - Touhou Project - Allows the drinker to “manipulate eternity and the instantaneous.” Letting its user make things stop aging, breaking, or spoiling until the user dispels the effect. (Plus immortality.) Or to alter the length of instantaneous intervals to exist in multiple timelines at once.

“Raising Poultry” - Len’en Project - Allows one to awaken latent potential and abilities in anyone by either touching them or bringing them into a pocket realm called the Curtain of Awakening. This also allows the user to use any abilities they’ve awakened in others. (Plus chickens inherently love you)

“Gathering Density” - Touhou Project - You can manipulate the density of anything, material (ie, size changing, turning yourself into mist etc.), or Immaterial (ie, groups of people, good fortune, etc.)

Anti-human-Order - Fate - you can stop anything created by humanity from functioning. Intentionally Vague.

—————————-500 Dollars———————-

Door Divine Authority - Lord of the Mysteries - Absolute Space Manipulation, The ability to seal anything away into a pocket dimension you manipulate, the creation of an infinite pocket dimension you perfectly manipulate, AND the ability to replicate any other ability that you record the mechanics of flawlessly (for some reason)

Mephisto - That time I got reincarnated as a slime - you can create a fantasy realm (entered through mist) in which every law of reality bends to your very whim.

Lord of Breath - Homestuck - Absolute embodiment and domination of “breath”, which is both literal winds, and the concept of freedom.

God Maximum Mighty Action X Level 1000000000 - Kamen rider Ex-Aid - You can gain the powers of any video game you programmed. The only limit is your coding skill.

Mage Awakening - Mage the Ascension - you can manipulate all of reality! …provided nobody is looking. And you don’t overuse it. And you have a very fine tuned understanding of both the universe and your soul. But aside from that, absolute power!

Hajike - Bobobo-Bo-Bo-Bobobo - you can do anything provided it’s funny In the moment.

Spiritual Tripping - A Certain Magical Index - you can essentially mime any object into existence through getting someone to watch you (and saying the correct numbers during the miming.)

Sorcerer Rings - Kamen Rider Wizard - you can become Kamen rider sorcerer, allowing you to:  
	**•	Connect Wizard Ring**: Open a Magical Portal to two different locations.  
	**•	Explosion Wizard Ring:** Creates an explosion of varying power wherever You point.  
	**•	Common Wizard Ring**: get ready because this one’s a doozy.  
	**•	Blast**: A more concentrated version of the Explosion Ring.  
	**•	Lightning**: Allows the user to become sentient lightning.  
	**•	Tornado**: Traps the target in a multicolored cyclone.  
	**•	Reflect**: A barrier that can also redirect the attacks it blocks.  
	**•	Vanish Strike**: Allows you to shoot at someone with the your Halberd.  
	**•	Heat**: Emits scorching fire from Your body.  
	**•	Dupe**: Clone Yourself.  
	**•	Create Wizard Ring** Reshape the world in your image, making a pocket dimension.  
	**•	Final Strike Wizard Ring**: Allows you to kick somebody really, REALLY hard.

Shun-Shun-Rikka - Bleach - create barriers that can reject anything, even immaterial concepts like causality.

Hermit Divine Authority - Lord of the Mysteries - Absolute Information Manipulation, Information Transformation, Transforming Fiction to Reality, Fucking Savestates, Absolute Imperceptibility, and you can pry into all mysteries. (Overpowered as shit but at least everything is thematically coherent, DOOR.)",19,1784617199.0,makeyourchoice,10,0.79,False
1v2ave4,https://www.reddit.com/r/CoffeePH/comments/1v2ave4/looking_for_coffee_beans_suppliers_in_philippines/,Looking for coffee beans suppliers in Philippines to be sold in Singapore,"I am based in Singapore and exploring to trade coffee sourced from Philippines with a business partner. 

Any leads?

Can you provide raw coffee beans (washed) as samples?",2,1784617156.0,CoffeePH,1,1.0,False
1v2aut1,https://www.reddit.com/r/beermoneyuk/comments/1v2aut1/gails_free_loaf_or_coffee/,Gails - Free loaf or coffee,"Gail’s is a popular artisan bakery in the UK known for its freshly baked sourdough, pastries, and high-quality coffee. With a warm, neighbourhood feel, it offers handcrafted breads, seasonal treats, and simple, wholesome food made from carefully sourced ingredients.

\\\\\\\*\\\\\\\*Enjoy a free loaf of bread or a free drink—your choice!\\\\\\\*\\\\\\\*

Simply show the QR code voucher in the app when you buy anything else at the till. Drinks include coffee, tea, hot chocolate, matcha, chai, and iced options.

And there’s more: You’ll also receive a voucher for a free sweet treat on your birthday, valid for one month.

In order to claim your free coffee of loaf follow these steps:

1.	⁠Download the Gail's app on Google Play or Apple App Store

2.	⁠During sign-up, enter referral code: 

RF838CCP

3.	⁠Enter your date of birth for your free birthday treat!

4.	⁠Once complete, you'll see your Welcome Gift voucher in the Rewards tab.

🍞 It’s super simple and their bread is fantastic!! 🍞 

Non ref - https://gails.com/",2,1784617101.0,beermoneyuk,3,1.0,False
1v2atez,https://www.reddit.com/r/BylerReads/comments/1v2atez/radio_show_host_is_my_coffee_shop_au/,Radio Show Host is my Coffee Shop AU,"I read a couple Byler fics with this radio show host concept. Mike is the host in one and Will in the other. I’ve always fantasized about hosting my own radio show, similar to how people fantasize about working at a coffee shop or dive bar. I love that doing a radio show is retro and already related to Byler because of the The Squawk clues in the S5 promo. It would be so fun if it took off in popularity and became its own subgenre of fic. I figured there must be more out there, right? I tried searching AO3 to see what else I could find but I don’t see authors using “Radio Show” in the tags. Can anyone help me find some others like this? Here are the two I read and ADORED!

*who do you love when you come undone?* by  bitterglow  
[https://archiveofourown.org/works/87385376?view\_full\_work=true](https://archiveofourown.org/works/87385376?view_full_work=true)

*first-time caller* by vertiginous   
[https://archiveofourown.org/works/75411566](https://archiveofourown.org/works/75411566)",2,1784616972.0,BylerReads,1,1.0,False
1v2aszn,https://www.reddit.com/r/Vancouver4Friends/comments/1v2aszn/42m_recently_returned_back_to_bc_now_live_in/,"42M Recently returned back to BC, now live in Surrey","Hi folks. Software engineer here, recently moved back to BC, originally from north Burnaby. Primarily a homebody, but look to occasionally go out for late night eats/drinks once in a while. Wondering if there are others like me that would be interested in occasional hang outs.

Some things I'm into: gaming, anime, movies, cars, travel, coffee/tea, beer, travel. I also want to get back into sports at some point, but I've been sidelined by injuries for most of the past couple of years, so I'm quite out of shape.",1,1784616931.0,Vancouver4Friends,1,0.67,False
1v2aq7p,https://www.reddit.com/r/AskMenAdvice/comments/1v2aq7p/my_coworker_and_i_talk_for_hours_on_the_phone_but/,My coworker and I talk for hours on the phone but he never wants to meet up in person. Am I reading to much?,"Hi everyone,

I have a coworker who’s 40, about ten years older than me. We do the same job but work in different cities, so we never actually see each other, we only talk on the phone.  
I usually call him whenever I get stuck at work because he’s experienced. He calls me about once a week just to see how I’m doing, what I’m working on and we usually end up talking for an hour or so. We joke around a lot, laugh together and he’s helped me out countless times, even outside of work hours.

About once a month he comes to my city to visit family, but we never see each other in person. What’s confusing is that he does meet up with some of our other coworkers when he’s here, even though he barely talks to them compared to how often we talk. He often suggests getting coffee or hanging out during our conversations, but he never actually follows through and makes it happen.

I feel awkward being the one to suggest meeting up, but I’d genuinely like to see him in person, hang out as friends and treat him to a meal to thank him for everything he’s done for me.

Here’s what happened last week. He sent me some work materials, and I joked, “Send me your bank account details so I can pay for your lunch.” He replied, “I’m coming to your city, so you can buy me lunch in person.”  
He came to my city… and never got in touch.  
The weird part is that he called me while he was driving there and we talked for the entire two-hour drive. Then he arrived, never mentioned meeting up and never contacted me.

I know some coworkers prefer to keep work and personal life separate and that’s completely fine but what’s confusing is that he is the one who’s brought up grabbing coffee or beer a couple of times in the past which is why I was surprised when he came to my city and didn’t reach out. Am I reading too much? Should I invite him?

So what do you think is going on here? Am I coming across as too forward, or am I reading too much into this?",4,1784616672.0,AskMenAdvice,13,0.83,False
1v2ap8p,https://i.redd.it/pwdut74b5jeh1.jpeg,Casually Spotted a Peacock,Felt like solo Coffee date at TownHouse coffee is Vasool. Work trips are best time to be with yourself as 26 M and when you’re not from the city yk such things u will miss. ,10,1784616583.0,jaipur,6,0.92,False
1v2aoxo,https://www.reddit.com/r/PhR4Friends/comments/1v2aoxo/35m4f_movie_coffee/,35[M4F] Movie + Coffee,"Maraming nagsasabi maganda daw itong The Oddysey. Kaya this Thursday gusto ko syang panoorin. Im looking for someone na pwede makasama manood and we csn grab some coffee and kwentuhan after. Don't worry since ako nag aya, it will be my treat. So are you game? 

Here are the choices that we can watch

MOA, Ayala Manila Bay, ATC, or SM dasma. ",4,1784616555.0,PhR4Friends,0,1.0,False
1v2aomk,https://www.reddit.com/r/SouthFLOrthodontist/comments/1v2aomk/bite_still_wrong_jaw_clicking_south_floridas/,Bite Still Wrong? Jaw Clicking? South Florida’s Orthodontic Rescue Fixes It in 4–6 Months,"**Your clear aligners failed. You’re not crazy—your bite is actually off. Here’s how we fix it (and why we’re not like those assembly-line clinics).**

I’ve sat across from way too many people in Miramar who followed every single rule. 22 hours a day. Rushed appointments. Sometimes just a box of plastic shipped to their door. And still, something feels wrong.

Front teeth look straight. Back teeth don’t touch. Jaw clicks. Chewing feels like your mouth is arguing with itself. The worst part? When you tell your old provider, they gaslight you: “Looks fine to me” or “That’s just how it is now.”

You’re not imagining it. I see the CBCT scans. I see the roots tipped out of bone, the occlusion barely contacting, the joint inflammation. At **SMILE-FX® Orthodontic & Clear Aligner Studio**, this is literally what we do all day—rescue and revision.

**The problem with factory-line ortho**

Most high-volume chains run on chair time, not biology. 45-minute wait, 3 minutes with the doc. Linear treatment plans that ignore your actual skeletal structure. Mail-order aligners? They’re guessing without any imaging. You end up with collapsed bites, root resorption, or TMJ dysfunction that no one caught because no one looked.

Here’s the difference: every single case in our studio is crafted and reviewed start to finish by Dr. Tracy Liang. She’s a board-certified Diplomate of the American Board of Orthodontics (that’s about 30% of orthodontists who go through that voluntary, insane-level clinical exam) and one of fewer than 1% of orthodontists in the US who are Credentialed Fellows of the International Academy for Dental-Facial Esthetics. When your bite is a mess, you don’t just want a dentist who took a weekend course. You need the person who literally writes the protocol for complex retreatment.

**How we made revision not suck**

Look, I get it. You already burned time, money, and trust. The idea of 18 more months and 14 visits on the calendar makes you want to scream. So we built something different: the **Phygital** model.

- **AI remote monitoring** (DentalMonitoring + GRIN) tracks your teeth weekly, sub-millimeter level.  
- That means up to **40% fewer in-office visits**. No driving from Weston or Pembroke Pines for a 5-minute check.  
- Average treatment time for corrections? **4–6 months**, not 18. That’s because we use AI bracket positioning (FX Ai Braces™) and in-house 3D printed aligners tailored exactly to your facial scan, not a generic template.  

We’re also a Pink Diamond OrthoFX provider (highest tier), top-rated Invisalign provider, and one of fewer than 10 docs in the country fully certified in both Win Lingual Braces and InBrace—hidden braces that literally no one can see.

**The financial side (without the awkwardness)**

You probably went mail-order because it seemed affordable. We get that. So we made elite, board-certified care brutally accessible:

- $0 down options for qualified patients  
- 0% interest financing  
- Monthly rates that compete with what you’d spend on coffee and lunch runs  
- We accept Florida Blue PPO, Delta Dental of Florida, and most major plans, plus we’ll max out your FSA/HSA  
- Transparent pricing—no surprise fees, and we’re fully compliant with SB 1808 (that’s the Florida law guaranteeing patient refunds within 30 days if overpayment happens)  

**Who this is for**

If you’re hitting the 95 from Broward or the Palmetto from Miami-Dade, and you’ve been hiding your smile in every photo, this is your way out. We treat the cases other clinics bounce: surgical ortho, impacted teeth, airway-related bite collapse, and full-mouth re-do’s. We use low-radiation CBCT to see exactly what’s happening beneath the gums—the stuff aligner-in-a-box can’t touch.

No goopy impressions. We scan optically in seconds. For the anxious folks, we’ve got VR headsets that drop you into a beach scene while we work. It’s a studio experience, not a sterile clinic.

**Bottom line**

Your bite should feel like you don’t think about it at all. No guarded chewing. No waking up with jaw tension. No part of you hesitating to laugh wide.

If your previous ortho experience left you with a smile that’s “just okay” and a bunch of unresolved issues, come in for a VIP consult. Full 3D imaging, AI smile preview, and a plan that finally makes sense—on us.

Schedule: call or text (954) 824-9707, or search SMILE-FX Miramar. We’re right off Red Road, serving Miramar, Weston, Pembroke Pines, and all of South Florida.

Stop modifying how you eat. Start actually living with that smile.",1,1784616525.0,SouthFLOrthodontist,0,1.0,False
1v2amy8,https://i.redd.it/4ji64l5n4jeh1.jpeg,🏠 (URGENT) Female Only Furnished Sublease for $865 (+ utilities),"Hello! I'm looking for someone to sublease my unit off of my hands :D **I'm looking for someone to move in by July or August.**

• The community also has 2 pools, free coffee machine to use, gym, computer lab, and a tanning bed (¯\\\_(ツ)\_/¯)

• The place is located close to the leasing office (shuttle stop for UCF) and is 5-10 minutes away from UCF.

• My roommates (all female) have all been very sweet and chill! Two are moving out on July 31st, but one has renewed and she's the sweetest :D She's very communicative and encourages the same!

• Old roommates left behind kitchen appliances, a dish rack, a vacuum cleaner, and furniture in the common room. Those can be yours to use since we haven't touched them at all.

• Maintenance gets back to us by 1-3 days, and they have been respectful and kind when interacting with them!

Please shoot me a message or comment if you are interested! Thank you for reading! :>",1,1784616364.0,UCFstudenthousing,1,1.0,False
1v2amww,https://www.reddit.com/r/AskArgentina/comments/1v2amww/how_do_i_ask_my_argentine_friend_about_the_dirty/,How do I ask my Argentine friend about the Dirty War and modern LatAm reality without making her feel like a trauma Wikipedia?,"I’m 28F, massive history nerd. I recently met a really cool Argentine girl at work. Her family relocated here a few years back.

She’s super friendly, offered to help me practice my Spanish, and we agreed to grab coffee this weekend. She also mentioned she loves European history and seemed exited about me being into history too, she even said “finally, someone to talk with!”

Here’s the thing: I’ve read tons about Latin America, but I’ve never actually been there. I’m dying to know what life is actually like beyond what documentaries and news headlines show. Is the modern reality really as extreme as the media paints it? What’s the everyday vibe? She’s my first real chance to hear from an actual witness.

But my curiosity naturally leans toward the heavy, ""dark history"" stuff. But …are the Dirty War and drug trafficking topics strictly off-limits until we're much closer? How do I ask about modern reality without making it weird?

P.S. I literally couldn't help myself and ALREADY asked her about Messi. (I am personally a huge fan) She just said ""Yeah, the final was sad, but we got it in 2022, so it's fine."" I realised how I know nothing about real Argentina….",1,1784616361.0,AskArgentina,13,0.57,False
1v2ama4,https://www.reddit.com/r/Hackney/comments/1v2ama4/looking_for_hair_models/,looking for hair models!,"hello lovely people!! i am a trainee hairdresser of coming up to a year now (ahhh))!! i have posted on here before but having just gotten back from a holiday have not booked up much of august so posting here to help find some models!!

i'm based between blue tit dalston and my college at camden, happy to do full head tints, root tints, long layered cuts, shorter layered cuts, bobs, one lengths, vivids etc! open to a lot at the moment really as just trying to get good photo evidence of everything and have it all ticked off

for cuts it's free or a very small fee for colour, all I basically ask is I take a photo of the back of your head!

i love to yap but also happy if you want chill quiet time, and I do make really good coffee! my instagram is @tessiedoeshair, probably will be a teeny bit faster at responding on there (reddit refuses to give me notifications)

but yeah!! shoot me a message i look forward to hearing from you",0,1784616304.0,Hackney,0,0.5,False
1v2am1i,https://www.reddit.com/r/VietnamFood/comments/1v2am1i/looking_for_hotels_recommendations_in_hanoi_old/,Looking for hotels recommendations in Hanoi Old Quarter? Street food + coffee area,"My posts haven't been approved in the other subreddits, so I'm trying my luck here. I'll be visiting Hanoi this winter for 4 nights (including one on a Ha Long Bay cruise), and my focus will mainly be local food. Which area should I stay in if I want to combine eating street foods with some nice coffee places?

I'm also unsure about budget. I've seen people claim you can find a good hotel for $10–$20 a night, but I'm a bit suspicious. Any names you'd recommend?",1,1784616283.0,VietnamFood,1,0.67,False
1v2alzn,https://i.redd.it/hsr7ilcb4jeh1.png,"Privacy First, Voice Based Expense Tracker","**WARNING:** This App only runs on iPhone 15 Pro and Above with Apple Intelligence Enabled!

Supported Devices: iPhone 15, 16, 17 Pro & Max, iPhone 16, 16e + All Latest iPhones

Heya everyone,

I built [Murmur - Privacy First, Voice Based Expense Tracker](https://apps.apple.com/app/voice-expense-tracker-murmur/id6755902030) because I was tired of failing at expense tracking.

Not because the apps were bad, but because they all expected me to manually log every expense. I'd start the month motivated, track everything for a few days, then slowly stop using the app altogether.

After trying dozens of expense trackers, I realized the problem wasn't budgeting.

The problem was friction.

So I built a voice-first expense tracker that lets me simply speak my transactions and move on with my day.

# What problem does it solve?

Most expense trackers fail because they're too much work.

Every purchase requires opening the app, entering an amount, selecting a category, and saving it. It sounds simple, but doing that 10–20 times a day becomes exhausting.

Murmur removes that friction completely.

You simply say:

""Spent $30 on an Uber.""

""Paid $12 for coffee.""

""Received $1,500 from a freelance project.""

The app understands what you're saying, detects whether it's an expense or income, categorizes it, and saves it in seconds.

The result is an expense tracker that you actually keep using after the first week.

# Why is it better than alternatives?

Two reasons: ***privacy and convenience.***

First, privacy.

Murmur uses Apple's on-device intelligence to understand your voice. Your transactions are processed directly on your iPhone and never need to leave your device.

No servers.

No cloud AI.

No financial data being uploaded somewhere.

You can literally turn on Airplane Mode and continue logging expenses normally.

That was extremely important to me because financial data is personal, and I didn't want my spending history sitting on someone else's servers.

Second, it's genuinely hands-free.

Most expense trackers still require typing.

Murmur is designed around the idea that speaking is faster than typing. The easier it is to log an expense, the more likely you'll actually track your money consistently.

Beyond voice logging, it also includes:

• Daily, weekly, and monthly budgets

• Home Screen widgets

• Event-based expense tracking for trips, weddings, side hustles, vacations, or any specific goal

• Optional review-before-save mode

• Works completely offline

# What's the pricing?

The app includes a free tier so you can try it before paying.

Premium pricing is:

• $0.49 per week < This pricing is for you to try, Cancel Anytime

• $14.99 per year < Cancel Anytime

• $19.99 lifetime < Pay Only Once

I'm actively improving the app and would love feedback from people who track their spending or have tried and failed to do it consistently.",2,1784616278.0,iosapps,9,1.0,False
1v2alyz,https://www.reddit.com/r/cardio/comments/1v2alyz/sluggish_morning_heart/,Sluggish morning heart,"Hello guys, maybe someone has same issue and can advice?

My HR is always at low side, i use APAP at night with no major issue but every morning i feel  
so tired. My HR during night goes between 44-55, i guess as many of you. Think is that morning after woke up is always quite ling time sluggish, if i keep staying in bed it will stay at 50-52, once wake up even at 9-10 it will keep sluggish till some breakfast and coffee...Than it starts finally goes higher. I would not care but morning symptomps are pretty annoying such a dizziness, ear buzzing noise, nausea..Anyone simmilar experience? Any advice? Btw same goes evening after 5-6pm starts go sluggish...Same symptomps...",1,1784616277.0,cardio,0,1.0,False
1v2akwj,https://www.reddit.com/r/biology/comments/1v2akwj/what_to_do_after_you_graduate_with_a_bio_degree/,What to do after you graduate with a Bio Degree?,"About 5 months ago I graduated with a Biology Degree and I seriously think it was the worst decision of my life. In highschool I always loved biology and would participate in the science fair every year. When I didn’t really know what to do in college I decided to go with a science degree because I was really interested in GMOs. All the professors really hyped it up but then by my last year I was graduating early and realized I really didn’t have any experience and hadn’t even enjoyed it all that much. My advisor never really gave me any guidance with my schedule, nor internships so I didn’t even look into them. I took one DNA technology class and microbiology class but that is literally the extent of my “Lab Experience.” I’m now a manager at this coffee shop which I love but of course I need a real job with benefits, and I know I’m completely disappointing my family. Does anyone have any advice on what steps I should take next, or any internships I should apply for? A professor suggested I go back to school to get a GIS certification but I really don’t want to waste all that money just for me to not even get a job again. ",9,1784616176.0,biology,8,1.0,False
1v2ajxi,https://www.reddit.com/r/Thurgauer/comments/1v2ajxi/where_to_get_good_coffee_in_frauenfeld/,Where to get good coffee in Frauenfeld?,Title. Anyone know some good spots?,1,1784616084.0,Thurgauer,0,1.0,False
1v2aj7t,https://i.redd.it/2559xlyn3jeh1.jpeg,Today really sucked but here's my cat,"It started when I decided to try a new coffee place between appointments. They took forever so I was late, AND the food and coffee was mid. Waste of $20. (Though it was a send, so at least there's that, lol) 

Then I come home and see my main account I worked hard to build is banned with no explanation.

So I've just been playing video games and trying not ro let it bother me. 😭😭  weh",2,1784616016.0,findomgoesvanilla,0,1.0,False
1v2aiq7,https://www.reddit.com/r/askportland/comments/1v2aiq7/portland_dried_camp_coffee/,Portland dried camp coffee?,"Hey folks, I’m on the hunt for dried coffee that can mix in with hot water on the trail. Usually there’s the occasional offerings by local roasters, and if you’ve come across some, especially in SE Portland, I’d appreciate the share!

I am familiar with instant coffee and have used the stuff in the past.. but I also know there’s some wonderful flavor in certain types of dried coffee that’s a little less common to come across ",3,1784615969.0,askportland,6,1.0,False
1v2aipl,https://i.redd.it/3v08soki3jeh1.jpeg,Guys does this make me a sanskaari 💁🏼‍♀️💁🏼‍♀️,,0,1784615967.0,Real_teenindia,100,0.4,False
1v2aigy,https://www.reddit.com/r/SteamdeckGames/comments/1v2aigy/offline_lan_games_on_a_cruise_ship/,Offline LAN games on a cruise ship?,"Hi! My family and I love our co-op gaming nights, and all have a Steamdeck each. (We also have Switch 2s, but we'd rather buy our games on Steam if possible, as we only use the Switch 2 for exclusives).

We're going on our first cruise in a week and would like to still get some family gaming in together on our 'days at sea', possibly chilling in the coffee bar looking out over the ocean. 😍

The only issue is, there's no wifi out on the ocean, and the suggested package is way too expensive (£300 for the week!). Could anyone suggest any 3-player games we could play as a family?

The only one I've found so far is Stardew Valley, which lets you join each other by sharing IP addresses. Every other LAN game I've found needs to connect to the Internet to access Steam in order to run, which isn't ideal.",3,1784615947.0,SteamdeckGames,3,1.0,False
1v2aidh,https://www.reddit.com/r/oneworld/comments/1v2aidh/onboard_greeting_and_welcome_from_purser/,Onboard greeting and welcome from purser,"Good morning all

Not sure how frequently you get recognized for your status on board, but it’s an incredibly small thing an airline can do to show their appreciation IMHO

Doesn’t happen too much for me but did today in an early morning IB flight from Madrid. Was flying economy and during taxi the purser came by from biz to introduce herself and thank me for  being an Emerald and flying IB, asked if I needed anything. I somewhat jokingly replied a coffee given the hour and she brought it by along with a snack after takeoff. 

Seems very carrier specific. CX is exceptional with this, JL and QF also have been good. Was rare for me on AA but it has happened. IB increasingly good with this, BA almost never. 

Anybody else seeing this ? Honestly it’s one of the few personalized things they do that actually makes me feel important. Kind of a nice change.",1,1784615939.0,oneworld,13,0.67,False
1v2ahss,https://i.redd.it/nznc583a3jeh1.jpeg,This is one of my favorite channels btw,,3,1784615887.0,YoutubeThumbs,0,1.0,False
1v2ahs6,https://www.reddit.com/r/SteamDeck/comments/1v2ahs6/offline_lan_games_for_a_cruise_ship/,Offline LAN games for a cruise ship?,"Hi! My family and I love our co-op gaming nights, and all have a Steamdeck each. (We also have Switch 2s, but we'd rather buy our games on Steam if possible, as we only use the Switch 2 for exclusives).

We're going on our first cruise in a week and would like to still get some family gaming in together on our 'days at sea', possibly chilling in the coffee bar looking out over the ocean. 😍

The only issue is, there's no wifi out on the ocean, and the suggested package is way too expensive (£300 for the week!). Could anyone suggest any 3-player games we could play as a family?

The only one I've found so far is Stardew Valley, which lets you join each other by sharing IP addresses. Every other LAN game I've found needs to connect to the Internet to access Steam in order to run, which isn't ideal.",2,1784615886.0,SteamDeck,13,0.63,False
1v2ahmo,https://www.reddit.com/r/justpoetry/comments/1v2ahmo/misfits_elegy/,misfit's elegy,"miss you in my bed and me in yours, how simple it was to sleep beside you  
spring muse, entwined youth, smitten sickness and astigmatism  
leucite dappled moonlight, a steadfast secret chord

miss your sweet eyes and wicked smile, soft lips and firm muscles  
the slow steady sound of your breathing (you made it all look so easy)  
truth taking on the tenor of your voice, working my body like whittling wood  
bone-weary, easing into the tenderness of our peerless nights

miss your hand in mine, wrapping myself around you, nectarine reveries  
duetting caresses, gentle fingers playing me like piano, marrow and ivory  
i wanted to memorize every movement

miss how you'd find your way into my nightmares and show me an exit like it was nothing;  
bleary eyes opening, unencumbered, breaking free from another dream  
the dead horse back to beat me  
finding myself safe in your arms, your heartbeat a metronome, my tempo adjusting:  
*affrettando, allegro, allargando, adagio*

miss waking with the smell of you on my clothes, taking in every trace of you  
black and blue, the places you left lovely little bruises, fading and unforgettable  
pain and pleasure played staccato on my skin

miss the morning coffee, the rhythm of a little routine  
two eggs cracking open, conjoining, singing on the skillet  
watching you at the stove, swaying to your speaker playing, and longing to consume you

miss the spur of the moment midnight sojourns, yearning returned, accelerating slow burn  
bashful, you'd apologize for being late, my lean-limbed grace, beguiled blaze, but i'd wait  
as long as i need(ed) to, because i need(ed) you  
i thought you looked like angel gabriel,  
appearing miraculously on my stoop with your blond halo  
head aflame with golden-winged porch light,  
and i, blessed among men, wondered, ""how can this be?""

but all good things come to an end; gabriel blows his horn

misstep dancing all alone to my memory of us, mesmerizing melancholy melody  
and me, too clumsy, too earnest, too heavy with foolish feeling and misuse  
mishmash music feeding my naive hopes, mycelium in search of a fruiting body,  
somewhere i can take root  
misty-eyed, misguided misery, fearing lady luck's become miserly  
misfired counterfeit cupid's arrow, falling in love with the floor  
mistake the fading of your affection for a furtive forecast of a future with me

misinterpretation, intuition, or my fevered imagination, to  
think you miss me, too?

either way,  
this misfit misses you",1,1784615872.0,justpoetry,0,1.0,False
1v2ahku,https://i.redd.it/qciq92u73jeh1.jpeg,Guys kya me sanskari hun 💁🏼‍♀️💁🏼‍♀️,,3,1784615867.0,BetterTeenIndia,10,0.81,False
1v2agwh,https://i.redd.it/pdl39jk13jeh1.jpeg,"How to do (emotional) damage on a certain mysterious elf man, part him of his most precious possession....","[Money](https://play.google.com/store/apps/details?id=com.riffsy.FBMGIFApp)

Ps. If he just showed up normally they would've not only given him it for free, they would straight up gave him money for eating there. ",15,1784615808.0,TheEminenceInShadow,5,1.0,False
1v2ag77,https://www.reddit.com/gallery/1v2ag77,Looking for coffee drinking glass recommendations for espresso and other coffees. [Budget $20-30 set],"I’m looking for drinking glass recommendations similar to what’s pictured. Has anyone used these or similar? I usually drink espresso, lattes, cappuccino, and the occasional iced coffee.",4,1784615739.0,espresso,8,0.84,False
1v2afhk,https://www.reddit.com/gallery/1v2afhk,Fb Marketplace slop,Selling like hotcakes! Or should I say tomates ,1,1784615671.0,aislop,0,1.0,False
1v2aews,https://www.reddit.com/r/CoOpGaming/comments/1v2aews/offline_lan_coop_games_for_a_cruise_ship/,Offline LAN co-op games for a cruise ship,"Hi! My family and I love our co-op gaming nights, and all have a Steamdeck each. (We also have Switch 2s, but we'd rather buy our games on Steam if possible, as we only use the Switch 2 for exclusives).

We're going on our first cruise in a week and would like to still get some family gaming in together on our 'days at sea', possibly chilling in the coffee bar looking out over the ocean. 😍

The only issue is, there's no wifi out on the ocean, and the suggested package is way too expensive (£300 for the week!). Could anyone suggest any 3-player games we could play as a family?

The only one I've found so far is Stardew Valley, which lets you join each other by sharing IP addresses. Every other LAN game I've found needs to connect to the Internet to access Steam in order to run, which isn't ideal.",3,1784615614.0,CoOpGaming,2,1.0,False
1v2aej5,https://i.redd.it/cpzte1jc2jeh1.jpeg,"Ladies, want your help on this",Which of Bla Bli Blu (for female) would you recommend others ? Like your best scents if you've bought...,2,1784615575.0,indianbeautyyappers,10,0.67,False
1v2aeae,https://www.reddit.com/r/women/comments/1v2aeae/ex_boyfriend_26m_wanting_to_get_back_together_but/,"Ex boyfriend (26M) wanting to get back together, but I’m (23F) confused","My ex-boyfriend and I met at a coffee shop and dated for a year. At first, our relationship was great. Every time we went on a date, he would prepare a small gift for me, like a book or a bouquet of flowers. I thought he was a romantic person; he would take many photos of me on our dates. However, after we officially started dating for eight months, he would only reply to my messages every day or even two. I always had to go to his house to see him. He said he was too busy with work to reply. But my work was also very busy; after get off work, I had to take care of my dog. I was worried about forgetting our dates, so I would use accio work to remind myself. I felt he might have lost feelings for me, so after hesitating for a while, I broke up with him. He panicked, saying he didn't want to break up with me and that he wouldn't do it again. Three months later, he stopped replying to my messages again. I didn't want to contact him anymore. If he didn't reply to my messages for a week, I would assume we had broken up.

During that time, I met a man (25) while walking my dog. He had just moved to my area because he had changed jobs, and his looks and style were exactly what I liked. He had a very cute dog, and our dog became friends. We also got to know each other better. He wanted to start a new relationship with me. I agreed, and we started dating.

A week into our relationship, I posted a photo of myself and my new boyfriend on Instagram. That night, my ex, who had disappeared for two weeks, messaged me asking who that man was. I didn't want to reply, so he went to several stores I frequented to look for me. I was very confused. Why could he ignore my messages and not contact me for so long when we were dating, but now that I had a new boyfriend, he was trying to win me back?",1,1784615552.0,women,2,0.67,False
1v2acqi,https://www.reddit.com/r/RWATimes/comments/1v2acqi/blockchain_loyalty_programs_explained_the_future/,Blockchain Loyalty Programs Explained: The Future of Customer Rewards,"![](https://smartliquidity.info/wp-content/uploads/2026/07/SMARTCRYTONEWS-25.jpg)

Loyalty programs have been around for decades. From airline miles and hotel points to coffee shop punch cards and retail rewards, businesses have long

 **Details:**
- **Published:** 21/07/2026 03:50 (UTC)
- **📊 Characteristics Score:**
  > **Asset Type:** *others*
  > **Sentiment:** `0.7`
  > **Entropy:** `0.6`
  > **Relevance:** `0.8`
  > **Staleness:** `0.3`
  > **Uncertainty:** `0.2`
  > **Level-1 Focus:** *institutional-adoption, integration-with-defi, scalability*
  > **Level-2 Focus:** *asset-manager-initiatives, rwa-collateral-lending, growth-metrics*
- **🏷️ Tags:** **#blockchain loyalty programs** **#customer rewards** **#tokenized loyalty points** **#NFTs** **#smart contracts** **#interoperability** **#digital assets** **#customer engagement** **#blockchain technology** **#loyalty tokens**

**Source:** https://rwatimes.io/articles/smartliquidity-blockchain-loyalty-programs-explained-the-future-of-customer-rewards-3453935548?utm_source=reddit&utm_medium=social&utm_campaign=reddit 

 ---
*Posted from RWA Times Bot*",1,1784615408.0,RWATimes,0,1.0,False
1v2aclw,https://www.reddit.com/r/OCPoetry/comments/1v2aclw/misfits_elegy/,misfit's elegy,"miss you in my bed and me in yours, how simple it was to sleep beside you  
spring muse, entwined youth, smitten sickness and astigmatism   
leucite dappled moonlight, a steadfast secret chord

miss your sweet eyes and wicked smile, soft lips and firm muscles  
the slow steady sound of your breathing (you made it all look so easy)   
truth taking on the tenor of your voice, working my body like whittling wood  
bone-weary, easing into the tenderness of our peerless nights

miss your hand in mine, wrapping myself around you, nectarine reveries  
duetting caresses, gentle fingers playing me like piano, marrow and ivory  
i wanted to memorize every movement

miss how you'd find your way into my nightmares and show me an exit like it was nothing;   
bleary eyes opening, unencumbered, breaking free from another dream   
the dead horse back to beat me   
finding myself safe in your arms, your heartbeat a metronome, my tempo adjusting:   
*affrettando, allegro, allargando, adagio*

miss waking with the smell of you on my clothes, taking in every trace of you  
black and blue, the places you left lovely little bruises, fading and unforgettable  
pain and pleasure played staccato on my skin

miss the morning coffee, the rhythm of a little routine  
two eggs cracking open, conjoining, singing on the skillet  
watching you at the stove, swaying to your speaker playing, and longing to consume you

miss the spur of the moment midnight sojourns, yearning returned, accelerating slow burn  
bashful, you'd apologize for being late, my lean-limbed grace, beguiled blaze, but i'd wait  
as long as i need(ed) to, because i need(ed) you  
i thought you looked like angel gabriel,   
appearing miraculously on my stoop with your blond halo  
head aflame with golden-winged porch light,   
and i, blessed among men, wondered, ""how can this be?""

but all good things come to an end; gabriel blows his horn

misstep dancing all alone to my memory of us, mesmerizing melancholy melody  
and me, too clumsy, too earnest, too heavy with foolish feeling and misuse  
mishmash music feeding my naive hopes, mycelium in search of a fruiting body,  
somewhere i can take root  
misty-eyed, misguided misery, fearing lady luck's become miserly  
misfired counterfeit cupid's arrow, falling in love with the floor  
mistake the fading of your affection for a furtive forecast of a future with me  
  
misinterpretation, intuition, or my fevered imagination, to  
think you miss me, too?

either way,   
this misfit misses you

  


[https://www.reddit.com/r/OCPoetry/comments/1v25sql/comment/oytmd18/?context=3&utm\_source=share&utm\_medium=web3x&utm\_name=web3xcss&utm\_term=1&utm\_content=share\_button](https://www.reddit.com/r/OCPoetry/comments/1v25sql/comment/oytmd18/?context=3&utm_source=share&utm_medium=web3x&utm_name=web3xcss&utm_term=1&utm_content=share_button) 

[https://www.reddit.com/r/OCPoetry/comments/1v27ovq/comment/oytluoo/?context=3&utm\_source=share&utm\_medium=web3x&utm\_name=web3xcss&utm\_term=1&utm\_content=share\_button](https://www.reddit.com/r/OCPoetry/comments/1v27ovq/comment/oytluoo/?context=3&utm_source=share&utm_medium=web3x&utm_name=web3xcss&utm_term=1&utm_content=share_button)",3,1784615398.0,OCPoetry,2,1.0,False
1v2accv,https://www.reddit.com/r/ffargosnark/comments/1v2accv/hailey_bieber_obsession_and_todo_list/,Hailey Bieber obsession and to-do list,"I feel like we need a new flair not just for her lies but her obsessions with Hailey ! She put new arrival jeans  on and then asked J.. about the jeans and who the jeans are a Collab with ( obviously Fart doesn’t get a collab (In her dreams  ), but I knew what she meant) … Well, anyone who happened to run across Hailey trying these on, I knew immediately she probably would copy her and she ran to get these jeans ordered online and then has to talk about how she could’ve gone smaller… Meanwhile, Hailey talked about how she got a size 25. Who. Mind you got so many compliments on how healthy she looks, which I know is a little controversial but… Moving on F brings up how her to-do list is being a to-do list… She’s such an idiot, but does anyone remember when she made an AI Brand deal or something and to get her to do an AI list that she could do daily but of course has not obviously followed it unless her to-do list was to make coffee post about it every single morning and then just show photos of her backyard and her closet and her body checking . I definitely tried to skip days because it’s literally the same content… I don’t even remember what happened with her doing swimming lessons for the babies  .. it looked like it was a beautiful day and yet they did nothing.",4,1784615373.0,ffargosnark,0,0.84,False
1v2ac38,https://i.redd.it/9ive5gbo1jeh1.jpeg,A long awaited upgrade,Finally went from a stovetop kettle to the Timemore Fish Smart Pro and the ease in workflow is noticeable and its such a fun tool to use everyday. Completed my goal setup and looking at no further upgrades other than more coffee ! ,17,1784615348.0,pourover,3,0.96,False
1v2ac05,https://www.reddit.com/r/dutchbros/comments/1v2ac05/white_coffee_at_home/,White coffee at home,I’m obsessed with Dutch Bro’s white coffee drinks but I only have a regular coffee machine that uses ground coffee & k-pods… Anyone recreate it at home without it being watery? I’d love to buy the white coffee on the website but I don’t want to end up not being able to recreate it to be non biter/watery.,1,1784615338.0,dutchbros,0,1.0,False
1v2aanh,https://www.reddit.com/r/tifu/comments/1v2aanh/tifu_by_meeting_a_vlogger_and_thinking_their_wife/,"TIFU by meeting a vlogger, and thinking their wife was their daughter","I live in a tourist city, and it's not uncommon to see people with a public following visiting and sharing media and content from here, especially in the summer.

I was in the queue in a coffee shop over the weekend, and realised that the man two people in front of me was a vlogger/youtuber. He was with a younger woman (a cautious estimate at the time was that the man was in his mid-50s, and the woman was in her mid to late 20s), who I assumed was his daughter, or a family member.

Now, I don't actually consume this person's content myself, but my dad especially does watch what this person uploads most weeks, which is why I recognised him from thumbnails. We ended up all waiting for our coffees at the same time, so I did turn to him and said that my dad really enjoys his videos. He laughed, thanked me, and nudged the woman and said that he hadn't anticipated being recognised when he wasn't filming (to confirm, it's not like this was Mr Beast, this is someone with a small following). I joined in laughing, and said something about how if I was out with my dad and someone stopped him, I'd have been spooked as well. They both immediately stopped laughing, and he asked if he thought this was his daughter. I replied that I did, and asked if she wasn't. They both shook their heads, and she said that she was his partner of many years. Thankfully, their coffees came at that exact moment, so they grabbed them and took off.

I did some googling afterwards and from their Instagrams especially (which I'd never looked at before), they are clearly a couple. From the last birthday post, she has recently entered her 30s (to her credit, she did look younger in person), and he is in his 50s. Each to their own, nothing wrong with an age gap in a relationship, I just legitimately didn't process at the time that she wouldn't have been his daughter.

I mentioned the above to my dad, and he had a good laugh, but confirmed that she's been in a couple of his videos as his girlfriend. Hopefully I haven't ruined his favourite vlogger, but I know I'll never be able to sit through a video again without cringing!

TL;DR: met a vlogger, thought his partner was his daughter, embarrassed all three of us",28,1784615207.0,tifu,13,0.86,False
1v2aalh,https://www.reddit.com/r/fictionkin/comments/1v2aalh/yapping_about_my_memory_secret_agent_dbls_interact/,Yapping about my memory!! -secret agent [dbls interact],"***Tw: yumeship***

 

Selfcanon as secret agent.

I remember liking to talk with barney, it was fun, even tho I did stress when I was hiding him \^\^""

I also remember behing flirty with the other, even tho most of time it was to joke around !

I remember me & the security guard often taking coffee together & friendly fighting on who is the best at making sure everyone is safe lol

 I saw liz as a sister (maybe she was in my familly?)

For the picture of me protecting the head nurse, yes but its normal its my work :P

I  remember not trusting people easily

\[Even tho i did start trusting intern really fast\]

I remember behing silly, but still behing serious about my job.

I also remember behing kind & often letting the other take the coffee if they needed to & helping everyone with their shift if they needed help ! But rush (ambulance moment) used to give me headache cuz too many thing at the same time & scared to acsidently killed somone due to that !

I used to never brought snack to eat & after a while intern did saw it & he used to bring me healthy snack everyday, at frist I wasn't sure if I was safe but I did start to trust him more after that <3

I remember ofter a while me & intern (baige one) behing together! 

Ik I was possessive over him & didnt like when other was talking too much with him

\- ƧΣՇЯΣƬ ΛGΣПƬ

*\[If anyone want ive make a discord to play animal hospital in groupe & some of us are fictionkin!!\]*",3,1784615202.0,fictionkin,0,1.0,False
1v2a9ye,https://www.reddit.com/r/Londonfriends/comments/1v2a9ye/45m_happy_to_chat_meet_with_non_weirdos_who_enjoy/,"45M- happy to chat/ meet with non weirdos who enjoy a laugh, photography, beer, coffee.",,1,1784615141.0,Londonfriends,0,1.0,False
1v2a9wj,https://www.reddit.com/r/PhD/comments/1v2a9wj/suggestions_on_avoiding_the_great_post_lunch_slump/,Suggestions on avoiding the Great Post Lunch Slump,"People, basically what the title says - Any suggestions on avoiding the post lunch slump.

It is basically killing me. Any suggestion that is not a) Take a walk (tried up to an hour of walking, the mofo returns the moment I sit down) b) Eat light lunch (Switched to OMAD and eat only at night, but the afternoons are still terrible) or c) Sleep through it (Can't - work stuff) will be super helpful.  
Please save me!

Update 1 - It starts typically at 1-ish and lasts till 4-ish, peaking around 2.  
Update 2 - The while thought that this f\* will take away 3 prime hours of the day is also weighing terribly on me , of late.  
Udate 3 - Coffee isn't helping either. I start getting tremors from the amount of coffee I'm consuming to avoid this bastard, but here I am. 

Update 4- Thank you, all you kind and wonderful people! I mean it!! I was afraid of being told off, but all of you have actually given many useful pointers. ",7,1784615138.0,PhD,18,1.0,False
1v2a9hw,https://i.redd.it/1h5951gx0jeh1.jpeg,Za koje stvari ste promjenili misljenje kroz godine?,"Uvijek sam mislio da sam nocna ptica, al bit jutarnji tip osobe je 200 puta bolje ",50,1784615100.0,askCroatians,15,1.0,False
1v2a8pe,https://youtube.com/watch?v=lCDJQF19i-c&si=3j36DWw3IbL1ZJXW,Lotus Cupcake Cases | Why Bakers Choose Lotus Cupcake Cases deserves bea...,"# 🪷🧁 Lotus Cupcake Cases | ලෝටස් කප්කේක් කේස් | தாமரை கப் கேக் கேஸ்கள்

# ❓Which Cupcake Looks More Premium?

Imagine serving the **same cupcake** in two different cupcake cases...

🧁 **A** – Regular Cupcake Liner  
🪷 **B** – Elegant Lotus Cupcake Case

💬 **Comment A or B... Which one would you choose first?**

👇 We'd love to know what Sri Lankan bakers think!

# ✨ Lotus Cupcake Cases

🪷 **Size:** **5cm × 7cm**  
🎨 **Colours:** White 🤍 | Brown 🤎  
📦 **MOQ:** **400 PCS**

# ✅ Why Bakers Choose Lotus Cupcake Cases

✔ Premium flower-shaped presentation  
✔ Food-grade baking paper  
✔ Oil & grease resistant  
✔ Oven-safe for baking cupcakes & muffins  
✔ Makes cupcakes look taller and more attractive  
✔ Perfect for bakery displays, cafés, dessert tables, weddings, birthdays, and gift boxes

🎂 **A beautiful cupcake deserves beautiful presentation.**

# 🎉 Perfect For

🧁 Cupcakes  
🥮 Muffins  
🎂 Birthday Cakes  
💍 Wedding Dessert Tables  
☕ Cafés & Coffee Shops  
🎁 Gift Boxes  
🍰 Home Bakers & Professional Bakeries

📞 **Amithafz 0729622034**

🚚 **Order Online | Home Delivery Across Sri Lanka**

*Subtle Watermark:* ***Amithafz 0729622034***

# ❓Frequently Asked Questions

**Where can I buy Lotus Cupcake Cases in Sri Lanka?**  
Amithafz supplies premium Lotus Cupcake Cases with islandwide delivery for home bakers, cafés, hotels, and bakery businesses.

**Are Lotus Cupcake Cases oven-safe?**  
Yes. They are made from food-grade, oil-resistant baking paper suitable for baking cupcakes and muffins.

**What are Lotus Cupcake Cases used for?**  
Perfect for cupcakes, muffins, dessert tables, wedding desserts, birthday parties, cafés, bakery displays, and premium gift packaging.

# 🔍 Popular Searches

Lotus Cupcake Cases Sri Lanka  
Paper Lotus Cupcake Cases Wholesale  
Lotus Cupcake Liners Colombo  
Lotus Muffin Cups  
Cupcake Cases Sri Lanka  
Cupcake Holders Sri Lanka  
Paper Muffin Cups  
Oilproof Baking Cups  
Baking Liners Sri Lanka  
Tulip Cupcake Cases  
Premium Cupcake Cases  
Bakery Supplies Sri Lanka  
Cupcake Baking Cups  
Cupcake Packaging Colombo

# 💬 One Last Question...

**Which colour would you order today?**

🤍 White  
🤎 Brown

👇 **Comment your favourite colour below!**

# #Hashtags

\#LotusCupcakeCases #CupcakeLiners #BakingSupplies #SriLankaBakers #CupcakePackaging",1,1784615022.0,u_amithafz,0,1.0,False
1v2a7w4,https://i.redd.it/5mfvdw9h0jeh1.jpeg,Under Caution distance and speed from AMR Safety Crew?,"This was CLOSE to the sweeper train. Im not singling out Scotty Mac, it was just his on board during live. Im sure others were trying to close up the pack. But here he was this close and accelerating to 135 next to the front sweeper. 

Are there rules for speed and distance from safety crews?",16,1784614945.0,INDYCAR,4,0.87,False
1v2a75p,https://www.reddit.com/r/BataanConfessions/comments/1v2a75p/m4f_coffee_date/,m4f coffee date,"Hi, I’m m20 3rd yr engrng student looking for friend who's down for random chats, late-night conversations, coffee date or whatevs, ja dm.",1,1784614876.0,BataanConfessions,0,1.0,False
1v2a72d,https://www.reddit.com/r/IndiaCoffee/comments/1v2a72d/need_help_with_breville_express/,NEED HELP WITH Breville Express,"So I got a breville express about a month ago and i've been trying to make a good coffee with it. For some reason despite watching multile vidoes, trying multiple times I still cant pull a good shot. My shots are always watery with barely any crema. Idk if im doing smth wrong with my process but Im quite sure im not or if its a problem with my beans. Ive tried multiple different BT coffee beans but I ordered it from instamart/blinkit. Can someone please suggest a good BT coffee for like not really bitter shots. If that is not the problem pls run me through how I can pull good shots. I have been trying to maintain consistent shots by using a scale, adjusting my grind size but nothing seems to be working. ",1,1784614867.0,IndiaCoffee,0,1.0,False
1v2a582,https://i.redd.it/80lz0o6jzieh1.png,"Mid-week check-in: what window are you running, and what's the ONE habit keeping you consistent?","It's Tuesday — the part of the week where the Monday motivation has worn off but the weekend's still far away. Perfect time for a community check-in.

Drop three things in the comments:

1. **Your window right now** (16:8, 18:6, OMAD, or ""still figuring it out"")
2. **Your current or longest streak** — brag a little, you earned it
3. **The ONE anchor habit that keeps you consistent** — the small thing that makes the difference. Mine is black coffee at the exact same time every morning; it basically starts the clock in my head before the app even does.

No wrong answers here — a clean 14:10 you actually keep beats a perfect 20:4 you quit by Wednesday. I'll go first in the comments, and I'll be reading every reply today.

Curious what the r/AtomicFast anchor habits look like when we put them all in one place.",1,1784614696.0,AtomicFast,0,1.0,False
1v2a3n7,https://i.redd.it/um9ocdx9zieh1.gif,More Gre content!!,Coffee. ,4,1784614549.0,WebSticks,4,0.84,False
1v2a2nr,https://www.reddit.com/gallery/1v2a2nr,What are these tiny bugs?,"They keep showing up in the corner of this one cabinet where I keep my coffee beans. They don’t look like any termite I’ve seen and they move so it’s not mouse poop.

I’m located in central California and they’re a little bigger than a grain of rice. ",1,1784614459.0,whatsthisbug,3,1.0,False
1v2a1gb,https://www.reddit.com/r/IndiaCoffee/comments/1v2a1gb/coffee_beans_suggestions_pls/,Coffee beans suggestions pls,"Helloo everyone, im looking for some good beans suggestions pls help . I like my coffee black and with milk on alternating days (usually) i have so far tried araku signature , vienna roast by BT , ratnagiri by dancing goat and silver oak and attikab by blue tokai .   
Im not very found of bitterness and chocolate and a bit ot sweeter taste is something i prefer if u know of some good suggestions pls drop them .thanku. ",1,1784614346.0,IndiaCoffee,3,1.0,False
1v2a0w3,https://www.reddit.com/r/omad/comments/1v2a0w3/i_am_starting_my_omad_journey_again_advice_welcome/,I am starting my OMAD journey again. Advice welcome!,"I have decided to start doing OMAD again. I did it like 3 yrs ago and it was the weight loss technique that suited me the best in the past, even though no one around me really liked it. But I think I know what's best for me in the end. Even though I did it once I am by no means a pro.

Since the last time I did it, I gained **a LOT** of weight.... again. Fully my fault. I wasn't really taking care of myself anymore and I should have been kinder to my body. But last week I had a wake-up call, and I had to tell myself to stop and finally do something about it. I'm actually really excited about it, and because I don't have much support from people around me, I'd just love to rant a little.

For context: I'm a (soon-to-be) 27F, 5'5"", 185 lbs. My first goal (but definitely not last) is to get under 154 lbs.

I slowly started adjusting over the weekend and fully started yesterday on Monday. It actually felt so good! I thought I would struggle because I'm used to having lunch at work, but it went great. I felt really good. I don't want to jinx it but I'm actually confident that as long as I stay focused on my goal and keep my mind strong against temptations, I'll be okay.

I've decided to do OMAD only five days a week because my husband doesn't really like this kind of IF. (He knows about it but he hates to ""see"" me doing it.) We have an agreement that I can do whatever I want as long as I'm not starving myself or doing anything unhealthy in general. So during the work week I'll do my own thing, we'll have dinner together, and then on weekends I'll have lunch (maybe a snack) and dinner like normal(?) people do. I've never really eaten breakfast for as long as I can remember, though and I am not planning on starting now.

I know how to count kcal and macros so it's not like I'm going into this completely blindly. I even bought an app (which might sound silly or useless to some people) but it helped me extremely in the past so I wanted to use it again. It makes me feel like I have better control when I can see everything written down. It also helps me plan ahead.

As for temptations, thankfully I've never really been a sweets person, so missing out on chocolate, ice cream and things like that isn't really a problem. I do like salty snacks though, f.e. potato chips or pretzels. But I honestly I think I can give them up easily. I also completely cut out alcohol. I mean, it was never anything excessive. I only drank socially at parties or special occasions and maybe had a beer with a meal every now and then. I mostly drink water anyway, so that's another plus. I do love having a coffee once or twice a day though.

I'm definitely not fit, so about a month ago I also started doing strength training twice a week with a personal trainer because I have no idea what I'm doing on my own and I want to learn proper form. During the rest of the week I use a walking pad for about 25 minutes a day for now. I have some medical issues with my feet and legs, so sometimes it's hard to do more. And again, I'm just not as fit as I should be. But I plan to slowly increase my walking time and, once I know what I'm doing, start doing strength training on my own as well.

Thank you for coming to my rant. I feel like when I'm able to write my thoughts down in a community of people who are doing the same thing, it makes me even more confident that I can do this. So I hope it's alright if I pop in once in a while just to say hi. I'd also love to hear your thoughts, advice, or anything you think might help me along the way!",2,1784614294.0,omad,0,1.0,False
1v2a0vs,https://www.reddit.com/gallery/1v2a0vs,My first coach bag!,"Hi everyone! this is my first ever coach bag and I thrifted it. It is so cheap that is why I bought it even though there are stains like from ballpen, coffee or just from using it maybe. Are there any DIY remedies to clean these canvas stains?",2,1784614293.0,purses,0,1.0,False
1v2a0c8,https://www.reddit.com/gallery/1v2a0c8,My first coach bag!!,"Hi everyone! this is my first ever coach bag and I thrifted it. It is so cheap that is why I bought it even though there are stains like from ballpen, coffee or just from using it maybe. Are there any DIY remedies to clean these canvas stains? ",6,1784614246.0,handbags,3,1.0,False
