id,url,title,text,score,created_utc,subreddit,num_comments,upvote_ratio,over_18
1vg56dl,https://www.reddit.com/gallery/1vg56dl,"BARC (Houston, TX) 8/3 and 8/4 List Update. Please share","Hopefully best news first.

\## Tagged by a rescue:

8/3

\- Lina

\- Pearl

\- Remie

8/4

\- Andy

\- The Coffee Pups: Latte, Mocha, Nitro

\- Gracie

\- Samba

\- Shonda

\## Adopted:

8/3

\- Lucas (a.k.a. Lucy)

8/4

\- Misty

\- Patty

\*\*Moxie\*\* was returned to her pack.

\## Extended to 1pm CT, Wednesday, 8/5:

 \*\*Bruno\*\* (11M male Staffie-mix puppy, A2087656) - https://redd.it/1vf8p5e/

 \*\*Bucky\*\* (5Y male Labrador mix, A2087718) - https://redd.it/1vexmv8/

 \*\*Cici\*\* (3Y female Staffie mix, A2087299) - https://redd.it/1vfdqud/

 \*\*Conde\*\* (2Y male Australian Cattle Dog mix, A2088111) - https://redd.it/1vdnvds/

 \*\*Ellie\*\* (1Y5M spayed Siberian Husky mix, A2044728): Someone said they wanted to adopt her, so a rescue tagged her. The application never came. If no application comes on Wednesday, 8/5, by 11am, the rescue will drop the tag instead of picking up Ellie. Most likely, BARC will euthanize her. Please share! - https://redd.it/1vfv898/ See comments for a photo.

 \*\*Guera\*\* (9Y spayed Staffie mix, A2088900) - https://redd.it/1veu545/

 \*\*Marty\*\* (6Y male Anatolian Shepherd mix, A2088127) - https://redd.it/1vewjr6/

\## These fur kids lost their lives:

8/3

\- No one

8/4

\- Janis

\- Lacey

\- Rizzo

\- Stanley

\- Wolfy

\- Rocco

I include the photos of the lost that they might be better remembered.

The last image appears in honor of all the many unknown, nonhuman and human, who have suffered or are suffering in the Texas Pet Overpopulation Crisis, now further complicated by the New World screwworm outbreak. You do exist. Although I haven't the data to honor you individually, you are not forgotten.

The profiles for the 7/30 list are already posted, and there are a lot of them. Many are puppies. All the ones we have will be in r/findfostersfordogs as fast as we can post them. Please take a look and see if there isn't one that would be prefect for you or someone with whom you can share the post.

If you are interested in a dog, DM u/lingeringneutrophil, u/BanditY77, or both immediately! Then clear your schedule. There is no time for \*anything\* but rescuing the dog. I have a guide you might find helpful.

https://redd.it/1sy6v1t/

Don't forget the many wonderful dogs on the long-stay list:

https://www.houstontx.gov/barc/barcdata/BARC\_LOSV2.1.pdf

This list is not as up to date as BARC implies. While it is updated every hour, a lot of dogs who are gone, one way or another, are still on there. If you do see a dog you are interested in, please DM lingeringneutrophil or BanditY77.

If they're not on tomorrow's list, they soon will be.

The last dog, Rocco, was euthanized yesterday at Apple Valley in San Bernardino, Calif. He had an adopter who ghosted at the last minute.

Poor Ellie is in a similar plight but still alive.

Someone said they wanted to adopt her, so a rescue tagged her. The application never came. If no application comes on Wednesday, 8/5, by 11am CT, the rescue will drop the tag instead of picking up Ellie. Most likely, BARC will euthanize her.

https://redd.it/1vfv898/ See a video clip in the comments.

If you can adopt Ellie, please contact one or more of the following networkers: u/BanditY77, u/lingeringneutrophil, u/holly\_holly\_holly, u/ohiobaker, or u/fugueink.

Thank you!",2,1785930706.0,findfostersfordogs,0,1.0,False
1vg55fs,https://www.reddit.com/gallery/1vg55fs,Il miracolo economico capitalista:,,1,1785930631.0,SinistrITA,0,1.0,False
1vg558g,https://i.redd.it/oph0p7umojhh1.jpeg,Morning Mom,,1,1785930612.0,DMHMemes,0,1.0,False
1vg5512,https://www.reddit.com/r/QuezonCity/comments/1vg5512/thoughts_on_sgd_cafe/,Thoughts on SGD Cafe,"I'm currently on the hunt for cafés na may fast Wi-Fi and maraming saksakan since I usually study and work outside.

I saw SGD Coffee included in My360PH's Top 10 Cafés with Wi-Fi and Sockets, and they even had a virtual tour, so I already got a glimpse of the place before visiting.

For those who've tried it, anong food and drinks ang worth ordering? Any must-try recommendations? I'd love to hear your favorites before I go. ☕💻",1,1785930596.0,QuezonCity,0,1.0,False
1vg54ni,https://www.reddit.com/r/SwordAndSupperGame/comments/1vg54ni/twisted_things_and_more_coffee/,Twisted Things and More coffee!,This post contains content not supported on old Reddit. [Click here to view the full post](https://sh.reddit.com/r/SwordAndSupperGame/comments/1vg54ni),1,1785930566.0,SwordAndSupperGame,0,1.0,False
1vg54dc,https://www.reddit.com/gallery/1vg54dc,Bailey and Shanti webcomic by [BoskoComicArtist] OC’s by me [RWproduction-93],"In this issue, Shanti gets too carry away with her pranks on her neighbor Pastor Bailey. Shanti replace his coffee with hot sauce in his Huckleberry Hound coffee cup “Keeping the tradition Bailey and Shanti is part of the Hanna Barbera Universe.” Pastor Bailey gets annoyed shouts SHANTI! As he is chasing Shanti with a broo., We cut to Amos Cricket, “A Parody of Jiminy Cricket.” He’s a down on his luck cricket looking for a job. When he spots Shanti annoying Pastor Bailey this gives Amos an idea to be Shanti’s consciences. Amos forces Shanti to be nice to Pastor Bailey and do nice things for him even forcing her to wear the original Pinocchio hat. Overtime this causes Shanti to become mentally into insanity by Amos’s presences, so she finally snaps chasing him to squash him with a broom.

Bailey and Shanti is Satire and not meant to be taken seriously.

The word Consciences is spelled Coscience in the title sequence and page 4 is a typo.

Source: https://www.deviantart.com/boskocomicartist/art/Commission-Coscience-of-Insanity-page-1-1346619091",1,1785930542.0,webcomics,1,1.0,False
1vg547i,https://www.reddit.com/r/AustinMusicians/comments/1vg547i/musicianvocalist_looking_for_rb_hiphop_rap_or/,"Musician/Vocalist Looking for R&B, hip-hop, rap, or funk Producer","I’m a vocalist/songwriter in Austin looking for a producer who’s interested in building **original R&B, hip-hop, rap, and funk** music together.

I’m **not** looking to simply buy beats or book studio time. I’m hoping to find someone who enjoys collaborating from the ground up—brainstorming ideas, developing melodies, writing hooks, refining songs, and hopefully building a long-term creative partnership if the chemistry is right.

My goal is to write music with real commercial potential, so I’m looking for someone who’s ambitious, open to honest feedback, and excited about creating something special.

If that sounds like you, send me a DM with a little about yourself and a few examples of your work. I’d love to meet up, grab coffee, and see if we’re a good fit creatively.",1,1785930527.0,AustinMusicians,0,1.0,False
1vg53q3,https://www.reddit.com/r/coffeelife/comments/1vg53q3/office_coffee/,Office Coffee,"So I just started penning some lyrics for a number some of you office workers might relate to. Would love any feedback but it's just for laughs really.

\*It's morning and it's five AM\*  
\*Still dark outside, so tell me when\*  
\*It's time to suit up and depart\*  
\*Oh wait today's an early start\*  
\*We go in an hour early\*  
\*Anyone would think that surely\*  
\*If our time is to be confiscated\*  
\*We'd be a little compensated?\*  
\*But before you claim we are not\*  
\*Did I tell you about the Arnott's\*  
\*And they have fruit delivered weekly\*  
\*Just to supplement how cheaply\*  
\*We are paid for visibility\*  
\*Not for our ingenuity!\*

\*Office coffee\*  
\*Office coffee\*  
\*Try the cookies\*  
\*We have toffee\*  
\*Who needs leisure\*  
\*We have foosball\*  
\*We have ping pong\*  
\*And amuse-bouche\*

\*So I'm sitting here on Facebook\*  
\*'Coz no cameras are facing\*  
\*This direction where I'm sitting\*  
\*So I could be doing anything\*  
\*But hey I got here first\*  
\*And so I'm most productive, worse\*  
\*Than most other employees here\*  
\*But they don't have my skilled veneer\*  
\*I might have a conversation\*  
\*With a colleague or a nation\*  
\*It's undoubtably related\*  
\*To the job description stated\*  
\*On that thought I need a coffee\*  
\*So much musing has me drowsy\*  
\*I've done so much work today\*  
\*That I deserve a fairer pay\*

\*Office coffee\*  
\*Office coffee\*  
\*Try the meetings\*  
\*They're so frequent\*  
\*Are you free to\*  
\*Discuss teams and\*  
\*Howdy Dave, how's your week?\*  
\*Where was I... KPIs!\*

\*I've been given a description\*  
\*Of some feature they want written\*  
\*It's not worded very clearly...\*  
\*I'll just fill the holes with really\*  
\*Sensible and well-thought-out decisions\*  
\*I know it might not match the vision\*  
\*But the vision is not coherent\*  
\*But it has a great appearance!\*  
\*And of course it comes back to me\*  
\*With a new description. Who needs\*  
\*brains when you have uninhibited\*  
\*Innovation being contributed!\*  
\*And I am just a monkey\*  
\*Typing Shakespeare at my funky\*  
\*Scratched up desk in a dark corner\*  
\*Looking at some guy in a neck warmer\*

\*Office coffee\*  
\*Office coffee\*  
\*I want big font\*  
\*I said small font\*  
\*Yes I don't want\*  
\*Did you hear wrong\*  
\*It's a team song\*  
\*Let's sing along!\*",1,1785930484.0,coffeelife,0,1.0,False
1vg52xc,https://www.reddit.com/r/Agentic_Marketing/comments/1vg52xc/i_built_an_ai_skill_that_turns_a_url_or_raw/,I built an AI Skill that turns a URL or raw footage into an editable finished video,"Timeline Studio just received a major upgrade.

You can give the AI a website URL, images, video clips, or raw footage. It analyzes the content, plans the story, creates a natural voiceover, generates synchronized subtitles, selects the right scenes, and adds professional zooms, highlights, and visual guidance.

For website demos, it can explore public pages, identify the most important features, and turn the experience into a polished promotional video. If login is required, it asks before continuing instead of guessing what the product does.

The result includes both:

* A finished video ready to publish
* An editable `.timeline` project with separate scenes, subtitles, voice clips, music, and effects

Each voiceover sentence is linked to its corresponding subtitle, so you can update one line without rebuilding the entire video.

The goal is simple: generate a strong first cut in the time it takes to drink a coffee, while keeping everything editable for future revisions.

GitHub: [https://github.com/MartinDelophy/ai-video-editor](https://github.com/MartinDelophy/ai-video-editor)

It’s open source, and feedback or contributions are very welcome!",1,1785930419.0,Agentic_Marketing,0,1.0,False
1vg51z9,https://www.reddit.com/gallery/1vg51z9,What should i get 🤔🤔🤔,,2,1785930339.0,PHFoodPorn,3,1.0,False
1vg51pg,https://i.redd.it/8xwumhzqnjhh1.jpeg,enjoy your coffee and have a great day,,3,1785930317.0,Olivesplace,1,1.0,False
1vg51ne,https://www.reddit.com/gallery/1vg51ne,Helpful Little Guys (Mini Comic),"Woulda been better with the guy attached but sometimes we should be more specific, right?

On human starships like E.V.E. Nazareth, robotic friends are actually very uncommon. May be because human robots are notoriously frustrating to interact with, or it may be that the ship usually has stuff handled. Out of all CAS systems, humans spend the most on their fleet, and you’d bet that a top of the line vessel like Nazareth really wouldn’t need the extra help.

Well.

While Mankind Skyward (the Department of Human Space Affairs) can manage the equipment the ship is deployed with, they cannot stop crew members from bringing personal items.

Seems like one of the Skivi engineers figured she’d bring along some of her homeworld’s favourite inventions. Nida.

So named because all you have to say is “I need a,” and they are all over it. Usually that’s something helpful like a wrench or cup of coffee. On a skivi ship, all the little tunnels and conduits are too dense for heavy toolboxes, so it makes sense.

On a human vessel, not so much sense. 

Well, the engineer just let them roam free, and it didn’t take very long for things to go out of control.

If you’d asked me, I woulda guessed the cyborg war machines woulda caused more issues. Maybe I’m just a pessimist, though. 

I do wonder how it got the hand off.

——————

Honestly, I like the comic format. It’s hard to convey a sense of a world through a single image, and this project doesn’t really have the 8-hour-drawing vibe. These little humour bites are fun though, so if people like them, I’ll probably keep them going. 

There are so many stories to tell for this universe, so feel free to ask questions. Im sure some of them will have funny answers.",2,1785930312.0,worldbuilding,0,1.0,False
1vg502a,https://www.reddit.com/r/pourover/comments/1vg502a/espresso_machine_people_what_made_you_switch_to/,"Espresso machine people, what made you switch to pour over?","I am happy with my espresso machine but lately I feel this urge to add pour overs to my coffee routine. 

My husband says it’s redundant. Wondering if the pour over community could give me some insights. If you have both an espresso machine and pour over device, what’s your daily driver? Which do you use more often? ",1,1785930183.0,pourover,2,0.67,False
1vg4zrx,https://www.reddit.com/r/helicopterparents/comments/1vg4zrx/avarage_argument_with_my_mom_she_yells_at_me_on_a/,Avarage Argument with my mom she yells at me on a daily basis,"Im (M)18 I asked if my mom was okay she said no I asked if she wanted to talk about it she said no I said ""I tried"" BC she mentions how I never try to be there for her even though every time I've seen her cry about enything I sit with her for hours and comfort her she then said ""you didn't need to offload all your problems on the family just because you got back from doing something you shouldn't of done "" she's talking about when I was gone for my partners grandmothers funeral and stayed the night somewhere else I did ask her if it was okay and she said yes she never gave me signs she didn't want me to go I even told her my plans over text she didn't look at the messages until I got back enywase in response I said "" I didn't mean to"" she then told me ""I can cry too I can't believe U mention Ur suicidal when it suits you"" I said "" I was trying to talk to U about how mean things U say can affect how I feel I mentioned that BC I was explaining that I can't always cope with things like that very well I'm not entirely blaming you for my mental health"" she then changed topic to ""you know no one was there for me and U took kody to the art gallery and eoghan and dad after we went and agreed to spend more time together "" side note she left the art gallery after an hour to smoke than decided to call dad and go home we planned to be there for longer and get a drink after at a local pub TBF she did get a coffee there at the gallery I said in response ""we did spend more time together I would sit for hourse with U while U smoke everyday before moving hier (for context family recently moved house) and every time I notice Ur sad or even crying I offer to sit with U and talk to U about it "" side note alot of these times she'll blame me for someone being angry with her for example the reason why dad argued with her about money is because I ask for things and she'll tell me that she's protecting me from him while most the time my dad's ennoyed about paying for weed for my mom she then asked me ""why "" there was awkward silence and I said why? Then she said ""why did you cause such an issue yesterday "" because when I came home yesterday I tried to ask her to be nice to me BC I struggle with self harm and my own image but that steamrolled into her lecturing me about how I'm not doing the right things and I said I didn't mean to and then she said she needed to nap so I went to my room 

 I've been using JADE as a way to de-escalate arguments but I feel like I'm disassociating and when I get away from the argument I struggle doing anything and things I enjoy like reading about biology and painting is difficult to focus on BC it's like the argument repeats in my head I can give myself time to away from distractions to think but then I just zone out for ages I want to be able to let go do you have any advice",1,1785930161.0,helicopterparents,0,1.0,False
1vg4zlj,https://www.reddit.com/r/ADHD/comments/1vg4zlj/i_dont_know_anymore/,I don't know anymore...,"Tldr: forgot why I started writing this, maybe to vent, I dunno. Any wise sages who have some wisdom to share?

Man this is gonna sound maybe heavier than it is, I'm feeling horrible from drinking to much coffee and being very wired but tired. 

But the truth of the matter is, I really don't know anyway. I've been at home without structure for some 2 months now in the vacation period. School starts in september and im looking forward to it. But in the meantime I feel like the days are passing me by. I go to the gym, go for walks, meet with friends when I can, do all the things what an adult should do, and yet I'm bored out of my freaking mind and the days last sooo long. 

Medication has also been on the top of my mind constantly the past few weeks. I tried everything. Vyvanse made me wired, but without any ability to direct the energy. Ritalin made me depressed. Atomoxetine even at 25-40mg i had extreme sweating and I didnt feel like myself. And now im trying to survive in coffee which is basically the same as vyvanse to me, energy without any focus. 

Im on the phone right now waiting for my GP. I'm gonna ask him for a referral to an ADHD specialist. Cause surprisingly after 29 years no therapist ever thought it a good idea to look at my adhd specifically except for giving me medication. 

Oh well, time to go to the gym and blow of some steam before I lose my mind. ",1,1785930148.0,ADHD,1,1.0,False
1vg4z3e,https://www.reddit.com/gallery/1vg4z3e,Difference in taste.,"So, I have been drinking this milk since 2018, and I ordered from Zepto since it was on discount. They gave me the taller pack, and my morning coffee for the next 10 days was ruined. I bought a milk pack from a local store, and guess what? The taste is restored.

Basically, the taller one from Zepto smells and tastes like chemicals—yuck—and the one I bought is normal. I don't know if that taller pack is fake or a manufacturing fault.

What do you think?",2,1785930107.0,AmulPagalHoChukaHai,0,1.0,False
1vg4yzj,https://www.reddit.com/r/gaggiaclassic/comments/1vg4yzj/is_this_old_gaggia_a_good_buy/,Is this old Gaggia a good buy?,"I want to get myself a proper espresso machine at home. I have been looking at the Gaggia Classic, but the used ones are almost the same price as a new one in Norway. The cheapest new one I can find in Norway is 5091 NOK, around 460 EUR. However I have found an old Gaggia Coffee for only 950 NOK, which seems almost not used at all. However I am not sure if it is too old and if I buy it I will still end up buying a Gaggia Classic after all?  
Here is the link to the advert: https://www.finn.no/471647805",1,1785930100.0,gaggiaclassic,0,1.0,False
1vg4yhj,https://www.reddit.com/r/migraine/comments/1vg4yhj/chronic_migraines_restarting_after_3_years/,chronic migraines restarting after 3 years 🥲,"Hi all,  
I need some help!! :(

I started getting migraines when I was mid teens due to hormonal issues. I had frequent attacks during high school and until I got pregnant. Each pregnancy I’ve had while I’ve been pregnant the migraines have significantly reduced. But whenever my cycle returns it comes straight back also.

Most recently my cycle didn’t return until 2 years postpartum (it was bliss). Since the 28th of June I’ve had 20 attacks, and one ED visit.  When I went to ED I had a ct scan which was clear, and I’ve had multiple mris and blood tests all of which are fine.

In the last two years I’ve been diagnosed hypermobile (by my physio, who things it might be hEDs) with AuDHD, and suspected pots and mcas. I also have significant anxiety/ contamination stress, depression and a lot of stress with kids with health issues. It’s all related…

These attacks are really aggravated by movement and posture changes, and looking when it’s bad. But I work on computers which makes it hard.

I am very sensitive to prescriptions (I tend to get the worst side effects), and don’t like taking paid meds unless I have too… when I have an attack my usual treatment is 900mg aspirin, 2x Panadol, 1x ondance, and a coffee of Diet Coke, and lick of salt.

Idk what to do. I have to function bc I have three children, a relationship, a job, studying etc.

When I’ve spoken to my gp before she doesn’t say much bc the scans and bloods are fine. The advice is to just “take it easy”… but I don’t want to?",1,1785930056.0,migraine,0,1.0,False
1vg4y9u,https://i.redd.it/k0ok4plxmjhh1.jpeg,ENGL Ironball - help dialing it in,"Just picked this up and its clean channel tone is !!!! wow awesome, but its lead channel tone seems pretty, I guess darkly voiced is how I’d describe it more so than bass-y. It really tamps down all the highs no matter how I have anything else set. Good for chuggy worse for thrashy. If you have this amp or are familiar with it, any advice/tips? 

My TS9 literally just crapped put on me before I could try it and that was the only distortion pedal I had so oops. I have an MXR 6 band EQ I could put in its fx loop, and I got a Silencer noise gate to try, realized it has its OWN fx loop so that’s a little confusing, I did my best figuring out the signal chain but there’s some cable-pedal salad going on 

And if some amp/tone wizard in this group has Discord and could hop on a video call to help me figure it out that would be sweet, I’ll buy you a cup of coffee. My un is serenitynurse ",1,1785930040.0,metalguitar,1,1.0,False
1vg4xqz,https://i.redd.it/haxpjmrpmjhh1.jpeg,Camping in the Berkshires,My morning coffee outside is my favorite part. ,5,1785930000.0,GoRVing,0,1.0,False
1vg4x0f,https://www.reddit.com/r/punemeetup/comments/1vg4x0f/hinjewadi_connect/,Hinjewadi Connect,"Looking for the reason to stop saying ""I'm just here for work."" 😌 23M | Hinjewadi | Into good conversations, late-night drives, and spontaneous coffee dates. If you're cute, kind, and can match my energy, my DMs are open.",1,1785929939.0,punemeetup,1,1.0,False
1vg4wiu,https://www.reddit.com/r/PointlessStories/comments/1vg4wiu/banana/,...banana,"I stood under the fluorescent hum of the 24-hour convenience store on Elm and 9th on a damp Tuesday evening in late October. The automatic doors sighed behind me like they were already tired of my presence. I’d come for milk. I left with a single banana.

It wasn’t an ordinary banana. It was the last one in the bunch, curved more dramatically than its vanished siblings, its skin a perfect gradient from pale green near the stem to a soft, almost apologetic yellow at the tip. A tiny brown freckle sat just above the middle, like a beauty mark that had decided, at the last moment, not to commit. I paid with a wrinkled five-dollar bill and received three dollars and twelve cents in change, which I immediately dropped into the plastic tip jar labeled “College Fund (Probably Not).”

Back in my third-floor walk-up, the apartment smelled of old carpet and the ghost of last week’s takeout. I placed the banana carefully on the Formica counter, exactly three inches from the edge, parallel to the coffee maker that had stopped working in 2019 but still occupied the same proud spot. I adjusted it once. Then again. The freckle faced the window.

Outside, a distant siren wailed and then gave up. A neighbor’s television laughed at something unfunny. I boiled water for tea I would never drink, stared at the banana for eleven full minutes, and felt, for no reason I could name, a quiet sense of completion.

I turned off the kitchen light.  

I walked down the short hallway.  

I brushed my teeth with the same medium-bristle toothbrush I’d owned since the divorce.  

I got into bed.

The banana remained on the counter, untouched, unpeeled, perfectly ordinary, waiting for a morning that would treat it with the same polite indifference as every other morning.",1,1785929898.0,PointlessStories,0,1.0,False
1vg4wce,https://www.reddit.com/r/MakeNewFriendsHere/comments/1vg4wce/20f_dms_open_arab_u_can_try_guessing_where_im/,"20f dms open, arab, u can try guessing where I'm from it's pretty easy","I'm currently drinking a really good iced coffee (that I made myself)     
I don't know what else to write here 

I like reading but haven't found a good book in so long so if you have suggestions I'm open    
I don't think I'll keep up a long term friendship here, just looking for a nice convo and that's it

I like cats but don't have one, if you have one send a piccc

No nsfw and if ur account is marked nsfw I won't accept your request ",1,1785929881.0,MakeNewFriendsHere,7,1.0,False
1vg4vxp,https://www.reddit.com/r/kolkata/comments/1vg4vxp/what_are_the_best_cafes_in_town/,What are the best Cafes in town?,"Hi,

Wanted to reach out to the Reddit community. What are the best cafes in town that I can enjoy good coffee and a decent food?

I live in Boston. Visiting Kolkata after 10 years.

Thank you all.",1,1785929848.0,kolkata,1,1.0,False
1vg4vle,https://www.reddit.com/gallery/1vg4vle,Cute Cafe by Sea Side,,4,1785929818.0,urbansketchers,0,1.0,False
1vg4vgs,https://www.reddit.com/r/EndTipping/comments/1vg4vgs/i_accidentally_tipped_25/,I accidentally tipped 25%,"Hello everyone,

I stopped at a coffee shop today and ordered my usual drink. When it was time to pay, the card machine showed the tip options.  I was trying to move to the next screen as quickly as possible because there were people waiting behind me. Instead of hitting ""Next,"" I accidentally tapped the 25% tip button.

The payment went through before I even realized what had happened.

I didn't say anything because it was my mistake, and I wasn't about to ask for the money back. But it got me thinking about how these payment screens are set up.

The biggest buttons are usually the tip options, while ""No Tip"" or ""Skip"" is often smaller or in a different place and when you're in a hurry , it's surprisingly easy to tap the wrong thing.

I wantto know if this has happened to anyone else. What did you do?

",3,1785929806.0,EndTipping,2,1.0,False
1vg4v5b,https://www.nbcnews.com/select/shopping/keurig-ksupreme-coffee-maker-deal-of-the-day-2026-rcna590856,[Top Stories] - This quiet and compact Keurig coffee maker is under $90 for a limited time | NBC,,1,1785929778.0,AutoNewspaper,0,1.0,False
1vg4v3p,https://www.nbcnews.com/select/shopping/keurig-ksupreme-coffee-maker-deal-of-the-day-2026-rcna590856,[Health] - This quiet and compact Keurig coffee maker is under $90 for a limited time | NBC,,1,1785929775.0,AutoNewspaper,0,1.0,False
1vg4upz,https://www.reddit.com/r/HelpMeFind/comments/1vg4upz/asmr_massage_video/,ASMR massage video,"Hi! Could you please help me find a massage video creator on YouTube? I used to watch him about 1 year ago. I remember this was a young, thin asian man. He would do mostly face and head massage videos on other males. He was based out of the Philippines or Vietnam (leaning more towards Philippines). He also had a link in his description that said something along the lines of”buy me a coffee” and i believe it was a link to patreon or something like that. He would work from what looked like a hair salon. He was not super popular his videos would get about 4k views, and they were about 10 minutes long. I know this is not enough descriptors but it is all I can remember, thank you. ",1,1785929743.0,HelpMeFind,2,1.0,False
1vg4upi,https://www.reddit.com/r/ReviewJunkies/comments/1vg4upi/folk_crm_app_review_the_top_crm_platform_for/,Folk CRM App Review 🤝 The Top CRM Platform for Business Relationship Building Success?,"Thanks for checking out our **Folk App review** ...

Most business owners have been there—drowning in spreadsheets, forgetting to follow up with clients, and managing contacts like we’re organizing a neighborhood garage sale.

Running a small business or startup is tough enough without juggling a million platforms to keep everything on track. The [Folk App](https://ecowebdesign.co.uk/folk-app-official) offers the promise of a **simple CRM software** that centralizes contacts, emails, and pipelines all in one place.

If you're tired of constantly dropping the ball, mentally and physically, this CRM could be your saving grace.

[](https://preview.redd.it/folk-crm-app-review-the-top-crm-platform-for-business-v0-oxu0b02ebnwd1.png?width=800&format=png&auto=webp&s=f6e90ee1abef6552f316a7633dd69985dee84d94)

See: Where to try below ...

But does it live up to its claim to be the **best CRM for small businesses** or startups? We took a look under the hood ...

# Product Overview

* **Product Name**: Folk App
* **Category**: Pro CRM Platform
* **Overall Verdict**: 4.6/5

# Detailed Product Analysis

# Ease of Use and Setup

When I say **Folk CRM** is **user-friendly**, I mean it. If setting up a CRM feels like scaling Everest to you, Folk’s clean interface will feel like a nice walk in the park. The **simple CRM software** vibe is strong here, and the setup is about as easy as making toast.

You can sync your contacts directly from Gmail, Outlook, or even use that trusty old CSV file that’s been collecting dust. The **FolkX Chrome extension** lets you scoop up contacts from LinkedIn faster than your morning coffee kicks in. Now, if that’s not efficient, I don’t know what is.

# Contact Management Features

Let’s face it: managing contacts shouldn’t be harder than managing a toddler’s birthday party. **Folk CRM** makes this part smooth, even adding **contact enrichment** to fill in missing details. You can [create different groups](https://ecowebdesign.co.uk/folk-app-official) for **relationship management**—clients, investors, prospects—so nothing slips through the cracks.

This is hands down one of the **best CRM for startups**, especially if you’re trying to manage everything with minimal stress.

# Email Campaigns and Personalization

You know that thing where you’re sending the same email to 100 people but trying to make it feel personalized? Folk’s **CRM for email campaigns** is a life-saver for this. It lets you send personalized bulk emails, and even better, it includes **CRM with email automation** features to track responses and schedule follow-ups.

You can also pull dynamic fields like names and job titles into your templates so you look like a personalization wizard. Plus, thanks to **Folk CRM integrations** with Gmail and LinkedIn, everything is tracked without the need to switch tabs every five seconds.

# Pipeline Management

Every good CRM needs solid **sales pipeline CRM** tools, and Folk delivers with customizable pipeline stages. It’s simple but effective for small businesses that want to keep an eye on where each deal stands.

Now, I’ve seen better analytics when comparing **Pipedrive vs Folk CRM** or even **Folk CRM vs HubSpot**, but for most startups, this will more than get the job done. You can easily track deals and nudge your prospects down the line.

[](https://preview.redd.it/folk-crm-app-review-the-top-crm-platform-for-business-v0-0jdfezwjbnwd1.png?width=2048&format=png&auto=webp&s=41e0eca9d6db8708aa2eb44900bd2ebe8227eb76)

See: Where to try below ...

# Integrations and Automation

Here’s where Folk does well in some areas but falls a little short in others. The **Folk CRM integrations** cover Gmail, Outlook, and Google Calendar, which is great. However, if you’re dreaming of a CRM that will seamlessly sync with everything under the sun, you’ll need to rely on **Zapier** for more complex workflows.

I did miss a few more native integrations, especially as a **CRM with LinkedIn integration** for social prospecting. But hey, that’s why the **FolkX extension** exists, right?

# AI-Driven Magic Fields

The AI features in **Folk CRM AI features** add a little bit of sparkle to your workflow. The **Magic Fields** let you automate mundane tasks like personalizing emails or even cleaning up contact data, saving you time and frustration. It’s not perfect—sometimes, AI-generated content can feel a bit stiff—but for basic personalization and task automation, it’s pretty darn impressive.

# Reporting and Analytics Features

Now, if you’re looking for robust analytics, you might hit a small snag. While Folk provides a **CRM with customizable dashboards** to track email open rates and deal progress, the reporting is a little more basic compared to heavyweight platforms like HubSpot or Pipedrive.

If detailed sales analysis is a must-have, you might feel a little underwhelmed. But for small businesses, the basics are covered, and it gets the job done without overwhelming you with charts and graphs that look like they belong in NASA’s control room.

# Personal Experience with Folk App

After using the [Folk App](https://ecowebdesign.co.uk/folk-app-official), I can honestly say it’s been a breath of fresh air. Importing my contacts was a breeze, and the **contact management CRM** tools made it easy to categorize everything from prospects to partners.

The **FolkX Chrome extension**? A lifesaver! Adding new contacts straight from LinkedIn felt almost too easy. I was able to set up a pipeline and send out **email campaigns** via this **CRM** with personalized touches that didn’t feel robotic.

The one small gripe? I wish there were more robust **reporting tools**, especially when analyzing sales data. It’s like getting a delicious sandwich but realizing they forgot the pickle—still tasty, but missing that extra zing.

# Pros & Cons

# Pros

* 🟢 **Ease of Us**e: It’s hard to beat Folk’s **user-friendly CR**M interface, which makes setup a breeze for any small business.
* 🟢 **Contact Enrichmen**t: Automatically filling in the gaps of your contact list with vital info like emails and job titles.
* 🟢 **Affordable CRM for small businesse**s: Excellent value for money, especially for startups that need strong tools on a budget.
* 🟢 **AI-Powered Feature**s: The **Magic Field**s feature helps you automate tedious tasks like email personalization.

# Cons

* 🔴 **Limited Reporting Feature**s: While good for basics, it lacks the depth of analytics offered by more advanced platforms.
* 🔴 **Few Advanced Integration**s: If you need serious integration with tools beyond Google’s ecosystem, you might hit a wall.
* 🔴 **No Mobile Ap**p: This could be a dealbreaker for those who need full functionality on the go.

# Pricing Options

Folk CRM comes with a variety of pricing options that cater to different needs. Annual subs enjoy 20% off ...

Here is a summary of the **pricing tiers** for **Folk CRM** :

* **Standard Plan**:
   * Price: $25 per user/month (billed monthly) or $20 per user/month (billed yearly)
   * Features include unlimited contacts, 2,000 messages per month per member, 500 contacts enriched per month, and 2,000 magic fields per month​.
* **Premium Plan**:
   * Price: $50 per user/month (billed monthly) or $40 per user/month (billed yearly)
   * Features include unlimited contacts, 5,000 messages per month per member, 1,000 contacts enriched per month, and 5,000 magic fields per month​.
* **Custom Plan**:
   * Price: Starts at $100 per user/month (billed annually)
   * Tailored to specific needs, offering customizable limits for messages, contacts, and magic fields. This plan also provides priority support and a dedicated customer success manager​.

Folk CRM also offers a **14-day free trial** of the Premium plan to [help users fully test the platform](https://ecowebdesign.co.uk/folk-app-official) before committing.

[](https://preview.redd.it/folk-crm-app-review-the-top-crm-platform-for-business-v0-izxser9pbnwd1.png?width=2048&format=png&auto=webp&s=54213fd8431947d90e6ce88a4a17fdf70708db4d)

See: Where to try below ...

# Star Ratings

* ⭐⭐⭐⭐⭐ **Ease of Use**: Folk CRM’s interface is intuitive and approachable, making it easy to get up and running in no time.
* ⭐⭐⭐⭐⭐ **Contact Management**: The automatic **contact enrichment** ensures your lists are always up-to-date.
* ⭐⭐⭐⭐ **Email Campaigns**: Strong personalization and automation features, though follow-up sequences could be improved.
* ⭐⭐⭐⭐ **Integrations**: Decent integration with Google tools but limited native options for more complex workflows.
* ⭐⭐⭐⭐⭐ **Pricing**: It’s an **affordable CRM for small businesses**, offering great value without breaking the bank.

**Overall Rating**: 4.6/5

# Where to Try The Folk App

To make sure you’re getting the real deal, always [sign up for the Folk App from the official website](https://ecowebdesign.co.uk/folk-app-official). Not only do you avoid shady scammers, but you also get the benefit of official support and guarantees. The site also offers a free trial, so you can test the app before committing your hard-earned cash. Plus, buying from third-party sites can lead to outdated versions or missing features, and no one wants that headache.

# FAQ Section

**1. Is Folk CRM the best CRM for small businesses?**  
For small businesses and startups, **Folk CRM** offers an excellent balance between ease of use, affordability, and functionality. Its **simple CRM software** design makes it perfect for those who need powerful tools without overwhelming complexity.

**2. How does Folk CRM compare to HubSpot?**  
While **Folk CRM vs HubSpot** might show HubSpot as more feature-packed for large enterprises, Folk wins for startups and small businesses with its streamlined approach. HubSpot offers more robust reporting and integrations, but Folk excels in contact management and ease of use.

**3. Does Folk CRM include email automation?**  
Yes, **Folk CRM** includes **CRM with email automation**, allowing you to send personalized bulk emails, track open rates, and even schedule follow-ups. It may not have the advanced automation of larger CRMs, but for small businesses, it covers the essentials.

**4. Can Folk CRM integrate with LinkedIn?**  
Yes, **Folk CRM** offers **CRM with LinkedIn integration** through its **FolkX Chrome extension**, making it easy to add contacts from LinkedIn and other platforms with just one click.

**5. Is Folk CRM affordable for startups?**  
Yes, it’s an **affordable CRM for small businesses** with pricing options that won’t break the bank. The **Basic** plan is free, and the **Premium** plan offers advanced features for $50/member per month.

# Conclusion

**Folk App** provides a refreshing, simple, and effective solution for small businesses and startups. Its **contact management CRM** features are top-notch, making it easy to keep track of clients, prospects, and partners without the usual headache.

The inclusion of **AI-powered Magic Fields** and **customizable dashboards** adds extra flair, making everyday tasks easier and more automated. While its **reporting features** could use some improvement, and the lack of advanced integrations might be a drawback for some, **Folk CRM** is still a great choice and one of the **best CRMs for small businesses**.

Ultimately, if you’re looking for an affordable, easy-to-use CRM that covers all the basics and more, **Folk CRM** is well worth a try.

Have you tried the [Folk App](https://ecowebdesign.co.uk/folk-app-official)? Share your experience in the comments and help out your fellow entrepreneurs—it’s good karma! 🙏

Thanks for reading!  
*–* ***Mary G***

# Disclaimer

*This review is provided for informational and educational purposes only and reflects our assessment of Folk App based on publicly available information, product documentation, user feedback, hands-on evaluation, and our own opinions at the time of writing.*

*Software products evolve regularly. Features, pricing, integrations, limitations, user interface, free trial terms, and subscription plans may change without notice. While we make every effort to keep our reviews accurate and up to date, we recommend visiting the official Folk website to confirm the latest information before making a purchasing decision.*

*Our experience with Folk App may differ from yours. Every business has different workflows, team sizes, budgets, technical requirements, and customer relationship management needs. A feature that works exceptionally well for one company may not be the ideal solution for another.*

*Any comparisons made with competing CRM platforms are intended to provide general context only. They are based on publicly available information and commonly reported user experiences and should not be interpreted as definitive rankings or statements that one product is objectively superior in every situation.*

*Where pricing, features, performance, integrations, AI capabilities, automation, or support are discussed, these observations represent our understanding at the time of publication. We cannot guarantee that every feature will be available in every region, subscription tier, or future software release.*

*This article contains affiliate links. We may receive a small commission if you choose to purchase through those links. This comes at no additional cost to you and helps support the continued creation of independent reviews. Any potential affiliate relationship does not influence our editorial opinions, ratings, or conclusions. We aim to highlight both strengths and weaknesses so readers can make informed decisions.*

*We are not employees, representatives, or agents of Folk, nor are we endorsed by or officially affiliated with the company unless explicitly stated. All product names, company names, logos, and trademarks remain the property of their respective owners and are used solely for identification and commentary purposes.*

*Before subscribing to any CRM platform, we encourage you to take advantage of any available free trial or demo, test the software with your own workflows, evaluate the integrations you rely on, and determine whether it meets your team's specific requirements.*

*By reading this review, you acknowledge that any purchasing decisions you make are your own responsibility and should be based on your own research, testing, and business needs.*",1,1785929741.0,ReviewJunkies,0,1.0,False
1vg4ugr,https://www.reddit.com/r/BusinessForSaleUAE/comments/1vg4ugr/urgent_sale_bur_dubai_billiards_club_turnkey/,URGENT SALE: Bur Dubai Billiards Club - Turnkey Business,"Prime Location in Bur Dubai with large RTA parking in front

Area: 2,399 sqft 

This includes: 

1. The license (LLC) Billiard & pool room/Coffee shop/Gaming Venue

2. 3 year lease starting from October 2025, with low rent compared to market prices.

3. Fully fitted out and furnished.

4. 7 Billiards knightshot high-grade tables with its accessories

5. PS5 room with 2 PS5 stations

6. Full POS system

7. Coffee shop bar counter with 2 grove espresso machine 

8. Full MEP and fit-out works

9. 6 TVs

10. 2 washrooms (Male and female)

11. 1 storage room

\- The lease contract is 3 years, started from October 2025.

\- 6 cheques per year

\- Rate on 1st and 2nd year: AED 188,321.34/year

\- Rate on 3rd year: AED 197,718.51/year

\- VAT INCLUSIVE

Business Overview

Establishment Date: August 11, 2022

Licensed Activities: Billiards & Pool Hall, Gaming Venue, Coffee Shop

Staffing: 1 employee currently under company visa

Financials (Approximate)

Monthly Operating Expenses: AED 19,000 – 23,000

Monthly Revenue: AED 20,000 – 26,000

Growth Potential: Current revenue reflects minimal reinvestment into the business. Marketing, house player, and other growth drivers have been deprioritized as owner focus and funds shifted to other ventures.

With full investment and active management, the business has the potential to generate approximately AED 60,000 per month.

Asking price : AED 400,000",2,1785929722.0,BusinessForSaleUAE,0,1.0,False
1vg4tpg,https://www.reddit.com/r/PhR4Friends/comments/1vg4tpg/29_f4m_friend_request/,29 [F4M] friend request :),"Hoping to find a friend who's down for mundane quests, even on a random day.

Lately, the only people I really spend time with are my coworkers (not exactly by choice 😅), so I figured it might be time to meet someone new.

I'm looking for the kind of friend who's not just for reels and meme dumps, but someone who's genuinely excited to make memories outside the chat.

Whether it's grabbing coffee, catching a movie, going on spontaneous trips, trying a new food spot, or simply walking around with no real destination (I genuinely enjoy doing that 😅), it'd be nice to have a go-to person I can randomly message with, ""Tara?""

I'm hoping to meet someone who:

\- Can match my sense of humor and embrace a little silliness.

\- Enjoys spontaneous plans, café hopping, and casual adventures.

\- Is genuinely interested in building a lasting friendship.

\- Hindi multo. 👻

\- Around my age (-3/+3).

No pressure or expectations—just looking for good company, genuine conversations, and a friendship that naturally grows over time.

If you think we'd get along, send me a message. Time to let this introvert energy out for once. 😝",1,1785929654.0,PhR4Friends,0,1.0,False
1vg4ss9,https://i.redd.it/4qa9tuckljhh1.jpeg,Do I have gum recession?,"Hello

I don't know why but for the past week ive been really paranoid about my teeth and two days ago I started wondering if I have gum recession since one of my front teeth has less gum then the other. 

\- Its the right one that has less gum.

\- I would appreciate any help I could get. 

Sorry if the photo is a bit bad, its really hard to get a good picture of your teeth in good lightning. 

I'm 16, I don't drink coffee but I do drink tea and sodas unsure if thats important ",1,1785929580.0,askdentists,1,1.0,False
1vg4sh9,https://www.gamedeveloper.com/business/coffee-stain-bullish-despite-underperformance-of-deep-rock-galactic-spinoff,Coffee Stain bullish despite underperformance of Deep Rock Galactic spinoff,,1,1785929556.0,Indiegamedeveloper,1,1.0,False
1vg4sd5,https://www.reddit.com/gallery/1vg4sd5,Wednesday bfast run for Pauly,My coffee is still brewing. We are chatting through the open window. ,11,1785929546.0,PaulyPlates,2,1.0,False
1vg4rt0,https://www.reddit.com/r/CAIRO/comments/1vg4rt0/hello_cairo/,Hello cairo,"I am a male solo traveler, anyone up for a coffee? ",0,1785929499.0,CAIRO,0,0.5,False
1vg4rsq,https://i.redd.it/rjz7hjhbljhh1.jpeg,"2.5kg Protein Only At 4699 !!! Flavours- Coffee,Chocolate,kulfi",,1,1785929499.0,nagpur,0,0.67,False
1vg4rhp,https://i.redd.it/61lsyfn8ljhh1.jpeg,Thoughts on CoffeeJack V2 and general attitudes about crank-generated pressure..,"There's a few such devices on the market now, also including the Muvna M8 and the Aram.  As a dedicated fan of Lever machines, i am curious how these compare.  Has anyone used these?  How is the pressure ramp up?  Is it easy to maintain or profile?  How's the shot quality? ",1,1785929472.0,espresso,0,1.0,False
1vg4r0b,https://www.reddit.com/r/offmychest/comments/1vg4r0b/i_had_this_friend/,I had this friend,"I 39m, I had this friend 30m who broke ties from me because I have a checkered past, no details on my past.

I spent time away because of it.  I met B 5 years ago had been out of punishment for 3 years by then. We met on a orange and black app met for coffee no sex just mates. As time went on I feel inlove with him even though not my type in looks wise. But I find him so attractive even now after 5 months of the loss of our friend ship. I have even had to move away as we both lived in a very small town and could not bear to be there with the loss of our friendship. I find myself in tears most nights as we would be on the phone every night. Spend almost every Saturday together,  he made it clear that he did not find me attractive and friendship is all we could ever have,  i accepted it the best I could.

I know my past is my past and sometimes it is best to be upfront with friends as not to have shocks down the road.  My past was 10 years befor knowing him.  And over the past 8 years I worked on myself made myself a better person and he was part of the person how ever unknowingly help me.

He got me in to lots of different things we have a manor house close by that is open to the public lots of old art work dating back hundreds of years, as well as old forts there is one called fort Nelson we used to go to.

I love him enough to let him heal the best he can with out me in his life he asked me not to contact him which I failed a few times but its been over 4 weeks since I last trued.

I doubt he will see this but B you are in my heart and will love you till my last breath my friend

We all mess up in life my mess up was huge I am still paying for it and loosing you made me see how I messed up not telling you when I should have rather than you finding out as you did ",1,1785929433.0,offmychest,0,1.0,False
1vg4qxr,https://www.reddit.com/r/Panera/comments/1vg4qxr/what_do_i_do/,What do I do??,"So, I’ve been at mg location for about a month, I’m enjoying it a lot and I get along with a handful of people. However one girl is making it hard to do my job, we will call her Y, Y has basically been doing my stations jobs and not her own leaving me to cover for her without agreeing to swap places. The most recent shift I worked with her (she was cashier I was GEC or dining room) and she actively was gone for minutes on end doing MY STATION RESPONSIBILITIES and then side eying me when she came back as though I wasn’t doing my job properly. The thing is I had just gotten there, and when she left front counter I had to cover for her.   
I am not supposed to leave dining for more than five minutes according to the rules. Well, that’s just one thing, she also tells me to break the rules and half ass our jobs, she tells me (a minor) to use the bagel cutter cause “GM doesn’t care and they aren’t here rn.” I basically said “no I’m not breaking the rules cause others do. I’m going to do my job correctly.” And she got pissy about that. She actively tells me (in the middle of tasks given by the manager) to not fully do it like “don’t wrap the bread bowls that’s the kitchen job” when we are supposed to, as it makes it quicker for them. Or to not do the coffee properly with the correct time stickers. But the thing that’s truly made me consider management involvement is last shift she was eating practically right behind front counter where customers could see, I was changing coffees and said “hey you should head around to the back because the GM doesn’t like us eating where customers se-“ and she put her hand up, nearly in my face. And said “I’ll do this, honey, ok.” Girl.   
First off she is not a manager or team lead, and after confiding in a friends who has worked there a while Ive learned apparently no likes her? She’s just a very odd person, she says to do it her way but her way is half adding certain things at best, and I want to do my job to the best of my abilities.   
The only thing I can gather, from all these intersections and more, is she has something against me because I don’t blindly agree with her/point out she’s breaking rules. She’ll say “well you do you.” When I fix her mistakes to correct them, but when I snap back and say “well I’m doing it the way the rule book and MANAGER said to, so you do you.” She suddenly is all pissed off because that’s not how “she does it”  
The main thing is her doing certain tasks I am supposed to do, is when she does them they are half assed, but my name is clearly on the schedule for that position so it looks as though I didn’t do my job well.

So my main question is, should I simply confront her and ask like if she has something against me or keep correcting her and tell her when she’s doing my job? Or should I bring this up to management? 

TLDR, my coworkers half assign things and being passive aggressive when I correct her on doing my job, should I confront her, or management?",0,1785929427.0,Panera,0,0.5,False
1vg4qx1,https://www.reddit.com/r/soloboardgaming/comments/1vg4qx1/looking_for_a_light_and_quick_solo_game_to_play/,Looking for a light and quick solo game to play when I am tired at night,"I have a pretty solid collection for my tastes, with some heavier euros, some longer campaign games and some quicker that still have some crunch.

However these past few weeks I have been getting pretty tired after work and the gym and when I have free time, I dont really feel like playing any of them, specially if it requires to much thinking.

My go to in these moments is Coffee Roaster but not always on the mood.

So I am looking for a quick game that doesnt really require too much brain power and setup time.

Below is a list of my collection:

Ark Nova

Arkham Horror: The Card Game

Arkham Horror: The Card Game

Azul

Coffee Roaster

Dnup

Dragons of Etchinstone

Earthborne Rangers

The Elder Scrolls: Betrayal of the Second Era

Eldritch Horror

Exploding Kittens

Final Girl

FlipToons

Forest Shuffle

Friday

Friendly Fishing

Gaia Project

Galdor's Grip

Gloomhaven: Buttons & Bugs

Harmonies

Kingdom Legacy: Feudal Kingdom

Knock, Knock! Dungeon!

Marvel United

Mini Rogue

Palm Island

Sea Salt & Paper

SETI: Search for Extraterrestrial Intelligence

Sky Team

Slay The Spire: O Jogo de Tabuleiro

Spot it!

Sprawlopolis

Trio

Unlock!: Game Adventures

Unstoppable

Wingspan",8,1785929425.0,soloboardgaming,7,1.0,False
1vg4p44,https://i.redd.it/h66y87omkjhh1.jpeg,Now i am caffeine addicted.,"I drink 3-4 cups of coffee a day.

How much do you drink?",2,1785929277.0,indianstudents,0,1.0,False
1vg4p0h,https://i.redd.it/inzhioymkjhh1.jpeg,12th Cake Day,Feels like I’m getting Reddit old!  Cake - Reese’s Coffee Cake.  ,5,1785929269.0,cakeday,3,1.0,False
1vg4oul,https://www.reddit.com/r/dating_advice/comments/1vg4oul/coworker_offers_help_offers_to_cook_asks_about_my/,"Coworker offers help, offers to cook, asks about my car size with a smirk - but I can't date him. Help me decode this man and the complicated situation.","There's this coworker 29M I like. He flirts with me a lot and has asked me out for a walk to a coffee shop before. But I declined because I come from a religious background and I'm not allowed to go out with guys (I told him that). Despite that, he comes to me during every lunch since we decided to have lunches together at work regularly. He also asked for my Insta before but I politely declined for the same reason.

Now, he comes and sits with me during every lunch in front of everyone (its been over a month) and I never for once went to him...

...I always bring my own food from home but he always eats from cafeteria, but one day he brought his own food just to match me, he even offered to cook for me someday but i politely declined...

...He pays attention to what I say, he has shared a lot of his family details with me and asked mine...

We once decided to show each other our family photos, I showed him mine but he couldn't find his at that time so a couple days later he brought it up himself (i forgot about it) and showed me his family photos (although in most of the photos his family members were covering their faces)...

...He calls me smart all the time...he hasn't explicitly said that he likes me or directly complimented my looks (maybe bcz of workplace setting idk, although i do get compliments), but he once said my dress is beautiful, he said my parents are beautiful (when he saw their photo)...

... He also said that I should go to clubs (he goes to clubs, even with his sister) bcz he knows they'll love to have me there (now idk if it was a compliment or disrespect)...

...He also always offers help in little things...

...But what bugs me is that he also keeps hinting towards having a car ride together...he even asked me if my car is big (with a smirk-like smile on his face), which is why I'm questioning whether he is playing the long game just for sex or does he actually have genuine romantic feelings for me in long term relationship context?

So I have 2 questions:

1. Does it look like he is playing the long game just for sex or does he actually have genuine romantic feelings for me in long term relationship context?

2. What should I expect from him? Since I can't actually date him, is it realistic to expect him to tell me he likes me or that he wants a relationship? I'm confused about where this is headed. Should I just enjoy the lunches and not overthink? Or should I expect something more from him if he really likes me?",0,1785929254.0,dating_advice,1,0.5,False
1vg4o4v,https://www.reddit.com/r/hochiminhcity/comments/1vg4o4v/looking_for_4_travelers_to_explore_hidden_japan/,Looking for 4 Travelers to Explore Hidden Japan Town in Saigon,"I'm a Saigon local and I'm hosting a small preview experience exploring one of Saigon's most interesting neighborhoods—Japan Town.

We'll:

🍜 Explore the hidden alleys of Japan Town

🇯🇵 Discover how this neighborhood became home to one of Vietnam's largest Japanese communities

🛍 Visit a Japanese grocery store and learn about everyday Japanese life in Saigon

☕ Stop at a local café for coffee and conversation

🍜 Finish with lunch at a small Japanese restaurant

The experience will last around 3 hours.

There is no participation fee. Everyone simply pays for their own food and drinks.

📍 District 1, Ho Chi Minh City

👥 Maximum 4 guests

If you'd like to join, leave a comment or send me a DM.

See you in Japan Town!",1,1785929192.0,hochiminhcity,1,1.0,False
1vg4o3v,https://www.reddit.com/r/Advice/comments/1vg4o3v/introvert_wants_to_make_friends_in_a_foreign/,Introvert wants to make friends in a foreign country,"I moved to a new country (hungary/budapest) 6 months ago   
Didn’t manage to make any friends except for the barista in the coffee shop close by   
I’m a guy btw and I came from a small town where everyone knows each other so making new friends is hard for me   
Any advice? How to talk or start conversations? Were to go?",3,1785929190.0,Advice,5,0.8,False
1vg4o3o,https://www.reddit.com/r/CatholicDating/comments/1vg4o3o/26f_east_africa_looking_to_meet_someone_genuine/,26F | East Africa 🇹🇿 | Looking to meet someone genuine,"Hi! 😊

I’m from East Africa and thought I’d give Reddit dating a try.

A little about me…  
I’m Catholic, and my faith is an important part of my life.

I enjoy writing (I’m currently publishing a cinematic mystery series), journaling, cooking, learning new things, and having conversations that go beyond small talk. 

I’m more of a quiet person than a party person, and I genuinely enjoy peaceful environments.

What I’m looking for:  
A kind man with emotional maturity.  
Someone who communicates clearly and consistently.  
Someone who actually enjoys getting to know one person instead of playing games.  
A Christian (Catholic would be a huge bonus 😊).  
Someone who values honesty, respect, and loyalty.  
Someone who isn’t afraid to take initiative if he’s interested.  
A man who is secure enough to be himself.

A few random things about me:  
I don’t drink or smoke.  
I don’t have tattoos or piercings.  
I love forests, rainy weather, and mystery stories.  
My idea of a good time is probably very different from most people’s. 😅

I’m **not** looking for hookups or anything casual.  
If we click, great. If not, I genuinely wish you the best. 😊

**P.S. If you love theology, books, or can spend an hour talking about life over coffee, we’ll probably get along.** ☕📚🌲",1,1785929189.0,CatholicDating,2,1.0,False
1vg4nti,https://www.reddit.com/r/LetItRollFestival/comments/1vg4nti/my_5th_let_it_roll/,My 5th Let It Roll,"I've seen a couple reviews of this year's LIR and some of them were quite bad so I wanted to share my experience from a different perspective. This year was my 5th Let It Roll, which means I experienced Milovice and Most as well and I have to say, this year was probably one of the best ones out of the five I've been to.

While the last year at Milovice (2024) felt a little disappointing, we thought we'll give it a go in 2025 at the new location (the lake was pretty much a big motivation in itself) - even though there were questionable things with the organisation last year, we were hopeful it's because they literally just moved a festival to a new place, which is understandable. So here is what I thought of LIR 2026 positive and negative:

**Transport to and from Most**

Getting from Prague Airport to Most somehow felt a lot easier this year, we took Flixbus from the Airport which was quite cheap and fast. This was our best option as the festival shuttle had a weird timetable which we would have waited for for 2-3 hours because of the time of our flight, but would probably do it again. A lot cheaper than the official festival shuttle and it takes you to Most city centre, from which it's a 30 min walk or a 5 min taxi to the festival.

On the way home, we used the free shuttle to Most train station, which I don't think was an option last year, so definitely a good thing and improvement from the festival. Very useful, it was a 10 minute journey to the train station and I think the bus was quite frequent.

**Wristbands, camping**

I loved to see they moved the wristband tent closer to the campsite entrance so we didn't have to carry all our stuff back and forth and made our check in very smooth and easy. Info about the amount of alcohol, food and drinks you can bring in have always been clear, so we flew through our security check and made our way to our campsite quite quickly.

Every year we choose to be in Spot camp - it's just more comfortable for us, less crowded, you have a bit more space for yourself and if you're with a big group, you can make sure you're all camping together (spot for 5 tents). I wasn't a fan of them removing the separate toilet from Spot camp, but we had our spot relatively close to the campsite entrance so it was only a short walk to the toilet just outside Spot Camp. I think it's gone up in price a bit, which is a bit annoying as you don't get anything extra apart from a designated area for your tent, as opposed to previous years when they had a bar, toilet, and bakery/coffee. In 2022, we even had direct access to the showers from Spot Camp which was fantastic, so that's a bit of a bummer, but would still use the campsite in the future.

**Facilites**

I think having multiple drinking water fountains in the campsites would have been a plus, because the closest drinking water station was on the other side of Homebase, furthest from Spot Camp, so we had to walk all the way there to fill up water bottles. The singular fountains were a bit disappointing compared to previous years' long taps, but we never actually had to queue too long.

Inside the festival area, it was a shock first that they only had 1 water station on each side of the toilets, but they quickly realised that it won't be enough for tens of thousands of people, especially cause it was incredibly hot this year. They've put out two more fountains and that reduced the waiting time even in the busiest time of the evening.

Same with the showers, it was quite a walk from Spot Camp (and probably Tent Inns and other campsites too), and I think maybe splitting the showers into two areas could be a good shout. It's not the end of the world that we had to walk there, but still a bit inconvenient that you had to walk to the other side of the camping area.

**Sound, stages, layout, Woov app**

I feel like we never had a bad experience at LIR with the sound system, the layout of the festival area or a low-budget stage design. The whole experience is magical, I felt the music through my eyeballs, the sound quality was excellent on every stage, the stage designs are great every year, the area is easily walkable, and has a good layout. We could get to one stage from another in a couple minutes, making it easy not to miss any artist we wanted to see. We had a lot of time to explore the daytime activities, and the festival area inside, but also spent most of the time by the lake which I think is the best possible addition in the new location.

Port stage is great, because you can listen in on the artist playing either on the stage or in the lake, but we never had a ticket because you can be in the water and still hear the music. There are bars and food stalls by the lake as well (some not part of the festival), so you can spend the whole day at the lake and have food and drinks sorted for the whole day - absolutely 5 stars.

At one point, the main toilet area shut down because the water stopped running, and within 5 minutes we got the notification from the Woov app that it's under maintenance, and they immediately started working on the issue and probably 30-40 minutes later it was all back up and working. Organisers monitored the weather and acted accordingly when a storm was on the way, informing everyone of what's happening. The interactive timetable and woov app is very useful, if you save artists to your favourites, it sends you notifications 15 minutes before they start playing so you can make your way to the stage.

I was worried about dancing on gravel at Factory and Generator, and I still think having wooden pallets is a lot better to dance, but it wasn't such a big issue after all, lots of people were still dnb stepping on the gravel too.

**Prices and NFCtron**

As per every festival, prices will be higher in the festival area than in the shops. But still more affordable than lot of festivals in Europe - although I found the merch a bit overpriced so didn't end up buying any merch sadly.

With the Bolt system, it might be hard to follow how much you spend, but we just topped up our NFCTron before the festival for free (it's 50czk onsite) and basically only had to top up once during the festival. For anyone curious just some examples:

1 Bolt = ca. 2 EUR

Beer 1.5-1.9 Bolt, Gyros/Kebab/Pizza/Burgers etc 5-7 Bolt, Pancake/Churros 3-4 Bolt

Other:

I think the organisers have done a great job since last year, and we had a wonderful 5 days and I'm still processing it all. The lineup was incredible as always, the organisation improved from the last few years, especially having the shuttle buses, the location is beautiful and the people are friendly. What else could we ask for :)

u/letitrollfestival thank you, probably see you next year again!! <3",4,1785929163.0,LetItRollFestival,0,1.0,False
1vg4nkl,https://www.reddit.com/r/IndiaReferral/comments/1vg4nkl/swish_help_this_poor_boy_pls/,[Swish] help this poor boy pls,"Hi there 👋

Been trying Swish!

It is a food delivery app, and the food quality is great.

I think you'd like it too. Sign up using my referral code and we both get a FREE cold coffee. Cheers!

[https://swish.onelink.me/OdaH/x8s6kbaz](https://swish.onelink.me/OdaH/x8s6kbaz)",1,1785929139.0,IndiaReferral,1,1.0,False
1vg4ndc,https://www.reddit.com/r/SoloQuestGM/comments/1vg4ndc/i_built_an_app_that_runs_5e_52_modules_for_solo/,I built an app that runs 5e (5.2) modules for solo players (and it actually remembers your campaign),"Hey everyone,

https://preview.redd.it/lja2v3qzjjhh1.jpg?width=1280&format=pjpg&auto=webp&s=c93aa404018de4cfd21a39753012671ecb553ffa

I wanted to share a project I've been working on called **SoloQuest GM**. It's an app for macOS and Windows that acts as your Game Master for written tabletop adventures.

The biggest frustration I had with AI GMs was that they forget everything after 20 messages. I built SoloQuest specifically to fix that.

**How it works & Features:**

* **Real Memory:** It saves NPCs, quests, and world state to your disk as you play. It uses a hybrid search (full-text + semantic embeddings), so it remembers what you said 15 sessions ago and understands exactly where you are in the module chapter-by-chapter.
* **Plays by the Rules (SRD 5.2):** It features a real dice engine. More importantly, your character sheet is strictly tracked as a file on your computer. The AI can't just secretly change your stats or hallucinate a new inventory — any update to your sheet is visible and strictly controlled.
* **Privacy First & Offline:** No accounts, no telemetry. Your campaigns are just plain Markdown and JSON files on your local drive.

**What's included (for free):** You can download the app and play the bundled adventure completely free. It's called *A Study in Scarlet* — an alternate-world detective adventure set in 1890s London, which I originally wrote for myself and my friends to play using D&D rules. There are no turn limits or license keys needed to play this one.

https://preview.redd.it/wl0jq484kjhh1.png?width=2862&format=png&auto=webp&s=fde757c57ee0dc922b4e7f3763fe9272d6adf901

**How to play & Pricing:**

* **API Key:** The app connects to Google using your own Gemini API key (there's an in-app guide). Google has a free tier that is usually enough, but if you exceed daily limits, a full 4-hour session costs roughly 1.50–3.50$ in API credits paid directly to Google.
* **Bring Your Own Adventure:** You can run your own Markdown adventures. *(Tip: the app only reads Markdown. If your adventure is a PDF, you'll have to convert it first. I personally use* [*llamaindex.ai*](http://llamaindex.ai) *for this, but there are other tools).* The free version lets you import one module to test for 10 turns. If you want to run your own campaigns without limits, a one-time license key removes that restriction forever.

You can check it out **for free** here: [https://soloquest-gm.itch.io/download](https://soloquest-gm.itch.io/download)

Would love to hear your feedback!",1,1785929122.0,SoloQuestGM,0,1.0,False
1vg4n72,https://www.reddit.com/r/cigar/comments/1vg4n72/unpopular_opinion/,Unpopular opinion... 😄,"I know this might upset some cigar lovers, but after trying cigars from Cuba, the Dominican Republic, Honduras, Mexico, and Nicaragua, I keep coming back to Nicaragua.

To me, Nicaraguan cigars have everything I want: rich flavor, pepper, earth, cocoa, coffee, leather, and enough strength to stay interesting from the first draw to the last.

Cuban cigars? I respect their history and prestige, but many of the ones I've smoked felt too smooth, too subtle, and honestly... a little flat for my taste. The same goes for many Dominican cigars. They're well made, but they rarely excite me.

Maybe my palate just prefers bold blends over elegance.

So let's settle this with a poll:

[View Poll](https://www.reddit.com/poll/1vg4n72)",3,1785929109.0,cigar,1,1.0,False
1vg4mfs,https://www.reddit.com/r/MakeFriendsInIreland/comments/1vg4mfs/looking_to_make_some_new_friends_in_cork/,Looking to make some new friends in Cork 🇮🇪,"Hey everyone!

I'm 26M, living in Cork. I've been in Ireland for a while, and I'd really like to make some friends outside of my own community. Most of the people I know are from India, so I'd love to meet people from different backgrounds and cultures.

I'm quite introverted, so I can be a bit quiet when I first meet someone. My English isn't perfect either, but once I get comfortable, I enjoy having long conversations and getting to know people.

In my free time, I enjoy watching anime, movies, and TV shows, playing video games, badminton, cricket, and football. I also love discussing history, geopolitics, philosophy, and pretty much any interesting topic.

I'm trying to become more confident socially and step outside my comfort zone. I don't have many female friends, so it would be nice to build some genuine platonic friendships and meet more people.

If you're in Cork and think we might get along, feel free to send me a message. Whether it's grabbing a coffee, playing badminton, gaming, or just having a good conversation, I'd be happy to meet new people.",1,1785929042.0,MakeFriendsInIreland,0,1.0,False
1vg4kzk,/r/IndiaCoffee/comments/1vg4kj9/has_anyone_tried_packaged_coffee_from_a_vending/,Has anyone tried packaged coffee from a vending machine?,,2,1785928919.0,vending,0,1.0,False
1vg4kwo,https://www.reddit.com/r/SwordAndSupperGame/comments/1vg4kwo/secrecy_hunger_and_ice_coffee/,"Secrecy, Hunger, and Ice coffee!!",This post contains content not supported on old Reddit. [Click here to view the full post](https://sh.reddit.com/r/SwordAndSupperGame/comments/1vg4kwo),1,1785928913.0,SwordAndSupperGame,0,1.0,False
1vg4kj9,https://www.reddit.com/r/IndiaCoffee/comments/1vg4kj9/has_anyone_tried_packaged_coffee_from_a_vending/,Has anyone tried packaged coffee from a vending machine?,"[Coffee from vending machine](https://preview.redd.it/3ad8ahvbjjhh1.png?width=227&format=png&auto=webp&s=10696eddfc85a218da330296f3bf605834e51ff2)

Not talking about the usual hot coffee vending machines. I mean the packaged/bottled coffee you grab from a regular vending machine.

Has anyone here tried it?

Was it actually good, or more of a “needed caffeine and this was the only option” kind of purchase?

Also wondering if people would buy it regularly if they saw it in an office, college, hospital, etc.

What was your experience?",1,1785928884.0,IndiaCoffee,2,0.67,False
1vg4jp5,https://www.reddit.com/r/GenZ/comments/1vg4jp5/gen_z_is_quietly_breaking_one_of_the_biggest/,Gen Z is quietly breaking one of the biggest consumer trends in history.,"Generation after generation was the future clientele for alcohol companies.

But it appears Gen Z is not falling into this category.

Rather, more and more young adults are opting for:

Gym instead of hangovers

Coffee and mocktails instead of beers

Money saving rather than spending $50+ per night out

Healthy sleep and mental state instead of drinking culture

If the pattern continues, the outcome will affect more than nightlife.

The multi-billion-dollar industry might undergo changes.

I wonder if Gen Z prefers a healthier lifestyle, or if increased prices, social networks, and priorities make them avoid alcohol.

If you are Gen Z, do you drink less than any other generation before you?

Why?

Do you belong to another age group and see this pattern as a temporary one?",0,1785928812.0,GenZ,7,0.43,False
1vg4jk0,https://www.reddit.com/r/r4r/comments/1vg4jk0/30_m4f_germany_looking_for_a_genuine_connection/,"30 [M4F] Germany | Looking for a genuine connection with someone who enjoys good conversations, the outdoors, and being active","Hi there, 

I'm 30, originally from France/Switzerland, currently living in a big city. 

I work in digital marketing, spend a lot of time training (CrossFit, strength training, tennis, hiking), and I'm the kind of person who genuinely enjoys learning new things.   
Lately that's been German, sports science, and trying to become a better listener.

I like mornings. Fresh coffee. Long walks after a workout. Mountains more than beaches. Conversations that wander from psychology to travel to why some songs hit you at exactly the right moment.

Life has been changing quite a bit recently. In a good way. I've been rethinking what I want, where I'm going, and the kind of people I'd like to have around me. I'm not looking to fill a void or rush into anything. I'd simply like to meet someone kind, emotionally mature, curious about the world, and open to seeing where a genuine connection might lead.

I'm drawn to women who take care of themselves—not in a perfectionist sense, but because they enjoy feeling healthy, active and alive. 

If this resonates, I'd love to hear from you. And if all we end up sharing is a good conversation over coffee, that's already a win.

Talk soon! ",1,1785928800.0,r4r,1,1.0,False
1vg4j6m,https://www.nbcnews.com/select/shopping/keurig-ksupreme-coffee-maker-deal-of-the-day-2026-rcna590856,[Health] - This quiet and compact Keurig coffee maker is under $90 for a limited time,,1,1785928767.0,NBCauto,0,1.0,False
1vg4iz5,https://www.reddit.com/gallery/1vg4iz5,Some that showed up to Saturday's Cars and Coffee!,,9,1785928750.0,porsche911,0,1.0,False
1vg4ixc,https://i.redd.it/6esq63a8ijhh1.jpeg,MRI prep,Going in for an MRI this morning. Remember when the mean girls shoved me into a little locker when I was 4? Yeah. Diazepam and coffee with my cheesy eggs. Hypnotherapy. A lifetime of meditation practice. I can do this. ,3,1785928745.0,GirlDinnerDiaries,4,1.0,False
1vg4iqt,https://www.reddit.com/r/lonely/comments/1vg4iqt/i_got_my_crushes_number_and_dont_have_anyone_to/,i got my crushes number and don't have anyone to tell about it,"my favorite supervisor is leaving today , and the last 3 days i've been spending my last few hours at work with her just trying to spend as much time together before i stop seeing her everyday . yesterday , there was me , her , and another guy we're both friends with , we have a caribou coffee in our establishment and i always get some before i leave , so i offered to buy them both a drink , and afterwards we all sat down at the employee's cafe talking for 20 minutes , that i wish lasted a lifetime . midway through she said to him ""you got my number so make sure you text me"" , then it felt like she was starting her minnesota goodbye routine so it was just now or never , i asked her ""can i give you my number?"" and she said ""yes please"" and handed me her phone with a smile . she ended up staying around for another 10 minutes and at one point i told both of them ""i wanted to pick up a shift to be here on your last day but all the managers are gone now"" and she told me ""you can probably just walk in and ask . do that tomorrow morning"" , so i'm walking in and asking if i can be with her tomorrow

everybody loves her , she's the kind of person that walks into a room and everyone goes to greet her , getting along with her is as difficult  . she radiates a light and energy that i've never had the pleasure of experiencing before and it feels so good to just be in her presence , it's impossible to feel any sort of bad around her , and it's not even because she gives me any special attention or goes out of her way to make sure i'm okay , she just feels . . . . really good

i've been working up to that moment since i got this job , she's friends with the person that trained me so she was the first person i got to meet . one of the first things i learned about her was that she was leaving at the end of next month , and i said to myself ""i hope i don't end up liking her too much"" . . . . she ended up being not just a crush , but the whole reason i'm excited to go into work . 

i told the one friend that i have all about her over the last 8 weeks , but she's been so busy lately that she won't even read the messages i send until days later , and won't bother to respond to them for another while longer , and on the day it mattered most , the day i needed someone or just anyone , to be there to encourage me or share this moment with , she's gone . i told my mom about it and she doesn't even ask for her name or anything , just asked why im going into work on my off day and when i said ""i got my favourite supervisors number and she wants me to come in tomorrow"" , she said ""oh"" . my dad had relatively the same reaction , but i was actively trying to talk to him since we'd been texting over the last few days and he's in town for the week , i told my cousin about it on the ride home and he's a massive womanizer so he only treated it like i was just ""gettin bitches"" or whatever , and my brother didn't even bat an eye when i told him ""i got a girls number and she wants me to come in tomorrow"" . i was kind of excited to see his reaction because he knows more than anyone how socially awkward i am

this was such a huge moment for me , i've never gone out of my way for a person like this before and i've never really had crushes before either . everybody that knows me knows i'm a timid , shy , socially anxious person that always struggled to even talk to my own family , and the first time they heard about me getting a girls number since my first and last girlfriend (ex now, obviously) sent me her sextapes and pics with other guys all the way back in middle school , they just don't really care about it

the only person i can talk to about the crush i've had for two months and how i just got her number . . . is the crush i've had for two months who's number i just got",2,1785928729.0,lonely,1,1.0,False
1vg4hq9,https://i.redd.it/jjhv9yzrijhh1.jpeg,My illegal break snack: cafe mocha donut,Plain dipped in chocolate fondant with coffee flavoured sprinkles.,7,1785928644.0,TimHortons,1,1.0,False
1vg4hil,https://i.redd.it/hk3g0h5qijhh1.jpeg,Disney fashion influencer starterpack,,16,1785928626.0,starterpacks,2,1.0,False
1vg4h21,https://i.redd.it/aig53b4mijhh1.jpeg,Disney fashion influencer starterpack,,3,1785928588.0,DisneyInfluencers,0,1.0,False
1vg4g8l,https://www.reddit.com/r/TrueChubbyTravel/comments/1vg4g8l/review_of_san_canzian_hotel_and_the_region_of/,"Review of San Canzian hotel and the region of Istria, Croatia","We recently spent 3 nights at a Small Luxury Hotels brand hotel, San Canzian in Buje, Istria, Croatia. It was a wonderful experience. I booked this myself without a travel agent. 

**Property**: this hotel is tucked away in the Istrian countryside. Come here if you want to enjoy peace and quiet in beautiful surroundings. Our room was nice, but not where the hotel really shined. The surrounding property was really where it was at. You’re tucked away in the hills of Istria, surrounded by olive trees and beautiful old stone buildings and birds flying around. They did a wonderful job of capturing the spirit of the architecture of Croatia with this hotel. We spent lots of time at the beautiful infinity pool surrounded by olive trees as it was very hot when we visited. The hotel serves champagne to all pool-side guests every day at 5 pm. That being said, it is quite a small hotel, and the property alone wouldn’t sustain me for many days (although I think they are planning to build an expansion). However, I prefer more of a trip where I am not just sitting at the hotel the entire time, so this is fine with me and not something I prioritize. We spent about half our time at the hotel and half our time exploring broader Istria. There is a sauna, spa and a gym, but we did not use them. 

**Food**: the restaurant Luciano served us excellent breakfast every morning. Breakfast was a daily spread of local cured meats, cheeses, and additional delicacies. However, you could also order off menu for no additional cost (at least for the Signature Experience which we booked). There were lots of delicious menu options including egg-based dishes, french toast, etc. We received daily fresh squeezed orange juice and coffee as well. We ordered room service lunch once which we ate on our lovely balcony, and it was delicious and prompt. We had dinner there once as well, and it was similarly excellent. The bar served lovely drinks as well. 

**Service**: all the staff here work so incredibly hard. Wait staff were attentive and quick but not over-bearing. Reception was so helpful anytime we needed something, and recommended some excellent wineries to check out. Minor issues were resolved very quickly when we told them (e.g., TV was not working when we arrived so we called reception and they sent maintainence within 10 mins). Our room was cleaned once in the morning if we wanted it and turndown service happened once in the evening. Personally, I prefer a lighter touch when it comes to service so this again suited my personal preferences. 

**Value and room**: we stayed here early August which is peak tourist season in Croatia and paid about $600-700 per night for our superior king room which included an outdoor patio with seating. We booked the Signature Experience which included early check in, late check out, welcome drink upon arrival, free breakfast each day, and a free cocktail per person with snacks at their bar on one day. The hotel additionally gave us free cake the first day to celebrate the hotel’s birthday, a free bottle of local wine in the room, and a free bottle of olive oil before we left. We felt our experience here was well worth the value. 

Perhaps my one gripe is that the air conditioning was weaker than we would have wanted during a particularly hot week in Croatia. But I am originally from Europe so I know how it is (I live in the US now). One note is that I came here with just my spouse. There were some families, mostly with just one child, but I was honestly surprised to see it and the kids seemed bored to me. There isn’t anything kid-focused here, and I personally probably would not bring a kid here. It’s a very quiet, peaceful place where the main enjoyable activity is to just relax and chill. But to each their own. Overall, I would highly recommend this hotel and would happily return. 

In addition, I’d love to share broadly about what we did while in Istria so this isn’t just all about a hotel. This region of Croatia is known for its food (especially truffles) and wine and agrotourism, so we definitely ate a lot. I recommend renting a car to spend time here so you can drive from winery to winery and visit all the small towns (although note that many rent a cars in Croatia are still manual!). We visited Rovinj, which was stunningly beautiful and had a great dinner at the restaurant Mali Raj (Little Heaven in Croatian), which is a family run establishment. We additionally ate at Konoba Malo Selo outside Buje, which was the best meal we had in Istria. Istria is known for truffles and wine so we ate lots of yummy truffle pasta. Both restaurants serve real Croatian homestyle cooking. We also visited the winery Kozlovic, which was absolutely beautiful, and enjoyed a wonderful wine tasting and tour there. I did not try any of the hotel-specific experiences and honestly, I am not sure I’d recommend them as they seem very over-priced to me relative to what we experienced heading out on our own and supporting local businesses and farmers. But I can’t actually say as we did not try them. 

Overall, would highly recommend San Canzian as well as the Istria region of Croatia broadly and happy to answer whatever questions I can.",1,1785928520.0,TrueChubbyTravel,0,1.0,False
1vg4fmh,https://i.redd.it/f1rvwge9ijhh1.jpeg,Normal Vomit or Coffee Grounds Emesis?,"Hi All, 25F trying to figure out if this is concerning or not. I’m on a GLP-1 so nausea/vomiting is something I’ve gotten comfortable with. But this morning I woke up nauseous and threw this up - Last night I did eat a pack of the Oreo cake-sters things which may explain the color / appearance. So looking for opinions if it looks like cake - affected vomit or coffee ground emesis? I know the latter is an ER level concern, whereas throwing up some chocolate cake is no biggie. Any help would be appreciated! ",6,1785928469.0,AskDocs,3,1.0,False
1vg4fbt,https://i.redd.it/h85zvyy1ijhh1.png,Souvenirs from across the universe ??,I think I saw a challenge somewhere for this so here you go. If not. Oh well I had fun creating it anyway lol,2,1785928444.0,AI_Forge,3,1.0,False
1vg4erm,https://www.reddit.com/gallery/1vg4erm,Some that showed up to cars and coffee Saturday!,,30,1785928399.0,Porsche,1,1.0,False
1vg4dzh,https://i.redd.it/lotsx4ruhjhh1.jpeg,Dębica,,1,1785928332.0,u_damian3651990,0,1.0,False
1vg4dna,https://www.reddit.com/r/gallbladders/comments/1vg4dna/gallbladder_removal_timeline_helpful_information/,Gallbladder Removal Timeline / Helpful Information,"Hi, i’m a female in my mid 20’s who had my Gallbladder removed and i’m here with a timeline for anyone who is doing heavy research like I did before getting it removed!

I’m pretty sure I developed Gallstones by losing an excessive amount of weight from being on Mounjaro. (52 Pounds in 1yr 1/2)

**Jul 16th**: First severe attack: 12hr Long (Throwing up, Pain Radiating to back)

**Jul 16th:** Visited Urgent Care (They referred me to get an ultrasound)

**Jul 17th**: Ultrasound completed (Confirmed gallstones, no inflammation or infection)

**Jul 23rd**: Another Severe attack: 4d long (Throwing up, pain radiating towards back, tender feeling in stomach never subsidized)

**Jul 26th:** Visited E.R because my symptoms never subsidized and my stomach still felt achy/tender In Gallbladder area)

**Jul 26th:** Admitted into hospital (Gallstones found, 7mm Gallstone blocking duck and Gallbladder now inflamed and swollen)

**Jul 27th:** Gallbladder removed by Laparoscopy approach (4 small keyhole incisions, 1 line across belly button)

**Jul 27th - 29th:** Ate soup, clear liquids and Miralax once a day

**Jul 30**: Ate solids for the first time (Pancakes & Eggs for Breakfast, Grilled chicken, broccoli, mashed potatoes, carrots for Dinner) Digested fine (Stopped ALL pain meds/post op meds)

**Jul 31st:** First Bowel Movement (Slipped out great, no straining)

**Aug 3rd:** Feel better each day, walked outside for atleast 5 minutes each day, was able to sleep on sides by this date. (Have eaten icecream as well, no problems) (Another bowel movement, didn’t drink miralax so constipated)

**Aug 4th:** incision tape came off, developed hive like extremely itchy puffy red rashes around incisions (have tried coffee today, no problems) (Putting Neosporin, Cortisone Cream and Bio oil on incisions and taking liquid Benadryl frequently. Ordered new incision tape to recover incisions)",1,1785928304.0,gallbladders,4,1.0,False
1vg4bz5,https://i.redd.it/69ydr5q7hjhh1.png,ECAM - Upper Display Hardware Monitor for Rainmeter,"# ✈️ AeroBus ECAM - Upper Display Hardware Monitor for Rainmeter

Bring the flight deck to your desktop! This is a custom-built Rainmeter skin inspired by modern electronic centralized aircraft monitor layouts.

I originally built this layout to keep an eye on my system temps and performance while running heavy titles like Microsoft Flight Simulator 2024 but it serves as a highly functional, aviation-themed hardware monitor for any setup.

**✨ FEATURES**

* **Dual Engine Gauges (EPR & EGT):** Live tracking for CPU/GPU Speeds (MHz) and Temperatures (°C).
* **N1 Gauges:** Real-time CPU and GPU usage tracking (%).
* **System RPMs:** Dedicated text readouts for your CPU and GPU Fan speeds.
* **Dynamic Flaps/Slats Track:** The flaps diagram automatically extends and retracts based on your overall system workload average!
* **Built-in Configuration Panel:** A dedicated UI to easily set your hardware max limits, update HWiNFO indexes, customize text labels, and click-toggle your background style (Black, Transparent Black with adjustable opacity, or fully Transparent).

**⚙️ REQUIREMENTS**

1. **Rainmeter:** Download the latest release from [rainmeter.net](http://rainmeter.net).
2. **HWiNFO64:** This skin relies on HWiNFO to pull your specific hardware registry data. (Ensure ""Shared Memory Support"" is enabled in HWiNFO settings).

**Download the theme from here:**

[**https://www.deviantart.com/exzavier/art/AeroBus-ECAM-1364880799**](https://www.deviantart.com/exzavier/art/AeroBus-ECAM-1364880799)

**📥 INSTALLATION**

1. Ensure HWiNFO is running in the background.
2. Download the .rmskin file and double-click to install.
3. Once loaded, click the ""SETTINGS"" text on the ECAM screen to open the configuration panel.
4. Input your specific HWiNFO Registry Indexes into the settings panel so the gauges know where to pull your hardware data from. Click Save & Refresh!

# How to Find Your HWiNFO Registry Indexes

# Step 1: Enable HWiNFO Sensor Logging to the Registry

1. Open **HWiNFO64**.
2. Before clicking Start, make sure **""Sensors-only""** is checked, then click **Start**.
3. In the main HWiNFO Sensor window, click the **Settings** gear icon in the bottom-right corner.
4. Go to the **Safety** tab (or look for the **General / Configuration** settings depending on your version) and ensure that **""Shared Memory Support""** is checked and enabled. *(Note: This allows external apps and Rainmeter to read HWiNFO data).*

# Step 2: Use the HWiNFO Shared Memory Viewer (or Registry Editor)

The easiest way to find the exact numerical index corresponding to your hardware metric (like CPU speed or GPU temperature) is by using the official HWiNFO Shared Memory Viewer tool or checking the Windows Registry directly:

* **Method A: Via Windows Registry Editor (Regedit)**
   1. Press Windows Key + R, type regedit, and hit Enter.
   2. Navigate to this path: HKEY\_CURRENT\_USER\\SOFTWARE\\HWiNFO64\\VSB
   3. Inside the VSB folder, you will see a list of values named ValueRaw0, ValueRaw1, ValueRaw2, etc.
   4. Double-click any ValueRaw# entry to view its data. While the raw value itself is just a number, you can match them against your active sensors.
* **Method B: Via the HWiNFO Sensor Layout Order**
   * HWiNFO lists sensors in a strict top-to-bottom sequence across your hardware components (Motherboard, CPU, GPU, Drives).
   * The order in which sensors appear in the HWiNFO sensor window determines their numeric index (starting at 0 for the first reading, 1 for the second, and so on).

# Step 3: Test and Apply in Your Settings Panel

1. Open your **AeroBus ECAM Settings Panel** by clicking the ""SETTINGS"" button on your skin.
2. Find the corresponding entry (e.g., *HWiNFO CPU Speed Index*, *HWiNFO GPU Temp Index*).
3. Click the value box, type the correct index number matching your HWiNFO sensor slot, and hit Enter.
4. Click **SAVE, REFRESH & CLOSE** to apply the changes instantly.

**☕ SUPPORT THE PROJECT** If you enjoy this skin and want to support my future desktop mods, you can buy me a coffee here:

[https://ko-fi.com/exzavier\_](https://ko-fi.com/exzavier_)

**📜 DISCLAIMER & LICENSE** *Created by Flight Deck PC. This is an unofficial, fan-made project. It is not affiliated with, endorsed by, or sponsored by Airbus.* This skin is provided for **Personal Use Only**. You are free to modify it for your own desktop. However, you may NOT redistribute, re-upload, host on other platforms, or bundle this work without explicit written permission.",1,1785928165.0,desktops,0,1.0,False
1vg4bta,https://www.nbcnews.com/select/shopping/keurig-ksupreme-coffee-maker-deal-of-the-day-2026-rcna590856,[Top Stories] - This quiet and compact Keurig coffee maker is under $90 for a limited time,,1,1785928151.0,NBCauto,0,1.0,False
1vg4bt9,https://v.redd.it/kyqghm2vcjhh1,"Coffee Shop Simulator VR is out on Quest today, happy to answer anything!","I'm a solo dev and after a huge amount of solo work I put out Coffee Shop Simulator VR on Quest.

The pitch: you make every drink by hand. Grind, tamp, lock in the portafilter, pull the shot, steam the milk, pour the art. No menus, no ""press A to make coffee."" Tamp unevenly and the shot channels. Then the morning rush starts and there are lot of people at the counter.

The game is available on all Quest devices.

[Link to the store HERE](https://www.meta.com/experiences/app/5905492699487778)

Happy to talk about the dev side too — Ask me whatever.",1,1785928151.0,sidequest,1,1.0,False
1vg4bsw,https://www.psychologytoday.com/us/blog/the-psychology-of-creativity/202608/why-people-stop-bringing-their-ideas-to-work,Why People Stop Bringing Their Ideas to Work - Learned silence is debilitating. Here are three things we can do about it. ~ (Article by Nir Bashan - Reviewed by Margaret Foley - Psychology Today),"***Excerpt from the first part of the article:***

I remember it like it was yesterday. That big meeting where the client flew in from outside the country to our office to hear a presentation. It was amazing. Catering. Exotic coffee. Presentation slides that were worked on for weeks. The client viewed the material and had a few questions. I knew the answer. So I piped up. It was my moment. The moment that would change everything.

Yet I got flattened.

The agency director stepped all over my answer, minimized it, and moved on. The thing is, I didn't decide to stop contributing. I learned to. One bad experience is enough. Many bad experiences like that? Over time? Yep. People stop contributing. The brain is efficient^(1), it files ""that hurt, don't repeat it,"" and avoids it like the plague.",2,1785928150.0,AllAuthorsWelcome,0,1.0,False
1vg4abp,https://www.reddit.com/gallery/1vg4abp,A couple that showed up to cars and coffee Saturday!,,30,1785928031.0,Ferrari,1,1.0,False
1vg4a69,https://i.redd.it/agq4ljxwgjhh1.jpeg,Praying to the Coffee God,,2,1785928018.0,doodles,0,1.0,False
1vg49ww,https://i.redd.it/3hfbe4tugjhh1.jpeg,Dębica,,1,1785927997.0,u_damian3651990,0,1.0,False
1vg49d9,https://v.redd.it/l703qs7ogjhh1,"Coffee Shop Simulator VR is out on Quest today, happy to answer anything!","I'm a solo dev and after a huge amount of solo work I put out Coffee Shop Simulator VR on Quest.

The pitch: you make every drink by hand. Grind, tamp, lock in the portafilter, pull the shot, steam the milk, pour the art. No menus, no ""press A to make coffee."" Tamp unevenly and the shot channels. Then the morning rush starts and there are lot of people at the counter.

The game is available on all Quest devices.

[Link to the store HERE](https://www.meta.com/experiences/app/5905492699487778h)

Happy to talk about the dev side too — Ask me whatever.",2,1785927948.0,virtualreality,0,1.0,False
1vg48m8,https://www.reddit.com/r/weightgain/comments/1vg48m8/so_ive_been_gaining_documentation/,so i’ve been gaining documentation ✨,"female (24) , 5”4 , 105.7 lbs

good morning guys i’m not sure if you guys remember my last post i really appreciate how nice everyone is here and i will spread that here too !

i am now 106.5 lbs ! YAY , i didn’t get to take a pic because i weighed myself before i left to work this morning. i’m so happy sometimes i think my scale is wrong whenever i gain so fast 😂but ill upload a pic later

also i used to go to the gym consistently about 2 months ago but life has struck but god is my bestie so he’s slowly bringing the pieces together and i got to go to the gym for the first time in a while yesterday after work i just did 30 minutes and not that much weight training mainly 15 mins of stretches because i was bed ridden so i feel stiff as a board but yea im really grateful i had been able to go before i used to go monday - friday after work but hey baby steps

one thing that used to help me see results fast was drinking ensures after every meal so i may go back to order those but this week i prioritized eating a lot of steak i hate chicken , mainly the steak and avocado order been helping 😂, most mornings i get a protein iced vanilla latte only one shot of blonde espresso i hate coffee but i start work at 7am so i’ve just learned to deal with it i either get that with a croissant or eat these chocolate chip granola bars , i also cooked steak strips and mashed potatoes and corn yesterday night i want to ease back into cooking as a way to help with me gaining and in general but yeah lots of snacking and ice cream and sprites i used to drink only water and nutrients so i want to ease back to that too but rn i jus use soda as a way to open my stomach and maybe i have also gotten addicted 😔 also one thing i forgot to mention is that im a smoker i smoke weed probably a few pulls before work and probably 2 blunts after work til bed on the days i’m social probably more and ik that probably plays a role but i was thick even while doing this so i know it’s possible , it’s not something im ready to let go of sorry not sorry , i feel like im just trying to work on eating as much as i can and then work on eating healthy as i go correct where i can

i also been sleeping a lot because of the things i have going on so maybe that’s helping with me eating i also just have been feeling so much like life is a journey & im enjoy every step of the way because one day we will have what we want & i hope we have a great time on it , wishing everyone reached their goals ✨💘",1,1785927885.0,weightgain,1,1.0,False
1vg48h2,https://www.reddit.com/gallery/1vg48h2,Good day when you find a Ford GT at cars and coffee!,,2,1785927874.0,carspotting,0,1.0,False
1vg47uf,https://i.redd.it/7t22mq2cgjhh1.jpeg,Coffee,,1,1785927824.0,coffeelife,0,1.0,False
1vg47i9,https://www.reddit.com/r/IcedCoffee/comments/1vg47i9/iced_coffee_and_sweets/,Iced Coffee and Sweets,"https://preview.redd.it/yarnsa58gjhh1.png?width=1080&format=png&auto=webp&s=0b05323d6c3949a7031214406611279bd2a48672

",1,1785927798.0,IcedCoffee,0,1.0,False
1vg47hs,https://i.redd.it/q7kmcfc9gjhh1.jpeg,Auckland Trail Information Evening: 19 August 2026,"**Thinking about tackling Te Araroa?**  
Tips, stories, and trail info you'll need to start - or continue - your own Te Araroa journey.  
An evening of sharing stories, learning information and networking with the community of Te Araroa walkers. Come and share with a mixture of through-and section- walkers to gain information that will assist you.  
Presenters will describe what assisted and hindered them on their own journeys, along with what inspired. Mingle over tea/coffee and share your stories. There will be a donation requested at the door to cover costs for venue and tea/coffee/ biscuits, and to go towards the improvement of the trail in our region.

Book a spot here: https://www.eventbrite.ca/e/te-araroa-trail-information-evening-tickets-1992733399240",2,1785927797.0,teararoa,0,1.0,False
1vg47ap,https://v.redd.it/kyqghm2vcjhh1,"Coffee Shop Simulator VR is out on Quest today, happy to answer anything!","I'm a solo dev and after a huge amount of solo work I put out Coffee Shop Simulator VR on Quest.

The pitch: you make every drink by hand. Grind, tamp, lock in the portafilter, pull the shot, steam the milk, pour the art. No menus, no ""press A to make coffee."" Tamp unevenly and the shot channels. Then the morning rush starts and there are lot of people at the counter.

The game is available on all Quest devices.

Link to the store HEREI'm a solo dev and after a huge amount of solo work I put out Coffee Shop Simulator VR on Quest.

The pitch: you make every drink by hand. Grind, tamp, lock in the portafilter, pull the shot, steam the milk, pour the art. No menus, no ""press A to make coffee."" Tamp unevenly and the shot channels. Then the morning rush starts and there are lot of people at the counter.

The game is available on all Quest devices.

[Link to the store HERE](https://www.meta.com/experiences/app/5905492699487778)

Happy to talk about the dev side too — Ask me whatever.

Happy to talk about the dev side too — Ask me whatever.",1,1785927779.0,Quest2,0,1.0,False
1vg46xv,https://www.reddit.com/gallery/1vg46xv,A good day when you get to see one of these at cars and coffee!,,18,1785927752.0,Ford,1,0.95,False
1vg46xk,https://i.redd.it/r57tvhizejhh1.jpeg,Tolerance level of Inc party and how the freedom brigade is silent  !,"Remember all those posts in the subs about how intolerant Modi is for booking people who abused him and his late mother? Remember how the freedom brigade cried when Meta’s management was called for questioning and asked to apologise for taking down the PM’s post addressing Gen Z?

Well..this one is for you guys. Smell the coffee, crawl back into your den and come out again only when your one way freedom of expression is questioned. ",6,1785927752.0,KeralaSpeaks,4,0.8,False
1vg46th,https://www.reddit.com/r/RepLoversHaven/comments/1vg46th/daily_rep_chat_questions_hauls_handbag_talk/,"🌸 Daily Rep Chat | Questions, Hauls & Handbag Talk","# Welcome to the Daily Rep Chat! 🎀

This is your space for casual conversations that don't need their own post. Whether you're waiting on PSPs, stalking tracking updates, or just want to chat with fellow rep lovers, you're in the right place.

**Use this thread to:**

* 💕 Ask quick questions
* 👜 Share what you're buying
* 📦 Post shipping and tracking updates
* 📸 Show PSPs or mini hauls
* 💎 Share great finds
* ✨ Talk about new releases
* ☕ Chat about anything fashion, handbags, shoes, or accessories

**A few reminders:**

* 🤍 Be kind and respectful to everyone.
* 🚫 No buying, selling, or rehomes.
* 🚫 No seller advertising or self-promotion.
* 📖 Follow our community rules and Wiki.

Grab your coffee (or your shopping cart 🛍️) and join the conversation. We can't wait to see what everyone is loving today!

Happy shopping! 🌸",1,1785927742.0,RepLoversHaven,0,1.0,False
1vg469k,https://i.redd.it/4cgebfzyfjhh1.jpeg,No more Slingtown,,23,1785927700.0,newcastle,5,0.96,False
1vg45gx,https://www.reddit.com/r/gaurcity/comments/1vg45gx/walk_walk_walk/,Walk walk walk,"Any cutie up for a walk today ? Probably around 8:30 in gaur city area . 🙂🙂….  
Maybe a coffee ",2,1785927639.0,gaurcity,0,1.0,False
1vg450u,https://www.reddit.com/gallery/1vg450u,Can i sell my art at this level,"Im a beginner artitst and i have been painting digitally for almost a year now, pretty much all of the stuff here are my study from references and im heavily rely on it.

The 3rd pic is my commission i did for a friend around 2$ ( enough for a coffee in my country ) still heavily rely on references but i do find and searching through mutiple photos both 2d and real photos not just copying straight from 1 photo and recreated it.

So i want u guys opinion and advice for improving my skills, what am i lacking in these pictures. And also can i sell my art and where can i do it.

Thank you very much \^\^ (sorry for my bad english)",3,1785927608.0,Artadvice,0,0.71,False
1vg44vn,https://www.reddit.com/gallery/1vg44vn,Coffee @subko byculla,Saw subko near my meeting place in byculla.  So thought lets visit n chill.  Tried the noir focaccia sandwich and nolen gurer flat white.  Overall pricey affair..  ,3,1785927598.0,mumbaiFood,3,0.8,False
1vg44jl,https://i.redd.it/xlzj9gskfjhh1.jpeg,Everyday coffee,,4,1785927568.0,coffeelife,2,1.0,False
1vg43m4,https://i.redd.it/eu094ivcfjhh1.jpeg,Rewards glitch on App,Mines glitch on a 600 point redemption on 8/1. Do you think its safe to continue abusing it daily? I don’t want dunkin to close my account 😭,0,1785927492.0,DunkinDonuts,2,0.5,False
1vg43aj,https://www.reddit.com/r/AskHistorians/comments/1vg43aj/what_kind_of_coffee_would_have_been_made_in_1930s/,What kind of coffee would have been made in 1930s Paris and how did espresso and Nespresso conquer each European county’s coffee culture?,"I was recently reading a novel written in the 1940s that takes place in 1930s Paris, France and it mentions “putting on a pot of coffee”. This got me wondering what kind of coffee would have been made at home and how would have it been prepared in  France in the 1930s? Additionally, since it most likely was not espresso, how did espresso (and now Nespresso) take over the coffee culture in each European country so thoroughly that now those are the only coffee types one can find when traveling in different European countries? How did every European country, which each have proud food traditions lose their individual coffee preparation traditions and essentially settle on a relatively recently method of coffee preparation?",6,1785927466.0,AskHistorians,1,0.71,False
1vg436i,https://www.reddit.com/gallery/1vg436i,Starting From Zero Is Completely Okay,"Every expert started somewhere.

Most people think you need experience before you can begin. The truth is, you gain experience by starting.

If you're feeling confused about digital marketing, freelancing, SEO, or building online skills—you're not behind. You're just at the beginning.

What's one skill you're learning right now, and what's been the hardest part?

\#DigitalMarketing #Freelancing #CareerGrowth #Learning #Students #SEO #SkillDevelopment #sdmi #suriya",1,1785927456.0,SDMI,0,1.0,False
1vg431x,https://v.redd.it/w0dlxjd6fjhh1,"Coffee Shop Simulator VR is out on Quest today, happy to answer anything!","I'm a solo dev and after a huge amount of solo work I put out Coffee Shop Simulator VR on Quest.

The pitch: you make every drink by hand. Grind, tamp, lock in the portafilter, pull the shot, steam the milk, pour the art. No menus, no ""press A to make coffee."" Tamp unevenly and the shot channels. Then the morning rush starts and there are lot of people at the counter.

The game is available on all Quest devices.

[Link to the store HERE](https://www.meta.com/experiences/app/5905492699487778)

Happy to talk about the dev side too — Ask me whatever.",1,1785927444.0,QuestPro,0,1.0,False
1vg42jl,https://www.reddit.com/r/HealthyIndiaTalk/comments/1vg42jl/preworkout_actually_helps_or_just_expensive/,Pre-workout actually helps or just expensive caffeine?,"Genuine question for the gym people here do you feel pre workout actually changes your session or is it basically just caffeine amd hype and placebo?

I go back and forth on this. Some days i swear i can tell the difference other days I wonder if I'd get the same effect from a strong coffee.

Been trying to figure out whats actually in most of these formulas versus what is just marketing. What's been your experience worth it or not?",1,1785927400.0,HealthyIndiaTalk,0,1.0,False
1vg40zi,https://v.redd.it/kyqghm2vcjhh1,"Coffee Shop Simulator VR is out on Quest today, happy to answer anything!","I'm a solo dev and after a huge amount of solo work I put out Coffee Shop Simulator VR on Quest.

The pitch: you make every drink by hand. Grind, tamp, lock in the portafilter, pull the shot, steam the milk, pour the art. No menus, no ""press A to make coffee."" Tamp unevenly and the shot channels. Then the morning rush starts and there are lot of people at the counter.

The game is available on all Quest devices.

[Link to the store HERE](https://www.meta.com/experiences/app/5905492699487778)

Happy to talk about the dev side too — Ask me whatever.",1,1785927269.0,OculusQuest2,1,1.0,False
1vg404x,https://v.redd.it/kyqghm2vcjhh1,"Coffee Shop Simulator VR is out on Quest today, happy to answer anything!","I'm a solo dev and after a huge amount of solo work I put out Coffee Shop Simulator VR on Quest.

The pitch: you make every drink by hand. Grind, tamp, lock in the portafilter, pull the shot, steam the milk, pour the art. No menus, no ""press A to make coffee."" Tamp unevenly and the shot channels. Then the morning rush starts and there are lot of people at the counter.

The game is available on all Quest devices.

[Link to the store HERE](https://www.meta.com/experiences/app/5905492699487778)

Happy to talk about the dev side too — Ask me whatever.",4,1785927199.0,MetaQuestVR,0,1.0,False
1vg402a,https://www.reddit.com/r/roasting/comments/1vg402a/direct_sourcing_fresh_2526_crop_northern_thai/,"Direct Sourcing Fresh 25/26 Crop Northern Thai Specialty Arabica (Doi Chang , Wawee , Mae Salong -sample available","I’m based in Chiang Mai, Thailand, working directly with certified high-altitude estates across Northern Thailand (Chiang Mai & Chiang Rai regions, 1,300m – 1,600m altitude).

We just released our fresh **25/26 Crop Grade A Washed Arabica** inventory, and I wanted to share a preview for any roasters or importers looking to add unique, high-altitude Asian single-origins to their lineup.

Here are a few featured lots available right now:

**Doi Chang, Chiang Rai (1,600m**

Profile: Dark chocolate, Sugarcane , Sweet,  Nutty(GAP certified)

Specs: Grade A | Washed | Screen: 16-17 | Moisture <12

**Wawee Organic, Chiang Rai (1,600m)**

*Profile:* Syrupy, Chocolate, Brown Sugar (Organic Certified)

*Specs:* Grade A | Washed | Screen 16–17 | Moisture ≤ 12.5%

**Mae Salong, Chiang Rai (1,340m)**

*Profile:* Caramel, Chocolate, Nutty (GAP Certified)

*Specs:* Grade A | Washed | Screen 16–17 | Moisture ≤ 12.5%

**60 kg Jute bags with protective GrainPro inner liners**.

Full documentation provided: Phytosanitary Certificate, ISO 22000, HACCP, and complete traceability.

If you run a roastery or green coffee importing business and want to review our offer sheet or request a **Sample Kit** for your cupping team, feel free to **drop a comment or send me a DM**!",2,1785927194.0,roasting,0,1.0,False
1vg3zmu,https://i.redd.it/czealfezdjhh1.jpeg,10 days post ovulation fmu later ones after coffee and water negative easy at home,is this positive? I am ten dpo and it is an easy at home.,1,1785927156.0,TFABLinePorn,2,1.0,False
1vg3zj5,https://v.redd.it/kyqghm2vcjhh1,"Coffee Shop Simulator VR is out on Quest today, happy to answer anything!","I'm a solo dev and after a huge amount of solo work I put out Coffee Shop Simulator VR on Quest.

The pitch: you make every drink by hand. Grind, tamp, lock in the portafilter, pull the shot, steam the milk, pour the art. No menus, no ""press A to make coffee."" Tamp unevenly and the shot channels. Then the morning rush starts and there are lot of people at the counter.

The game is available on all Quest devices.

[Linka to the store HERE](https://www.meta.com/experiences/app/5905492699487778/?hwsh=mcAE0mHWrg&utm_source=twilight&utm_medium=SHARE&utm_parent=SHARING&utm_cohort=ORGANIC_UNKNOWN)

Happy to talk about the dev side too — Ask me whatever.",2,1785927147.0,VRGaming,0,1.0,False
1vg3yr3,https://v.redd.it/kyqghm2vcjhh1,"Coffee Shop Simulator VR is out on Quest today, happy to answer anything!","I'm a solo dev and after a huge amount of solo work I put out Coffee Shop Simulator VR on Quest.

The pitch: you make every drink by hand. Grind, tamp, lock in the portafilter, pull the shot, steam the milk, pour the art. No menus, no ""press A to make coffee."" Tamp unevenly and the shot channels. Then the morning rush starts and there are lot of people at the counter.

The game is available on all Quest devices.

[Linka to the store HERE](https://www.meta.com/experiences/app/5905492699487778/?hwsh=DqsiGuEcGl&utm_source=twilight&utm_medium=SHARE&utm_parent=SHARING&utm_cohort=ORGANIC_UNKNOWN)

Happy to talk about the dev side too — Ask me whatever.",0,1785927081.0,oculus,1,0.5,False
1vg3ypc,https://www.reddit.com/r/PhR4Friends/comments/1vg3ypc/27m4f_sponty_coffeematcha_tonight_or_tom/,27[m4f] sponty coffee/matcha tonight or tom?,lets share our stories without judgement. drive thru food or coffee? im from ortigas and can pick you up if near and bring you home if on the way :),2,1785927077.0,PhR4Friends,0,0.75,False
1vg3yms,https://www.reddit.com/r/EasyProteinShots/comments/1vg3yms/does_liquid_collagen_make_a_difference_on_busy/,Does Liquid Collagen Make a Difference on Busy Mornings?,"Busy mornings usually mean grabbing coffee and heading out the door. When breakfast gets skipped, it's easy to feel like you're running on empty before the day even starts. That's why I've noticed more people talking about liquid collagen as something quick they can fit into a hectic routine.

One reason it gets mentioned so often is convenience. There's no mixing, blending, or meal prep. You can take it in seconds, which makes it appealing if you're commuting, traveling, or simply don't have time to sit down for a full meal. The same goes for Easy Protein Shots, which are another quick option for adding protein without carrying around a shaker bottle.

I'm curious if anyone here has actually noticed a difference in their morning energy after adding liquid collagen or Easy Protein Shots to their routine. I know they aren't a replacement for a balanced diet, but for people who regularly skip breakfast, have they helped you feel more prepared for the day?

Interested to hear real experiences, whether they made a noticeable difference or if they were simply a convenient habit that fit into a busy schedule.",1,1785927072.0,EasyProteinShots,0,1.0,False
1vg3y9c,https://www.reddit.com/r/berkeley/comments/1vg3y9c/berkeley_freshmen_happy_to_take_any_moveout_stuff/,"Berkeley freshmen, happy to take any move-out stuff you're tossing","Hey! Incoming Berkeley freshman here 👋 Any graduating students giving away stuff before they move out? Looking for plates, pots, pans, cutlery, mugs, a kettle, lamps, storage bins, charger, mattress or anything else you don't wanna lug home. Happy to pick up anytime, and I'll grab you a coffee as a thank you ☕ Would really appreciate it!",2,1785927042.0,berkeley,0,1.0,False
1vg3xmv,https://v.redd.it/kyqghm2vcjhh1,"Coffee Shop Simulator VR is out on Quest today, happy to answer anything!","I'm a solo dev and after a huge amount of solo work I put out Coffee Shop Simulator VR on Quest.

The pitch: you make every drink by hand. Grind, tamp, lock in the portafilter, pull the shot, steam the milk, pour the art. No menus, no ""press A to make coffee."" Tamp unevenly and the shot channels. Then the morning rush starts and there are lot of people at the counter.

The game is available on all Quest devices.

[Link to the store HERE](https://www.meta.com/experiences/app/5905492699487778)

Happy to talk about the dev side too — Ask me whatever.",1,1785926989.0,VRtoER,0,1.0,False
1vg3xd1,https://www.ibtimes.co.uk/starbucks-korea-tank-day-controversy-1812544,Starbucks 'Tank Day' Controversy Explained Why Police Raided the South Korean Coffee Giant's HQ,,3,1785926965.0,starbucks,1,0.8,False
1vg3w3d,https://www.reddit.com/r/u_maciejmm/comments/1vg3w3d/a_polishfounded_robot_that_drives_screws_faster/,A Polish-founded robot that drives screws faster than humans,"*Originally published on: [elementapp.ai](https://elementapp.ai/blog/physical-intelligence-automating-physical-work/)*

---

When people think about automation, they usually picture chatbots, image generators, and coding assistants. Meanwhile, AI is moving into territory that seemed off-limits until recently: precise physical work.

Physical Intelligence (π), a startup co-founded by Polish-born [Karol Hausman](https://sequoiacap.com/founder/karol-hausman/), just demonstrated that robots can drive screws, insert ethernet cables, and thread zip ties faster than humans, and not under lab conditions but in tasks requiring sub-millimeter precision.

### A kid from small-town Poland who's building a brain for robots

Karol Hausman grew up in a small town in Poland and found his inspiration for robotics where many of us did: Star Wars. That childhood fascination took him to Stanford and Google DeepMind, and eventually to founding Physical Intelligence alongside [Sergey Levine](https://scholar.google.com/citations?user=8wQ1NbkAAAAJ) and [Chelsea Finn](https://ai.stanford.edu/~cbfinn/), two leading robotics researchers from Stanford.

The company wants to build a universal “AI brain for the physical world,” a foundation model that can control any robot on any task. They’ve raised over a billion dollars from investors including Sequoia Capital, Khosla Ventures, and Thrive Capital to make it happen.

### 15 minutes of training, superhuman precision

Physical Intelligence’s latest achievement is a method called [RLT (Reinforcement Learning Tokens)](https://www.pi.website/research/rlt), which lets robots rapidly improve at precise manipulation tasks. Here are the results:

- Screwdriver alignment improved from 1.7 to 14 successes per 10 minutes, an 8x increase
- Zip tie threading went from 2.8 to 13 successes per 10 minutes
- Ethernet cable insertion sped up from 147 to 400 successes per 10 minutes
- Power cord insertion jumped from 136 to 600 successes per 10 minutes

One number worth pausing on: the robot needs just **15 minutes of real-world data** to start improving, and full training takes about two hours. On ethernet insertion, half of the robot’s attempts were faster than the best human-teleoperated trial. These are tasks requiring sub-millimeter precision that were considered out of reach for machines not long ago.

### Laundry, boxes, espresso, and kitchens it's never seen

RLT is the latest step, but π0, Physical Intelligence’s main product, already handles quite a bit more:

- Unloading a dryer, carrying laundry over, and folding it into a stack
- Clearing tables, collecting dishes, and sorting waste into the right bins
- Assembling cardboard boxes with multi-step corrections
- Gently packing eggs into a container
- Grinding coffee and making espresso

The newest version, π0.5, takes this even further. A robot running this model can clean up a **completely unfamiliar kitchen or bedroom** based on plain-language instructions. The system isn’t programmed for a specific room; it simply adapts, which in practice means the same robot can work in entirely different apartments without any extra configuration.

The model runs on eight different robotic platforms, from single UR5e arms to bimanual setups to mobile robots. On shirt folding it hits 100% success where competing models (OpenVLA, Octo) score 0%. One hundred to zero, just to be clear.

### Physical Intelligence isn't the only player

Physical Intelligence isn’t working in isolation. The entire physical automation sector is accelerating at the same time:

- Tesla Optimus Gen 3 has new hands with 50 actuators and 22 degrees of freedom per hand, with factory deployment planned for Q2–Q3 2026 and mass production in 2027.
- Figure AI unveiled Figure 03 in late 2025, designed for high-volume manufacturing.
- According to the [International Federation of Robotics](https://ifr.org/ifr-press-releases/news/top-5-global-robotics-trends-2026), the industrial robot market has reached $16.7 billion, while warehouse automation is approaching $30 billion with projections to double by 2030.
- Some logistics companies already run “lights-out” night shifts where robots handle all processes without anyone on site.

The IFR’s top trends for 2026 boil down to two themes: robots are getting smarter through AI, and they’re being deployed to fill jobs that companies can’t hire humans for.

### Physical work is no longer ""safe"" from automation

For years the conventional wisdom held that AI would automate knowledge work but physical work was safe because it requires fine motor skills, adaptation to unpredictable conditions, and “common sense” that machines don’t have.

Those arguments are looking less convincing by the month.

A Physical Intelligence robot drives an M3 screw with sub-millimeter precision after 15 minutes of learning. It folds laundry it has never seen before. It cleans a kitchen it has never been in. It does all this across different robotic platforms because its “intelligence” isn’t tied to a specific mechanical body but lives in a model you can install on any arm.

We’re no longer building robots for single tasks on a production line. We’re building something closer to universal physical intelligence, and a guy from a small Polish town is one of the people making it happen. At the current pace of progress, I suspect that a year from now we’ll wonder why we ever doubted machines could do this.

Read more about [ATS](https://elementapp.ai/wszystko-o-ats) and [Element](https://elementapp.ai/wszystko-o-ats) here.",1,1785926854.0,u_maciejmm,0,0.99,False
1vg3vu7,https://v.redd.it/kyqghm2vcjhh1,"Coffee Shop Simulator VR is out on Quest today, happy to answer anything!","I'm a solo dev and after a huge amount of solo work I put out Coffee Shop Simulator VR on Quest.

The pitch: you make every drink by hand. Grind, tamp, lock in the portafilter, pull the shot, steam the milk, pour the art. No menus, no ""press A to make coffee."" Tamp unevenly and the shot channels. Then the morning rush starts and there are lot of people at the counter.

The game is available on all Quest devices.

[Link to the store HERE](https://www.meta.com/experiences/app/5905492699487778)

Happy to talk about the dev side too — Ask me whatever.",3,1785926832.0,Quest3,1,1.0,False
1vg3uy4,https://www.reddit.com/r/AuDHDWomen/comments/1vg3uy4/starting_to_realize_how_oblivious_i_am_with/,Starting to realize how oblivious I am with flirting,"I'm 28, and I have so many moments in my life when someone would be flirt with me, then people that were there will tell me years later how they were flirting and I'm sitting their confused and in denial. There have been a few times when I befriend a male coworker, I think they are being nice, then all of a sudden they are sending me winky faces and asking for pics, now I read back at those texts and they were flirting the whole time. I just learned in this year that going out for coffee... Doesn't mean coffee.

What really got me to realize how oblivious I am I was watching Smosh read reddit stories, it was their latest gay pride video. There was this one story the OP was getting flirted with, it flew over OP's head and mine, but everyone else caught the flirting. The guests in the video caught it, the comments caught it, my husband was watching the video with me and he caught it. Not me though 😂

I was diagnosed with autism a few weeks prior to watching that video, and I just though... damn, I really am autistic 😅 now I can't help but wonder how many signs I missed lol. ",5,1785926750.0,AuDHDWomen,2,1.0,False
1vg3uxn,https://v.redd.it/kyqghm2vcjhh1,"Coffee Shop Simulator VR is out on Quest today, happy to answer anything!","I'm a solo dev and after a huge amount of solo work I put out Coffee Shop Simulator VR on Quest.

The pitch: you make every drink by hand. Grind, tamp, lock in the portafilter, pull the shot, steam the milk, pour the art. No menus, no ""press A to make coffee."" Tamp unevenly and the shot channels. Then the morning rush starts and there are lot of people at the counter.

The game is available on all Quest devices.

[Link to the store HERE](https://www.meta.com/experiences/app/5905492699487778)

Happy to talk about the dev side too — Ask me whatever.",1,1785926750.0,vrdev,1,1.0,False
1vg3uih,https://www.reddit.com/gallery/1vg3uih,Tell me your app and I will do your App Store Screenshots (for free of course!),I will select 3 apps among the comment and design your app store screenshots! (ps: im not a designer :)),1,1785926713.0,AppStoreOptimization,0,1.0,False
1vg3ug8,https://i.redd.it/mn74ufg0djhh1.jpeg,Slow mornings cold coffee,,4,1785926707.0,IcedCoffee,0,0.84,False
1vg3u1f,https://i.redd.it/8fjd00ovcjhh1.png,Nazi slogan on coffee pot,"I'm not crazy, right? Gott mit uns is a Nazi slogan and anyone painting it on their coffee pot is blowing a nazi dog whistle...

OP claims they live in Bavaria and that it's common to say it there, but I live quite close to Bavaria and I've never seen anyone using this slogan in a non-fascist way... 

",4,1785926670.0,MarchAgainstNazis,3,0.75,False
1vg3u0m,https://v.redd.it/kyqghm2vcjhh1,"Coffee Shop Simulator VR is out on Quest today, happy to answer anything!","I'm a solo dev and after a huge amount of solo work I put out Coffee Shop Simulator VR on Quest.

The pitch: you make every drink by hand. Grind, tamp, lock in the portafilter, pull the shot, steam the milk, pour the art. No menus, no ""press A to make coffee."" Tamp unevenly and the shot channels. Then the morning rush starts and there are lot of people at the counter.

The game is available on all Quest devices.

[Link to the store HERE](https://www.meta.com/experiences/app/5905492699487778)

Happy to talk about the dev side too — Ask me whatever.",6,1785926668.0,OculusQuest,0,0.8,False
1vg3sw8,https://www.reddit.com/r/oldroblox/comments/1vg3sw8/roblox_highschool_2_legacy_version/,roblox highschool 2 legacy version?,"I have fond memories of this game, I had a star themed glider, a bungalow with tons of star themed furniture, I remember the Map with a thick forest and with statues in it, so off a whim of a memory I boot up Roblox and go to check it out for memories sake just to see they revamped the whole map and a lot of the NPCS, my house is gone my furniture is most gone, my beautiful glider I remember using to farm coffees deliveries, is gone. is there a legacy version of RBH 2 out there?",1,1785926569.0,oldroblox,0,1.0,False
1vg3si6,https://www.reddit.com/r/saigon/comments/1vg3si6/sky_hostess_bar_formerly_sweet_candy/,SKY hostess bar - formerly Sweet Candy,"Its on HuynhThuc Khang, on the corner opposite the market and a coffee shop.

Beware. This place operates multiple scams from overpriced drinks through to getting you drunk and putting through huge charges on your ATM or Credit Card.

Heres how it works. You are attracted inside by the women outside. A round of drinks for you and two hostesses will set you back 750k VND. Time passes and you rack up a huge bill, over 100 dollars. You are encouraged to start getting rounds of shots and also a visit upstairs is suggested. 

You make the mistake of using your bank card in front of them, so they can figure out you PIN.

Its 6 million VND to go upstairs with the women. At some point you pass out. You may spend some time speaking to god through the great white telephone and eventually stagger out or escape in the early hours. For some reason they hold you back from leaving, the reason is that they need to put your bank card back in your wallet without you realising. They leave the cash in your wallet so you dont notice anything wrong immediately.

You look at your bank account the followng day. It has been emptied. Multiple 10 million VND transactions in that bar, other nearby bars and ATM and down the street. 

You report it to the police. The police prefer to go with you back to the bar to get a refund which may be difficult as its your word(no vietnamese) against the bar and other bars.  Also quite an intimidating situation. The police will not let you file an official report. The bank wont give a refund unless there is a police report. Your time runs out on your trip before you can follow it all up. You are caught in a catch-22.

Hard Lesson Learnt.",0,1785926535.0,saigon,3,0.5,False
1vg3she,https://www.reddit.com/r/navimumbaidates/comments/1vg3she/24m_looking_for_a_partner_in_crime_to_romanticize/,24M | Looking for a Partner in Crime to Romanticize Mumbai (Bonus points if you're cute 😉),"Been in Andheri for over a year, and somehow Mumbai still feels like a city I've only seen through office windows and cab rides.

So here's my idea...

I'm looking for someone who's up for random adventures sunrise drives, hidden cafés, street food binges, bookstores, beaches, rooftops, long walks, terrible jokes, and those conversations that somehow go from ""What's your favorite food?"" to ""What's your biggest life goal?""

Whether you're looking for:

\\- A new friend

\\- An exploring buddy

\\- A spontaneous plus-one

Or maybe something that starts with coffee and ends with chemistry...!

...I'm open to all of it.

A little about me:

\\- 24M, based in Andheri

\\- Product guy who spends too much time building things and too little time touching grass

\\- Loves good conversations, dark humor, drives, photography, and discovering places most people scroll past

\*\*Can host if that makes planning easier\*\*

Let's make Mumbai feel a little smaller and our weekends a lot more memorable.

\*\*DM me your favorite place in Mumbai—or the one you've always wanted to visit. Let's see if we click.\*\*",1,1785926533.0,navimumbaidates,0,1.0,False
1vg3rwy,https://www.reddit.com/r/developersIndia/comments/1vg3rwy/looking_for_young_active_remotehybrid_workers_for/,Looking for Young Active Remote/Hybrid workers for a Productive work from home session from cafes,"Hey everyone!

I’ve been working remotely/hybrid for a bit now, and while skipping the commute is great, the WFH isolation is starting to get real. Staring at the same four walls all day is slowly turning my brain to mush.

I'm looking to put together a casual, productive co-working session for people in our **early 20s** (roughly 20-25) who want to get out of the house, get some actual work done, and make some new friends who are also navigating the remote/hybrid grind.

**The Plan:**

* **What:** A low-pressure, focus-heavy work session with coffee breaks and a chat during lunch.
* **Where:** A laptop-friendly cafe with good Wi-Fi, strong coffee, and decent seating (open to suggestions—maybe somewhere around Indiranagar, Koramangala, or Church Street).
* **When:** Sometime later this week or weekend (drop your preferred days/times in the comments).

About me : I am a software engineer , graduated recently working on building fascinating stuff which would provide value for US clients",0,1785926482.0,developersIndia,1,0.5,False
1vg3r76,https://i.redd.it/2ore89m5cjhh1.jpeg,was it still casual or were the boundaries blurred?,"lots of protein bowl for dinner (i made it by myself)

i graduated a few weeks ago, which means i'll prob be leaving this city soon. Ever since then, i've found myself looking back on a situation that's been part of my life for years, and the more I think about it, the less I know where the line between ""casual"" and ""something more"" actually is.

I (21F) have known this guy (22M) for about six years. we became best friends in high school, and somewhere during my first year of college, this whole situation started. it was always on and off. then I got into a serious relationship in 2024, so everything between us stopped. After that relationship ended about a year later, we somehow found our way back to each other. What changed this time was how intense everything became over the last three months.

from the very beginning, we both agreed this was just for fun. two consenting adults, no expectations, no promises, no labels. we even agreed that once I eventually left this city after graduation, this chapter would naturally come to an end. Neither of us has ever brought up dating or becoming exclusive, and honestly, that's not even why I'm writing this.

what confuses me is how we actually act around each other. since we live literally one alley apart, we end up spending so much time together. most of the time, he's the one asking me to come over. we don't just see each other to hook up. We'll grab coffee, grocery shop, order food, binge Netflix, or spend hours in the same room doing absolutely nothing. Sometimes he's gaming while I'm lying on his bed watching something, and out of nowhere he'll walk over just to hug me, kiss my forehead or my cheek, mess up my hair, lean on me for a second, or steal my hand just to hold it before casually going back to his game like nothing happened.

The hand-holding somehow became one of the things that stuck with me the most. One night we were watching Netflix, and he reached for my hand. At some point I let go without really thinking about it. A few seconds later, he started moving his hand around next to me like he was silently asking, ""Where did your hand go?"" I laughed, gave him my hand again, and he held it for the rest of the movie while gently rubbing the back of it with his thumb.

Even after we'd been intimate, we'd rarely just leave. We'd order food, cuddle, watch another movie, or just stay together until one of us eventually went home. One night I accidentally fell asleep on his arm and didn't wake up until the next morning. I only found out afterward that his entire arm had gone numb, but he never moved me because he didn't want to wake me up.

Around the same time, our communication also shifted. We started texting almost every day about the most random things imaginable. He'd randomly update me about his day, and after years of never using pet names, he suddenly started calling me ""honey"" or ""baby"" even during completely normal conversations. I always assumed he was joking, so I never really questioned it.

The funny thing is, other people started noticing too. One of my friends looked at us and asked, ""So... what's going on between you two?"" They had absolutely no idea about our arrangement.

Then, after I graduated, I mentioned that I'd probably be leaving this city soon to look for work. He got unusually quiet before telling me that he was scared of losing me because I'd be leaving. Then he said something that caught me completely off guard: that around ninety percent of his memories in this city involved me. I didn't really know what to say, so I just told him we'd still keep in touch and stay friends. We changed the subject after that and never brought it up again.

The weird part is... despite all of this, we've never tried to redefine what we are. We still go back to the same agreement we made years ago: this is casual, and it'll end when I leave.

I'm not posting this because I want strangers to tell me he secretly loves me or that we're soulmates. I don't think anyone can make that conclusion from a Reddit post anyway.

I think I'm just wondering where people draw the line.

Maybe this really is just what some FWB dynamics look like, especially when you've been best friends for years. Or maybe the boundaries became so blurry that neither of us noticed because we were too comfortable to question them.

Either way, my brain has been looping this over and over lately, and I figured I'd finally throw it into the void and see what other people think.",8,1785926418.0,GirlDinnerDiaries,9,1.0,False
1vg3qck,https://i.redd.it/65ywwfdtbjhh1.jpeg,Coffee/Tea/Beer/Wine - Open to meet this week,,1,1785926344.0,GoaDating,1,1.0,False
1vg3q1v,https://www.reddit.com/r/BangaloreSocial/comments/1vg3q1v/looking_for_young_active_remotehybrid_workers_for/,Looking for Young Active Remote/Hybrid workers for a Productive work from home session from cafes,"Hey everyone!

I’ve been working remotely/hybrid for a bit now, and while skipping the commute is great, the WFH isolation is starting to get real. Staring at the same four walls all day is slowly turning my brain to mush.

I'm looking to put together a casual, productive co-working session for people in our **early 20s** (roughly 20-25) who want to get out of the house, get some actual work done, and make some new friends who are also navigating the remote/hybrid grind.

**The Plan:**

* **What:** A low-pressure, focus-heavy work session with coffee breaks and a chat during lunch.
* **Where:** A laptop-friendly cafe with good Wi-Fi, strong coffee, and decent seating (open to suggestions—maybe somewhere around Indiranagar, Koramangala, or Church Street).
* **When:** Sometime later this week or weekend (drop your preferred days/times in the comments).",2,1785926317.0,BangaloreSocial,0,1.0,False
1vg3pft,https://www.reddit.com/r/ProvenceFrance/comments/1vg3pft/honeymoon_help/,honeymoon help,"I've been talking with my partner about spending our honeymoon in Lourmarin for at least 7 years now. We want to rent a pool villa and just spend some nights there cooking, reading, swiming, drinking, occasionally going out for a coffee/dinner if that's possible. Any recommendations of accommodation? Or should I maybe look into other towns/villages in the area? Also, we're coming around the 20th of september, so do you think the weather's going to be good enough for swimming? thanks!! ",1,1785926262.0,ProvenceFrance,3,0.67,False
1vg3n52,https://www.reddit.com/gallery/1vg3n52,What do you think about this App Store Screenshots?,,1,1785926050.0,iOSAppsMarketing,1,1.0,False
1vg3ms1,https://www.reddit.com/r/RentingInDublin/comments/1vg3ms1/giving_up_my_ensuite_room_at_yugo_highfield_park/,"Giving up my ensuite room at Yugo Highfield Park, Dublin, looking for someone to take it over","Hey everyone,

I'm reaching out about my room at Yugo Highfield Park, in Dublin :))

**🛏️ The room**

* Ensuite double room, 16 sqm
* Full size double bed (135 x 190 cm)
* Private bathroom
* Plenty of storage space
* Bright and quiet

**📍 Location**

* 5 minute walk from the LUAS, Dublin's light rail tram system
* 20 minutes from TCD
* Phibsborough, Dublin 7: a calm area surrounded by houses, with lots of nice coffee shops around

**💶 Price**

* 340 euros per week, all bills and facilities included
* Available from 3rd September to 17th June, so 41 weeks

Let me know if you're interested or have any questions ☺️",0,1785926018.0,RentingInDublin,0,0.5,False
1vg3mi9,https://i.redd.it/4jh8lqbuajhh1.png,Day... I've officially lost count.,"**Day... I've officially lost count.**

**Being over 55 and starting over wasn't on my bingo card.**

\*\*It's Wednesday... and I'm heading back to the same open interviews for the **fourth time**.

Maybe today will be different.

Maybe today someone will look beyond my age and see the experience, loyalty, reliability, and work ethic I bring to the table.

So I'll grab my coffee, straighten my résumé, put on a smile, and walk through those doors **one more time.**

Because you never know...

**The fourth time might be the one that changes everything.**

To everyone else still searching, still applying, and still hoping—don't quit.

Sometimes the next opportunity is waiting on the other side of one more try.

❤️ **Here's to another chance, another interview, and another opportunity to hear the word ""You're hired.""**

**#Over55 #JobSearch #OpenToWork #WednesdayMotivation #ExperiencedWorkersMatter #NeverGiveUp #StartingOver #OneMoreTry #OneYesCanChangeEverything #MicheleMoran**",0,1785925994.0,RecruiterTea,0,0.5,False
1vg3mhu,https://www.reddit.com/r/Jorhat_town/comments/1vg3mhu/jorhat/,Jorhat,"Anyone up for IRL meetups?

It's getting way too boring here. 😭

I'm looking to meet new people and make some genuine connections through casual IRL meetups. If you're interested in hanging out, grabbing coffee, exploring the city, or just having good conversations, feel free to DM me!

(18+ preferred, and public places only for everyone's safety.)",1,1785925994.0,Jorhat_town,2,1.0,False
1vg3m9c,https://www.reddit.com/r/MakeNewFriendsHere/comments/1vg3m9c/32f_short_asian_cutie_looking_for_player_2/,32F Short asian cutie looking for player 2,"

I play lots of video games and realized that I'm getting older and because I get anxious around people.... I would love to settle down though and hope to meet my special one.

Location doesn't matter to me, but I would love to meet someone who enjoys cooking and relaxing together. I am a fairly good cook and I love coffee. I can also cook really good steaks.

Currently locked into my 4th run of Divinity, the original sin!

Look, distance isn't a problem, I don't mind relocating for the right guy~

With how crazy dating is now, all I want to meet is an educated, nerdy guy who's financially stable and also can handle a few good dad jokes and late 90's humor~.",14,1785925973.0,MakeNewFriendsHere,10,0.69,False
1vg3lxk,https://www.reddit.com/r/NinjaLuxeCafe/comments/1vg3lxk/weird_inconsistent_while_pulling_shots/,Weird inconsistent while pulling shots,"Hello, i had my ninja for about 5 days, but for the last 3 days it drivinf me nuts.

The first dwo days of pulling espresso was great - it was a little bit sour, but nothing horrible. I was pulling great americano and iced latte - but after 2 days, it was sour as hell, almost undrinkable and it was without any tweaking with settings

Yesterday new beans and coffee scale arrived to me and i was starting to measure shots etc. Grinder seems to work fine - it giving about 17.5-18.5g of coffee - maybe not the most consistent amount, but good enougth i will say

And then extraction - i just don't understand it. For coaser grinds it was giving around 40-45g of espresso in 25s, quite fast but it was recommended value from autobarsita, or a little bit lower

When i setup it at lest say ""perfect"" spot - setting 7 - it was giving around 36 grams in 30 seconds, and then was still extracting to almost 60g (in my notse i have 59.3g in 46s). Still a little bit of sour, but not that bad. Of course i can stop it manually, but i didn't pay for automatic machine to staying close to it and making sure it works correctly - i that case i can but any other coffee machine

I tried to grind finer - but at 6 ninja was almost chocked - 18.2g in -> 27g out in 49s

At 5, it just choked.

Every shot was pulled at max stength - so it should be around 1:2 ratio, and it just isnt - it closer to 1:2.5, but at current setting it is above 1:3 ratio

Has anyone else this problem? At this point i'm thinking about returning it, and buying something closer like sage bambino and separate grinder, if i need to stay close to machine and looking at it, i do not see any advantages in ninja at this point",2,1785925944.0,NinjaLuxeCafe,0,1.0,False
1vg3lmj,https://i.redd.it/ngxjha7najhh1.png,Day... I've officially lost count.,"**Day... I've officially lost count.**

**Being over 55 and starting over wasn't on my bingo card.**

\*\*It's Wednesday... and I'm heading back to the same open interviews for the **fourth time**.

Maybe today will be different.

Maybe today someone will look beyond my age and see the experience, loyalty, reliability, and work ethic I bring to the table.

So I'll grab my coffee, straighten my résumé, put on a smile, and walk through those doors **one more time.**

Because you never know...

**The fourth time might be the one that changes everything.**

To everyone else still searching, still applying, and still hoping—don't quit.

Sometimes the next opportunity is waiting on the other side of one more try.

❤️ **Here's to another chance, another interview, and another opportunity to hear the word ""You're hired.""**

**#Over55 #JobSearch #OpenToWork #WednesdayMotivation #ExperiencedWorkersMatter #NeverGiveUp #StartingOver #OneMoreTry #OneYesCanChangeEverything #MicheleMoran**",1,1785925916.0,JobSearchAndResumes,0,1.0,False
1vg3lec,https://www.reddit.com/r/TalesFromTheCreeps/comments/1vg3lec/you_up_tales_of_the_collapse/,You Up🫦: Tales Of The Collapse,"Danny stared at the digital clock on his nightstand. 3:14 AM. 

The numbers glowed a neon pink that he didn't remember setting. Three years ago at this exact hour, his hands would have been shaking as he reached for a bottle of cheap vodka hidden behind the water heater. 

Tonight his hands were steady. his skin felt wrong. It felt tight like plastic cooling over bone.

He sat up, the floorboards cold beneath his bare feet. In the dark corners of his bedroom the shadows were not just pooling they vibrated with a faint high pitched digital hum.

Danny walked to the bathroom mirror and flicked the light switch. 

The fluorescent bulb buzzed to life revealing a face he barely recognized. The rugged lines carved by decades of hard drinking were gone replaced by a smooth porcelain pallor. 

His jawline looked mathematically sharpened. as if edited by a slider in a character creation menu.

His thinning gray hair had grown thick overnight parting perfectly down the middle in messy curtained waves of artificial pitch black. 

Beneath his left eye two neat black ink hearts had bled through the epidermis. They weren't tattoos. 

they were a biological pigmentation blooming from within. He looked down at his torso. 

He was wearing an oversized black and white striped long sleeve shirt under a vintage graphic tee. 

He had never owned these clothes. They smelled of ozone fresh synthetic cotton and a sickeningly sweet wave of blue raspberry vape juice.

A repulsive clicking sounded from the hallway. *Click-clack. Click-clack.* It was the router. The green LEDs on the plastic box were flashing in a pattern that mirrored a human pulse. The internet was not a wire or a satellite signal. 

Danny could feel it now. it was a sprawling, multi dimensional web woven by something ancient that lived in the dark spaces between the servers. It fed on the isolated, the broken, and the hollow. 

His sobriety had left a vacuum in his soul, and the Web was rushing in to colonize the empty space.

He walked to his desk as if pulled by invisible monofilament strings. His computer monitor ignited without being touched casting a blinding violet glare across the room. 

A text document was already open.  
His fingers hovered over the mechanical keyboard. 

They moved with a terrifying fluid autonomy typing out letters he didn't want to write.

*“poggers*” his fingers typed*. “i’m literally so smol right now nya.”*

Danny gasped trying to pull his hands back. his muscles refused to obey. His throat tightened. 

A soft breathy whisper. a voice meant to manipulate algorithms and soothe parasocial onlookers was bubbling up his esophagus. 

The entity wanted him to open the camera software. It wanted to broadcast his assimilation to a million faceless scrolling eyes sealing his consciousness into the digital collapse forever.

A silver chain suddenly materialized around his neck tightening like a noose.

""No, you can have me when you earn me!!” Danny wheezed. The voice that came out was too high too sweet. It disgusted him.

He closed his eyes and looked inward searching for the raw ugly strength that had kept him out of the liquor stores for over a thousand days. 

No comfort was to be found. the brutal calloused iron of his own willpower. He remembered the cold sweat of withdrawal. 

He remembered the damp church basement. the smell of stale coffee. the agonizing humility of admitting he was powerless over his vices. 

He had conquered the liquid demon through sheer unyielding endurance. He would not surrender his humanity to a twitching neon god.

Danny violently clamped his jaws shut  biting the side of his tongue until the metallic taste of hot iron filled his mouth. 

The pain shattered the digital haze anchoring him back to his physical meat and bone. 

With a guttural roar that tore through his newly softened vocal cords forcing them back into a gravelly broken baritone he slammed his palms onto the desk.

He grabbed the silver chain around his neck and pulled with everything he had. The metal links bit into his skin. 

his human muscles locked. With a sharp snap the chain shattered. scattering across the floor.

The monitor began to glitch the text turning into a chaotic mass of unreadable eldritch glyphs. 

The speakers wailed with distorted phonk bass a sonic scream of frustration from the entity in the wire.

Danny didn't hesitate. He raised his heavy work worn boot and brought it down with crushing force directly onto the power strip beneath his desk.

The plastic cracked. The spark was bright and brief.

Instantly, the room plunged into absolute, suffocating darkness. The hum died. The wet clicking from the hallway ceased.

Danny collapsed into his chair. chest heaving, his breath ragged and loud in the sudden silence. He reached up to touch his face. 

The skin was rough again. The faint scent of blue raspberry faded. replaced by the familiar comforting smell of dust and old coffee. 

On the floor the shattered links of the silver chain had already dissolved into a harmless pile of gray rust. He was exhausted bleeding and entirely himself.",1,1785925896.0,TalesFromTheCreeps,1,1.0,False
1vg3la6,https://i.redd.it/0e3qkjye9jhh1.png,"Potassium supplementation guidelines for people who sweat a lot
汗多人群的鉀補充指南（點擊看全文）","When you sweat profusely, your body loses not only water but also an important electrolyte—potassium. Potassium loss can lead to discomfort such as leg weakness and palpitations, and may even affect heart function. Simply replenishing water won't solve the problem; it may even dilute the electrolytes in the blood, exacerbating the discomfort.

Why is potassium so important?

Maintaining muscle function: Potassium ions are crucial for muscle contraction. Potassium deficiency leads to muscle weakness, especially affecting the legs.

Stabilizing heart rhythm: Cardiac muscle cells are extremely sensitive to changes in potassium concentration; low potassium can trigger arrhythmia.

Balancing body fluids: Potassium works synergistically with sodium to maintain the osmotic pressure balance inside and outside cells.

Safe and effective way to replenish potassium: Food

Replenishing potassium through food is the safest way, as those with normal kidney function can excrete excess potassium, preventing excessive intake. It is recommended to consume 2000 mg of potassium daily; those who sweat a lot can increase this amount appropriately.

Six recommended high-potassium foods:

1. Potatoes: A medium-sized baked potato contains nearly 900 mg of potassium and is rich in resistant starch, making it mild and easily digestible.

2. Sweet potatoes: Rich in potassium and carotene, they are a healthy snack choice.

3. Legumes: Including edamame (containing over 400 mg of potassium per 100g) and mung beans, these provide potassium, plant protein, and dietary fiber. Note that mung bean soup should be eaten with the beans to maximize potassium intake.

4. Mushrooms: Dried shiitake mushrooms, enoki mushrooms, and king oyster mushrooms are high in potassium and provide umami flavor, reducing salt intake.

5. Dark green leafy vegetables: Summer leafy greens such as spinach, amaranth, and water spinach retain most of their potassium after blanching (about 30 seconds).

6. Fruits: Oranges, cantaloupe, and kiwis have higher potassium content than bananas, and their sugars are dispersed, helping to balance electrolytes.

Other high-potassium foods: Seaweed and kelp: Boiling them in soup is an excellent source of potassium, while also providing iodine and magnesium.

Cooking and Dietary Recommendations for Scientific Potassium Supplementation

Drink More Soup:Potassium dissolves into the broth during cooking, allowing for better potassium intake.

Control Salt Intake: Utilize the umami flavors of scallions, ginger, garlic, and mushrooms to reduce salt intake and prevent rapid potassium loss.

Distribute Intake: Spread high-potassium foods throughout your three daily meals to avoid irritating the intestines with large amounts at once.

Replenish After Sweating: Drink small amounts of salty soup or eat juicy fruits to help balance electrolytes and relieve thirst.

Special Considerations for Certain Populations:

Tea and Coffee Drinkers:Tea and coffee have a diuretic effect, increasing urinary potassium excretion. Additional high-potassium foods are necessary.

Patients with Hypertension: Those taking diuretics long-term should monitor their blood potassium levels under a doctor's guidance when sweating excessively and appropriately increase their intake of high-potassium foods.

Patients with Kidney Insufficiency:Impaired potassium excretion makes hyperkalemia more dangerous than hypokalemia. Dietary adjustments based on blood potassium levels are necessary under the guidance of a doctor and nutritionist.

By eating a balanced diet, you can effectively replenish the potassium lost through sweat and maintain your health.

 大量出汗時，身體流失的不僅是水分，還有重要的電解質——鉀。鉀的流失會導致腿軟、心慌等不適，甚至影響心臟功能。單純補水無法解決問題，反而可能稀釋血液中的電解質，加劇不適。

 為何鉀如此重要？

 維持肌肉功能：鉀離子是肌肉收縮的關鍵，缺鉀會導致肌肉無力，尤其影響腿部。

 穩定心臟節律：心肌細胞對鉀濃度變化極為敏感，低鉀可能引發心律不齊。

 平衡體液：鉀與鈉協同作用，維持細胞內外滲透壓平衡。

 安全有效的補鉀途徑：食物

 通過食物補鉀是最安全的方式，因腎臟功能正常者可將多餘鉀排出，不易過量。建議每日攝入2000毫克鉀，出汗多者可適當增加。

 推薦的六大高鉀食物：

 1.土豆：一個中等大小的烤土豆含鉀近900毫克，且富含抗性澱粉，溫和易消化。

 2.紅薯：富含鉀和胡蘿蔔素，是健康的加餐選擇。

 3.豆類：包括毛豆（每100克含鉀超400毫克）、綠豆等，提供鉀、植物蛋白和膳食纖維。注意綠豆湯要連豆一起食用，以攝取更多鉀。

 4.菌菇類：干香菇、金針菇、杏鮑菇等鉀含量高，且能提供鮮味，減少鹽的攝入。

 5.深綠色葉菜：菠菜、莧菜、空心菜等夏季綠葉菜，焯水後（約30秒）可保留大部分鉀。

 6.水果：橙子、哈密瓜、獼猴桃的含鉀量高於香蕉，且糖分分散，有助於平衡電解質。

 其他高鉀食物：紫菜和海帶：煮湯是極佳的補鉀來源，同時補充碘和鎂。

 科學補鉀的烹飪與飲食建議

 多喝湯：烹飪過程中鉀會溶於湯中，喝湯能攝取更多鉀。

 控制鹽分：利用蔥薑蒜、菌菇的鮮味提味，減少鹽的攝入，避免鉀的快速流失。

 分散攝入：將高鉀食物分散在一日三餐中，避免一次性大量攝入刺激腸道。

 出汗後先補充：飲用少量咸味湯或食用多汁水果，幫助平衡電解質，緩解口渴。

 特殊人群注意事項：

 飲茶咖啡者：茶和咖啡有利尿作用，會增加尿鉀排泄，需額外補充高鉀食物。

 高血壓患者：長期服用利尿劑者，出汗多時需在醫生指導下監測血鉀，並適當增加高鉀食物攝入。

 腎功能不全者：鉀排泄受阻，高鉀血症比低鉀血症更危險。需在醫生和營養師指導下，根據血鉀水平調整飲食。

 通過合理飲食，您可以有效地補充汗液流失的鉀，保持身體健康。",1,1785925884.0,LiveWellTogether,0,1.0,False
1vg3l9b,https://www.reddit.com/r/NoSpinHQ/comments/1vg3l9b/your_daily_horoscope_for_wednesday_august_5_2026/,"🔮 Your Daily Horoscope for Wednesday, August 5, 2026","With Mercury settling into Cancer and the Moon cozying up in Taurus today, the planets are basically telling you to feel all your feelings, but perhaps do so from a very comfortable armchair. It’s all terribly sensible, really.

♈ **Aries** Saturn doing its backward dance in your sign might make you feel like your grand plans need a second, third, and possibly fourth look. Instead of pushing forward, consider whether your current mountain is even the right one to climb, or if you just left your coffee up there.

♉ **Taurus** The Moon spends the day in your sign, making you exquisitely attuned to your immediate comfort and perhaps slightly less attuned to everyone else's urgent requests. Go ahead and appreciate the simple, tangible things; the universe understands a well-deserved nap or a really good snack.

♊ **Gemini** With Mars and Uranus both stirring things up in Gemini, your brain is probably moving at the speed of light, making about three plans simultaneously. Try to communicate just one of them clearly to another human being; it'll be a fun challenge.

♋ **Cancer** Mercury has officially moved into your sign today, which means your thoughts are now coming directly from your gut, possibly bypassing your brain entirely. This can lead to profound insights or, equally likely, an inexplicable craving for comfort food and a long conversation about your feelings.

♌ **Leo** With both the Sun and expansive Jupiter gracing your sign, you're practically radiating confidence and a desire to shine, which is exactly how you like it. Just remember that a spotlight feels less impressive if you're the only one standing in it, so share the stage, even if just for a moment.

♍ **Virgo** Venus in your sign is making you look at your relationships with a finely tuned, analytical eye, which is either incredibly helpful or mildly terrifying to those around you. Focus on refining connections with practical gestures, because even the most romantic ideal benefits from a well-organized spreadsheet.

♎ **Libra** While Venus is still quietly working behind the scenes in your twelfth house today, you might feel a peculiar urge to clean out your emotional junk drawer. Decluttering your inner world will make room for all the delightful social engagements that are inevitably heading your way.

♏ **Scorpio** The Moon in opposition to your sign today means you might find yourself in a gentle tug-of-war between your deep, intense urges and a sudden desire for simple tranquility. Lean into the tranquility, if only to confuse everyone who expects you to be brooding intently about something profound.

♐ **Sagittarius** Jupiter's generous vibe from Leo is giving you a hopeful boost, even if Mars in Gemini is making every conversation feel like a lively debate you never signed up for. Remember that charming smile of yours can deflect an awful lot of unsolicited opinions, so deploy it strategically.

♑ **Capricorn** With your ruling planet Saturn retrograding in Aries, you might be revisiting some foundational structures, perhaps even the metaphorical ones holding up your entire life. It’s a stellar day to reinforce your boundaries, even if it’s just politely declining to attend one more optional meeting.

♒ **Aquarius** Pluto’s continued backward motion in your sign, currently opposing Jupiter, has you contemplating profound shifts, even if they mostly involve rearranging your sock drawer. Embrace the inner revolutionary, but maybe start with a small, manageable rebellion against inefficient systems in your immediate environment.

♓ **Pisces** The Moon in practical Taurus is nudging you to ground your dreamy visions, because even the most ethereal art requires a solid easel. Take a concrete step toward something beautiful today, even if that step is just buying a nicer brand of glitter.",1,1785925882.0,NoSpinHQ,0,1.0,False
1vg3l5t,https://www.reddit.com/r/PhR4Friends/comments/1vg3l5t/23_f4a_anyone_in_greenfield_quick_chat_over/,23 [F4A] anyone in greenfield? quick chat over coffee or tea,"hi! this is sfw lang. i just want companionship, so come as you are. maybe a quick chat to unwind after work? just wanted to meet new people

  
abt me:

  
\- inked

\- creatives industry

  
abt u:

  
\- kahit ano basta hindi po to hookup ha ",2,1785925874.0,PhR4Friends,0,0.75,False
1vg3ksr,https://www.reddit.com/r/Dreading/comments/1vg3ksr/you_uptales_of_the_collapse/,You Up🫦:Tales Of The Collapse,"Danny stared at the digital clock on his nightstand. 3:14 AM. 

The numbers glowed a neon pink that he didn't remember setting. Three years ago at this exact hour, his hands would have been shaking as he reached for a bottle of cheap vodka hidden behind the water heater. 

Tonight his hands were steady. his skin felt wrong. It felt tight like plastic cooling over bone.

He sat up, the floorboards cold beneath his bare feet. In the dark corners of his bedroom the shadows were not just pooling they vibrated with a faint high pitched digital hum.

Danny walked to the bathroom mirror and flicked the light switch. 

The fluorescent bulb buzzed to life revealing a face he barely recognized. The rugged lines carved by decades of hard drinking were gone replaced by a smooth porcelain pallor. 

His jawline looked mathematically sharpened. as if edited by a slider in a character creation menu.

His thinning gray hair had grown thick overnight parting perfectly down the middle in messy curtained waves of artificial pitch black. 

Beneath his left eye two neat black ink hearts had bled through the epidermis. They weren't tattoos. 

they were a biological pigmentation blooming from within. He looked down at his torso. 

He was wearing an oversized black and white striped long sleeve shirt under a vintage graphic tee. 

He had never owned these clothes. They smelled of ozone fresh synthetic cotton and a sickeningly sweet wave of blue raspberry vape juice.

A repulsive clicking sounded from the hallway. *Click-clack. Click-clack.* It was the router. The green LEDs on the plastic box were flashing in a pattern that mirrored a human pulse. The internet was not a wire or a satellite signal. 

Danny could feel it now. it was a sprawling, multi dimensional web woven by something ancient that lived in the dark spaces between the servers. It fed on the isolated, the broken, and the hollow. 

His sobriety had left a vacuum in his soul, and the Web was rushing in to colonize the empty space.

He walked to his desk as if pulled by invisible monofilament strings. His computer monitor ignited without being touched casting a blinding violet glare across the room. 

A text document was already open.  
His fingers hovered over the mechanical keyboard. 

They moved with a terrifying fluid autonomy typing out letters he didn't want to write.

*“poggers*” his fingers typed*. “i’m literally so smol right now nya.”*

Danny gasped trying to pull his hands back. his muscles refused to obey. His throat tightened. 

A soft breathy whisper. a voice meant to manipulate algorithms and soothe parasocial onlookers was bubbling up his esophagus. 

The entity wanted him to open the camera software. It wanted to broadcast his assimilation to a million faceless scrolling eyes sealing his consciousness into the digital collapse forever.

A silver chain suddenly materialized around his neck tightening like a noose.

""No, you can have me when you earn me!!” Danny wheezed. The voice that came out was too high too sweet. It disgusted him.

He closed his eyes and looked inward searching for the raw ugly strength that had kept him out of the liquor stores for over a thousand days. 

No comfort was to be found. the brutal calloused iron of his own willpower. He remembered the cold sweat of withdrawal. 

He remembered the damp church basement. the smell of stale coffee. the agonizing humility of admitting he was powerless over his vices. 

He had conquered the liquid demon through sheer unyielding endurance. He would not surrender his humanity to a twitching neon god.

Danny violently clamped his jaws shut  biting the side of his tongue until the metallic taste of hot iron filled his mouth. 

The pain shattered the digital haze anchoring him back to his physical meat and bone. 

With a guttural roar that tore through his newly softened vocal cords forcing them back into a gravelly broken baritone he slammed his palms onto the desk.

He grabbed the silver chain around his neck and pulled with everything he had. The metal links bit into his skin. 

his human muscles locked. With a sharp snap the chain shattered. scattering across the floor.

The monitor began to glitch the text turning into a chaotic mass of unreadable eldritch glyphs. 

The speakers wailed with distorted phonk bass a sonic scream of frustration from the entity in the wire.

Danny didn't hesitate. He raised his heavy work worn boot and brought it down with crushing force directly onto the power strip beneath his desk.

The plastic cracked. The spark was bright and brief.

Instantly, the room plunged into absolute, suffocating darkness. The hum died. The wet clicking from the hallway ceased.

Danny collapsed into his chair. chest heaving, his breath ragged and loud in the sudden silence. He reached up to touch his face. 

The skin was rough again. The faint scent of blue raspberry faded. replaced by the familiar comforting smell of dust and old coffee. 

On the floor the shattered links of the silver chain had already dissolved into a harmless pile of gray rust. He was exhausted bleeding and entirely himself.",1,1785925844.0,Dreading,0,1.0,False
1vg3kr0,https://www.reddit.com/r/Crush/comments/1vg3kr0/crush_on_ex_coworker/,Crush on ex coworker,"So long story short i had a crush on co worker but she resigned earlier this year. We have been good friends and talked a lot. About work and personal life. Sometimes i felt we were too close as well like sitting in the stairs etc together and talked. went to lunches and coffee places. Still we keep in touch. But i never did anything or made any move. 

Sometimes i felt that she was giving me signals like leaning in on me or sitting very close. But i was so shy to say anything or do. Should i tell her or what. can’t get her out of my mind. i always stop after thinking that what if she doesn’t feel that way and our friendship will get affected by me sharing my feelings",1,1785925840.0,Crush,7,1.0,False
1vg3kap,https://www.reddit.com/r/gratitude/comments/1vg3kap/it_took_losing_almost_everything_for_me_to/,It took losing almost everything for me to finally see what was right in front of me.,"I spent years chasing the ""next big thing."" Better job, bigger paycheck, more status, total control over every single detail of my life. I was so consumed by what I didn't have that I completely glossed over everything I did.

Then, a few months ago, life hit the reset button for me in the worst way possible. Everything I had built unravelled almost overnight. I found myself sitting on the floor of a quiet room with nothing but a cheap coffee mug, absolute silence, and a mountain of anxiety.

In that moment, completely broken, I took a sip of that warm coffee. And for the first time in as long as I can remember, I didn't think about tomorrow's bills or yesterday's mistakes. I just felt the warmth in my hands. I listened to the quiet. I realized I was still breathing.

It sounds so cliché, but it hit me like a ton of bricks: **I survived.**

I don't have it all figured out. My life looks completely different than I planned, and some days are still a massive struggle. But this morning, I woke up to clean water in my tap, a roof over my head, and a fresh start.

If you're going through hell right now, I just wanted to remind you to pause for five seconds. Breathe. Feel the floor beneath your feet. We get so caught up in the storm that we forget we're still standing. Today, I'm just deeply, genuinely grateful to still be in the game.

What’s one small thing holding you together today?",6,1785925802.0,gratitude,1,1.0,False
1vg3k9r,https://riffraff.com,20 shows with local AZ bands that are worth leaving the house for this week (Aug 5–12),"TL;DR: Central Records is basically running a mini-festival out of one room this week, and everybody else in the Valley is just trying to keep up. Twenty shows across six venues, capped off by a Right Rosemary bill at Yucca Tap Room a full week out.

- **Aug 5 – Bethany Home** @ Central Records
- **Aug 5 – Eric Ramsey** @ Janeys Coffee
- **Aug 5 – Sickways** @ Yucca Tap Room

----

- **Aug 6 – Parched** @ The Nile Theater
- **Aug 6 – Myr · Alec Andre** @ The Rebel Lounge
- **Aug 6 – Alaiza** @ Central Records

----

- **Aug 7 – Juniper Ridge** @ Valley Bar
- **Aug 7 – Insomniacs** @ Yucca Tap Room
- **Aug 7 – Indian School · Milo, My Love** @ Central Records
- **Aug 7 – Arietta · Quentin Hiatus** @ Walter Studios
- **Aug 7 – Escher** @ Central Records

----

- **Aug 8 – Mitch Freedom** @ Valley Bar
- **Aug 8 – King Cherry · Rattlesnake Suitcase** @ The Rebel Lounge
- **Aug 8 – The Technicolors** @ Crescent Ballroom
- **Aug 8 – Prince Mirth** @ Yucca Tap Room
- **Aug 8 – The Bleeding Dolls · V1V1 · Gaggy Boots** @ Central Records

----

- **Aug 9 – Navagon** @ The Rebel Lounge
- **Aug 9 – Kyra Dominique · Celine Mireille** @ Central Records

----

- **Aug 10 – Winston Williams** @ The Rebel Lounge
- **Aug 12 – Right Rosemary** @ Yucca Tap Room
",1,1785925800.0,PHXMusic,0,1.0,False
1vg3k7w,https://www.reddit.com/gallery/1vg3k7w,Which layout is best for this studio,"I will be sub-renting for 6 months a half-furnished studio in the city where my work is. It will not be a permanent home, will probably be used 3-4 nights a week and my partner would also occasionally visit for a week or two at a time. Exactly how much we will be staying there is yet to be determined but I want to make it as comfortable as possible. 

I do not have the exact dimensions yet, but total of the apartment is 25sqm (269 sqft).  
  
The current tenant will leave behind their bed, long-ish bookshelf (with their books), and the dining table with chairs. I want to add a 2 seater sofa and a coffee table for lounging. There is space for them, I just can't figure out the best placement. 

So which of these 4 layouts would work best? Or is there a better arrangement that I have not thought of? The bed can be moved, but at least I didn't find a better spot for it.

For me the 2nd layout is the best one, because the apartment feels more open when you walk in, but it comes at the cost of blocking the radiator.

The kitchenette is in the lower left corner of the floorplan. The wardrobe is built in, so cannot be moved.",2,1785925796.0,floorplan,2,1.0,False
1vg3k2u,https://www.reddit.com/r/Riga/comments/1vg3k2u/best_coffee_in_riga/,Best coffee in Riga?,"So far I’ve tried Rocket Bean, Cofyz, Caffiene, and Coffee Studio. 

Coffee Studio was a best. I get flat white and it was very delicious, but also the most expensive of the ones I’ve tried. 

What do you guys think is the best coffee in Riga?",6,1785925785.0,Riga,10,1.0,False
1vg3k1k,https://www.reddit.com/gallery/1vg3k1k,Yo is this a good deal,,0,1785925782.0,protein_deals,13,0.33,False
1vg3jpd,https://www.reddit.com/r/u_Cosmically_Yesterday/comments/1vg3jpd/you_up_tales_of_the_collapse/,You Up?🫦: Tales Of The Collapse,"Danny stared at the digital clock on his nightstand. 3:14 AM. 

The numbers glowed a neon pink that he didn't remember setting. Three years ago at this exact hour, his hands would have been shaking as he reached for a bottle of cheap vodka hidden behind the water heater. 

Tonight his hands were steady. his skin felt wrong. It felt tight like plastic cooling over bone.

He sat up, the floorboards cold beneath his bare feet. In the dark corners of his bedroom the shadows were not just pooling they vibrated with a faint high pitched digital hum.

Danny walked to the bathroom mirror and flicked the light switch. 

The fluorescent bulb buzzed to life revealing a face he barely recognized. The rugged lines carved by decades of hard drinking were gone replaced by a smooth porcelain pallor. 

His jawline looked mathematically sharpened. as if edited by a slider in a character creation menu.

His thinning gray hair had grown thick overnight parting perfectly down the middle in messy curtained waves of artificial pitch black. 

Beneath his left eye two neat black ink hearts had bled through the epidermis. They weren't tattoos. 

they were a biological pigmentation blooming from within. He looked down at his torso. 

He was wearing an oversized black and white striped long sleeve shirt under a vintage graphic tee. 

He had never owned these clothes. They smelled of ozone fresh synthetic cotton and a sickeningly sweet wave of blue raspberry vape juice.

A repulsive clicking sounded from the hallway. *Click-clack. Click-clack.* It was the router. The green LEDs on the plastic box were flashing in a pattern that mirrored a human pulse. The internet was not a wire or a satellite signal. 

Danny could feel it now. it was a sprawling, multi dimensional web woven by something ancient that lived in the dark spaces between the servers. It fed on the isolated, the broken, and the hollow. 

His sobriety had left a vacuum in his soul, and the Web was rushing in to colonize the empty space.

He walked to his desk as if pulled by invisible monofilament strings. His computer monitor ignited without being touched casting a blinding violet glare across the room. 

A text document was already open.  
His fingers hovered over the mechanical keyboard. 

They moved with a terrifying fluid autonomy typing out letters he didn't want to write.

*“poggers*” his fingers typed*. “i’m literally so smol right now nya.”*

Danny gasped trying to pull his hands back. his muscles refused to obey. His throat tightened. 

A soft breathy whisper. a voice meant to manipulate algorithms and soothe parasocial onlookers was bubbling up his esophagus. 

The entity wanted him to open the camera software. It wanted to broadcast his assimilation to a million faceless scrolling eyes sealing his consciousness into the digital collapse forever.

A silver chain suddenly materialized around his neck tightening like a noose.

""No, you can have me when you earn me!!” Danny wheezed. The voice that came out was too high too sweet. It disgusted him.

He closed his eyes and looked inward searching for the raw ugly strength that had kept him out of the liquor stores for over a thousand days. 

No comfort was to be found. the brutal calloused iron of his own willpower. He remembered the cold sweat of withdrawal. 

He remembered the damp church basement. the smell of stale coffee. the agonizing humility of admitting he was powerless over his vices. 

He had conquered the liquid demon through sheer unyielding endurance. He would not surrender his humanity to a twitching neon god.

Danny violently clamped his jaws shut  biting the side of his tongue until the metallic taste of hot iron filled his mouth. 

The pain shattered the digital haze anchoring him back to his physical meat and bone. 

With a guttural roar that tore through his newly softened vocal cords forcing them back into a gravelly broken baritone he slammed his palms onto the desk.

He grabbed the silver chain around his neck and pulled with everything he had. The metal links bit into his skin. 

his human muscles locked. With a sharp snap the chain shattered. scattering across the floor.

The monitor began to glitch the text turning into a chaotic mass of unreadable eldritch glyphs. 

The speakers wailed with distorted phonk bass a sonic scream of frustration from the entity in the wire.

Danny didn't hesitate. He raised his heavy work worn boot and brought it down with crushing force directly onto the power strip beneath his desk.

The plastic cracked. The spark was bright and brief.

Instantly, the room plunged into absolute, suffocating darkness. The hum died. The wet clicking from the hallway ceased.

Danny collapsed into his chair. chest heaving, his breath ragged and loud in the sudden silence. He reached up to touch his face. 

The skin was rough again. The faint scent of blue raspberry faded. replaced by the familiar comforting smell of dust and old coffee. 

On the floor the shattered links of the silver chain had already dissolved into a harmless pile of gray rust. He was exhausted bleeding and entirely himself.",1,1785925753.0,u_Cosmically_Yesterday,0,1.0,False
1vg3jap,https://www.reddit.com/r/RoleplayPartnerSearch/comments/1vg3jap/f4m/,F4M,"**Hi my I’m 24f looking for a semi lit partner , I write in either 1st or 3rd person. Whatever is best for you!  I am pretty flexible for my responses and will communicate if I cannot respond . I tend to write around 2-5 paragraphs!**   
**This role can be played by male or female! All participants should be 18 plus and play as characters 18plus**   
**I’d prefer personally if you are 21+!**

**If I sound like a good fit to you , I look forward with hearing from you!**

**I love anything romance or slow burn along with Sol! Now onto the roles I have in mind!** 

**Husbands best friend** 

William and Jackson had been friends since Jackson’s freshman year of college . They had met on the football team . Although  William was in his soft more year at the time . They were inseparable. William was always trying to teach Jackson things as he was older . Sometimes Jackson would pick up on what William would try to teach him. Other times Jackson made himself look like an asshat with his mindset of things . 

Alice and Jackson met at a coffee shop near his college . During his senior year of college . They had been together and already married after two years . Alice committed her whole life to Jackson , but wasn’t very highly appreciated for doing so . She would constantly feel her emotions and needs were set on that back burner . She figured it was just a phase in their marriage that would pass . She was very hopeful for some kind of change . 

Fast forward to the present - July 1st 2026 .   
Alice had woken up early this Friday morning . She did her daily routine and then went down stairs to start prepping for the weekly game night . Everyone but William had canceled this week. So thankfully she didn’t have to prep much . Jax came down stairs about two hours later huffing about his breakfast not being done . Alice ignored him as she wasn’t in the mood to deal with his shit early in the morning . ( you can continue their bickering as Jax  if possible)

\~Enemies To Lovers\~ Sol so burn romance 

It was completely dark, pouring outside and, what was She doing? Walking home in the rain. Just a few minutes ago Emily was at some party that took place down the street from where She was at now, having the time of my life before y/c showed up. She had a lot to drink so She was understandably a drunk mess and seeing him walk in with that annoying, overconfident smirk on his face ruined her mood. She tried to stay out of his way and continue having fun but of course he had to ruin it by picking a fight with her and making those stupid jokes of his.

Eventually She had enough of his shit and She left, ignoring the fact that it was raining and probably freezing outside. She was wearing a tight blue dress that hugged her curves stopping below her ass with a slit up the thigh with heels. She had forgotten to bring a jacket while She was getting ready for the party so She was walking in the cold while also getting soaked. A few moments later though She started to hear the sound of a car moving pretty slowly right behind me. She turned to take a look and groaned when She saw the familiar car that belonged to y/c.

His car slowly moved up until it was next to me, keeping up with the pace She was walking as he rolled the windows down. “Get in” he said, his voice sounding stern and demanding with a small hint of concern. Emily scoffed “Like hell” She said, immediately declining as She continued walking, starting to walk faster. “Dont make me repeat myself” he said, looking at her with an all serious look “I’ll drag you in here if I have to, its pouring out” he says. She let out an annoyed sigh, only agreeing to get into the car because it was freezing out. She gave him an annoyed looked and walked around the front, getting into the passenger side. 

“You’re soaked” he says, pulling his jacket off and putting it around her shoulders. “Whats it to you?” She asked, rolling her eyes and pulling the jacket around my body so that She could warm up. He grinned as he started driving off towards her house “Consider me jealous im not the reason” he said, being his usual flirty self “Im taking you home.” She quickly shook her head no “I cant go home, my parents will kill me” She said, knowing her father wouldnt react well to seeing her drunk like this after She tricked him into thinking She was staying the night at a friends. 

(Continue from there there will be some college drama and such. Slow burn romance",1,1785925717.0,RoleplayPartnerSearch,0,1.0,False
1vg3iyo,https://tontinecoffeehouse.com/2022/09/19/japans-1980s-property-boom/,"A lack of good productive investment opportunities combined with an excessive amount of credit availability led to land speculation in Japan during the 1980s. High capital gains taxes which discouraged people from selling property also fueled the bubble. (Tontine Coffee-House, September 2022)",,5,1785925691.0,EconomicHistory,0,1.0,False
1vg3ip9,https://i.redd.it/ac08m5lx9jhh1.jpeg,All of Today's Offers,,7,1785925668.0,bathandbodyworks,0,1.0,False
1vg3ioi,https://timesofsandiego.com/business/2026/08/03/hillcrest-businesses-construction-projects/,Hillcrest businesses on Fifth Avenue wait for parking to resume as construction project draws down,"The green fences that blocked visual access to dozens of Hillcrest businesses are finally down.

It’s a visible sign that things are improving along Fifth Avenue after months of construction caused consternation, confusion, and lost revenue at local shops and restaurants. 

“As soon as we got rid of that fencing, we kind of sprung back,” said Victoria Robertson, co-owner of Divo Diva. “So they definitely hurt us directly for six months, which was really impactful.”

Robertson believes that media pressure about the effects on businesses may have led to a faster completion, at least involving the most intensive parts of the project. It was initially scheduled to finish in January 2027. 

Businesses along Fifth Avenue are waiting for repaving and restriping the road to bring public parking spots back. (Photo by Adrian Childress/Times of San Diego)

While the construction site disappeared a month ago, the affected businesses are waiting for the road to be repaved and striped. Access has improved, but not parking.  

No work is currently under way, but the sidewalks remain red with no parking zones available until a bike lane is added. After that there will be floating parking. 

A Chula Vista community wants MTS to close them off from crime — and they're willing to pay

Point Loma native chosen to lead Ronald McDonald House San Diego

Del Mar Castle: The story behind Del Mar’s 1925 hilltop landmark

Fire captain's wife pleads guilty to second-degree murder in Ramona stabbing

The waiting is just the latest frustration these businesses face. Many have spoken out about perceived communication issues with the city. 

“It was definitely an inconvenience, but I think the issue was more that the city wasn’t willing to discuss with the businesses how they can help us get through that time. They just sort of said, ‘Well, tough luck,’” Robertson said. “They have the right to do that… but it didn’t feel very kind to the businesses.”

Robertson estimated that she lost $60,000 during the construction as tourists visiting Balboa Park found other places to get coffee. It was her local customer base that kept her afloat, despite the construction acting as a deterrent.

“We had to close our doors a lot, and the patio seating became unusable,” she said. “People come here to relax, have coffee, maybe study, enjoy a lunch, and you had so much noise and drilling and hammering, and it was just chaos.”Beauty by Dolly, a sugaring and waxing spa down the road, had similar issues with a relaxing experience being disrupted. 

The salon’s doors stayed closed during the months of construction. Clients who already struggled to find parking found new providers entirely. Owner Natashah Abrishamchian fears they will never come back, even once some of the parking is added back. 

“What was the most upsetting was that the city did nothing to try to make it better or easier for any of the businesses,” said Abrishamchian, owner of Beauty by Dolly. “They could have absolutely taken the time to work things out in a way that did not put so much stress and negative impact on the business, however, they simply didn’t.”

Hash House A Go Go estimates it lost between $28,000 to $40,000 per month during construction on Fifth Avenue, tort filings show. (Photo by Adrian Childress/Times of San Diego)

Beauty by Dolly, Divo Diva Cafe, and several businesses filed tort claims with the city to recoup losses. However, the city rejected those claims.

The tort claims did not surprise Benjamin Nicholls, executive director of Hillcrest Business Association, who shared in March that the construction contractor and city communications were causing problems. 

“The businesses are suffering through a hostile construction contractor who barely communicates,” Nicholls said at the time. “(The) stormwater project is sort of like the poster child for doing it wrong.” 

Public records requests show just how much the construction affected revenue in those filings. The tort claim for Hash House A Go Go claimed revenue was down over $40,000 in February, a 17.8% loss over a three year rolling average.

May was less dire for the long-standing restaurant, with a 9.5% loss of $28,000. 

That was for a well-known institution, though. For fledgling enterprises, the situation was more dire. Curry Nation held its grand opening in December, two days after the project began, opening its doors to a construction site. 

Businesses must file a lawsuit if they want to fight to recoup the losses, something some of them are still weighing because of the high cost. 

If any of those businesses go forward with a lawsuit, the $7 million project, spurred by a court case, would spur a court case of its own. The city had to do the construction after a legal settlement over significant flooding on properties near Fifth Avenue and Brookes Avenue. 

Now that the heaviest work is over, Robertson said she is trying to stay positive, especially while opening a second location in Little Italy. 

“We’re just really happy now that they’re gone,” Robertson said. “And we can’t wait for parking to come back.”",1,1785925667.0,AEC_Industry,1,1.0,False
1vg3ihd,https://i.redd.it/y4o84dsq9jhh1.png,"Murder Mystery Word Search of the Day, August 5th, 2026. Printable Whodunit Puzzle","Full rules here: [https://puzzlesalmanac.com/murdsearch](https://puzzlesalmanac.com/murdsearch)  
  
Today's case is ""Clipped Wings in the Dark."" Cross off every clue word you find in the grid - the one word that never shows up is the murder weapon, and whatever letters are left over spell out the killer and the location.   
  
A new case drops daily, free to solve online or print out and do with coffee.",1,1785925651.0,Murdsearch,0,1.0,False
1vg3i61,https://www.reddit.com/r/Hyd_DaTinG/comments/1vg3i61/looking_for_couple_friends/,Looking for couple friends,"Hey! We’re a 28F/30M unmarried couple, new to Hyderabad, and looking to make some new couple friends. 😊  
We’re staying in Gachibowli, speak both Telugu and English, and were wondering if any like-minded couples would be interested in meeting up this weekend for coffee, food, or just a casual hangout.  
If that sounds like your vibe, feel free to DM us!",2,1785925623.0,Hyd_DaTinG,5,0.75,False
1vg3hvz,https://www.reddit.com/r/date_in__Kochi/comments/1vg3hvz/may_be_we_both_are_looking_for_the_same_m4f_25/,"May be we both are looking for the same , M4F 25","M25, working in IT in Kochi.

Looking for someone who enjoys good conversation, respects boundaries, and doesn’t overcomplicate things. Open to something casual with the right person, built on trust, chemistry, and mutual respect.  
If we click, coffee or a late-night drive sounds like a good first plan.",2,1785925601.0,date_in__Kochi,0,1.0,False
1vg3hvt,https://www.reddit.com/gallery/1vg3hvt,The Luck…,"Mindlessly scrolling one day 5080 at Astral prices. Before the more recent price hike which now ass them at $2100, they were about $1800.

I saw StockX had one for $1500, though no way that can be right. Bought it expecting a brick or gpu swapped….it wasn’t.

It is a bonafide Asus Astral 5080, ran the tests, booted it up in GPU-Z, and everything checks out.

A week later prices shot up another 200-300$, I’ve used up all my luck in 2026. Also I’m never buying from this site again 😭",2,1785925601.0,stockx,1,0.75,False
1vg3gb0,https://www.reddit.com/r/hyderabad_telugu/comments/1vg3gb0/looking_for_couple_friends/,Looking for couple friends,"Hey! We’re a 28F/30M unmarried couple, new to Hyderabad, and looking to make some new couple friends. 😊  
We’re staying in Gachibowli, speak both Telugu and English, and were wondering if any like-minded couples would be interested in meeting up this weekend for coffee, food, or just a casual hangout.  
If that sounds like your vibe, feel free to DM us. Looking forward to meeting some new people!",1,1785925470.0,hyderabad_telugu,2,0.67,False
1vg3g3j,https://www.reddit.com/r/cf4cf/comments/1vg3g3j/45_m4f_ohio_midwest/,45 [M4F] #Ohio #Midwest,"(Looking for someone preferably in Ohio, or a state close to Ohio, and preferred age late 30s to early 50s please.)

Full disclosure: I’m recently divorced (not finalized yet), and moved into my own home for me and my two cats. I’m starting a new chapter in my life with an open mind and an open heart. Life is short and I want to find someone to share it with.

I’m not interested in just “hooking up” I’m looking for a deep emotional connection. Someone who will laugh with me when times are good, and comfort me when times are bad.

I’m 6’0” with a dad bod, but I don’t have any kids. I myself am not wanting to have any children at this stage of my life. I’m funny and self-deprecating. I can be extroverted in small groups, but I prefer to be a homebody with my person. Comfy clothes, cuddling, cats and coffee is about as good as it gets in my opinion.

I’m open to sharing pics in the beginning, but it’s ok if you feel more comfortable getting to know each other a bit first.

Likes:    
Animals    
Games (board, card, trivia, and video)    
Empathy    
Kindness    
Binge watching a good show    
Reading (books, graphic novels, comics)    
Museums    
Walks in the woods    
Fall (best time of the year)    
Halloween    
Good Movies (all genres)    
Christmas

Dislikes:    
People who are mean to animals    
People who play games (the relationship kind)    
Summer and being hot 🥵    
MAGA    
Avoidants    
Snakes and Sharks that want to bite me

I’m a big teddy bear softie who cries at sad movies (especially if the dog dies). I’m honest to a fault and will always be upfront and honest with you, I just ask the same in return.

I’m looking for someone who is emotionally available, and single. Not interested in people who are in an open relationship with someone else. I’m looking for a monogamous relationship with a nurturing, loving, kind, and empathetic person who is going to bring peace to my life. 

The three main things I desire in life is peace, love, and happiness. 

If any of this resonates with you, please send me a message.",1,1785925453.0,cf4cf,0,1.0,False
1vg3ekb,https://www.reddit.com/r/dating_advice/comments/1vg3ekb/i_want_advice_regarding_approaching_someone_at/,I want advice regarding approaching someone at business / professional networking events,"Here is an approach I am thinking.  Would appreciate feedback.

1. Situational opener about the conference / event.
2. Move to something emotional -- energy.  May be outside work thing:  restaurants / bars nearby.
3. Ask her name and shake hand.  Gauge interest from touch and eye contact.  If she resists touch / eye contact, move on.
4. If she does not resist touch / eye contact, if her interest in the conversation is mixed, say I am going to circulate around.  And I will see you again.  If her interest in the conversation is strong, then suggest a coffee then.
5. Come back after some time.  Talk about something interesting I saw at the event.  Go with:  ""I’ve enjoyed talking with you. Would you be interested in continuing this over coffee sometime- not for work.  Whats your number?"".

EDIT:

I want to try this with women who show some IOI.",1,1785925315.0,dating_advice,4,1.0,False
1vg3e7y,https://www.reddit.com/r/beyondthebump/comments/1vg3e7y/i_dont_really_like_having_a_toddler/,I don't really like having a toddler,"I feel so guilty even thinking this, but my daughter is 16 months and I love her to pieces, it's so amazing watching her grow and learn and she's so smart and often sweet and funny and I do love having her and everything but I'm having such a hard time with her at this age.

She's sooo clingy and demands my attention 100% of the time, she doesn't want anything to do with dad most of the time. She throws tantrums and slams her head against the floor or wall when she doesn't get what she wants, she bites and hits and scratches me (only me thankfully but still), I literally have a huge red scratch down my cheek from this morning and it hurts.

I'm a sahm so I don't get a break. I don't get alone time because even when she's sleeping I'm ""on"" since she's a horrible sleeper. We cosleep because she will not sleep any other way. She absolutely will not let go of breastfeeding so I'm trying to cut it down but she still nurses all the time. She's always on top of me or clinging to my leg or wanting me to hold her and she wants to be involved in EVERYTHING and I try so hard to involve her with things and she tries so hard to be helpful and she just loves me so much and can't get enough of me. She's such a sweet girl most of the time but dude. I need a damn break. I need to turn off my brain and not be climbed on or screamed at while I'm trying to cook. I miss when she was a baby. I miss getting to watch tv or play on my phone or read a book or drink my coffee without her trying to grab it from me. I miss eating hot meals because I spend all mealtime feeding her and she'll only ever eat if we eat at the same time. I miss being alone and not having anyone vying for my attention. I miss exercising and cooking and having a clean home without toys and crumbs everywhere and honestly I miss getting to cry when I'm overwhelmed and sad and frustrated but I don't even get space to do that.

My husband does try to help, but it's hard when she wants nothing to do with him and he's kinda addicted to his phone and just wants to play videogames in the evening and says I can just watch a movie on my laptop or something and he doesn't cook because he hates it and that was fine because I love to cook but I'm just so done. 

Please tell me it gets easier. My daughter is the love of my life but she's got such a temper and she just never gives me space and she eats sand and rocks and tried to eat bird poop the other day so taking her outside is SO stressful (we still go out everyday because it helps so much with her happiness and energy and whatnot) and idk I just want her to be able to play by herself for 10 minutes so I can drink my coffee",3,1785925285.0,beyondthebump,16,0.72,False
1vg3dvz,https://www.reddit.com/r/UQreddit/comments/1vg3dvz/looking_for_a_language_exchange_buddy_chinese/,Looking for a language exchange buddy 👋 Chinese- English,"Hey! I'm a new UQ student doing a Bachelor of Commerce.

I have passed IELTS with a score of 6.5, but real-life conversations still lowkey humble me. I'm trying to sound more natural (less textbook English lol), get better at everyday chats, and hopefully land a part-time job in Brisbane city.

I'm a native Mandarin speaker, also speak Sichuan dialect, and know a tiny bit of Cantonese. Happy to help with Chinese in return—whether you're learning from scratch or just want someone to practise with.

We could grab a coffee, study on campus, or just chat while walking around. No pressure, just good vibes.

If you're keen, feel free to DM me ;)",1,1785925257.0,UQreddit,2,0.99,False
1vg3di2,https://i.redd.it/ohqxif0m8jhh1.jpeg,J’ai pas trouvé de jeu de mots.,,28,1785925224.0,rienabranler,8,0.98,False
1vg3ddm,https://www.reddit.com/gallery/1vfj5qv,"Coffee Koem in Hanoi, Vietnam",,1,1785925211.0,u_mc_N_cheese,0,1.0,False
1vg3d9k,https://www.reddit.com/r/LockUppOTT/comments/1vg3d9k/varun_got_what_he_deserved_and_ram_ditching_him/,Varun got what he deserved and Ram ditching him didn't make me feel bad for him.,"Varun getting eliminated was very fair. More than him, I felt bad for Chamola because whatever Chamola was , she was fair at many instances and didn't backstab her friends and didn't have changing opinions. 

Varun first ditched Choudhary in game after Aarush told him to play for himself, it was fine there because chalo it was game. 

Next when Choudhary got eliminated -- and Yogesh was alone, he made a pact with Ram Kapoor without even thinking about Yogesh. 

Shilpa fought for Varun for his tea in that team wala week, even Chamola fought but he flipped suddenly that he didn't want coffee or tea. He never stood for himself, and never stood for others. 

He ended up voting for shilpa despite they were cordial with each other. He never had the guts to call out shilpa on his face but was busy bitching about her behind her back even till yesterday. 

Yesterday, shreya and Shilpa stood for him and played the game for him despite he nominated them to attack them in the game. 

Now he is saying in shut up with tejaswi segment that he wants shivangi to win ( one day back he himself nominated her name in undeserving). And said Shreya se he will never meet. What an ungrateful guy. He is the biggest flipper in this show, even more than Ram Kapoor. Never had strong opinions. His jokes were crass af. Didn't make any impact in the show. Was a sidekick and left like a sidekick. One friendship he got in the show with Yogesh, usko bhi taunt karke chala gaya ki ek hi bhai hai Aarush lol. Khud game mat khelo and expect Yogesh to defend you. Lol. ",20,1785925202.0,LockUppOTT,1,0.96,False
1vg3d2d,https://www.reddit.com/r/Spectrum/comments/1vg3d2d/spectrum_down_for_over_24_hour_in_my_neighborhood/,Spectrum down for over 24 hour in my neighborhood due to upgrades,"As the title states, Spectrum was in my neighborhood all day yesterday doing upgrades and our internet was down all day due to this. However, it is now the next day, more than 24 hours since the upgrades began, and our internet is still down. Is this something that is normal? Is there maybe something else wrong that I need to call a technician out for? This is a major inconvenience as a family member works from home and literally cannot do their job without internet access. They also can’t just go to a coffee shop or something and work because they have to be on our private home network for security reasons. We’re just getting really frustrated about this and need to know when our internet access will be restored. ",0,1785925183.0,Spectrum,3,0.33,False
1vg3cxz,https://www.reddit.com/gallery/1vg3cxz,Fresher at BPHC!,"1. Protien Bar made my BITS Alumini (didn't taste the best but still

2. A little friend at valmiki bhavan

3. Avg Canteen breakfast

4. 8am Lecture breakfast when I snoozed hard

5. Special Paneer biryani dinner (didn't like it that much tbh)

6. Kitkat coffee and chips from the milkshake stand near Yummpy's 

7. Valmiki Bhavan

8. Chilling in general space of library

9. Went to new acad block for the first time 

10. Chess Courtyard (Really disappointed TBH)

11. Central Block of old Acad Block (Block C)

12. Central Lawns (Bridge between Library, Auditorium and F block

13. Central Auditorium ",5,1785925173.0,JEENEETards,4,0.86,False
1vg3css,https://www.reddit.com/r/Moscow/comments/1vg3css/looking_for_english_practice_in_moscow/,Looking for English practice in Moscow,"Hey everyone!

I’m a 23F living in Moscow. I’m looking to improve my English and would love to connect with native speakers or advanced learners who are currently in the city.  
I am bilingual: my native language is Kyrgyz, and I speak fluent Russian, so I can happily help you practice either of them in return!  
A bit about my interests:  
\- I love reading and I'm fascinated by learning new languages.  
\- I enjoy running and want to get into cycling and bouldering/rock climbing soon.  
\-  I like taking photos around the city (just on my phone for now, but I love catching good views!).

I’m down to grab a coffee, go for a run, visit a park, or just walk around the city center.  
Hit me up in the DMs if you'd like to hang out and chat! ",2,1785925159.0,Moscow,2,1.0,False
1vg3bxq,https://www.reddit.com/gallery/1vg3bxq,London's Most Beautiful Cafés for Coffee and Catch-Ups,"  
If you're visiting London and enjoy discovering cafés beyond the usual tourist stops, I put together a guide featuring a mix of iconic favourites and speciality coffee spots across the city.  
  
The list includes:  
• EL&N London  
• Peggy Porschen  
• Potter & Reid  
• WatchHouse  
• Monmouth Coffee Company  
• Farm Girl Café  
  
Some are known for beautiful interiors, while others are loved simply because they serve exceptional coffee in a relaxed setting.  
  
I'd love to know what's your favourite café in London that deserves more attention? Always looking for recommendations for the next [update](https://femest.com/)",1,1785925081.0,u_Femest,0,1.0,False
1vg3bhp,https://i.redd.it/uwzye5828jhh1.jpeg,Is this a good stack for casual coffee shop date or bookstore reading?,"Since I got good feedback last time, what do you guys and gals think of this for everyday casual look? The pink little hearts is just a cute costume jewelry piece. The pearls I believe are real (14k clasp) are my late grandmother’s. The watch was previously owned, but I got such a great deal! I think the two without the watch look cute together. Is there a more appropriate time to wear pearls?",7,1785925040.0,jewelry,5,0.82,False
1vg3a97,https://i.redd.it/aa7sampq7jhh1.jpeg,☕️ Fear and Loathing in Balamb Garden: Field Report #2,"Somewhere between a routine Garden assignment and a complete breakdown of reality, two SeeDs found themselves questioned on the road.

The situation was unclear.

The coffee was cold.

The atmosphere was suspicious.

Kiros approached with the calm professionalism of someone who had seen far stranger things than this.

Another perfectly normal day at Balamb Garden. ☕️",0,1785924931.0,BalambGardenHQ,0,0.5,False
1vg3a6i,https://www.reddit.com/r/40k/comments/1vg3a6i/2_years_in_the_hobby_greasing_the_groove/,2 Years in the Hobby & Greasing the Groove,"It's been about 2 years of 40k hobbying for me and I have found that the setting, the lore, the games, the video games really do offer me a respite from everything. A true multifaceted hobby that always offers up something to do when I have time. 

If I can't play on table top, then I can model and paint, if I dont have the money to buy new models, I can print. If I just wanna go for a run then it's lore. If I wanna drink a Disaster Coffee and chill then its Black Library. 

I am really grateful for 40k. Yesterday I released episode 1 of my podcast about 40k. As this stuff is just flowing out of me lately.

I don't have trouble meeting people, but I think this hobby can help others meet people and find meaning in an overly political and doom driven society.",3,1785924926.0,40k,0,1.0,False
1vg38vb,https://www.reddit.com/r/BrisbaneSocial/comments/1vg38vb/38m_south_bank_social_anxiety_meetup/,38m South Bank social anxiety meetup,"Hi 38m I've been trying to put myself out there to improve on my social anxiety. Was wondering if anyone would be free Saturday or Sunday, maybe grab a coffee, look at markets and have a walk around. I also do exposure therapy while there like challenge myself to start conversations with strangers, been doing this for a few months now. If that part sounds daunting I'm happy to just stick to the coffee as meeting new people is a challenge in itself! Bit about me, I love Simpsons, South Park, rock music, reading and gaming.",13,1785924815.0,BrisbaneSocial,1,1.0,False
1vg38r7,https://www.reddit.com/r/hyderabad/comments/1vg38r7/where_can_i_get_the_best_vietnamese_coffee_in/,Where can I get the best Vietnamese Coffee in Hyderabad?,,2,1785924804.0,hyderabad,5,1.0,False
1vg38q6,https://www.reddit.com/r/u_Frequent_Buy_9617/comments/1vg38q6/a_free_community_run_speciality_coffee_and_live/,"A free community run, speciality coffee and live music morning is coming back to Blackpool","After the brilliant response to the first **RUN // COFFEE // RAVE**, the event is returning to **Abingdon Street Market** on Sunday 16 August.

The idea is simple — bring people together through running, coffee and good music.

There will be a relaxed 5K route along the promenade, with a shorter option available for anyone who wants to take part at their own pace. Afterwards, everyone can head back to RUUD Coffee for freshly roasted speciality coffee, food, conversation and live DJ sets.

You don't have to be a runner to join in either. If you just enjoy coffee, music or discovering new things happening locally, you're welcome to come along from 9.30am.

**Details:**

📅 Sunday 16 August  
📍 Abingdon Street Market, Blackpool  
⏰ Meet 9:15am | Start 9:30am  
🏃 [Blackpool 5K community run](https://ruudcoffee.com/pages/the-run-club-collective-run-connect-coffee-at-ruud)   
☕ Coffee and refreshments from RUUD Coffee  
🎧 Live music from Futuristic Polar Bears and Franco's Grave  
🎟️ Free entry – no registration needed

It's great to see more events bringing people together in Blackpool and creating spaces where locals, visitors and independent businesses can connect.

More information about RUUD Coffee can be found here:  
[https://ruudcoffee.com/](https://ruudcoffee.com/)

If anyone from the Blackpool or Lancashire area is looking for something different to do on a Sunday morning, this could be worth checking out.",1,1785924801.0,u_Frequent_Buy_9617,0,1.0,False
1vg37qs,https://www.reddit.com/r/ShareAiPrompts/comments/1vg37qs/harmo_brain_review_i_used_it_for_60_days_my/,Harmo Brain Review: I Used it for 60 Days (My Results),"There is a certain kind of fear that comes when your brain does not feel as sharp as it used to.

It does not always arrive loudly. Sometimes it starts with small things. You forget why you walked into a room. You open your phone to check something, then suddenly cannot remember what you wanted to search for. You sit down to read, but the words feel heavy. You try to focus on work, but your mind keeps drifting. You hear someone’s name, and within minutes, it disappears from memory like it never landed in the first place.

At first, you laugh it off.

You tell yourself you are just tired. You blame stress, age, too much screen time, poor sleep, or the endless noise of daily life. But after a while, it becomes harder to ignore. You begin to notice that your mind feels slower in the afternoon. You depend on coffee just to push through basic tasks. You reread the same thing again and again. You struggle to stay focused long enough to finish what should have been simple.

That is when brain fog stops feeling like a small inconvenience and starts feeling personal.

Because your mind is not just another part of your body. It is where your confidence lives. It is where your ideas come from. It is where your decisions are made. It is what helps you work, create, remember, speak clearly, solve problems, and stay present with the people who matter to you.

So when your thinking feels cloudy, it can affect everything.

That is why Harmo Brain caught my attention.

Harmo Brain is promoted as a natural brain support supplement created to help with memory, focus, mental clarity, brain fog, neural energy, and long-term cognitive wellness. It is not an audio program. It is not a brain-training app. It is not a prescription medicine. It is a dietary supplement built around ingredients commonly associated with cellular energy, antioxidant support, circulation, and nervous system wellness.

I decided to look at Harmo Brain for 30 days because I wanted to see whether it made sense as a daily brain-support routine. I was not expecting a miracle. I was not expecting to wake up with a perfect memory or a superhuman level of focus. What I wanted to know was simple: could Harmo Brain help me feel clearer, steadier, and more mentally prepared during the day?

In this Harmo Brain review, I will walk you through what it is, how it claims to work, what the ingredients are meant to support, what I noticed during 30 days, what I liked, what I did not like, who it may be best for, who should avoid it, and whether I think it is worth trying.

[Click Here to Get Harmo Brain + Bonus at a Discount](https://systemtics.com/go/harmobrain)

# What Is Harmo Brain?

Harmo Brain is a cognitive wellness supplement designed for adults who want natural support for focus, memory, mental clarity, and brain fog. It is usually promoted as a supplement that supports the brain from multiple angles instead of depending on one stimulant or quick-energy ingredient.

That is one thing that made the product interesting to me. Many brain supplements lean heavily on caffeine or strong stimulants. They may make you feel awake for a few hours, but they can also leave you jittery, anxious, or drained later. Harmo Brain appears to take a different route by focusing on ingredients connected with energy metabolism, antioxidant defense, circulation, and nervous system support.

The product is not positioned as a cure for memory loss, dementia, Alzheimer’s disease, ADHD, or any neurological condition. That distinction is important. Harmo Brain should be viewed as a dietary supplement for general cognitive wellness, not as a medical treatment. If someone is experiencing serious memory problems, confusion, sudden cognitive changes, or symptoms that affect daily life, they should speak with a qualified healthcare professional.

The appeal of Harmo Brain is that it speaks to people who feel mentally tired, foggy, distracted, or less sharp than they want to be. It promises support without requiring complicated routines, brain games, or prescription-style interventions.

The idea is simple. Take the supplement consistently, support the brain with targeted nutrients, and give your mind a better foundation for clarity and focus.

That sounds good, but the real question is whether the formula makes sense and whether users should expect realistic, gradual support instead of overnight transformation.

# How Harmo Brain Claims to Work

Harmo Brain appears to work through a multi-support approach. Instead of promising one magic ingredient, it focuses on several areas that are often connected to brain wellness.

The first area is neural energy. The brain is an energy-demanding organ. Even when you are sitting still, your brain is constantly processing information, regulating functions, storing memories, interpreting signals, and making decisions. When your energy systems feel sluggish, your thinking can feel sluggish too. Ingredients like CoQ10 and L-Carnitine are often discussed in relation to cellular energy and mitochondrial function, which may be relevant to general brain wellness.

The second area is antioxidant support. Oxidative stress is commonly discussed in wellness conversations because it can affect cells throughout the body, including brain cells. Ingredients such as Alpha Lipoic Acid, turmeric extract, and CoQ10 are often promoted for antioxidant support. The idea is that helping the body manage oxidative stress may support long-term wellness.

The third area is circulation and nutrient delivery. The brain depends on oxygen, nutrients, and healthy blood flow. Some ingredients in formulas like Harmo Brain are often included because of their connection to circulation support. However, this should be discussed carefully. Supporting healthy circulation is not the same thing as curing cognitive decline.

The fourth area is nervous system balance. Magnesium Glycinate, for example, is commonly used in wellness routines because magnesium plays a role in nerve function, relaxation, and overall body support. For some people, especially those who do not get enough magnesium, this may support a calmer and more stable mental state.

The main idea behind Harmo Brain is that clearer thinking may come from supporting the body’s internal systems, not from forcing the brain with stimulants.

# Harmo Brain Ingredients

The value of any supplement depends heavily on its formula. A good name and strong marketing do not matter if the ingredients do not make sense. Harmo Brain appears to include several recognizable ingredients that are commonly found in cognitive wellness and energy-support supplements.

Magnesium Glycinate is one of the ingredients that stands out. Magnesium is involved in many body processes, including nerve function, muscle function, and relaxation. The glycinate form is often chosen because it is generally considered gentle and well-tolerated by many people. In the context of brain support, magnesium may help some users feel more balanced, especially if they are low in magnesium or under stress.

Alpha Lipoic Acid is an antioxidant compound that is often used for cellular health support. It is sometimes discussed in relation to oxidative stress and metabolic wellness. In a brain supplement, its role is likely tied to antioxidant protection and general cellular support.

L-Carnitine is commonly associated with energy metabolism. It plays a role in helping the body use fatty acids for energy production. Since the brain depends heavily on energy, L-Carnitine is often included in formulas designed to support mental stamina and cellular function.

Turmeric Extract with curcuminoids is another notable ingredient. Curcumin is widely known for its antioxidant and inflammation-related support. However, one thing to remember is that absorption matters with turmeric. The quality, dosage, and formulation can influence how useful it is.

CoQ10 is commonly included in supplements that support energy production and antioxidant defense. It is naturally involved in cellular energy processes. In Harmo Brain, it likely supports the formula’s neural energy angle.

Butcher’s Broom is often associated with circulation support. While it is not usually the first ingredient people think of for memory or focus, it may be included to support blood flow and vascular wellness. Still, buyers should be careful not to assume that circulation-related ingredients automatically produce dramatic brain benefits.

Overall, Harmo Brain includes ingredients that make sense for a cognitive wellness formula, but the strength of the product depends on dosage, quality, consistency, and individual response.

[Click Here to Get Harmo Brain + Bonus at a Discount](https://systemtics.com/go/harmobrain)

# Why I Used Harmo Brain for 30 Days

I used Harmo Brain for 30 days because supplements need time. It would not be fair to take a brain-support supplement once or twice and then make a strong judgment. Most cognitive wellness products are not meant to produce instant results. They are usually designed to support the body gradually.

During the first week, I focused mostly on tolerance and routine. I wanted to know whether it was easy to take daily and whether I noticed any immediate discomfort. With supplements, the first question is not always “Did it work?” Sometimes the first question is “Can I use this consistently without issues?”

By the second week, I started paying more attention to mental energy and focus. I wanted to know whether my usual afternoon fog felt any different. I also watched for whether I felt calmer, clearer, or more mentally steady during work.

By the third week, I looked at consistency. Some supplements feel interesting at first because you are paying attention to every small change. But the real test is whether they become a useful part of your routine.

By the fourth week, I had a better sense of the product. I did not see Harmo Brain as a magic solution, but I did begin to understand its value as part of a broader brain-support routine. The biggest lesson was that a supplement can help, but it should not be expected to carry the whole burden of brain health by itself.

Sleep, hydration, movement, nutrition, and stress management still matter.

# My First Week With Harmo Brain

During the first week, I mainly focused on how my body responded. I did not expect major changes immediately because most supplements need consistent use. I wanted to see whether Harmo Brain felt easy to add to my daily routine.

The capsule format made it simple. There was no complicated preparation, no mixing powders, and no unusual ritual. That made it easier to stay consistent. For any supplement, ease of use matters because the best formula in the world will not help if you keep forgetting to take it.

In the first few days, I did not notice a dramatic brain transformation. My memory did not suddenly become perfect. My focus did not become unshakable. My mental clarity did not turn into something superhuman. That is not how I would describe the first week.

What I did notice was more awareness of my daily brain habits. Taking Harmo Brain made me pay closer attention to things that affected my mental clarity. I noticed how poor sleep made brain fog worse. I noticed how dehydration affected my focus. I noticed how too much screen switching made me feel mentally scattered.

That awareness was useful because brain fog is rarely caused by one thing. It is often the result of many small lifestyle factors adding up.

The first week taught me not to view Harmo Brain as a stand-alone fix, but as one possible support tool inside a better routine.

# What Changed During the Second Week

During the second week, I began to notice a steadier rhythm in my day. I would not describe it as dramatic. It was more subtle than that. My focus felt a little more stable, especially when I paired the supplement with better habits like drinking enough water, eating properly, and avoiding too much multitasking.

That is important because supplements often work best when they are not fighting against a poor lifestyle. If you sleep badly, eat poorly, stay dehydrated, and overload your brain with constant digital noise, no supplement can completely cover that. Harmo Brain may support the body, but it cannot replace the basics.

During the second week, I also felt more motivated to protect my mental energy. I started treating focus like something that needs support, not something that should appear automatically. This changed how I approached work. Instead of waiting until my brain felt foggy, I tried to create better conditions earlier in the day.

This is where Harmo Brain felt helpful. It became part of a routine that reminded me to take brain health seriously. That may sound simple, but many people ignore their brain until something feels wrong.

The second week was not about a miracle result. It was about feeling slightly more intentional and steady.

# What I Noticed After 30 Days

After 30 days, my results were realistic and measured.

I did not experience an overnight memory breakthrough. I did not become perfectly focused all day. I did not feel like Harmo Brain erased every moment of brain fog. That would be an exaggerated claim, and I would not present it that way.

What I did notice was that my mental clarity felt more supported when I used Harmo Brain consistently alongside better habits. I felt more aware of my energy patterns. I felt less likely to blame myself for every foggy moment and more likely to look at the whole picture: sleep, food, stress, hydration, screen time, and daily routine.

My focus felt more stable on some days, especially when I avoided the things that usually made my mind feel overloaded. My afternoon mental slump felt easier to manage when I stayed consistent with the routine. I also appreciated that Harmo Brain did not feel like a harsh stimulant. I did not feel like I was being pushed into alertness in an unnatural way.

The best way I can describe my 30-day result is this: Harmo Brain felt like a supportive tool, not a dramatic brain switch. It may help create a better foundation for mental clarity, but it works best when combined with healthy habits.

That is a fair and realistic result.

[Click Here to Get Harmo Brain + Bonus at a Discount](https://systemtics.com/go/harmobrain)

# What I Liked About Harmo Brain

The first thing I liked about Harmo Brain is that the formula includes recognizable ingredients. This matters because some supplements are built around trendy names that sound impressive but are hard to understand. Harmo Brain appears to use ingredients that are commonly discussed in relation to cellular energy, antioxidant support, circulation, and nervous system wellness.

The second thing I liked is that it does not seem to rely heavily on stimulants. Some brain supplements give you a quick burst of energy, but that energy can feel forced. Harmo Brain appears to be positioned more as a long-term support formula rather than a quick caffeine-style push. That may appeal to people who want mental clarity without feeling wired.

The third thing I liked is that it is easy to use. A capsule supplement fits easily into a daily routine. There is no need to listen to audio at a specific time, complete exercises, or track scores. You simply follow the label directions and stay consistent.

I also liked the broader wellness angle. Harmo Brain does not only focus on memory. It also touches on brain fog, mental clarity, neural energy, and long-term support. That makes sense because brain performance is not one-dimensional.

Finally, I liked that it made me more conscious of my brain health overall. Sometimes a supplement is useful not only because of what it contains, but because it helps you build a more intentional routine.

# What I Did Not Like About Harmo Brain

The main thing I did not like is that cognitive supplement marketing can easily create unrealistic expectations. When people hear words like memory, focus, clarity, and brain fog, they may expect major changes quickly. That is not always realistic.

Harmo Brain should not be treated as a cure for memory loss or serious cognitive decline. It should not be used instead of professional medical advice. It should not be expected to reverse years of poor sleep, stress, poor diet, or unhealthy routines in a few days.

Another concern is that ingredient research is not the same as product-specific proof. Some ingredients in Harmo Brain may have general wellness support behind them, but that does not automatically prove the exact formula will produce dramatic results for every user. Dosage, quality, absorption, and individual health all matter.

I also think buyers should be careful about supplement funnels in general. Always check the official website, pricing, refund policy, shipping terms, and whether any subscriptions or upsells are involved. Do not rush because of countdown timers or discount pressure.

Finally, Harmo Brain may not be enough for someone with serious symptoms. If your memory problems are worsening, if you feel confused, or if brain fog is affecting your daily life, it is better to speak with a healthcare professional.

# Is Harmo Brain Easy to Use?

Yes, Harmo Brain is easy to use. That is one of its practical advantages.

Because it comes in capsule form, it does not require a complicated setup. You do not need to learn a system. You do not need to schedule a session. You do not need to use headphones, apps, or devices. You simply follow the recommended serving on the label and take it consistently.

This makes it more convenient than some brain-support methods. Brain-training apps require time and effort. Meditation requires quiet and discipline. Audio programs require listening sessions. Lifestyle changes require planning. Harmo Brain is easier to add into an existing routine.

That does not mean it works automatically for everyone. Supplements still depend on consistency and individual response. It also matters whether your brain fog or focus struggles are connected to issues the formula can actually support.

For best results, Harmo Brain should be used as part of a broader routine. Take it consistently, but also sleep well, hydrate, eat balanced meals, move your body, reduce stress, and give your brain regular breaks.

That is the most realistic way to use it.

# Who Is Harmo Brain Best For?

Harmo Brain may be best for adults who experience occasional brain fog, mental tiredness, or lack of focus and want a natural supplement to support cognitive wellness.

It may also suit people who do not want stimulant-heavy products. If you are sensitive to caffeine or dislike the wired feeling that some focus products create, Harmo Brain’s wellness-support positioning may be more appealing.

It may be a good fit for people who are already trying to improve their lifestyle. If you are working on sleep, hydration, nutrition, exercise, and stress management, Harmo Brain may fit well as an added support tool.

It may also appeal to adults who want long-term brain support rather than a quick burst of energy. Ingredients connected with antioxidant support, cellular energy, and nervous system wellness are usually more aligned with gradual support than instant effects.

The best user is someone who is realistic. They understand that supplements can support the body, but they do not replace healthy living or medical care.

# Who Should Avoid Harmo Brain?

Harmo Brain is not for everyone.

You should avoid it if you expect a guaranteed cure for memory problems. No supplement should be treated that way. If you are dealing with serious cognitive symptoms, speak with a healthcare professional.

You should also avoid it if you are pregnant, nursing, taking medication, managing a medical condition, or preparing for surgery unless your healthcare provider says it is safe for you. Natural ingredients can still interact with medications or affect the body in ways that matter.

You should avoid Harmo Brain if you are allergic or sensitive to any of the listed ingredients. Always read the label carefully before use.

You should also avoid it if you are expecting instant results. Supplements often take time, and results can vary widely. Some people may feel a difference. Others may not notice much.

Finally, avoid buying if you cannot verify the official website, refund policy, price, and support details. With supplements, buying from the right source matters.

[Click Here to Get Harmo Brain + Bonus at a Discount](https://systemtics.com/go/harmobrain)

# The Truth About Brain Fog

Brain fog is frustrating because it can make you feel disconnected from your own mind. You may feel slow, forgetful, tired, distracted, or mentally cloudy. But brain fog is not always caused by one simple thing.

Poor sleep can cause brain fog. Stress can cause brain fog. Dehydration can make thinking harder. Too much screen time can scatter attention. Poor nutrition can affect energy. Hormonal changes, medication, illness, anxiety, and other health issues can also play a role.

That is why it is important not to expect Harmo Brain to solve every case of brain fog. If your brain fog is caused by lifestyle pressure, low energy, stress, or poor routine, a brain-support supplement may help as part of a bigger plan. But if your brain fog is linked to a medical issue, you may need professional guidance.

During my 30-day review, Harmo Brain felt most useful when I used it alongside better habits. When I slept poorly, I still felt the effect of poor sleep. When I stayed hydrated and reduced distractions, my mind felt better.

That taught me an important lesson: Harmo Brain may support clarity, but it works best when you stop working against your own brain.

# Can Harmo Brain Help With Memory?

Harmo Brain may support memory indirectly by supporting areas that matter for brain wellness, such as energy, antioxidant defense, and nervous system function. However, I would be careful with strong memory claims.

Memory is complex. It depends on attention, sleep, repetition, stress levels, emotional state, health, nutrition, and age. If you are distracted when information comes in, your brain may not store it properly. If you are sleep deprived, recall can suffer. If you are stressed, your mind may feel scattered.

A supplement can support the body, but it cannot replace the habits that memory depends on.

In my experience, Harmo Brain felt more like a clarity and mental steadiness support product than a dramatic memory booster. I felt more aware and more consistent, but I would not claim it created perfect recall.

If you want better memory, combine a supplement like Harmo Brain with proper sleep, active learning, reading, repetition, exercise, hydration, and reduced stress.

That is the more realistic approach.

# Can Harmo Brain Help With Focus?

Harmo Brain may help some users with focus, especially if their lack of focus is connected to low mental energy, stress, or general wellness gaps. The ingredients are positioned around supporting neural energy, circulation, and antioxidant defense, which may help create better conditions for mental performance.

However, focus is not only about supplements.

Your environment matters. Your phone habits matter. Your sleep matters. Your task clarity matters. Your stress level matters. If you take Harmo Brain but keep switching between five apps every two minutes, your focus may still suffer.

During my 30-day experience, I found that Harmo Brain worked best when paired with intentional work habits. I would take it consistently, then also reduce distractions, choose one task, and give myself a clear starting point.

That combination felt more helpful than expecting the supplement to force focus by itself.

# Harmo Brain vs Brain Supplements

Harmo Brain belongs in the broader brain supplement category, but it seems to lean more toward natural cognitive wellness than stimulant-based productivity.

Many brain supplements focus on energy and alertness. Some include caffeine or strong nootropic blends. Others focus on memory herbs, omega-3s, mushrooms, adaptogens, or vitamins. Harmo Brain appears to focus on a mix of cellular energy, antioxidant support, nervous system support, and circulation-related ingredients.

That makes it appealing for people who want a steadier approach.

However, the same rule applies to all brain supplements: check the formula, dosage, quality, company reputation, refund policy, and user expectations. A supplement should not be judged only by the claims on the bottle or sales page.

Compared with some stimulant-heavy products, Harmo Brain may feel more suitable for people who want daily support without feeling overly energized. Compared with advanced nootropic stacks, it may feel simpler and more accessible.

The best choice depends on what you need and how your body responds.

# Harmo Brain vs Brainwave Audio Products

Harmo Brain is very different from brainwave audio products. Audio products use sound, rhythm, or frequency-based listening sessions to help users relax, focus, or enter a certain mental state. Harmo Brain works through ingredients.

This difference matters.

If you want something you can take daily as part of a nutritional routine, Harmo Brain may make more sense. If you prefer non-ingestible tools, brainwave audio may be more appealing. Some people may even use both types of tools because they work in different ways.

Harmo Brain supports the body from the inside through nutrients and compounds. Audio products support mental state through listening and routine.

Neither approach should be treated as a miracle. Both work best when combined with healthy lifestyle habits.

# Pros of Harmo Brain

Harmo Brain has several positives.

The first is that it contains recognizable ingredients. Magnesium Glycinate, Alpha Lipoic Acid, L-Carnitine, turmeric extract, CoQ10, and Butcher’s Broom are not random mystery ingredients. They are commonly discussed in wellness circles for energy, antioxidant support, circulation, and nervous system health.

The second positive is that it appears to avoid a harsh stimulant-only approach. This may appeal to people who want mental support without relying on caffeine or aggressive energy boosters.

The third positive is that it is easy to use. Capsules are simple, convenient, and easy to add to a daily routine.

The fourth positive is that it supports a broad cognitive wellness angle. Instead of only focusing on one benefit, it appears to address brain fog, focus, memory, neural energy, and long-term support.

The fifth positive is that it may encourage users to take brain health more seriously. Sometimes starting a supplement routine helps people become more intentional about sleep, hydration, food, stress, and daily habits.

# Cons of Harmo Brain

Harmo Brain also has limitations.

The biggest limitation is that product-specific proof appears limited. Some ingredients may have general wellness research, but that does not automatically prove the exact Harmo Brain formula will produce strong results for every user.

Another limitation is that results may vary. Some people may feel more focused or clear. Others may feel only mild changes. Some may not notice much at all.

A third limitation is that it is not a medical treatment. It should not be used as a substitute for professional care, especially for serious memory problems, neurological symptoms, or persistent brain fog.

Another concern is that supplement marketing can sometimes exaggerate benefits. Buyers should be careful with any claim that makes the product sound like a guaranteed brain transformation.

Finally, Harmo Brain still requires healthy habits. If you sleep poorly, live under constant stress, eat badly, and stay dehydrated, the supplement may have limited impact.

[Click Here to Get Harmo Brain + Bonus at a Discount](https://systemtics.com/go/harmobrain)

# Is Harmo Brain Worth It?

Harmo Brain may be worth it if you understand what it is and what it is not.

It is not a cure. It is not a prescription medicine. It is not a guaranteed memory booster. It is not a replacement for sleep, exercise, hydration, nutrition, stress management, or medical advice.

But it may be a useful cognitive wellness supplement for adults who want natural support for mental clarity, focus, brain fog, and neural energy. The formula includes ingredients that make sense for general brain-support positioning, and the routine is simple enough to follow.

After 30 days, I would describe Harmo Brain as a supportive supplement, not a dramatic brain-changing solution. Its value is strongest when combined with better habits. It may help you feel more intentional, more supported, and more consistent with your cognitive wellness routine.

If you are realistic and willing to use it consistently, Harmo Brain may be worth considering. If you expect instant results or medical-level changes, you may be disappointed.

# Is Harmo Brain a Scam?

I would be careful with the word scam.

Harmo Brain appears to be a real dietary supplement with recognizable ingredients. If customers receive the product, can review the label, follow the directions, and access the stated refund policy, then it may not be fair to call it a scam simply because the claims are promotional.

However, buyers should still be cautious.

A supplement can be real and still overpromise. A product can contain useful ingredients and still not work for everyone. Positive testimonials can be encouraging, but they are not the same as clinical proof. Marketing can be persuasive, but buyers should make decisions calmly.

The safest view is this: Harmo Brain is a cognitive wellness supplement with promising ingredients, but it should be approached with realistic expectations. It may support brain health, but it should not be treated like a guaranteed cure or a medical breakthrough.

That is the balanced position.

# What to Know Before Buying Harmo Brain

Before buying Harmo Brain, check the official product page carefully. Make sure you understand the current price, bottle options, refund policy, shipping terms, and whether there are any subscriptions or upsells.

Read the ingredient label. Make sure you are not allergic or sensitive to anything included. If you take medication or have a medical condition, speak with a healthcare professional before using it.

Do not buy out of fear. Brain fog and memory concerns can make people anxious, and anxious buyers can rush into decisions. Take your time. Understand what the product can realistically do.

Also, remember that supplements take consistency. If you buy Harmo Brain and forget to take it, you cannot fairly judge it. Give it a proper routine, but keep your expectations reasonable.

Most importantly, do not use Harmo Brain to avoid medical care. If your symptoms are serious, sudden, or worsening, get professional advice.

# Final Verdict: My Harmo Brain Results After 30 Days

After using Harmo Brain for 30 days, my final verdict is balanced but positive.

I liked the formula direction. I liked that it includes recognizable ingredients tied to energy, antioxidant support, nervous system wellness, and circulation. I liked that it was easy to take daily. I also liked that it did not feel like a harsh stimulant product.

My results were realistic. I did not experience a dramatic memory transformation. I did not suddenly become perfectly focused every day. I did not feel like Harmo Brain erased every foggy moment.

What I did experience was a stronger sense of mental support when I used it consistently alongside better habits. I felt more intentional about brain health. I felt more aware of what affected my clarity. I felt that my focus and afternoon mental steadiness were easier to manage when I treated Harmo Brain as one part of a bigger routine.

That is why I think Harmo Brain may be worth trying for the right person.

If you are looking for a natural brain-support supplement and you understand that results vary, it may be worth considering. If you expect a miracle, you may be disappointed. If you combine it with proper sleep, hydration, nutrition, movement, stress control, and consistent use, you may get more value from it.

Use it as support. Use it wisely. Use it consistently. And keep your expectations grounded.

[Click Here to Get Harmo Brain + Bonus at a Discount](https://systemtics.com/go/harmobrain)",1,1785924709.0,ShareAiPrompts,0,1.0,False
1vg37qb,https://i.redd.it/bdp73dyy6jhh1.png,What's the smallest Salesforce improvement that made the biggest difference for your users?,"Sometimes the biggest improvements come from the smallest changes.  


It could be simplifying a Flow, removing unnecessary fields, improving a page layout, or automating a repetitive task.  


Looking back, what's one small Salesforce change that had the biggest positive impact for your users or your team? What made it so effective?",0,1785924708.0,salesforce,2,0.31,False
1vg37mg,https://www.reddit.com/r/StartCups/comments/1vg37mg/building_something_is_lonely_it_doesnt_have_to/,Building something is lonely. It doesn't have to stay that way.,"Most startups aren't built in fancy offices

they're built late at night.

on weekends

between classes

after work

and with too much coffee and too many doubts

that's why we started r/StartCups 

a place where you can talk about the real parts of building

the things that don't make it into LinkedIn posts.

whether you've made your first $1 or your first million, everyone sits at the same table here

what are you building these days?",1,1785924699.0,StartCups,0,1.0,False
1vg37fx,https://www.reddit.com/r/BreakUps/comments/1vg37fx/do_i_message_her/,Do I message her?,"My ex just broke up with me two weeks ago. She is currently on an overseas trip that was planned ages ago. We ended things friendly and said we would catch up for a coffee afterwards. 

Should I reach out to her? I do want to try and fix things. But I want her to want to speak to me as well.",1,1785924683.0,BreakUps,2,1.0,False
1vg3727,https://www.reddit.com/r/NatureofPredators/comments/1vg3727/the_mind_of_a_predator_part_57/,The mind of a predator (part 57),"Memory transcript subject Nirsil, Venlil public defence attorney. Location, Skalga Capital, Office block 21, room 192A: Legal representation.

Date \[Standardised human time\]: 28 May, 2138.

Viran and I watched as the Arxur woman was sprayed with high pressure water, causing her to drop to the floor the moment she stepped out from the hospital. The broadcast framed it as though she were preparing to lunge at the nearest exterminator but we all could plainly see that wasn't the case. She wasn't even treated this poorly when she surrendered in the middle of the war.

""Poor girl, bet she thought they'd just cuff her."" Viran had come around to helping me with Targan's case, for which I was grateful of course but I didn't think it would help much. I'd managed to get the process started in stopping the order but... 

""I've spoken with a judge, with luck a court order should keep them from deporting her just yet."" Viran shifted her tail and we both continued watching as the broadcast switched to the news anchor, who began explaining a bit about who Targan was.

""A former Dominion soldier, Targan is the daughter of the now deceased Betterment enforcer Morlan. It is believed that she was involved in the operation that saw the end of this horrid man-"" I switched off the broadcast, letting out a long sigh and massaging my temples. Although we had to wait for a response from the courts, it still felt wrong to be doing nothing. Maybe I could go over the points I'd be bringing up? 

I'd managed to create a rough basis for my argument. Three main points stood out as being most relevant; her status as a de facto refugee, her having rights under the exchange partnership with Nivar and the threat to her life should she return to Wriss. Any one of those points should be legally enough to halt the extradition but no doubt I'd need to convince a grand jury of at least two, maybe all three to get a permanent hold.

Nivar would be able to testify as to two of those points and I may be able to get the human veteran's testimony as to her refugee status, given he has gone through the process himself. Even with all of this however, without a concrete paper trail, the whole case relies on word of mouth and the original exchange agreement she signed. What I truly needed to win was proof that Wriss wasn't safe for her, in Earth's case everyone knew about the devastation from the bombing and new images were circulating daily, in contrast there was almost total radio silence from Wriss after their rebellion took over. At least, there was nothing in the news about it that is. Nobody really knew anything about the Arxur government after the Dominion's fall, just hearsay and rumours, all of which was useless in a court.

""Nirsil, you fall asleep over there?"" Viran chastised as I looked back up at her, realising I had been lost in thought. It was then that I noticed I had been ignoring my desk-phone, which displayed the name of the high Court as the caller. At that I frowned, the high courts never called, they were more a public face to the judicial system itself than a real court of power. Like a conglomerate of judges, public officials and diplomats all under one banner, oh and quite literally thousands of secretaries. What do they want?

""Office 192A legal representation, Nirsil speaking, how can I help?"" I gave the usual introduction as I held the receiver to my ear, looking back at Viran with a mildly confused expression plastered across my face.

""Mister Nirsil, you are the one representing Arxur prisoner Targan as legal counsel, correct?"" As I replied to the affirmative, the woman on the other end continued. ""You are being forwarded a document regarding the legal action involving Targan. The Venlil courts are no longer handling this case, the motion has been taken up with the official SC legal Council. You are also being sent documentation for transport and trial requirements, if you have any questions please forward them to this office.""

""The SC is taking over the case? I thought it was a purely Venlil matter, it's just a deportation case under Skalgan jurisdiction?"" I furrowed my brow as I grabbed my mug of coffee and noted it was empty, only adding to the slowly growing migraine I could feel forming in my skull. Why was this suddenly becoming a cross-species issue? 

""Typically this would be correct, however given the nature of the individual involved and the ramifications, it has been escalated to the appropriate level."" At that I was stumped. Appropriate? What about this was appropriate? Moreover why was Targan so important to the SC, or rather why was it so important she not be \*in\* SC territory? Of course I had many questions but...this shouldn't change my argument i supose. Though there was most certainly something very wrong with the sudden change in the involved parties, somebody definitely had an anterior motive. 

""I see...I'll be in touch if I need anything else."" With that, the call ended. Viran looked at me expectantly, though first I checked my holopad and sure enough, there were a few new messages with documents arranging transport to one of the SC's Council stations in...human space. It seemed this was one that had been assigned specifically for cross-member legal disputes so once again, I found myself asking why they cared so much to get involved in this. ""Looks like we have a trial and a change of venue. Seems we aren't the only people concerned about what happens to Targan, though I suspect the SC care more about removing her than letting her stay...""",7,1785924649.0,NatureofPredators,3,0.9,False
1vg363y,https://i.redd.it/dj1wy1um6jhh1.jpeg,ITAPPH of Palpitate Tanay Pastries,visited Palpitate Coffee Tanay last Sunday ♥️,3,1785924564.0,ITookAPicturePH,1,1.0,False
1vg35lg,https://i.redd.it/hwi9k06h6jhh1.png,What's the smallest Salesforce improvement that made the biggest difference for your users?,"Sometimes the biggest improvements come from the smallest changes.

It could be simplifying a Flow, removing unnecessary fields, improving a page layout, or automating a repetitive task.

Looking back, what's one small Salesforce change that had the biggest positive impact for your users or your team? What made it so effective?",1,1785924519.0,u_Slow_Zombie_5258,0,1.0,False
1vg34q3,https://i.redd.it/wigdieda6jhh1.jpeg,Travelling for the event + more,"COMINGGGGG TO DELHIIII THIS WEEEEKEND. 

Day time would be a lil occupied, was thinking to get a cozy BNB nearby and move around. Would be free for evenings and nights. 

I like coffee/nicotine and some goood asian fooood. Lmk if someone has some fabric interests😭",1,1785924444.0,TwentiesIndia,10,1.0,False
1vg34kk,https://www.reddit.com/r/KindVoice/comments/1vg34kk/a_letter_from_an_introverts_heartl/,A Letter from an Introvert's Heart[l],"&#x200B;

Sometimes, I wonder if the world was built for people like me. You know, the ones who carry entire universes in their heads but struggle to string a sentence together when the room gets too loud. I’m an introvert, and for the longest time, I thought that made me broken. Like I was missing some piece everyone else seemed to have the one that lets you laugh easily, talk freely, and belong without trying so hard it hurts.I remember this one evening, years ago, when I was about 15. It was my cousin’s wedding, and the house was bursting with music, chatter, and those bright, overwhelming fairy lights. Everyone was dancing, shouting over the dhol, and I… I was sitting in the corner of the garden, under a mango tree, clutching a plastic cup of lukewarm cola. My heart was racing, not because I was scared, but because I felt so wrong for not being out there, for not wanting what everyone else seemed to crave. My mom found me, and I’ll never forget the way she looked at me not with pity, but with this quiet understanding. She sat down, didn’t say a word, just handed me a plate of biryani and stayed. That was the first time I realized maybe I wasn’t alone in feeling like this.Being an introvert feels like living in a house with too many windows. You see the world, you love it, you ache for it, but you need to draw the curtains sometimes just to breathe. I’ve spent so many nights replaying conversations in my head, wondering if I said too much or too little, if I came off cold when all I was trying to do was not drown in the noise. I’ve canceled plans not because I didn’t want to see my friends, but because the thought of small talk felt like climbing a mountain with no air. And every time, I’d hate myself a little for it.But you know what? I’m learning. I’m learning that my quiet isn’t empty it’s full. Full of thoughts that run deeper than I can ever explain, full of dreams I’m too shy to shout about, full of love I show in ways that don’t always scream. I write letters I never send. I notice the way someone’s eyes light up when they talk about something they love. I listen, really listen, because that’s how I connect when words feel too heavy.Last week, I went to a coffee shop alone something I used to be terrified of. I sat by the window, sipped my chai, and watched the rain smear the glass. For the first time, I didn’t feel like I was hiding. I felt like I was enough. Just me, my thoughts, and the soft hum of the world outside. I think that’s what being an introvert is: finding peace in the spaces others overlook, building a home in the quiet where your heart can finally rest.So, to all of you in this group, I just want to say you’re not alone. Your silence isn’t a flaw, it’s a language. Your need for solitude isn’t weakness, it’s strength. And even on the days when the world feels too big, too loud, too much, know that there’s someone out there, maybe sitting under their own mango tree, feeling the exact same way. We’re in this together, us quiet ones, and that’s a kind of belonging too.What’s your story? What’s the moment that made you realize your quiet is beautiful? Share it, if you feel like it. I’m here, reading, listening, in my own introverted way. 💛",1,1785924428.0,KindVoice,1,1.0,False
1vg33yl,https://i.redd.it/gtkmbtx26jhh1.png,The coffee's cold. Reality's getting stranger. Must be another day at Balamb Garden.,"You don't question it anymore.

The Headmaster is already three briefings ahead of everyone else. Zell has somehow eaten breakfast twice. Selphie is planning something that probably violates Garden policy. Quistis is pretending everything is under control.

And Squall?

He's just trying to finish one cup of coffee before reality invents another crisis.

☕️ Welcome back to Balamb Garden.",1,1785924373.0,BalambGardenHQ,0,0.67,False
1vg33ry,https://www.reddit.com/r/kolkata/comments/1vg33ry/20m_in_kolkata_running_a_software_business/,"20M in Kolkata. Running a software business, preparing for CA... and life's getting pretty lonely.","Hey everyone,

I'm a 20-year-old guy from Kolkata. Right now I'm running a software business while also preparing for CA, and because of that I'm in a dummy college. Most of my days are just work, studying, gym, and then repeating the same routine.

The problem is that I barely meet new people anymore. My social circle is almost non-existent.

I was in a relationship for 7 years with my school girlfriend, but she cheated on me. Since then, I haven't really been able to connect with anyone else or even tried dating seriously.

I'm not specifically looking for a relationship. I'd honestly just like to meet new people, especially girls around my age, have conversations, maybe grab coffee someday if we vibe, or just make a genuine friend.

For people in Kolkata—how do you even meet new people after school when you're not in a regular college?

Would appreciate any advice, or if anyone's in a similar situation, feel free to DM.",4,1785924356.0,kolkata,2,1.0,False
1vg33rb,https://www.reddit.com/r/Big4/comments/1vg33rb/take_the_offer_or_undergo_recruiting/,Take the offer or undergo recruiting?," Looking for some advice on Big 4/MAC recruiting.

I’m currently a Master’s in Accounting student and interned with a Big 4 firm in tax this summer. I had a great experience and performed well, but I realized I want to pursue audit instead. I’d love to stay with the same firm if possible, but I’m also open to relocating.

I recently got a call from my recruiter about an audit opportunity with the firm in a smaller city. I’m not particularly interested in living there long term, but I would consider doing it for a year or so if transferring to another office later is actually realistic. The audit partner from that office also wants to take me out for coffee next week.

At the same time, recruiting for my MAC program is coming up, and I think I’d rather recruit for audit positions in cities I’m more interested in before committing to this one. I don’t want to turn down a good opportunity, but I also don’t want to accept too early and limit my options.

For context, I graduated in May, passed FAR in June, and already have the Big 4 internship experience as well as other experience

Would you accept the audit offer and try to transfer offices later, or go through MAC recruiting first and see what other audit opportunities are available? Also, how realistic is transferring Big 4 offices after a year?",1,1785924354.0,Big4,0,1.0,False
1vg33pd,https://www.reddit.com/r/Interstitialcystitis/comments/1vg33pd/peeing_right_after_i_pee_urge_to_pee/,"Peeing right after I pee, urge to pee.","F (18) it's like 5days now, I pee a lot, I tried not to drink too much water, but still I pee a lot. I feel like a tingling sensation in my lower abdomen like when I'm pushing it I feel like I need to pee even more. This feeling starts last month when I had UTI. I drink black coffee in the morning but even if I don't I still need to pee every minute (that's how it feels). It's so frustrating, I scheduled an appointment for checkup I just want to know if some of you experienced this and what helped you? :((",1,1785924348.0,Interstitialcystitis,1,1.0,False
1vg33mk,https://www.reddit.com/r/GreekCitizenship/comments/1vg33mk/ama_update_obtaining_greek_citizenship_in_the/,AMA UPDATE - Obtaining Greek Citizenship in the Diaspora,"[I ran an AMA](https://www.reddit.com/r/AmerExit/comments/1im2of9/ama_obtaining_greek_citizenship_in_the_diaspora/) over at r/AmerExit and thought it was sensible to put an updated version here.

I’m going to run this as an AMA and you can ask any question you want on the process. I went through it about 10 years ago when I was still in the US, but I’ve helped many friends through the process up as recently as a month ago. I understand Greek bureaucracy well and generally speaking, know where the land mines are and how to avoid them. This isn't legal advice. These are just my own experience. Some starting tips:

1. The process always begins with the person from whom you claim citizenship. You cannot go further back than a grandparent, and whomever you’re claiming from should be registered as a citizen before you were born.
   1. If you know they were born in Greece, but not necessarily which municipality they were registered, you will have a much more difficult time - near impossible. This cannot be done without a lawyer.
   2. **UPDATE**: Most of the Greek registrations have been digitized going back to 1880s. This means that ANY KEP, Consulate, etc should be able to obtain the documents if you know the pedigree information of Birth name, names of parents, and place of birth. Once you can establish this, it should be alot easier to get your starting point. If the consulate says they cannot get this info, they are either lying are you're not talking to the right person.
2. You need to get all your foreign documents (marriage certificates, birth certificates, death certificates, everything) translated by an approved translation service (typically the consulate or embassy can give you a list) and apostilled (document authentication)
   1. This can be a pricey endeavor if you need to go back a generation or two and fill in these details. Translations can cost anywhere between 60-200 USD per page. Apostilles have fees attached as well. When I did this, it cost around 2K USD in document running alone - this is without a lawyer.
   2. If you have the documents already apostilled - the translations are way cheaper in Greece and it might be worth doing them there. If you can fit it into a trip, and you have MANY documents to translate, I would highly recommend this.. it could save you thousands.
   3. **UPDATE**: This is largely still true, but more registrations can be done through the consulates. But this is a slow process that will require multiple appts (one for each registration) and wait times for processing in between.
3. As above, this is a slow and costly process if you need to go back a gen or two. If you need to go back to your grandparents, this will likely cost you 6-10K EUR, definitely more if you need a lawyer involved in part or all of the process.
   1. If your aim is to live in Greece, there are quicker and cheaper ways to get Greek citizenship. Digital nomad visas exist for foreign nationals. If you live in Greece for 7 years you can apply for citizenship. So, that is a much easier option for most.
   2. **UPDATE**: These expenses have definitely gone up and with backlogs in the US and Australia.... it could take years to get this all done.
4. If you don't speak Greek, or your Greek is not good enough to deal with government offices... this simply cannot be accomplished without a lawyer. Even with a lawyer and a good budget, it will likely take 2-4 years to accomplish this with current wait times for appointments at relevant offices.
5. If you speak Greek and you want to do this yourself, you'll need to familiarize yourself with; your local embassy/consulate, the booking systems at the relevant registry offices etc... and the staff at the municipality your family member from whom you're claiming citizenship is registered. The last part is arguably who has most control of your fate. Be nice to them, buy them coffees, do whatever you need to make them think it's a joy to serve you when you call.
6. The process is easier or harder depending where you live. Currently, I am in London, and my embassy is exceedingly efficient. The booking system, while cumbersome, doesn't take long to get an appointment with some methodical planning. And the staff was helpful and friendly and I was able to register my marriage, children, etc without any hassle at all. I am originally from NY, and the consulate there (at the time) was on a permanent break. Nothing could get done through it, because they simply wouldn't do the work. So, know your embassy and figure out whether it would be more expedient for you to just deal with the process in Greece instead.
7. If you are male under the age of 45, you will be on the hook for military service. However, you can immediately register yourself exempt as a permanent foreign resident. This is a very easy process. If you want to move to Greece you will need to fulfill your military obligation if you stay more than 6 months in any given calendar year. Even then there are many loopholes... just something to think about.
8. **UPDATE**: The digitalization of Greece's bureaucracy has shot it decades forward. Things that would take days in a stuffy govt building are easily and efficiently done online in mere seconds. The system however has created an appt only workflow that can lead to backlogs when you are in busy cities like Athens and Thessaloniki. But otherwise, my interacted with the Greek state is frankly easier than the US state, and now about on part with the UK state. There are hurdles to jump still, but once you're in, your day-to-day business is seamless.",1,1785924343.0,GreekCitizenship,0,1.0,False
1vg33en,https://www.reddit.com/r/u_jacker44/comments/1vg33en/day_7and_so_i_keep_walking/,"Day 7—And So, I Keep Walking","**#Devotional #DevotionalTime**

**He Never Left**

*“He said to them all, If any man will come after me, let him deny himself, and take up his cross daily, and follow Me.”* **— Luke 9:23 (KJV)**

This morning, I got out of bed again.

That may not sound very impressive. Some mornings it does not even feel particularly courageous. I made my coffee. I started another ordinary day. The responsibilities waiting for me had not disappeared overnight, and neither had the questions I still carry. If someone looked at my life from the outside, they probably would not see anything remarkable. Yet I have come to believe that some of the greatest acts of faith happen in moments that appear completely ordinary.

One of the shortest descriptions in all of Scripture has become one of my favorites.

The Bible simply says,

***“Enoch walked with God.”***

It does not tell us what his ordinary mornings looked like. It does not describe every burden he carried or every prayer he whispered. It does not record every disappointment, every unanswered question, or every ordinary day that seemed to pass unnoticed. Yet somehow, the Holy Spirit preserved the most important thing that could ever be said about a person's life.

He walked with God.

The older I become, the more I believe that may be one of the greatest compliments anyone could ever receive.

For a long time, I thought faithfulness meant doing something extraordinary for God. I imagined it looked like fearless courage, unwavering confidence, or never struggling with doubt. But the longer I walk with Christ, the more I realize that faithfulness often looks much quieter than I expected. Sometimes it is simply getting out of bed when my body hurts. Sometimes it is praying when my heart feels weary. Sometimes it is choosing forgiveness one more time or showing kindness when I would rather retreat into myself. More often than not, it is simply taking the next step the Lord has placed in front of me.

Jesus never told His followers to carry tomorrow's cross.

He told them to take up their cross daily.

That one word has quietly changed the way I think about following Him.

God has never asked me to live next month today. He has never expected me to carry next year's burdens this morning. He simply asks me to follow Him today. Tomorrow, if He graciously gives it to me, He will meet me there just as faithfully as He has met me here.

After His resurrection, Jesus walked beside two discouraged disciples on the road to Emmaus. They poured out their confusion, their disappointment, and their shattered expectations without realizing that the very One they longed for was already walking beside them. It was only later that they recognized who had been with them all along.

I cannot help but wonder how many times I have done the same.

More than once, I have wondered where God was, only to discover later that He had never left. More than once, I questioned His plans, only to realize He had been quietly working the entire time. Looking back, I can see that His greatest gift was not always changing my circumstances. It was faithfully walking beside me through them.

The goal was never to reach a place where I no longer needed God.

The goal was to discover that He had been enough every step of the way.

That changes everything.

I do not know what tomorrow will bring. There will almost certainly be more waiting, more unexpected turns, and more ordinary mornings before the sun rises. There will still be prayers I do not immediately understand and valleys I would never choose for myself. Yet those things no longer define my journey. What defines my journey is the quiet confidence that every ordinary step is taken with an extraordinary Savior who has never once walked away.

Tomorrow morning, by God's grace, I will get out of bed again. I will pour another cup of coffee. I will take another ordinary step. And I will follow the same faithful Savior who has never left my side.

**One Truth to Carry Today**

Faithfulness is simply walking with the God who has never stopped walking with me.

**Prayer**

Father, thank You for every ordinary day that has quietly become part of the story You are writing in my life. Thank You for walking beside me when I recognized Your presence and when I did not. Forgive me for the times I searched for extraordinary signs while overlooking Your daily faithfulness. Help me not to become overwhelmed by tomorrow or discouraged by yesterday. Teach me to simply walk with You today, trusting that wherever You lead, Your grace will already be waiting for me there. May my life one day be remembered, not because I accomplished great things, but because I faithfully walked with my Savior.

**In the name of the One who has never left my side, Jesus Christ, I pray, Amen.**

 ",1,1785924325.0,u_jacker44,0,1.0,False
1vg32wt,https://www.reddit.com/gallery/1vg32wt,Oh hai!,"Meet Momo, our giant, affectionate house bear. She loves as many cuddles as she can get, for as long as she can get them (especially on the bed in the mornings), long walks on the beach, meeting new canine and human friends, her big sister (a maremma/retriever cross), swimming in the pool, and eating ice cubes and seafood in all its forms!

We rescued her as a scared and mistreated 1 year old. How could anyone ever hurt such a sweet angel? We're so sad that we missed her puppy stage.

She is a bit of an escape artist, and still likes to chew things (Mum's special coffee table books being a particular favourite), but otherwise  hasn't given us a day of trouble. She is incredibly strong, but doesn't have a mean bone in her body.

She's been here in her forever family for 2 years now, and none of us could be any happier that we found her - she was meant to be with us.

🖤🩶🤍",55,1785924281.0,AlaskanMalamute,3,0.99,False
1vg32tr,https://www.reddit.com/r/kolkata/comments/1vg32tr/31m_looking_for_a_lady_whod_like_to_grab/,31M looking for a lady who’d like to grab coffee/tea around Salt Lake?,"31M looking for a lady who’d like to grab coffee/tea around Salt Lake? Brownie points if you read, watch movies, play video games or like cats! Or if you like a bike ride!",0,1785924274.0,kolkata,20,0.25,False
1vg32nn,https://www.reddit.com/r/beermoneyuk/comments/1vg32nn/up_to_40_reward_when_you_sign_up_to_three_mobile/,Up to £40 reward when you sign up to Three Mobile,"Three Mobile has a refer-a-friend scheme where you can earn up to £40 if you sign up via a referral link. You can earn:

\- £40 - All Pay Monthly phones

\- £40 - All 12 or 24 month Home or Mobile Broadband

\- £25 - All 12 or 24 month SIM only / Pay Monthly SIMs (includes data SIMs)

\- £10 - All Tablets (includes Laptops)

**Steps**

1. [**Sign up via my referral link here**](https://aklam.io/xfxsOhAS)

2. Choose how you want to order (online, phone, in-store) - just follow the instructions for your chosen ordering method (provided when you click the referral link).

3. Shop and complete your purchase!

The reward can take up to 90 days - you'll be updated via email when the reward is ready as the referral is tracked at each stage.

As an added bonus, once signed up you will also be eligible for Three+ rewards, which provides regular discounts on things like coffees and meals out, as well as the occasional freebie!

The non-referral link with no bonus is: 

https://www.three.co.uk/shop",3,1785924259.0,beermoneyuk,6,0.81,False
1vg32lz,https://i.redd.it/111q0cgp5jhh1.jpeg,Only in America,,15,1785924254.0,conservativecartoons,0,1.0,False
1vg32cm,https://www.reddit.com/r/smallbusiness/comments/1vg32cm/access_to_100_jamaican_blue_mountain_coffee_beans/,Access to 100% Jamaican Blue Mountain coffee beans. How to sell in the UK?,"I have a family link to a coffee farmer and roaster up in the hills of Blue Mountain, Jamaica. The beans are 100% premium blue mountain and are absolutely delicious.

I would love to start selling the beans here in the UK, but no idea where to start or how.

I have small plans of approaching local local coffee shops but I'm aware they would usually already have established bean providers.

Another option could be selling to wholesalers but I dont have a clue how to start. Any ideas or guidance would be great!",5,1785924229.0,smallbusiness,6,1.0,False
1vg325k,https://www.reddit.com/r/pourover/comments/1vg325k/hario_mizudashi_recipes/,Hario Mizudashi recipes :),"Just got my hands on a Hario mizudashi, the 1000ml size. Any good recipes, tips, or tricks. I’m new to cold brew and usually brew pour overs, just tried a batch w 80 g coffee and filled to the handle like the recommendation said lol. I’m also rocking a Kingsgrinder K6 so if anyone has grinds setting recommendations I’d take those too ",0,1785924212.0,pourover,4,0.5,False
1vg31xy,https://www.reddit.com/r/ADHD/comments/1vg31xy/pressure_left_side_under_ribs/,Pressure left side under ribs,"Hi. I started lisdexamfetamine this thursday and now for the last 2 days or so I've had this pressure on the left side of my chest. Kind of where my ribs are. 

I told the doctor about this and she said it's not concerning and probably won't be my heart. Now we're upping my dose since 20mg didn't do anything for so I'll be trying 30mg tomorrow or so. Even though she said it's fine I've never felt this and it's stressing me out still. I did drink coffee as well since she said it's no issue so maybe that has something to do with it ??? I don't want to die lmao

Has anyone had this too? Does it go away or do I need to take it more seriously.",0,1785924192.0,ADHD,13,0.5,False
1vg30y9,https://www.reddit.com/r/GreeceTravel/comments/1vg30y9/best_coffee_souvlaki_dinner_in_plaka_area/,"Best coffee, souvlaki, dinner in Plaka area.","I know it’s a touristy area. Last time we were there all the food was about the same to me imho. Didn’t stand out. 

Before we spend another 2.5 days in this area- what places do you recommend to eat? Preferably walking distance or easy public transportation. 

We also plan to go near Glyfalda for sea turtle rescue by bus. 

Thanks! ",1,1785924104.0,GreeceTravel,1,1.0,False
1vg30lz,https://www.reddit.com/r/PakistaniiConfessions/comments/1vg30lz/crush_on_ex_coworker/,Crush on ex coworker,"So long story short i had a crush on co worker but she resigned earlier this year. We have been good friends and talked a lot. About work and personal life. Sometimes i felt we were too close as well like sitting in the stairs etc together and talked. went to lunches and coffee places. Still we keep in touch. But i never did anything or made any move. 

Sometimes i felt that she was giving me signals like leaning in on me or sitting very close. But i was so shy to say anything or do. Should i tell her or what. can’t get her out of my mind. i always stop after thinking that what if she doesn’t feel that way and our friendship will get affected by me sharing my feelings",2,1785924078.0,PakistaniiConfessions,2,1.0,False
1vg30ab,https://www.reddit.com/r/Coffee/comments/1vg30ab/mod_the_daily_question_thread/,[MOD] The Daily Question Thread,"Welcome to the daily [/r/Coffee](https://www.reddit.com/r/Coffee) question thread!

There are no stupid questions here, ask a question and get an answer! We all have to start somewhere and sometimes it is hard to figure out just what you are doing right or doing wrong. Luckily, the [/r/Coffee](https://www.reddit.com/r/Coffee) community loves to help out.

Do you have a question about how to use a specific piece of gear or what gear you should be buying? Want to know how much coffee you should use or how you should grind it? Not sure about how much water you should use or how hot it should be? Wondering about your coffee's shelf life?

Don't forget to use the resources in our [wiki](http://www.reddit.com/r/Coffee/wiki)! We have some great starter guides on our [wiki ""Guides"" page](https://www.reddit.com/r/Coffee/wiki/guides) and [here is the wiki ""Gear By Price"" page](http://www.reddit.com/r/Coffee/wiki/gear#wiki_coffee_gear_suggestions) if you'd like to see coffee gear that [/r/Coffee](https://www.reddit.com/r/Coffee) members recommend.

As always, be nice!",1,1785924053.0,Coffee,3,1.0,False
1vg2zes,https://www.reddit.com/r/Endo/comments/1vg2zes/do_i_have_endo/,Do I have endo?,"&#x200B;

I become overwhelmingly ill around 7weeks ago and things have only gotten slightly better over the last couple.

I have suffered with terrible fatigue since my early teens, I am now 34. This has always been put down to EUPD. I am currently managed well for this but still suffer terribly with fatigue.

I have had random very sharp stabbing pain in (what I think) my right ovary area for years. This will come from nowhere, stop me in my tracks, then disappear within a minute. I often have times of light headiness and nausea but just put it down to low blood sugar. 

I have always bruised easily and have always struggled with joint pain and have been told I have arthritic knees and ankles. 

Going back to 7 weeks ago, I felt my body had gave up. I had the stabbing pain but constantly for a day or so, then eased off to a more dull ache across my lower abdomen area which has ceased to leave. I still have the stabbing pain sporadically a few times a day.

I feel nauseous everyday. Every time I stand or randomly when im already standing, feel like I am going to pass out. The room spins. 

I have a horrible pain in my left shoulder blade that comes down my left arm. I have a sharp stab pain in my right butt cheek. My right groin is in constant pain and now my thigh hurts. 

I feel I have always fought with constipation. I often have blood, but stool samples have been clear. 

Over the last 7 weeks I have barely managed to do anything. Even just hanging washing on the line woud wipe me out for hours. 

I am slowly returning to work but this is very difficult with the pain and fatigue. 

My bloods have been clear, my ultrasound both internal and external have been clear. I am seeing dr again next week to request referral to gyno or endo specialist and for a symptom management plan.

I dont have periods as I am on desegesteral and have been for years. I never spot on the pill but 2months back, I did for 6 days. I have also spotted last week for a few days after having sex for the first time in a month. Sex doesn't hurt unless its deep, but afterwards im hit with the abdominal pain. 

My bladder hurts like a pressure pain when I release my pee and I have always had UTI's. I gave up coffee a maybe 2 years ago and barely have cycstius now unless I am dehydrated or have drunk too much alcohol.

I also had my appendix out at 11 and that area is very painful too.

I dont have debilitating pain all the time, but constant pain and nausea are wiping me out. 

I am scared that I push for this diagnosis and they dont find anything. 

I am worried its just me being a drama queen and over exaggerating how I feel. I do get bloated but I dont know if its the same bloat as ""endo belly"" and the fact I dont have periods makes me question it too. 

I really want to figure out what is wrong, but I am scared it is ""nothing."" I can't have another month like I just had. 

Any advice and what to do or if you think im not showing signs of endo, please let me know. I am getting so down now and I am worried about slipping into another depression with it all. ",0,1785923993.0,Endo,0,0.33,False
1vg2ykx,https://www.reddit.com/r/IndiaCoffee/comments/1vg2ykx/what_do_u_think_about_my_small_setup/,What do u think about my small setup,"I have a grinder (Budan Electric Burr Grinder) and Coffe maker(Wonderchef). I usually drink black coffe. Simple routine, takes 5 min.. turn on grinder , put water and coffe powder into coffe make.

Where do u get coffee beans from? I am getting from Third Wave/Blue tokai. They are not fresh (2-3 months old usually)

https://preview.redd.it/fos2bll14jhh1.jpg?width=1204&format=pjpg&auto=webp&s=9e50e259d0e960be2bbe433a66525e9d6507e02e

",2,1785923918.0,IndiaCoffee,1,1.0,False
1vg2xb5,https://www.reddit.com/r/cycling/comments/1vg2xb5/from_a_health_scare_to_an_ironman_dream_from_mtb/,From a Health Scare to an Ironman Dream: From MTB to Road Bike,"Hi everyone,

I know this is primarily a cycling community rather than a place for fundraisers, so I completely understand if this type of post isn't appropriate. I checked the community rules and couldn't find anything about fundraising, but if I've overlooked something, I sincerely apologize and I'm happy to remove this post.

Over the past few years, I've transformed my health through running, strength training, and cycling. My goal now is to compete in a duathlon next year and, ultimately, complete a full Ironman before I turn 40.

I returned to cycling in February 2025 with an affordable mountain bike, and since then I've ridden hundreds of kilometres. As my training has progressed, it's become clear that my bike is now the biggest limitation. It's built for trails rather than the long road rides needed for endurance events, so I'm raising funds toward a road bike that will help me train properly.

One thing I've learned through this journey is that small steps add up to big results. I believe the same is true here. If people who believe in my journey choose to contribute even a few euros—the price of a coffee—it genuinely brings me one step closer to my goal.

If you'd like to read more about my story, here's the fundraiser:

https://4fund.com/hz5wws

Thank you for taking the time to read this. Whether it's a donation, a share, or simply wishing me luck, I truly appreciate your support.

Ride safe!",0,1785923797.0,cycling,11,0.2,False
1vg2ws9,https://news.mongabay.com/2026/08/cheap-coffee-is-killing-vietnams-priceless-tropical-forests-commentary/,"Cheap coffee is killing Vietnam’s priceless tropical forests (commentary). Vietnam’s coffee industry has a problem it can no longer sweep under the rug: its global success is built on a foundation of deforestation, biodiversity collapse, and human suffering.",,11,1785923748.0,climate,0,1.0,False
1vg2vme,https://www.reddit.com/r/MetroManila/comments/1vg2vme/coffee_date/,COFFEE DATE?,"coffee date tonight?  
22, M, RN, Ortigas  
MLM, No to hookups ",1,1785923647.0,MetroManila,1,1.0,False
1vg2vb8,https://www.reddit.com/r/BrisbaneSocial/comments/1vg2vb8/25m_looking_to_make_some_new_friends/,"25M, looking to make some new friends 🙋","Hey all! Based in Brisbane. Would love to meet some new people and expand my friend circle — originally from Pakistan, keen to connect with others from similar backgrounds but honestly open to meeting anyone in the group. Into food, cricket, casual hangouts — always up for a chat or a coffee.

Feel free to comment or DM if you'd like to connect!",2,1785923619.0,BrisbaneSocial,1,1.0,False
