id,url,title,text,score,created_utc,subreddit,num_comments,upvote_ratio,over_18
1vn5hdm,https://www.reddit.com/gallery/1vn5hdm,"Habit apps run on guilt. I built an ""anti-streak"" tracker for real life.","Most adulthood chores don't happen on a 24-hour cycle. You don't change your water filter, descale the coffee machine, or replace your toothbrush head every single day.

But if you try to put these into a standard habit app, it treats them like a daily goal. The second you don't check in, it breaks your streak and hits you with a red ring of failure. You end up abandoning the app out of pure guilt, and you are right back to guessing whether you changed that AC filter two weeks ago or two months ago.

I got tired of the broken mechanics, so I built [SinceWhen](https://devapt.com/sincewhen).

It is an ""anti-streak"" tracker designed specifically for the messy, irregular chores of actual life. It acts as the exact opposite of a habit app.

* **Zero Guilt:** No daily streaks or failure states. It simply counts the exact days since you last did something. 
* **Smart Predictions:** Instead of forcing a rigid calendar on you, it learns your natural rhythm over time and quietly nudges you only when a chore is actually due.
* **Frictionless Logging:** I built deep Siri and Shortcuts integration. You can just say, ""Hey Siri, log the coffee machine,"" and it records the exact time in the background without you ever opening the app.

It is completely free to use for up to 3 events if you want to test out the smart predictions and stop guessing when you last did things around the house.

Here is the App Store link:[https://apps.apple.com/us/app/sincewhen-days-since-tracker/id6759450144](https://apps.apple.com/us/app/sincewhen-days-since-tracker/id6759450144)",1,1786611874.0,micro_saas,0,1.0,False
1vn5gdx,https://www.reddit.com/r/Athens_Greece/comments/1vn5gdx/first_time_in_athens_with_my_wife_this_november/,First time in Athens with my wife this November! Staying near Neos Kosmos / Koukaki—looking for local food & cultural tips,"Hi everyone,

My wife and I are visiting Athens for the very first time this November! We’ll be staying around Neos Kosmos / Agios Ioannis metro, very close to Koukaki).

We’ve always loved and felt close to Greek culture, but for this trip, we really want to step off the beaten track and experience the city like locals do—especially during the cozy autumn season.

Since we'll be based in this area, we’d love to get your personal recommendations for:

**Breakfast & Coffee:** Authentic local bakeries (for a proper *bougatsa* or *tyropita*) or cozy morning coffee spots nearby.

**Lunch & Dinner:** Traditional *tavernas* or *mezedopoleia* around Neos Kosmos, Mets, Koukaki, or Pangrati with great atmosphere and genuine seasonal flavors—ideally places where locals actually eat, far from tourist traps.

**Culture & History:** Beyond the main highlights (which we'll definitely see), are there any lesser-known historic spots, neighborhood walks, or cultural experiences you think we shouldn't miss in November?

Any advice on local etiquette or seasonal tips for November would also be greatly appreciated!

Thanks so much in advance—can't wait to explore your beautiful city!",1,1786611770.0,Athens_Greece,0,1.0,False
1vn5ft2,https://www.reddit.com/r/BangaloreDate/comments/1vn5ft2/21_m_genuine_friendships/,21 M | Genuine Friendships,"Hey everyone! 👋

I’m 21M from Jammu, although I’ve been living in Delhi for quite some time. I’ve recently moved to Bangalore to start my corporate journey, and honestly, this city feels completely different from what I’m used to. 😅

A little about me — I’m pretty easygoing and love going out, exploring new places, grabbing food, taking random long walks/drives, and just having good conversations. I’m also into video games 🎮, movies/series, and I’m really into Hindi music from old classics to newer Bollywood tracks. Music is basically a constant for me, also I've been into fitness for a very long time.

Since I’m new to Bangalore, I’m hoping to meet some North Indian peeps around the city who are also looking to hang out, explore Bangalore, chill over food/coffee, or just make some good friends. It would be great to find a nice group of people with similar interests and make this new city feel a little more like home.

If you’re in BLR and feel like meeting new people, feel free to drop a comment or DM! :)",1,1786611715.0,BangaloreDate,0,1.0,False
1vn5fj0,https://www.reddit.com/r/LandoNorris/comments/1vn5fj0/lando_pitstop/,Lando pitstop,"Hi,  
Has anyone been to the Lando pitstop pop ups?   
I want to go to the Amsterdam one but I don’t know what time to go.  
I’ve seen the lines are quite long and that they sold out of coffee at the Berlin one. ",1,1786611686.0,LandoNorris,0,1.0,False
1vn5f5u,https://i.redd.it/jjnjn6upx3jh1.png,Does anyone know about this gridner?,I am new to this and pretty much saving for timemore grinder. But today I came across this one! ,1,1786611654.0,IndiaCoffee,0,1.0,False
1vn5f4z,https://www.reddit.com/r/Market_Forecasts/comments/1vn5f4z/the_coffee_grounds_newsletter_august_12_2026/,"☕ The Coffee Grounds Newsletter: August 12, 2026 (Recapping Tuesday's Session)","\*Market Intelligence, Freshly Ground.\*

We handed back four cups Tuesday while the rest of Wall Street sat in the waiting room for this morning's inflation number.

\## The Pour

Tuesday was a session with its coat still on. The S&P 500 slipped 0.32% to 7,728.20, the Nasdaq gave back 0.60%, and the Dow eased 0.34%, all of it on roughly 15 billion shares, well under the recent average. Nobody was building a big position with a consumer price report hours away. The one index that didn't get the memo was the Russell 2000, up 0.32% to 3,027.12, within shouting distance of its high. When the generals rest and the small caps march, somebody is still betting on the rate-relief story.

Oil kept doing what oil does when a strait stays shut. WTI rose 1.3% to settle at $83.20, its fourth straight gain, and Brent poked above $90 during the day before finishing at $88.91. The headline hope came from Pakistan's defense minister, who said Washington and Tehran are ""close to some sort of arrangement"" on Hormuz. Traders have heard ""close"" before. Last week it was ""very close,"" and the strait is still running a third of its normal tanker traffic. Energy stocks outperformed again while the market waits to see who blinks.

Under the quiet surface, the rotation was plain. Tech led the decliners, with Alphabet and Amazon both lower as investors trimmed the expensive stuff ahead of the print. Financials and energy caught the bids. The bond market actually leaned friendly: the 10-year eased 2 basis points to 4.70%, and the VIX slipped to 15.28, a tape priced for a polite number. Gold told a different story, adding 0.5% to $4,441 and a two-month high. Somebody is buying insurance while everybody else naps. In single names, Jabil jumped nearly 6% on an upgrade and On Holding got cut by more than 20% on soft guidance. Even a sleepy tape bites when you disappoint it.

So the market spent Tuesday holding its breath for a number it got this morning. This issue is about Tuesday, and Tuesday was the setup: oil at week highs, yields drifting down, volatility asleep, and a tape that had already decided the print would be fine. Whether that confidence was nerve or luck is tomorrow's story.

We spent the quiet doing housework. Four names left the book Tuesday, the biggest pruning since July's harvest, and the full ticket is below in the Trade Desk. What stayed behind slipped 0.29% against the S&P's 0.32% dip, a wash of a day with 10 of 19 names green. The banks did the lifting while small caps outperformed: Fulton added 1.1%, S&T Bancorp 1.0%, East West 0.9%. Now the honest part: the winners' shelf paid for it. Concentra cooled 3.1%, Spyre gave back 2.5%, and Viking slid 2.2%, so the top of the book handed back what the banks earned. Bristol Myers dropped 1.9% and dipped under our cost, and Okta slipped eight cents back below the line. Neither has earned a verdict yet.

\## Market Snapshot — Tuesday, August 11, 2026

| Instrument | Level / Close | Day Change |  
|---|---:|---:|  
| S&P 500 | 7,728.20 | -0.32% |  
| Nasdaq Composite | 26,445.45 | -0.60% |  
| Dow Jones | 53,791.85 | -0.34% |  
| Russell 2000 | 3,027.12 | +0.32% |  
| VIX (Volatility) | 15.28 | -1.16% |  
| 10-Yr Treasury | 4.70% | -2 bps |  
| WTI Crude | $83.20 | +1.30% |  
| Gold | $4,441.10 | +0.48% |  
| Bitcoin | $63,532 | -0.59% |

\## Grounds for Thought

February 28, 1989. Warren Buffett sends out his annual letter to Berkshire shareholders and borrows a line so good he'd phoned its author for permission to use it. The author was Peter Lynch, whose book One Up on Wall Street had just warned that automatically selling your winners and keeping your losers ""is about as sensible as pulling out the flowers and watering the weeds."" Buffett's version, with credit: cutting the flowers and watering the weeds. It became one of the most quoted sentences in investing. Here's the part people skip: the sin isn't selling a winner. It's selling a winner \*because\* it's a winner while nursing a loser \*because\* you're attached to it. A weed isn't a stock that's down. It's a stock that isn't doing the job. Read Tuesday's ticket below with that lens, because we cut one weed and, yes, picked a couple of flowers that had finished blooming. Lynch sold plenty of flowers too. He ran a fund with 1,400 names and still beat everybody. The garden matters more than any one stem.

\## The Trade Desk

Four sells, no buys. The ticket:

\*\*Sold Tanger (SKT) for a 4% loss.\*\* The deepest hole in the book, and not for lack of good news. The outlet landlord raised its guidance and hiked its dividend 7% after the August 5 quarter, and on Tuesday it announced Shake Shack is joining its Foley center. The stock heard all of it and still couldn't climb back to our cost. When a name can't rally on its own good news, that's a weed. We don't nurse cold cups.

\*\*Sold Simon Property Group (SPG) for a 1% gain.\*\* Simon posted a strong second quarter Monday with raised FFO guidance and record retailer sales, and we used the strength to step over the cost line and out the door. It spent weeks straddling that line, and with an inflation print loaded, we'd rather not own a rate argument twice. Between Simon and Tanger, the retail REIT shelf is now clear.

\*\*Sold TFS Financial (TFSL) for an 8% gain.\*\* The Cleveland thrift printed a record quarter two weeks ago, earnings up nicely year over year, and the stock rewarded us for the whole ride. This one was a flower, full pour, cup finished.

\*\*Sold Hexcel (HXL) for a 2% gain.\*\* The composites maker raised its full-year guidance July 30 and the stock has drifted sideways since. A small win and a seat we needed for better ideas.

The book goes to 19 names with a fatter cash cushion, and we walked into this morning's CPI holding banks, healthcare, and no retail real estate. No new buys yet. We sip, we wait.

\## The Coffee Grounds Portfolio

| # | Symbol | Company | Price | Day | Total Gain % |  
|---:|---|---|---:|---:|---:|  
| 1 | CON | Concentra Group | $33.03 | -3.14% | +29.94% |  
| 2 | VIK | Viking Holdings | $101.55 | -2.17% | +25.88% |  
| 3 | ILMN | Illumina | $192.84 | +0.55% | +19.15% |  
| 4 | SYRE | Spyre Therapeutics | $102.74 | -2.46% | +15.65% |  
| 5 | FULT | Fulton Financial | $24.27 | +1.08% | +11.02% |  
| 6 | FCF | First Commonwealth | $21.54 | +0.51% | +9.51% |  
| 7 | BUSE | First Busey | $31.08 | +0.84% | +9.32% |  
| 8 | STBA | S&T Bancorp | $51.29 | +1.00% | +8.37% |  
| 9 | CUBI | Customers Bancorp | $82.86 | +0.61% | +7.29% |  
| 10 | SFNC | Simmons First National | $23.70 | +0.72% | +4.31% |  
| 11 | CDP | COPT Defense Properties | $36.39 | -0.22% | +4.21% |  
| 12 | CGON | CG Oncology | $77.03 | +0.61% | +3.69% |  
| 13 | TRIN | Trinity Capital | $18.19 | -1.30% | +3.00% |  
| 14 | EWBC | East West Bancorp | $133.04 | +0.90% | +1.80% |  
| 15 | OKTA | Okta | $150.33 | -0.29% | -0.08% |  
| 16 | RNST | Renasant | $42.93 | +0.54% | -1.04% |  
| 17 | BMY | Bristol Myers Squibb | $63.61 | -1.90% | -1.06% |  
| 18 | THRM | Gentherm | $41.41 | -0.26% | -2.45% |  
| 19 | PHVS | Pharvaris | $34.42 | -1.21% | -4.76% |

\*""Day"" = move vs the Monday, Aug 10 close. 14 of 19 names green on total gain.\*

19 names, 14 green overall. The top five: Concentra up 30%, Viking up 26%, Illumina up 19%, Spyre up 16%, Fulton up 11%. The deepest holes stay shallow: Pharvaris off 4.8%, Gentherm off 2.4%, Bristol Myers and Renasant off about 1%. Okta sits eight cents under cost, close enough to touch, and Illumina was the only name in the top four that added to its lead on the day.

Four seats cleared, cash in the till, and a CPI number already loose in the world as you read this. Thursday's issue tells you what the market did with it. \[Subscribe free to The Coffee Grounds Newsletter\](https://coffeegroundstrading.substack.com) and get the reaction the morning after, every morning.

Good coffee doesn't wait to get cold. ☕",1,1786611653.0,Market_Forecasts,0,1.0,False
1vn5e90,https://i.redd.it/3l65iaehx3jh1.jpeg,"Coffee brown engine oil, what to do?","Help sa mga veteran mechanics dyan mga sir, color brown coffee ang langis ko ngayon change oil, ako lagi nag s-service and I did some research na possible napasukan ng tubig ang air filter or nag halo ang coolant and oil siguro dahil may mga nadadaanan din ako na baha this rainy season! What to do in a scenario like this to prevent further internal damage? 

I plan to engine flush using my left over oils from my previous change oils as I'm writing this huhuhu 😭

Sana di baba makina kung hindi pa-kargahan ko na to daretso 😭",2,1786611575.0,PHMotorcycles,4,1.0,False
1vn5e8q,https://www.reddit.com/r/AITA_Relationships/comments/1vn5e8q/aita_for_feeling_hurt_that_my_mil_asks_my_partner/,AITA for feeling hurt that my MIL asks my partner to hang out just them as a family?,"For some background, I’ve been with my fiance for 6 years now, and I have even lived with his family for 1 year a few months into the relationship (due to covid). I was close with his family and was always included in every family function (parties, dinners, trips) and I genuinely felt that they loved me as their own. After my fiancé’s older brother passed away, their eldest and estranged brother comes back into their life wanting to control everything, including my relationship with my now fiance. They all still live together except for the brother who recently passed and my fiance. 

My fiance and I moved out of their house 1yr after living there and because of this, his eldest brother blames him for “leaving the family behind” and blames me for taking him away from their family and on top of that, he is also resentful that we no longer contribute towards their household. This caused his family to also resent me even though my fiance is a grown man and it was his choice to move out with me even though I was originally supposed to move out on my own. They said a lot of hurting things at this time, (they also made him choose between me or his family) so I definitely felt excluded, disrespected while also grieving his late brother who treated me like family the most. I miss the way things were but fast forward to now. It’s been year since that drama and his family (except for the eldest narcissist brother) have already apologized and we have been spending more time together again. 

Just when I thought we were getting close again and we were healing from everything that’s happened, his family (mostly his mom and sister) decides to invite him to go out specifically stating that it should only be them, for old times sake. This of course triggered my trauma from them last year and it’s causing me to overthink that the same situation is happening again. 

I express to my fiance that this makes me feel hurt and that it brings back the trauma I felt but instead of validating my feelings or understanding me, he’s making me feel like I’m the selfish one for now allowing him to spend time with his family, which I do!! His family comes over all the time and I give them space to talk, I even let them sleepover. He even comes over to their house after work or sometimes he would take his mom out for coffee, I have nothing against him spending time with his family. But the fact that they’re planning on going out together as a family but just them, it makes me feel excluded and it hurts even more that he doesn’t see an issue with it.

He’s even telling me that it’s very normal and that I should ask other families. 

So TLDR; I was close with my partner’s family, they hated me for “taking their son, but when I thought we were moving on and getting closer again, they decide to plan outings specifically without me for old times sake. AITA??? ",1,1786611574.0,AITA_Relationships,1,1.0,False
1vn5dze,https://i.redd.it/a37aigr3x3jh1.png,Grim Dawn Tools update: new Builds UI and introducing My Builds section.,"Hey everyone!

[Builds](https://www.grimtools.com/builds/) section in Grim Tools had pretty outdated UI and it was pretty slow to navigate in there, so I updated it to the same UX that I use in LE Tools / NRFTW Tools, making filtering and searching for specific builds much easier.

Some people also asked for quite some time for a way to manage their build collections and I added [My Builds](https://www.grimtools.com/my-builds/) section to help you with that. It's a pretty simple tool to just keep your build collection in order, with filters/search functionality same as in Builds section. You can add build either from that section or directly from Build Calculator (there's a new ""Add to My Builds"" button in the left toolbar). User builds are stored on the server, so you need to sign in via Discord to access this feature.

\---

Feel free to reach me in [Discord](https://discord.gg/8uEhMAkxHc) if you have any suggestions, ideas or bug reports.

You can support me via [Patreon](https://www.patreon.com/dammitt) or [Buy Me a Coffee](https://www.buymeacoffee.com/dammitt).",19,1786611548.0,Grimdawn,0,1.0,False
1vn5dvu,https://v.redd.it/vezt15edx3jh1,Good morning let’s get the coffee,,1,1786611537.0,FortyAndFlirtyLounge,0,1.0,False
1vn5dlj,https://www.reddit.com/r/dating_advice/comments/1vn5dlj/my_talking_stage_keeps_giving_me_mixed_signals/,"My talking stage keeps giving me mixed signals, what should I do?","Hi. F20, I recently met a guy (M21) and well hes my dream guy to be honest. He has a great degree from a T10 (graduated early), is going pro as an athlete and hes very chalant, a bit clingy I might add. Met him 3 days ago, we’ve been chatting and calling, a bit of flirting nothing much and last night I told him I was openly friends with my ex (M21) after no contact for a while. He didn’t mind even though I told him I have uncertain feelings for my ex and there’s a possibility I might start talking to him.

However, I kid you not he quite literally switched up under 10 minutes and said “DUDE IM NOT A REBOUND” after I told him i’d be getting a coffee with my ex and another friend in a few hours. Literally what lmao 😭😭 He’s also quite adamant I put his instagram @ in my bio, which he got upset I refused. I find putting a talking stage in your bio quite weird?? And I have a friend tagged in my bio already, a cute girl friendship matching kinda thing so I don’t know why he’d ask. It was also incredibly awkward that he assumed said friend in my bio was a male, and immediately dropped the panic once he realized it was a girl. He knows i’m bisexual but clearly doesn’t acknowledge it. It’s like hes saying saying hes patient and understanding but doing quite the opposite. He’s also admitted to saying i’m his most chatted to person as of now and got quite upset when I didn’t reciprocate. Well… yeah? I’m infact texting my friends more than you, I just met you! I really think he has potential though but I am openly not going to commit to things that early with him. I refuse to respond to his “i miss you :(“ texts and even though his personality is quite sweet. Well because what is there to miss? I don’t feel like calling him everyday despite him being very clear he loves calling.

My friends keep saying they’d die to have someone like him, someone who cares and gets paranoid after not responding for an hour but honestly I am not that kinda person. I want things to go slow, he doesn’t even know how many pets I have, what I like about food, my relationship with my family. I don’t want straight affection from someone 3 days into meeting.

What should I do? Just end it here for sure? I really wanted to try with him, hes incredibly intelligent and one of the rare men i’ve met that infact does not make misogynist nor degrade me as a whole. Maybe my standards are too low haha. He told me his biggest fear is me suddenly blocking him and i’d feel awful for doing that. Pls any advice works 😀✌️",2,1786611509.0,dating_advice,1,1.0,False
1vn5djv,https://www.reddit.com/r/Advice/comments/1vn5djv/should_i_invite_an_important_family_in_my_life_to/,Should I invite an important family in my life to my wedding even though I feel like they’d take it as though I’m being disrespectful?,"I want to keep this as specific but as anonymous as possible and that’s going to be hard. This may be super wordy and detailed for no reason but I have an issue with leaving details out. Y’all need all the context. Lol

When I was 19 I moved to a different state for college on basically a whim. I was offered a free place to stay for however long I needed it with a family of 9. They had set some ground rules that I needed to get a job and start getting on my feet and I should be honest and open about where I was going, when and with who. Pretty much just work on becoming a functional adult. I genuinely don’t remember any conversation about whether or not I could have a significant other was mentioned. That’s important for later. 

At the ten month mark of living with them, I had gotten to know the family pretty well. I loved them and they loved me. I had gone home on a visit and met a guy at home who very intentionally began to pursue me long distance. By that time I was 20. I explored the possibility, talked to some people about it, including the mother of the household (let’s call her “Cindy”). She said she felt like he was a distraction. Especially since I had kind of recently sworn off dating for that incoming school year. I heard and listened and heeded the advice of others and I ended up breaking it off with him. And he showed his true colors but that’s an entirely different story.

At that time, it was the first time I had ever be actively pursued. I’d had boys/guys like me before but they were slow about pursuit or just weren’t serious about the kind of relationship I wanted. So cutting things off with that guy, left me feeling kind of high and dry. I missed the attention, the affection, the intensity. He was very love-bomby. So I got on a dating app and met a guy. (I didn’t think anything would come of it since I had been off and on on dating apps since I was 18 and nothing real came out of it.)

Okay, pause this story for a moment because this is where I think things really began to go downhill with the family.

Now, I was going to classes 5 days a week. I had a paid job I was working about 5 days a week and an internship I was doing 3-5 days a week. So when I started that school year, I basically had no social life. I had friends but I got to spend time with them while I was working or in between classes. I would go hang out in the evenings sometimes but it was rather rare. 

In November, I made plans to sleep over my friend’s house. We got snowed in so I ended up staying for like four days. I let Cindy know where I was. By day two ish she asked me to come back home, I said I would just stay at my friend’s. I was having fun. I was still keeping up with my responsibilities. Respectfully, I wasn’t their child. I was 20. (I didn’t say all that, I just let her know I wasn’t going to be home.)

Cindy had been trying to have a sit down conversation with me for about a week but our schedules kept conflicting. From what I understood, she wanted to talk about wanting me to be home more and more present in the home, contributing to the family as one of them. And she didn’t let her daughters be out all day and stay out. They were home and present and I wasn’t setting a good precedent for what the culture they were growing in their family. Apparently four days at my friend’s house were the last straw for her. I get that. But again, to be fair to me, I was not often out of the house with free time. Whenever I was home, I was holed up in my room chilling cuz I was tired from working all the time.

Back to the story. At first the guy I met on the app and I talked sparsely and it went like back and forth for a few weeks until the conversation slowed down enough that I ghosted him. Days later he reached back out asking what happened, he thought things were going well so he wanted a straight answer of whether or not I was interested. Now, that may be a red flag for some people but to me, at the time, it felt like pursuit. After he showed explicit interest, I became more responsive and make myself a bit more available and things progressed.

When I shared about this guy with the Cindy. I lied that I had met him at a coffee shop. I knew no one I knew would approve of me using dating apps. It eased the blow for her but she still heavily discouraged me dating, attempting to keep me accountable to me swearing off of dating. 

I had a coffee date scheduled with him which I canceled after that conversation with the Cindy. I was still struggling to break it off though because I liked him and he was making me feel wanted (I know, not the best reason to stay with someone). 

I ended up inviting him to my church that I attended with the family I was living with. He came. And it came out to Cindy that I had lied about how we met because I neglected to brief him and get out stories straight. Oh goodness, I sound terrible and I kind of sucked here. I invited him to a few more events I was going to that December. He came. We both went home for Christmas and happened to live pretty near each other’s states and I visited him and met his mom and he visited me and met some of my family. 

My mom wasn’t particularly thrilled with him and especially not how I met him. But she was calm about it. Cindy and the father of the home (“Smith”), were not so easily appeased. I mean, they were the ones who had to directly watch me through it.

Aside: Smith is such a girl dad. I love that man. And I was just another one of his girls to him. Out of his big family, I was just another kid to them. Shout out Smith.

My growing relationship with this guy began causing a rift between me and the parents of the house. They told me he wasn’t allowed to pick me up from the house. Which I did understand. I met him online and they didn’t know him. But they went so far as to tell me pretty much I couldn’t date him and if I did, they would have to ask me to leave because they were still raising their kids and I was an example for their kids. And if their kids were watching me and what I was doing, they may think it’s allowed for them as well. They said if I was a paying tenant it would be different but I was more like another one of their own.

I did understand all that. Although I had never intended to bring him into the home anyway. And I could have agreed to it had they not basically prohibited me from dating. I can’t remember if they explicitly stated that, in all fairness, but it was clearly implied that if I dated him, they would ask me to leave.

In January, I broke the rule. He picked me up from the house to take me out on a date. I admitted to Cindy I did it although I could have hidden it easily since no one was home and they don’t have cameras. Apparently, according to my 17 year old roommate, one of their daughters (“Carrie”), when I texted what I had done and that I knew the consequences and was willing to accept them, it was received as a sneering, snide, petty text; lacking in all humility. Honestly, I remember just being tired of the back and forth and not knowing how to please the parents so feeling stuck because I genuinely could not be home more, I wasn’t even like I was out by choice, I was out working.

I was home when Cindy got home. She came to my room and I asked for a month to figure it out. Cindy said I had to be out sooner than that. In the next couple of weeks I was so hurt because I felt abandoned and powerless. I didn’t know how to make these people happy with me. I would struggle with that internally and Carrie was often the witness to my hurt but she was also a witness to me NEVER saying anything against the Smith and Cindy or disrespecting them in any way. I was so conscious never to demean them to anyone else, especially not their daughter. 

I let one thing slip ONCE and IMMEDIATELY corrected myself and apologized to Carrie for my disregard of her parents. I explained I was just hurt and frustrated and angry.

Carrie would often come to me and tell me the things her parents would say about me in my absence. They were hurtful things to me. I know they didn’t mean it to hurt me and they were expressing what was true to them but it hurt like hell. I felt belittled and demeaned. 

Eventually, being a witness to my struggle, while Cindy was venting about the situation with me to her, Carrie thoughtlessly, without realizing how it might come across, said, “it’s so interesting to hear about this from both sides.” I was then accused by Cindy and Smith of turning Carrie against her parents. Hindsight 20/20, my experience was that Carrie poisoned me against her parents.

Out of respect, after moving out and finding out (I was never directly told by them but Carrie was told and she told me) that Smith and Cindy no longer wanted Carrie to associate with me, I avoided her. To this day, I still avoid frequent contact with her although she’s a young adult now. Last summer she was venting to me about her life and I was available to her and I say with the utmost sincerity in my heart, I encouraged her to listen to her parents. I was always on their side so it hurts me deeply that they would think that I ever would turn their kids away from them.

There were things I thought they were doing wrong but even then, I would tell her, they’re human too. Not perfect and they won’t get it right all the time but they love you. They’re trying but they don’t know all the time. Keep them, regard them, honor them. Stay connected to them. They really weren’t bad people.

This all happened last year. And no, I’m not marrying the guy who they told me not to date. My dilemma is this: I still love that family. I don’t hold anything against them. Not a misunderstanding, nothing. I want them at my wedding. But I fear that if I invite them, it’ll be misunderstood as another petty attempt show them who’s got the upper hand or something. Especially after hearing the events of last summer and them accusing me again of turning Carrie against them when I thought we had gotten past that and had a good clearing of the air last spring. I’m exhausted but I miss them. Is silence better? Never talking to them ever again? Do I just let them hear of my wedding? I didn’t tell them I was getting engaged, although I thought to. They were so important to me. They were HUGE in my life.",1,1786611504.0,Advice,0,1.0,False
1vn5d1w,https://www.reddit.com/r/singleph/comments/1vn5d1w/28m4f_moa_date/,28[M4F] MOA date?,"Papunta ako sa MOA ngayon for some personal stuff. If you're planning to go there as well or maybe anjan kana ngayon, how about we meet up and grab some coffee or maybe watch a movie if that's what you prefer.😊

Anyways, hmu.",1,1786611455.0,singleph,0,1.0,False
1vn5cye,https://www.reddit.com/r/NoSpoil/comments/1vn5cye/is_nospoil_pro_actually_worth_it_lets_do_the_math/,Is NoSpoil Pro actually worth it? Let's do the math 💰,"Instead of just listing features again, I want to actually run the numbers on whether Pro makes financial sense.

Annual Pro costs less than €2.10/month. That's roughly the price of one coffee.

The savings tracker (free feature, works for everyone) shows the average active user saves somewhere in the range of €30–€60 a month just from reduced food waste, once they're using the app consistently. Pro doesn't create that saving — tracking does. But Pro removes the 10-item cap, which matters if you're a larger household hitting that limit regularly.

So the real question isn't “is €2.10 worth it in the abstract” — it's “am I hitting the free item limit often enough that Pro pays for itself many times over.” For a single person with a small fridge, maybe not. For a family of four, almost certainly yes.

I'd rather you make that calculation honestly than just take my word for it.

If you're on Pro - was the limit the reason you upgraded, or something else? 👇",1,1786611447.0,NoSpoil,0,1.0,False
1vn5c51,https://v.redd.it/shwqsapsw3jh1,Rate the drop,Hey coffee lovers! This is my home espresso. Delonghi Professionista. After trying different beans and grind numbers i think now it is good enough. What do you think?,1,1786611364.0,espresso,1,1.0,False
1vn5buc,https://i.redd.it/yg34f5tqw3jh1.jpeg,Touring Coffee,"Needed a little more space in the kitchen, how did we do? ",2,1786611335.0,coffeestations,1,1.0,False
1vn5at1,https://i.redd.it/b1d56z6hw3jh1.jpeg,"Another Solo Date, Cold Coffee",Mocha Coffee ,3,1786611238.0,Patiala,0,1.0,False
1vn5a9t,https://v.redd.it/ax2y538bw3jh1,[FOR SALE] 2BR condo at SoHo Central - 67sqm - ₱8.5M Negotiable - Prime Greenfield District Location,"Looking for a highly accessible city home or investment property in the heart of Mandaluyong? This 2-Bedroom unit at SOHO Central (Unit 1518) offers space, convenience, and unbeatable connectivity right beside Greenfield District.

📍 Located at SOHO Central, Greenfield District, Mandaluyong

PROPERTY DETAILS  
• 2 Bedrooms  
• 2 Bathrooms  
• 2 balcony  
• 67 sqm  
• 15th floor  
• ₱8.5M NEGOTIABLE  
• Includes:  
✅ closets  
✅ Refrigerator  
✅ Electric cooktop

Perfect for:  
✔ Young professionals working in BGC, Ortigas, Makati, or QC  
✔ Couples or small families wanting convenience  
✔ Investors looking for strong rental demand due to location and transit access

WHY THIS LOCATION IS ELITE (Greenfield District / EDSA-Shaw area):

You’re literally in one of the most connected hubs in Metro Manila.

🚆 Public Transportation Access  
• Walking distance to the MRT-3 via Shaw Boulevard Station  
• Direct access to EDSA and Shaw Boulevard  
• Easy commute to Ortigas, Makati, Pasig, Taguig (BGC), and Quezon City  
• Abundant jeepneys, buses, UV Express, Grab, and taxi access 24/7

🏙️\*\* Greenfield District Lifestyl\*\*e  
This is one of the few areas where you can actually walk to everything.

• Steps away from the weekend markets, food parks, cafés, bars, and events in Greenfield District  
• Near major malls including Shangri-La Plaza, SM Megamall, and The Podium  
• Surrounded by gyms, coffee shops, groceries, restaurants, banks, clinics, and coworking spaces  
• Quick access to Ortigas CBD offices and corporate hubs

🌆 Why Greenfield is underrated:  
Greenfield gives you a more relaxed, walkable vibe compared to denser business districts while keeping you minutes away from everything. Think of it as a sweet spot between convenience, accessibility, and lifestyle — without feeling overly congested.

₱8.5M Negotiable  
📩 DM for viewing, photos, or sample computation. Serious buyers only.",1,1786611187.0,CondoPH,0,1.0,False
1vn5a8x,https://www.reddit.com/r/FemFragLab/comments/1vn5a8x/can_you_guys_help_me_find_genuinely_good_coffee/,Can you guys help me find genuinely good coffee scents?,"Hello queens of the smellies, please help me find a good coffee scented product that genuinely smells like coffee. I tried vanilla Cafe from bath and body which they got rid of and I need something to fill that hole. I do love a vanilla, Carmel, or hazelnut mixed with it but I don't like ghs musky espresso stuff. I like a sweet coffee scent. I saw sand and fog has a mocha and a latte and wanted to know if they smell like actual coffee before I get them
Im ok with oils, or whatever else as long as it lasts good. Id rather not dish 100 bucks for one but ill do what I must",1,1786611185.0,FemFragLab,1,1.0,False
1vn5a5u,https://www.reddit.com/r/UCSD/comments/1vn5a5u/phd_coworking_reading_writing_group/,phd coworking / reading / writing group,"my name is levi and i'm a 3rd year phd candidate (Cultural Studies, w/ UC Davis but living in San Diego) and i'm looking for other phd students interested in co-working / doing a reading or writing study group at coffee shops in SD - anyone interested? ",1,1786611176.0,UCSD,0,1.0,False
1vn59l8,https://i.redd.it/5kul3wpjl3jh1.png,"Former Wendy's turned into a Pho restaurant in Bremerton, Washington","[Street View](https://www.google.com/maps/@47.5997374,-122.6293963,3a,23.1y,51.89h,87.16t/data=!3m8!1e1!3m6!1sjD3qZXFCU1jNrfr3bC5j3w!2e0!5s20170801T000000!6shttps:%2F%2Fstreetviewpixels-pa.googleapis.com%2Fv1%2Fthumbnail%3Fcb_client%3Dmaps_sv.tactile%26w%3D900%26h%3D600%26pitch%3D2.83667609964688%26panoid%3DjD3qZXFCU1jNrfr3bC5j3w%26yaw%3D51.89136586125282!7i13312!8i6656?entry=ttu&g_ep=EgoyMDI2MDYyOS4wIKXMDSoASAFQAw%3D%3D)

The building has since been heavily altered and converted to a Dutch Bros Coffee",1,1786611118.0,NotFoolingAnybody,0,1.0,False
1vn597u,/r/UnsentTexts/comments/1vn58zy/coffee_for_dinner/,Coffee For Dinner,,1,1786611081.0,lostafriend,0,1.0,False
1vn58zy,https://www.reddit.com/r/UnsentTexts/comments/1vn58zy/coffee_for_dinner/,Coffee For Dinner,"I would love to add a bit of “rum”pelstiltskin or whiskey to our morning brew. You make our breakfast favorites, and I’d make dinner. Us four until our fifth would arrive for her visits. I miss our time together. 💙 I love you, Cali 💚 Country Girls ❤️ Sappy moment for me. Sending text here instead of there. ",1,1786611059.0,UnsentTexts,1,1.0,False
1vn58el,https://v.redd.it/19onjmnqv3jh1,NO CHANGE THE LAST TRANSFER by MrNightQc,"\# NO CHANGE: THE LAST TRANSFER



\## An original 108-bar narrative rap



\*\*Style:\*\* Technical rap / fractured boom-bap / industrial alt-rap  

\*\*Tempo:\*\* 96 BPM  

\*\*Length:\*\* 108 performed bars, approximately 4:30 at 96 BPM in 4/4  

\*\*Voices:\*\* Counter voice (fare counter and office; one dry, practical identity), narrator, automated system, mother (voice note), younger rider  

\*\*Core statement:\*\* The narrator does not erase the past or excuse the harm it caused. They complete the record, keep the boundary, and refuse to pass the debt onward.



This is a wholly original composition. Its craft comes from a single story told through changing meanings of \*\*fare/fair\*\*, \*\*pass/past/passage\*\*, \*\*route/root/reroute\*\*, \*\*transfer/transform\*\*, \*\*tender\*\*, \*\*balance\*\*, \*\*original/copy\*\*, and \*\*change/exchange\*\*. The wordplay is part of the plot; it is never there merely to decorate it.



\### Story spine



Before dawn, the narrator carries an old folder of their mother's receipts to a municipal-benefits appeal. They also carry two exact dollars from a coffee tin marked \`BUS\`: one for their own trip and one for whatever the route demands. A yellow transfer ticket complicates a childhood memory of a missed recital. It proves the mother was crossing the city after a night shift - not absent by indifference, but still absent in a way that hurt. The office can only stamp the case \`PENDING\`; it cannot repair the past. On the ride home, the narrator gives the second dollar to a younger rider who is short on fare. The ending is not a rescue fantasy. It is one small refusal to make the next person inherit the same exchange.



\---



\## \[01-08 | INTRO: EXACT | spoken close-mic; no full drums\]



\*\*\[01\] Counter:\*\* Exact only after midnight.  

\*\*\[02\] Narrator:\*\* First dollar: three quarters. Two dimes. One nickel.  

\*\*\[03\]\*\* Second exact dollar from the old coffee tin marked \`BUS\`.  

\*\*\[04\]\*\* One for the gate; one for whatever the route does.  

\*\*\[05\] Counter:\*\* You want a receipt?  

\*\*\[06\] Narrator:\*\* Make two copies. Originals disappear.  

\*\*\[07\]\*\* Printer stammers six-seventeen through blue-carbon dust.  

\*\*\[08\]\*\* Red screen: \*\*NO CHANGE GIVEN.\*\*



\---



\## \[09-20 | HOOK A: NO CHANGE GIVEN | broad, half-chanted\]



\*\*\[09\] No change given - red letters in the farebox\*\*  

\*\*\[10\] Exact in the palm; blue route under rain drops\*\*  

\*\*\[11\] Love stayed; I changed the door, not the feeling\*\*  

\*\*\[12\] Same pulse, new passage; past lost its address\*\*



\*\*\[13\] Fare is not fair when delay costs a shift\*\*  

\*\*\[14\] Every ""incomplete"" hides a person in it\*\*  

\*\*\[15\] No receipt refunds what a child went through\*\*  

\*\*\[16\] But a record can hold what the room never knew\*\*



\*\*\[17\] No change given - I do not make the wound a home\*\*  

\*\*\[18\] Same root in the ground; I reroute what grows\*\*  

\*\*\[19\] What the city calls ""due,"" what a child calls ""late""\*\*  

\*\*\[20\] I count what is true; I decline the old exchange\*\*



\---



\## \[21-40 | VERSE 1: THE FOLDER | narrator; measured forensic pocket\]



\*\*\[21\]\*\* Two exact dollars in the coffee tin marked \`BUS\`  

\*\*\[22\]\*\* One for the gate, one in case the morning gets rough  

\*\*\[23\]\*\* Marker bled through metal: B-U-S, blue at the seam  

\*\*\[24\]\*\* Like rent through a week, like a week through a kid's sleep



\*\*\[25\]\*\* Folder on my knee: milk slips, inhaler, rent, transfer  

\*\*\[26\]\*\* Every subtotal small enough to vanish from a ledger  

\*\*\[27\]\*\* My mother called it proof; I called it how she pleaded  

\*\*\[28\]\*\* Kept the school-play program like the case I needed



\*\*\[29\]\*\* Four folds: ""Where were you?"" in my ten-year-old marker  

\*\*\[30\]\*\* Easy sum: I waited; she missed it; hurt had an answer  

\*\*\[31\]\*\* Pain loves a simple culprit; makes a courtroom from a bedroom  

\*\*\[32\]\*\* Harder: hold the missed bus and the empty chair at once



\*\*\[33\]\*\* Route Nine passed the clinic turned condominium  

\*\*\[34\]\*\* New route map over old map, faint blue still under it  

\*\*\[35\]\*\* City calls it service change; Nana calls it more walking  

\*\*\[36\]\*\* Plan adds twelve blocks, then calls a missed punch poor planning



\*\*\[37\]\*\* Yellow transfer slipped from beans and rent-reminder pages  

\*\*\[38\]\*\* Six nineteen, Route Eighteen, blue punch beneath the date  

\*\*\[39\]\*\* Same night I stood in patent shoes, stage heat on my face  

\*\*\[40\]\*\* My indictment changed shape; the timestamp did not absolve



\---



\## \[41-44 | TURNOVER: RECEIPT CHECK | system / office clerk; drums fragment\]



\*\*\[41\] Automated system:\*\* Application incomplete.  

\*\*\[42\] Automated system:\*\* Originals required. Please remain on hold.  

\*\*\[43\] Counter:\*\* I can certify the copy. Sign beneath the line.  

\*\*\[44\]\*\* I signed where their form had never left room for mine.



\---



\## \[45-56 | HOOK B: THE RECORD WIDENS | same spine, changed meaning\]



\*\*\[45\] No change given - red letters in the farebox\*\*  

\*\*\[46\] Exact in the palm; blue route under rain drops\*\*  

\*\*\[47\] Love stayed; I changed the door, not the feeling\*\*  

\*\*\[48\] Same pulse, new passage; past lost its address\*\*



\*\*\[49\] The transfer tells why she missed the recital\*\*  

\*\*\[50\] It cannot put her back beside the stage that night\*\*  

\*\*\[51\] Fare is not fair when the route eats the pay\*\*  

\*\*\[52\] Still pain gets a name; it does not get its way\*\*



\*\*\[53\] No change given - no shortcut through proof\*\*  

\*\*\[54\] Same root in the ground; I reroute what grows\*\*  

\*\*\[55\] What the city calls ""due,"" what a child calls ""late""\*\*  

\*\*\[56\] I count what is true; I decline the old exchange\*\*



\---



\## \[57-80 | VERSE 2: THE APPEAL | narrator / mother / system; 57-64 measured, 65-68 double-time, 69-72 voice-note break, 73-80 half-time\]



\*\*\[57\]\*\* Eighth-floor rent-relief office, tan carpet, frozen screen  

\*\*\[58\]\*\* Clerk had night shift in her eyes; nothing cruel, just spent  

\*\*\[59\]\*\* She said, ""The file is missing."" I said, ""The file is the rent.""  

\*\*\[60\]\*\* A household in a red field marked \`PENDING EVIDENCE\`



\*\*\[61\]\*\* Date, tender, terminal, transfer - four fields, no story  

\*\*\[62\]\*\* Bleach on a receipt; a household becomes a category  

\*\*\[63\]\*\* She said, ""I can enter that."" I said, ""The entry will not hear""  

\*\*\[64\]\*\* How every pending month turns the rent into arrears



\*\*\[65\]\*\* Wrong field / wrong floor / wrong code / hold / resubmit it  

\*\*\[66\]\*\* Blue bar / grey bar / please wait / no word for the visit  

\*\*\[67\]\*\* No column for wet work shoes or the last route severed  

\*\*\[68\]\*\* No box for the dark ride home in my patent shoes



\*\*\[69\]\*\* Mother's voice note: ""Bleach on my palms - still chasing Route Eighteen""  

\*\*\[70\]\*\* ""Took the Six, chased the Eighteen; that connection never came""  

\*\*\[71\]\*\* ""Brought your program home. Read your name until it blurred""  

\*\*\[72\]\*\* ""Stood outside your door with the program; every word came late""



\*\*\[73\]\*\* I debited absence. Never credited shifts.  

\*\*\[74\]\*\* Balance is not forgiveness. I refuse the myth.  

\*\*\[75\]\*\* The transfer explained distance. It did not refund the night.  

\*\*\[76\]\*\* Truth is not pardon. I refuse the smaller lie.



\*\*\[77\]\*\* Clerk stamped \`PENDING\`; paper promised no redemption  

\*\*\[78\]\*\* Blue carbon on my thumb: a bridge, not an exemption  

\*\*\[79\]\*\* Three weeks till review; I folded it with the transfer  

\*\*\[80\]\*\* Took the elevator down - not lighter, more accurate



\---



\## \[81-88 | BRIDGE: THE SECOND DOLLAR | narrator; no full beat\]



\*\*\[81\]\*\* Last bus home; young kid at the next stop counting too fast  

\*\*\[82\]\*\* At the farebox: three quarters, one dime - fifteen cents short; red screen says no  

\*\*\[83\]\*\* Red school lanyard rubbing a mark in the collar  

\*\*\[84\]\*\* ""I'll walk,"" he said, like he had learned that grammar



\*\*\[85\]\*\* Second exact dollar warming through my coat  

\*\*\[86\]\*\* Her blue marker on the tin: \`BUS\`; below it, \`EMERGENCY\`  

\*\*\[87\]\*\* ""Keep your coins."" I passed the dollar - one gate through rain  

\*\*\[88\]\*\* He boarded; I watched a route make room for another



\---



\## \[89-100 | FINAL HOOK: THE EXCHANGE CHANGES | full arrangement; bars 99-100 strip to lead\]



\*\*\[89\] No change given - red letters in the farebox\*\*  

\*\*\[90\] I gave the second dollar; green light, rain drops\*\*  

\*\*\[91\] Love stayed; I changed the door, not the feeling\*\*  

\*\*\[92\] Same pulse, new passage; past lost its address\*\*



\*\*\[93\] The transfer tells truth; it cannot mend the year\*\*  

\*\*\[94\] One kid caught the bus. I won't call it redemption here.\*\*  

\*\*\[95\] Fare is not fair; I do not pass on the debt\*\*  

\*\*\[96\] A route becomes a chain when no one gets to exit\*\*



\*\*\[97\] No receipt for the role, no return for the name\*\*  

\*\*\[98\] I keep the record; I decline the old exchange\*\*  

\*\*\[99\] Machine says, ""No change given."" I gave the change away.\*\*  

\*\*\[100\] Let the old route end here.\*\*



\---



\## \[101-108 | OUTRO: THE COPY | drums stop exactly on ""here"" at bar 100\]



\*\*\[101\] Counter (echo):\*\* Want the receipt?  

\*\*\[102\] Narrator:\*\* Print two. I keep the copy.  

\*\*\[103\]\*\* Blue carbon at the fold; route in my pocket.  

\*\*\[104\]\*\* Mother's marker on the tin: \`BUS / EMERGENCY\`.  

\*\*\[105\]\*\* Last bus pulls blue through rain with the kid inside.  

\*\*\[106\]\*\* I write the time - not to prosecute, so it survives.  

\*\*\[107\]\*\* No saint, no clean ending. Just a door used differently.  

\*\*\[108\]\*\* Printer click. Paper tear. \*\*System: NO CHANGE.\*\*





\### The four meanings of the title



| Return of ""No Change"" | Meaning | Evidence in the lyric |

|---|---|---|

| \*\*Intro / Hook A\*\* | Literal fare policy and the exact dollar. | Farebox, coins, receipt, transfer. |

| \*\*Verse 1 / Hook B\*\* | Institutional rigidity and a child's original accusation. | Service cuts, \`PENDING\`, missing fields, missed recital. |

| \*\*Verse 2\*\* | The mature distinction between cause, accountability, and pardon. | The transfer explains the distance but does not refund the night. |

| \*\*Final hook / outro\*\* | A stable moral center that breaks the old exchange. | Second dollar, a younger rider, a copy preserved rather than a wound repeated. |



\### Double-entry logic



The song has two books running at once.



| Visible ledger | Hidden ledger |

|---|---|

| Fare, tender, balance, transfer, original, duplicate, \`PENDING\`. | Labor, absence, memory, care, harm, access, repair. |

| A receipt proves a transaction. | A receipt can complicate a story without cancelling its emotional cost. |

| A balance can be calculated. | A balanced account is not forgiveness; it is a refusal to tell a convenient lie. |



The key turn is bars 73-76. The narrator admits they had treated the record as a prosecution file. They do not abandon the record; they make it complete.



\### Perspective handoffs



| Bars | Voice | Job in the story |

|---:|---|---|

| 01-08 | Counter and narrator | Establish exact fare, duplicate/originals, and the object-world. |

| 21-40 | Narrator | Presents the childhood grievance and the social geography around it. |

| 41-44 | Automated system / Counter | Shows institutional language as a real pressure rather than a cartoon villain. |

| 57-68 | Narrator / system | Moves from hearing to high-density procedural cross-examination. |

| 69-72 | Mother | Supplies a partial, painful truth in her own limited language. |

| 73-80 | Narrator | Holds accountability and context together; no magical resolution. |

| 81-88 | Narrator and younger rider | Converts the second dollar into a small, practical interruption of the cycle. |

| 101-108 | Counter echo and narrator | Chooses the copy, the record, and a different use of memory. |



",1,1786610998.0,raplyrics,0,1.0,False
1vn583j,https://www.reddit.com/r/u_UnaDChef/comments/1vn583j/music/,Music,"Hi 40 year old F. (Kid free)Looking for friends my age who are kid free. Carlow/kilkenny Love cooking ..coffee..walks..music all kinds mostly Heavy metal..rock..love going to see bands. but I LOVE bands like nation of language..black marble..future islands 

.cold cave..that's my real love. ",1,1786610965.0,u_UnaDChef,0,1.0,False
1vn580y,https://www.reddit.com/r/turntables/comments/1vn580y/looking_for_a_mindful_midrange_turntable_setup/,Looking for a “mindful” mid-range turntable setup (500-800€) Need your audiophile wisdom!,"Hello everyone!

I am looking to get into vinyl and start my own collection for me. It’s all about the ritual-similar to brewing the good cup of coffee. I want to clean the record,drop the needle, slow down, and genuinely enjoy the album experience. 

My budget: **500-800€** for whole setup. (Europe based). 

My music taste: A pretty wide mix. I love cinematic/ambient/modern classical but also electronic and indie beats

Because of the mix, I need something that can deliver crystal clear piano notes and strings, but also handles bass and electronic beats.

**Current options I’m considering:**

1. Pro-Ject debut carbonic Evo + a phono preamp  
 \+ active speakers like Edifier S1000MKll

2. Audio-Technica AT-LP120X+ active speakers 

Thanks in advance for the the help",1,1786610957.0,turntables,1,1.0,False
1vn57kg,https://www.reddit.com/r/gippsland/comments/1vn57kg/best_coffee_in_trafalgar/,Best coffee in Trafalgar?,,2,1786610911.0,gippsland,0,1.0,False
1vn57c9,https://v.redd.it/svbseazfv3jh1,Coffee mug had the chance to do this 😭🥀,,1,1786610891.0,battleforthefunny,0,1.0,False
1vn57bu,https://www.reddit.com/gallery/1vn57bu,Stream into Real Life Character sheets and other stuff,Hey everyone! Just wanted to drop a few character sheets here! I see a lot of cool ones being posted so I thought I would share! I also wanted to share a few unaltered scenes that I really love and think add a lot of depth into this world I am building! Stay tuned for more! ,1,1786610889.0,aicomicmakers,0,1.0,False
1vn57ap,https://v.redd.it/actbly23v3jh1,MrNightQc NO CHANGE  THE LAST TRANSFER,"\# NO CHANGE: THE LAST TRANSFER



\## An original 108-bar narrative rap



\*\*Style:\*\* Technical rap / fractured boom-bap / industrial alt-rap  

\*\*Tempo:\*\* 96 BPM  

\*\*Length:\*\* 108 performed bars, approximately 4:30 at 96 BPM in 4/4  

\*\*Voices:\*\* Counter voice (fare counter and office; one dry, practical identity), narrator, automated system, mother (voice note), younger rider  

\*\*Core statement:\*\* The narrator does not erase the past or excuse the harm it caused. They complete the record, keep the boundary, and refuse to pass the debt onward.



This is a wholly original composition. Its craft comes from a single story told through changing meanings of \*\*fare/fair\*\*, \*\*pass/past/passage\*\*, \*\*route/root/reroute\*\*, \*\*transfer/transform\*\*, \*\*tender\*\*, \*\*balance\*\*, \*\*original/copy\*\*, and \*\*change/exchange\*\*. The wordplay is part of the plot; it is never there merely to decorate it.



\### Story spine



Before dawn, the narrator carries an old folder of their mother's receipts to a municipal-benefits appeal. They also carry two exact dollars from a coffee tin marked \`BUS\`: one for their own trip and one for whatever the route demands. A yellow transfer ticket complicates a childhood memory of a missed recital. It proves the mother was crossing the city after a night shift - not absent by indifference, but still absent in a way that hurt. The office can only stamp the case \`PENDING\`; it cannot repair the past. On the ride home, the narrator gives the second dollar to a younger rider who is short on fare. The ending is not a rescue fantasy. It is one small refusal to make the next person inherit the same exchange.



\---



\## \[01-08 | INTRO: EXACT | spoken close-mic; no full drums\]



\*\*\[01\] Counter:\*\* Exact only after midnight.  

\*\*\[02\] Narrator:\*\* First dollar: three quarters. Two dimes. One nickel.  

\*\*\[03\]\*\* Second exact dollar from the old coffee tin marked \`BUS\`.  

\*\*\[04\]\*\* One for the gate; one for whatever the route does.  

\*\*\[05\] Counter:\*\* You want a receipt?  

\*\*\[06\] Narrator:\*\* Make two copies. Originals disappear.  

\*\*\[07\]\*\* Printer stammers six-seventeen through blue-carbon dust.  

\*\*\[08\]\*\* Red screen: \*\*NO CHANGE GIVEN.\*\*



\---



\## \[09-20 | HOOK A: NO CHANGE GIVEN | broad, half-chanted\]



\*\*\[09\] No change given - red letters in the farebox\*\*  

\*\*\[10\] Exact in the palm; blue route under rain drops\*\*  

\*\*\[11\] Love stayed; I changed the door, not the feeling\*\*  

\*\*\[12\] Same pulse, new passage; past lost its address\*\*



\*\*\[13\] Fare is not fair when delay costs a shift\*\*  

\*\*\[14\] Every ""incomplete"" hides a person in it\*\*  

\*\*\[15\] No receipt refunds what a child went through\*\*  

\*\*\[16\] But a record can hold what the room never knew\*\*



\*\*\[17\] No change given - I do not make the wound a home\*\*  

\*\*\[18\] Same root in the ground; I reroute what grows\*\*  

\*\*\[19\] What the city calls ""due,"" what a child calls ""late""\*\*  

\*\*\[20\] I count what is true; I decline the old exchange\*\*



\---



\## \[21-40 | VERSE 1: THE FOLDER | narrator; measured forensic pocket\]



\*\*\[21\]\*\* Two exact dollars in the coffee tin marked \`BUS\`  

\*\*\[22\]\*\* One for the gate, one in case the morning gets rough  

\*\*\[23\]\*\* Marker bled through metal: B-U-S, blue at the seam  

\*\*\[24\]\*\* Like rent through a week, like a week through a kid's sleep



\*\*\[25\]\*\* Folder on my knee: milk slips, inhaler, rent, transfer  

\*\*\[26\]\*\* Every subtotal small enough to vanish from a ledger  

\*\*\[27\]\*\* My mother called it proof; I called it how she pleaded  

\*\*\[28\]\*\* Kept the school-play program like the case I needed



\*\*\[29\]\*\* Four folds: ""Where were you?"" in my ten-year-old marker  

\*\*\[30\]\*\* Easy sum: I waited; she missed it; hurt had an answer  

\*\*\[31\]\*\* Pain loves a simple culprit; makes a courtroom from a bedroom  

\*\*\[32\]\*\* Harder: hold the missed bus and the empty chair at once



\*\*\[33\]\*\* Route Nine passed the clinic turned condominium  

\*\*\[34\]\*\* New route map over old map, faint blue still under it  

\*\*\[35\]\*\* City calls it service change; Nana calls it more walking  

\*\*\[36\]\*\* Plan adds twelve blocks, then calls a missed punch poor planning



\*\*\[37\]\*\* Yellow transfer slipped from beans and rent-reminder pages  

\*\*\[38\]\*\* Six nineteen, Route Eighteen, blue punch beneath the date  

\*\*\[39\]\*\* Same night I stood in patent shoes, stage heat on my face  

\*\*\[40\]\*\* My indictment changed shape; the timestamp did not absolve



\---



\## \[41-44 | TURNOVER: RECEIPT CHECK | system / office clerk; drums fragment\]



\*\*\[41\] Automated system:\*\* Application incomplete.  

\*\*\[42\] Automated system:\*\* Originals required. Please remain on hold.  

\*\*\[43\] Counter:\*\* I can certify the copy. Sign beneath the line.  

\*\*\[44\]\*\* I signed where their form had never left room for mine.



\---



\## \[45-56 | HOOK B: THE RECORD WIDENS | same spine, changed meaning\]



\*\*\[45\] No change given - red letters in the farebox\*\*  

\*\*\[46\] Exact in the palm; blue route under rain drops\*\*  

\*\*\[47\] Love stayed; I changed the door, not the feeling\*\*  

\*\*\[48\] Same pulse, new passage; past lost its address\*\*



\*\*\[49\] The transfer tells why she missed the recital\*\*  

\*\*\[50\] It cannot put her back beside the stage that night\*\*  

\*\*\[51\] Fare is not fair when the route eats the pay\*\*  

\*\*\[52\] Still pain gets a name; it does not get its way\*\*



\*\*\[53\] No change given - no shortcut through proof\*\*  

\*\*\[54\] Same root in the ground; I reroute what grows\*\*  

\*\*\[55\] What the city calls ""due,"" what a child calls ""late""\*\*  

\*\*\[56\] I count what is true; I decline the old exchange\*\*



\---



\## \[57-80 | VERSE 2: THE APPEAL | narrator / mother / system; 57-64 measured, 65-68 double-time, 69-72 voice-note break, 73-80 half-time\]



\*\*\[57\]\*\* Eighth-floor rent-relief office, tan carpet, frozen screen  

\*\*\[58\]\*\* Clerk had night shift in her eyes; nothing cruel, just spent  

\*\*\[59\]\*\* She said, ""The file is missing."" I said, ""The file is the rent.""  

\*\*\[60\]\*\* A household in a red field marked \`PENDING EVIDENCE\`



\*\*\[61\]\*\* Date, tender, terminal, transfer - four fields, no story  

\*\*\[62\]\*\* Bleach on a receipt; a household becomes a category  

\*\*\[63\]\*\* She said, ""I can enter that."" I said, ""The entry will not hear""  

\*\*\[64\]\*\* How every pending month turns the rent into arrears



\*\*\[65\]\*\* Wrong field / wrong floor / wrong code / hold / resubmit it  

\*\*\[66\]\*\* Blue bar / grey bar / please wait / no word for the visit  

\*\*\[67\]\*\* No column for wet work shoes or the last route severed  

\*\*\[68\]\*\* No box for the dark ride home in my patent shoes



\*\*\[69\]\*\* Mother's voice note: ""Bleach on my palms - still chasing Route Eighteen""  

\*\*\[70\]\*\* ""Took the Six, chased the Eighteen; that connection never came""  

\*\*\[71\]\*\* ""Brought your program home. Read your name until it blurred""  

\*\*\[72\]\*\* ""Stood outside your door with the program; every word came late""



\*\*\[73\]\*\* I debited absence. Never credited shifts.  

\*\*\[74\]\*\* Balance is not forgiveness. I refuse the myth.  

\*\*\[75\]\*\* The transfer explained distance. It did not refund the night.  

\*\*\[76\]\*\* Truth is not pardon. I refuse the smaller lie.



\*\*\[77\]\*\* Clerk stamped \`PENDING\`; paper promised no redemption  

\*\*\[78\]\*\* Blue carbon on my thumb: a bridge, not an exemption  

\*\*\[79\]\*\* Three weeks till review; I folded it with the transfer  

\*\*\[80\]\*\* Took the elevator down - not lighter, more accurate



\---



\## \[81-88 | BRIDGE: THE SECOND DOLLAR | narrator; no full beat\]



\*\*\[81\]\*\* Last bus home; young kid at the next stop counting too fast  

\*\*\[82\]\*\* At the farebox: three quarters, one dime - fifteen cents short; red screen says no  

\*\*\[83\]\*\* Red school lanyard rubbing a mark in the collar  

\*\*\[84\]\*\* ""I'll walk,"" he said, like he had learned that grammar



\*\*\[85\]\*\* Second exact dollar warming through my coat  

\*\*\[86\]\*\* Her blue marker on the tin: \`BUS\`; below it, \`EMERGENCY\`  

\*\*\[87\]\*\* ""Keep your coins."" I passed the dollar - one gate through rain  

\*\*\[88\]\*\* He boarded; I watched a route make room for another



\---



\## \[89-100 | FINAL HOOK: THE EXCHANGE CHANGES | full arrangement; bars 99-100 strip to lead\]



\*\*\[89\] No change given - red letters in the farebox\*\*  

\*\*\[90\] I gave the second dollar; green light, rain drops\*\*  

\*\*\[91\] Love stayed; I changed the door, not the feeling\*\*  

\*\*\[92\] Same pulse, new passage; past lost its address\*\*



\*\*\[93\] The transfer tells truth; it cannot mend the year\*\*  

\*\*\[94\] One kid caught the bus. I won't call it redemption here.\*\*  

\*\*\[95\] Fare is not fair; I do not pass on the debt\*\*  

\*\*\[96\] A route becomes a chain when no one gets to exit\*\*



\*\*\[97\] No receipt for the role, no return for the name\*\*  

\*\*\[98\] I keep the record; I decline the old exchange\*\*  

\*\*\[99\] Machine says, ""No change given."" I gave the change away.\*\*  

\*\*\[100\] Let the old route end here.\*\*



\---



\## \[101-108 | OUTRO: THE COPY | drums stop exactly on ""here"" at bar 100\]



\*\*\[101\] Counter (echo):\*\* Want the receipt?  

\*\*\[102\] Narrator:\*\* Print two. I keep the copy.  

\*\*\[103\]\*\* Blue carbon at the fold; route in my pocket.  

\*\*\[104\]\*\* Mother's marker on the tin: \`BUS / EMERGENCY\`.  

\*\*\[105\]\*\* Last bus pulls blue through rain with the kid inside.  

\*\*\[106\]\*\* I write the time - not to prosecute, so it survives.  

\*\*\[107\]\*\* No saint, no clean ending. Just a door used differently.  

\*\*\[108\]\*\* Printer click. Paper tear. \*\*System: NO CHANGE.\*\*



\---



\## Narrative and craft map



\### The four meanings of the title



| Return of ""No Change"" | Meaning | Evidence in the lyric |

|---|---|---|

| \*\*Intro / Hook A\*\* | Literal fare policy and the exact dollar. | Farebox, coins, receipt, transfer. |

| \*\*Verse 1 / Hook B\*\* | Institutional rigidity and a child's original accusation. | Service cuts, \`PENDING\`, missing fields, missed recital. |

| \*\*Verse 2\*\* | The mature distinction between cause, accountability, and pardon. | The transfer explains the distance but does not refund the night. |

| \*\*Final hook / outro\*\* | A stable moral center that breaks the old exchange. | Second dollar, a younger rider, a copy preserved rather than a wound repeated. |



\### Double-entry logic



The song has two books running at once.



| Visible ledger | Hidden ledger |

|---|---|

| Fare, tender, balance, transfer, original, duplicate, \`PENDING\`. | Labor, absence, memory, care, harm, access, repair. |

| A receipt proves a transaction. | A receipt can complicate a story without cancelling its emotional cost. |

| A balance can be calculated. | A balanced account is not forgiveness; it is a refusal to tell a convenient lie. |



The key turn is bars 73-76. The narrator admits they had treated the record as a prosecution file. They do not abandon the record; they make it complete.



\### Perspective handoffs



| Bars | Voice | Job in the story |

|---:|---|---|

| 01-08 | Counter and narrator | Establish exact fare, duplicate/originals, and the object-world. |

| 21-40 | Narrator | Presents the childhood grievance and the social geography around it. |

| 41-44 | Automated system / Counter | Shows institutional language as a real pressure rather than a cartoon villain. |

| 57-68 | Narrator / system | Moves from hearing to high-density procedural cross-examination. |

| 69-72 | Mother | Supplies a partial, painful truth in her own limited language. |

| 73-80 | Narrator | Holds accountability and context together; no magical resolution. |

| 81-88 | Narrator and younger rider | Converts the second dollar into a small, practical interruption of the cycle. |

| 101-108 | Counter echo and narrator | Chooses the copy, the record, and a different use of memory. |



\### Why the structure works on record



\- \*\*Flow contrast:\*\* The hook remains broad enough to remember. Verse 1 is calm and observant. Bars 65-68 are the sole double-time pressure test; bars 69-72 drop to an intimate voice note. Bars 73-80 return to half-time so the ethical turn is understandable. The bridge strips the beat away before the final release.

\- \*\*Motifs evolve:\*\* The 3-2-1 coin pattern begins as literal currency, becomes a rhythmic clock, then disappears after the final exchange. Receipt paper replaces coin foley in the outro: money becomes evidence, evidence becomes a record.

\- \*\*The conflict stays concrete:\*\* Fare policy, transfers, service cuts, rent, school letters, shift work, and bureaucratic fields embody institutional pressure. No abstract villain needs to be named.

\- \*\*No false absolution:\*\* The mother's work and commute explain part of the missed recital; they do not erase an empty chair. The lyric explicitly protects that distinction.

\- \*\*The ending is modest:\*\* The appeal is still pending. One dollar opens one turnstile. The final action matters because it is small enough to be believable.



",1,1786610886.0,raplyrics,0,1.0,False
1vn573q,https://www.reddit.com/r/askhotels/comments/1vn573q/how_to_get_compensations_when_the_hotel_makes_a/,How to get compensations when the hotel makes a mistake,"hello,

I have been reading talesfromthe desk for a while and learn to possibly never book with 3rd party. And I see a lot of refund stories so I have a question:

Last year I was in staying in a 5 star hotel in Berlin. I had by toothbrush (without its cap) inside a glass by the sink, the cap inside the glass. When I got back to my room the toothbrush was put on the surface of the sink and the cap was missing. I went donw to the front desk, showed them the picture and asked for a dental set.

they said they were very sorry that this happened, and that the cleaning stuff was not even allowed to touch toothbrushes and then gave me a dental set. I said thank you and left. No yelling, no anything as this is not the front desks fault. I just needed a new toothbrush which was provided to me. 

Then when I got back to my home country a couple of days later, I wrote a review detailing everything. Their excuses included. 

Only after the review someone from PR called me and said how sorry they were and to visit them next time I was in Berlin and that they would offer me some tea/coffee.

My question is this: what would you have done if something like this happened in your hotel. Would you have offer some sort of compensation? I dont know, i just keep reading situations where you offer some sort of compensations and was wondering if they should have given me something and if i wanted to be a polite karen and tried to get something, how should i have gone about it? Maybe yelling a little instead of being too nice about the situation? (and now i am both hating my english and myself for being greedy) 

And I also learned to never ever keep my toothbrush without its cap.",0,1786610865.0,askhotels,4,0.17,False
1vn55v2,https://i.redd.it/l8d252h0v3jh1.jpeg,Question lang po for transient inquiry and safety.,"Anyone po naka try na dito if safe and secured po mag stay? Napansin kopo kasi mura and parang too good to be true po pero sana totoo naman po based sa convo naman po namin parang genuine naman.

Thank you po sa sasagot ng maayos.",2,1786610745.0,baguio,3,1.0,False
1vn54q9,https://www.reddit.com/r/UKrelationshipadvice/comments/1vn54q9/going_through_life_feeling_like_no_ones_favourite/,"Going through life feeling like no one’s favourite person, with no real community. How do you cope?","Warning! Long post… 

I am F35.  I am an only child, my parents are the have lots of siblings and are both the oldest of their siblings. 

They had me very young, my youngest aunties were 10 and 11 when I was born. 

Because I had so many aunts and uncles, I didn’t really feel the gap of not having siblings until they got older and had their own families.  I am single and don’t have children.

In primary school I had lots of friends but I moved to a new area and didn’t know anyone at secondary.  I was extremely shy and quiet, and I struggled to build friendships.  I have maybe 2 friends from secondary still but we rarely see each other anymore.  They have their own friends, but I am not included in those groups. 

I struggle with friends, I’ve had a good friends in my life but we’ve mostly lost touch or fallen out for one reason or another.  When I was younger, I was dealing with undiagnosed mental health disorders which affected my behaviour and made me feel quite unstable in myself.  Unfortunately, this spilled over into a particularly important friendship and we no longer speak.  I have apologised but accept their wishes to not speak with me anymore.  Still, in my 20s I did have quite an active social life. Then Covid hit when I was 28 and it kind of died.  

My friends were still meeting up during Covid ( 🫤) but I lived with my mum who was quite strict and I could not meet up with anyone during the lockdowns. By the time restrictions eased, I’d changed quite a lot and was no longer a heavy drinker etc and I also changed personality wise.. it was like I didn’t know how to naturally communicate with people anymore.  I felt awkward and like a burden whenever I messaged people, so I stopped doing it, and watched everyone else living their lives and having fun whilst I sat at home doing nothing.

I have worked through all of that now and I’m doing a lot better.  I am not unstable the way I was, I do not have the same thoughts or troubles anymore. 

I don’t really know if this is common but I am walking through life feeling like nobody really likes or cares about me.  I do have a few friends still, some very good friends, but I don’t see them as often as I’d like. They are like individual friends rather than a group. I see everyone I know going on holidays, trips, days out, bbq’s etc and I’m not part of that. It probably sounds pathetic but I’m really struggling with loneliness and isolation.  Im someone who enjoys being around people, making memories, having fun and building a community.  

But it just isn’t happening.  What prompted me to write this is when I messaged my good friend of 15 years yesterday and felt like I was bothering her rather than just talking to her.  She has heaps of friends and cousins and family, and I don’t.  So I guess for her, she doesn’t notice much if we don’t speak or see each other for a month. Whereas for me, I feel the absence, because I don’t have many people in my life. 

I am very down about all of this and don’t know what to do.  When I saw said friend last week I said that I’ve been feeling lonely and isolated, and if there’s anything she wants to do together or even just catchup more often let me know. She agreed and seemed fine with it but now I’m getting the same off vibe again when I message her. Am I just paranoid and overthinking? 

I don’t feel like anyone actually cares about being friends with me.  But I try so hard for my friends.  I’d do anything for the people I consider close to me.  I have another friend that I met in 2011 during a fashion internship, we’ve been friends ever since.  Her niece tragically passed say 7 years ago and I remember sending her a care package of loads of lovely wellbeing and self care bits. 

Then a couple of years ago she just stopped communicating with me, I was always the one reaching out and eventually I gave up. Then when I eventually heard from her I was honest and told her what I was feeling, she was shocked at how I felt.. and promised to make more of an effort.  I have not heard from her for 1 year apart from when she wanted me to sponsor her marathon run.

Sorry this is such a long post.  I don’t know how much longer I can go through life feeling like I have no one to just talk to, grab a coffee or a drink with, have a chilled night in with, or go to festivals and events and things.  

I really don’t know how much longer I can go on feeling this isolated and alone.",4,1786610629.0,UKrelationshipadvice,0,1.0,False
1vn54je,https://i.redd.it/sx6bmm6mu3jh1.jpeg,this dude’s clearly done with it 🥀,,0,1786610611.0,PhaseConnect,1,0.5,False
1vn540n,https://www.reddit.com/r/espresso/comments/1vn540n/minimalist_machine_for_flat_white_drinker_3000_eur/,Minimalist Machine for Flat White Drinker [3000 EUR],"Long-time lurker, first time asking for help. I've read myself into a corner and I'd rather get some feedback from people who actually own these things.

Based in Germany. Currently running a Jura Z8 but the coffee is just fine and I want better. Two flat whites a day, sometimes a straight espresso in the afternoon. That's basically it. I really love good coffee, but I'm not going to become the guy weighing every shot to 1g and logging ratios in a spreadsheet tbf.

Looking for

1. Clean, minimal design (open kitchen)
2. Easy daily use, low fiddling, quick warm-up
3. Durability and repairability, I want to buy once (Fellow out?)
4. Strong steam, milk is 90% of what I make
5. Tinkering features welcome, I just don't want to be forced to use them

€3,000 total for machine. Very open to buy used (which I'd do for anything but the Fellow) - Grinder is extra.

I have looked at these machines, and I am torn somewhere between the Linea Micra (bulletproof) or Decent DE1 (sleek, tinkering possible) or just call it a day at get a Fellow new at 50% of that (same with Primus)

* **La Marzocco Linea Micra** – the one my brain wants but double some of the other options so I am kind of ruling it out unless I find a bargain.
* **Decent DE1** – appears the most capable and I actually dig the design, but there are better value options now? Love the support though, not sure in EU?
* **Fellow ES 1** – best on design and ease of use, fast heat-up. But it's Fellow's first ever espresso machine. Anyone lived with one for a few months / in Europe still pre-order.
* **Meraki** – built-in grinder, Is this genius or junk?
* **WPM Primus** – at that price looks like the value pick. Design wise between genius (display) and Kickstarter
* **Wendougee Lita** – keeps popping up in my research and the specs look nuts for the money. But very split feedback from rock solid (but closed vs. decent) to poor internals etc.

**My actual questions:**

1. Should I just get the Fellow and stop overthinking this or is a used Decent worth the upgrade? or is the Wendougee the secret winner in between them?
2. Honest user verdict on Meraki, Primus and Wendougee, especially parts and service in the EU?
3. Anything obvious I've missed in this range? Happy to have my list torn up.

Thanks in advance, and sorry for the essay.",1,1786610558.0,espresso,6,0.67,False
1vn53v3,https://www.reddit.com/r/Market76/comments/1vn53v3/h_300_canned_coffee_w_100_leaders/,H: 300 Canned Coffee W: 100 Leaders,,0,1786610543.0,Market76,1,0.25,False
1vn53u6,https://i.redd.it/rb25zkreu3jh1.jpeg,Komodo Dragon discontinued,"This news is like a cold metal spear through my heart.

Recommendations on which blend is most similar please 🥺",3,1786610540.0,starbucks,0,1.0,False
1vn527z,https://www.reddit.com/r/AskForHelp/comments/1vn527z/thank_you/,Thank you!,"I have recieved cat/kitten food (and coffee filters, thank you, lol!) from u/Accurate-Temporary73 — thank you again! :)",2,1786610369.0,AskForHelp,1,1.0,False
1vn51uo,https://www.reddit.com/gallery/1vn51uo,What's my vibe,"Open my horizons! I always had gourmand perfumes but i want to see if other fragrance match my vibe. 

My actual favourite perfume : 

Note de tete : clementine

Note de coeur : almond and marshmallow 

Note de fond : vanilla

Animal : snow leopard
Season: autumn in a city 
Food : a steak with a mashed potato side
Drink : Coffee
Character: main character in le Moulin Rouge
Place : Opéra Garnier
Flower/Plant : wisteria
Colour and outfit : a burgundy cardigan
Hobby: Tarot reading",2,1786610331.0,perfumesthatfeellike,3,0.63,False
1vn50zr,https://i.redd.it/be963rsit3jh1.jpeg,Human kibble and cereal coffee,"I've had a lot of stuff happen recently and I'm super anxious and depressed. Stuff like that messes with my eating and I would genuinely rather eat nothing at all but that's bad so I made 5 boxes of kibble for humans and I plan to eat one at set hours to keep my body happy 👍 

It's kidney and white beans, chickpeas, tofu, tvp, veggies, spinach, seeds, groats, tomatoes, nooch, spices and herbs. Tastes uhhh okay... Took 20 mins to make :)",7,1786610243.0,ShittyVeganFoodPorn,1,1.0,False
1vn50wt,https://i.redd.it/qiiyicift3jh1.png,I built a free app that handles the levothyroxine timing rules so you don't have to think about them every morning,"The medication instructions are genuinely absurd when you write them all out:

empty stomach, wait 30-60 minutes before food, keep coffee away from it, keep calcium

and iron four hours apart, take it at the same time every day, and don't switch brands

without retesting.



I kept getting it slightly wrong and then wondering why I felt terrible.



So I built Thyrowise:

\- A dose timer that knows the rules — it tells you when you can have coffee and food,

  counting from when you actually took it, not from a fixed alarm

\- Lab history for TSH, FT4 and FT3 with your target range drawn on it, so you can see

  the trend instead of one number in isolation

\- Symptom logging that lines up against dose changes, so when your doctor asks

  ""how have you felt since we went to 88?"" you have an actual answer

\- Export a PDF for your endocrinologist

\- No account, no login. Everything stays on the phone



Disclosure: I'm the developer. Logging is free forever; there's a paid tier for the

deeper analysis. I'm not selling supplements and there's no protocol being pushed —

this is a tracker, not advice.



What I want from this post: if you track your labs somewhere, what do you record that

I'm missing? Antibodies (TPO/TG) are in there — is there anything else you need next

to it? Link in the comments.

",1,1786610233.0,thyroidhealth,2,1.0,False
1vn50c7,https://i.redd.it/xb57fte9t3jh1.jpeg,Anything for a rhyme ig 😭,Like tf Sabrina sing abt coffee and shitty exes again please,4,1786610175.0,teenagers,9,1.0,False
1vn50aw,https://www.reddit.com/gallery/1vn50aw,Has anyone tried the big bear farm toffees? I keep getting their ad on insta,Is it me or are they too expensive for toffees? ,1,1786610170.0,SnacksIndia,3,1.0,False
1vn5060,https://i.redd.it/9i1l6jj9t3jh1.jpeg,DeepSeek V4 Pro (GA) and Grok 4.6 are rolling out. It’s so weird coming to the AI bubble on X while living in Europe in August.,,2,1786610156.0,Artificials,2,1.0,False
1vn504e,https://i.redd.it/4dwch6j6t3jh1.jpeg,songs that feel like coffee on a warm green patio,,2,1786610151.0,SongsThatFeelLikeThis,4,1.0,False
1vn4zgq,https://i.redd.it/1bpgac7eq1jh1.jpeg,"""Bruce the Ghost"" Coffee Painting by Jon Bonjour!",,1,1786610085.0,ArtSeen,0,1.0,False
1vn4z54,https://i.redd.it/misufafus3jh1.jpeg,My Provence breakfast,"Sorry about the lousy presentation but I just could not be bothered. 

Clockwise from top left: some fresh baguette, obviously, butter from Brittany with crystals of Fleur de Sel, St. Marcellain (sweet white rind goat’s cheese that’s soft enough to spread), a smaller and more pungent goat’s cheese, Morbier, Abondance and the Tomme Fermier I posted earlier. All raw milk, all delicious. Not pictured: a cup of coffee. ",6,1786610054.0,Cheese,3,0.88,False
1vn4xpp,https://i.redd.it/kxqgsdajs3jh1.jpeg,"Hot Day, Another Solo Date, Cold Coffee.",Mocha Coffee ,15,1786609912.0,ThirtiesIndia,8,0.89,False
1vn4xn7,https://www.reddit.com/r/date_in__Kochi/comments/1vn4xn7/m4f_25_looking_for_a_smoke_partner/,M4F 25. Looking for a smoke partner,"Hey ladies, I’m a 25M IT professional from Kakkanad who works night shifts. So it’s just me during my work hours and I feel lonely sometimes. I usually go out to smoke alone and I’m feeling kinda lonely. Any ladies( any age) interested to give me company while smoking dm me. We could hang out for coffees and cig and much more. ",1,1786609906.0,date_in__Kochi,0,1.0,False
1vn4wxr,https://www.reddit.com/r/eFootball/comments/1vn4wxr/new_countdown_timer_at_half_time_in_event_ai/,New countdown timer at half time in Event AI matches ,"so we can leave for a coffee after start, without stuck at half time. good news for remotes.",12,1786609837.0,eFootball,7,0.93,False
1vn4vnq,https://www.reddit.com/r/OmegaverseFanFic/comments/1vn4vnq/what_are_some_good_compatible_scents_for_an/,What are some good compatible scents for an alpha/omega pairing?,"I'm currently thinking of writing a fic but can't decide on which scents to choose for my pairing. The alpha is a sweet and gentle person so I don't want him to have a spicy scent, was thinking that maybe I'd go with coffee and cocoa/chocolate (alternating depending on his emotions) for the omega. Is it too basic? Any good recs for scents that go well together? ",1,1786609715.0,OmegaverseFanFic,0,1.0,False
1vn4vev,https://i.redd.it/yr9dnmcvr3jh1.jpeg,"Well, fuck the coffee","I just came to work, 11 hours left.....",10,1786609692.0,mildlypenis,0,1.0,False
1vn4v8c,https://i.redd.it/yum46ostr3jh1.jpeg,Moka Pot £5.99, *Moka*  pot is coming to Aldi next Thursday 20th August.,4,1786609672.0,mokapot,0,1.0,False
1vn4un4,https://www.reddit.com/r/espresso/comments/1vn4un4/gaggia_e24_vs_sage_barista_pro_500e750e/,Gaggia E24 VS Sage Barista Pro? [500e-750e],"**Hello to all espresso lovers :)**  
I’m currently using a De’Longhi Dedica EC685 with a small upgrade – IMS basket and a better portafilter with an IMS filter – but I want to take the next step toward more serious espresso. I only drink espresso, so shot quality is more important to me than convenience or other coffee drinks.

I should also mention that so far I haven’t used a grinder. Instead, I’ve been buying 250g of ground coffee from a roastery, where they grind it to the particle size that suits my needs, and I store it in vacuum packaging.

Now I need your valued advice because I’m considering between:

* **Gaggia Classic Pro**
* **Sage Barista Pro**

I’ve read that the Gaggia has more potential with PID/OPV upgrades (which I currently don’t have the budget for), while the Sage offers consistency and ease of use thanks to the built‑in grinder and PID.

**My questions:**

* If espresso quality is the absolute priority, which machine would you choose and why?
* Does switching to one of these two models bring a significantly better espresso compared to the Dedica?

Also, I’m from Serbia – so if anyone here is from the region, we don’t have to write in english, and local experiences about potential future upgrades for both models are more than welcome.

Thanks in advance for your experiences and advice!",1,1786609610.0,espresso,1,1.0,False
1vn4tzl,https://www.reddit.com/r/Hinjewadi/comments/1vn4tzl/looking_to_get_funnier_in_everyday_conversations/,Looking to get funnier in everyday conversations? Let's build a casual banter practice group,"&#x200B;

Ever leave a hangout, drive all the way home, and only then think of the perfect witty comeback? Same.

To be totally real: I am not a stand-up comedian, a communication coach, or some self-proclaimed charisma guru. I am just a regular person who wants to get better at quick banter, and I figure it is a lot easier to practice in a group than to suffer through awkward silences alone.

Instead of sitting through a boring lecture, the idea is to hang out, laugh at some videos, and try out a few practical banter tricks together. Here is how we will spend the session:

We will watch short, hilarious clips together to figure out why certain lines land while others completely fall flat.

We will break down basic banter tricks, such as taking ordinary daily stories and turning them into genuinely funny anecdotes.

We will run casual practice rounds in small pairs so everyone gets a chance to build confidence without any pressure.

We are treating humor like a muscle you can train, rather than a secret talent you are either born with or not.

Logistics & Planning:

Date & Time: We will coordinate a date and time that suits everyone once a few people express interest.

Location: We will select a cozy, relaxed coffee shop in a convenient location once the group comes together.

Group Size: I will keep the group capped at a small size so everybody gets plenty of airtime.

If you want to hang out and work on your conversational game, drop a comment below or send me a DM!",1,1786609543.0,Hinjewadi,0,1.0,False
1vn4twu,https://www.reddit.com/r/tagum/comments/1vn4twu/coffee_shop_etiquette/,Coffee shop etiquette,"I recently moved back to Tagum and I'm surprised sa attitude sa mga tao sa coffee shop. When I arrived, there was this group of students na gi occupy ang 2 ka sofa, ang isa nila ka kauban natulog pajud like nakahigda ang half sa iyang body sa isa ka sofa, ang isa kay nakahigda jud 🥲 After a while they moved to the table, all while leaving their stuff sa sofa para guro ilaha gihapon tung space. Not to mention they were all in the same zoom meeting and wala nalang jud nag gamit ug earbuds. Ang isa nila ka kauban nag charge sa lahi na pud na area sa coffee shop then giibot ang phone pero gibilin ang charger, siguro para ""reserved"" nasad sa ilaha to nga socket.

I'm a regular jud sa coffee shops and in the place I used to live, di jud ka kita ug in ana. 

Manners and proper etiquette please. Public space na siya so please behave yourselves. Ayaw dad a inyong batasan sa balay diri. 🙃",0,1786609535.0,tagum,0,0.5,False
1vn4tw9,https://www.reddit.com/gallery/1vn4tw9,Selling coffee table,Selling this coffee table paid 20k for it 1 year ago looking to get 3500 back out of it or best offer please message me for offer,1,1786609533.0,CebuClassifieds,0,1.0,False
1vn4trb,https://i.redd.it/vdixebodr3jh1.jpeg,Discontinued?,Used some of my points to get a free milbona coffee. Every store I have been to so ce converting the points doesn't have them... The only one they have that is included in the voucher is the protein coffee and I don't want protein coffee..... ,2,1786609522.0,lidl,1,0.75,False
1vn4td4,https://www.reddit.com/r/WeightLossAdvice/comments/1vn4td4/help_with_my_weight_loss/,Help with my weight loss,"Hello everyone, hope everyone is good. I just wanted some advice on losing weight. For some information about me, I’m 24 male my height is 6’3 and I weigh 150kg and I’m in college, so I’m a big guy.

I’m trying to lose weight but struggling to know am I doing the right thing. First for what I eat, the days I don’t go to school I usually just eat like an Orange or a piece of fruit in the afternoon at like 12:00 and then for dinner I’ll eat 2 slices of whole wheat bread either with eggs or just peanut butter and jam at like 16:00. I also drink coffee at like 18:00 because I like coffee. On days I go to school I always eat 2 or 3 slices of bread with peanut butter and jam so I don’t get hungry in class and at night I’ll usually eat the same thing or just a piece of fruit. I usually stay at school for 3 hours so that usually keeps me stable. I do sometimes eat rice and mince or rice and eggs if I’m not lazy. On weekends it’s usually my cheat days so I’ll usually make macaroni and mince or hotdogs with chips, this Friday I’m thinking about buying myself a rotisserie chicken and some burger buns. I’m trying to cut out fast food even though I really miss it.

Secondly for exercising, since going to the gym makes me tired I usually go on Sundays because I don’t do that much work, it’s also pretty empty on Sunday so that helps me feel less nervous with less people around. I don’t really gym that much Monday to Friday because I get tired and struggle to work so I just do 10 pushups, 10 sit ups and 10 squats, 3 sets of each. At the gym I just use the treadmill for 30 minutes , changing between running and walking. I did recently get the courage to try the other equipment, so I used the rowing machine.

Also I used a calorie calculator to calculate the calories I need to consume to lose weight and it told me to eat about 2500 calories a day. I know these calorie calculators are not accurate but I want to know is it close or not, because it sounds too much.

I really need to know if I’m on the right track or if I should change somethings. If anyone can help me I’d really appreciate it.",1,1786609485.0,WeightLossAdvice,3,1.0,False
1vn4rys,https://www.reddit.com/r/CoWorking/comments/1vn4rys/are_office_break_rooms_becoming_a_bigger_factor/,Are office break rooms becoming a bigger factor in employee retention?,"We hear a lot about salaries, hybrid work, benefits, and workplace culture, but the office breakroom doesn’t get talked about as much.

In my experience, small improvements like better coffee options and having snacks easily available can make a bigger difference than expected. It gives employees a reason to take breaks, connect with coworkers, and spend more time engaging with the workplace.

Has anyone else noticed a similar impact from improving their office breakroom setup?

I’d be interested to hear what changes have actually made a difference in your workplace.",1,1786609343.0,CoWorking,0,1.0,False
1vn4r6d,https://www.reddit.com/r/DeLonghi/comments/1vn4r6d/delonghi_magnifica_start_stops_making_coffee/,Delonghi magnifica start stops making coffee,"Wanted to make my own thread as I saw some comments for a fix for this and hoping it will help someone else when they inevitably search it on google.

My Delonghi mafnifica start suddenly stopped making coffee when brewing a cup and bleeped lots and also gave no error. I found a thread stating the steam can cause the sensitive button controls to be pressed so it interrupts it! Lo and behold it worked once I blocked the steam with a cloth. I also gave the controls a good wipe as someone said residue left on the buttons could be causing them to be triggered easy. Hopefully this helps some others with the problem.",1,1786609264.0,DeLonghi,0,1.0,False
1vn4r06,https://www.reddit.com/gallery/1vn4r06,Wishing my little puppy a happy second birthday,"Well, it’s 2 days late but still. Happy second birthday, Nena Wena Awoowoo",8,1786609246.0,DOG,1,1.0,False
1vn4qz5,https://www.reddit.com/r/auckland/comments/1vn4qz5/coffee_shop_for_chilling_on_the_shore/,Coffee shop for chilling on the Shore,"Looking to have a chilled day with my better half tomorrow. Want to find a coffee shop with comfy chairs we can settle in and drink, eat cake, and read for a few hours and pretend we don't have kids.

All our favourite cafes are good for food, but not really for hanging out in.

Any recommendations north of the Bridge? We are Hibiscus coast but can travel down.

Thanks folks.",3,1786609244.0,auckland,4,1.0,False
1vn4qaj,https://i.redd.it/elwp6ss2q3jh1.jpeg,Instant coffee recommendations?,"Looking for instant coffee recommendations

I usually prefer my coffee with milk.

Currently using Davidoff Espresso 57 and it was great but I wanna explore more. If I don't find a decent one I'd switch to rich aroma.

So suggest something which can match the quality of davidoff.

PS: Exclude Tata grand, sleepy owl, bezvilla, etc. and anything with chicory shi.",1,1786609180.0,coffeeindia,1,1.0,False
1vn4pgd,https://www.reddit.com/r/Oman/comments/1vn4pgd/parttime_in_coffee_shops_experience/,Part-Time in coffee shops Experience,"Hello ppl of Reddit! I was wondering if anyone has had experience with working as a first-time barista in Oman.  
I have people I know who run coffee shops, but unfortunately they aren’t currently hiring. 

For anyone who has worked part-time in Oman, especially as a barista, how did you get started? Did you find opportunities through friends, directly approaching cafés, online job postings, or other ways?",1,1786609100.0,Oman,1,1.0,False
1vn4owq,https://www.reddit.com/r/punemeetup/comments/1vn4owq/fc_road_anyone_around/,FC Road? Anyone around?,"I'm around FC Road / Fergusson College for a little while today.

No big plan, honestly. Just thought, why not turn the random free time into a small meetup? 

If you're somewhere around FC Road, FC College, or nearby, come say hi. We can grab a chai/coffee, take a little walk, talk about random life or  literally nothing important. 

Sometimes the best plans are the ones you didn't really plan.

I'll be around for some time, so if you're nearby and feel like meeting, DM me or comment here.",1,1786609049.0,punemeetup,1,1.0,False
1vn4opg,https://www.reddit.com/gallery/1vn4opg,Bai Mu Dan (KP),"Recently visited Bai Mu Dan in Koregaon Park Lane no. 1 and it was one of the best best places to have food. I absolutely loved it. We had 4 dishes which were :

1) Cappuccino- As BMD is famous for their beverages anf freshly brewed coffee, and it was a rainy day, we ordered hot cappuccino and it was amazinggg! Loved it.

2) Bolognese Pasta- Although we had gone to try their pesto pasta, but unfortunately at that hour (4 pm'ish) pesto wasnt available and so we had to order bolognese one, it tasted sour but honestly a lovely taste since the sauce was very unique with minced mushrooms as well. It was a decent one tbh.

3) Avocado Veggie Sandwich- Woahhh it was so so so freaking good it was genuinely loaded with all the goodies and especially the avocado, it was so creamy and huge it was worth it.

4) Truffle Nachos- We did not think that this would be the best nachos we have ever had. I cant explain the whole taste since its honestly a burst of flavours, if im not wrong there are 5-6 addons with the nachos that are given, be it guacamole, salsa, sour cream, capsicum, pickled onion and the amount of truffle cheese they put was genuinely very generous. We love truffle cheese and how it tastes so it was an absolute blast for us. Absolutely loved it.

Apart from the food, the whole place was good, wasnt that fancy but surrounded by greens and a cosy place to be. The staff is very welcoming and helpful as well, they actually care about the customers.

At Lane 1, there is a peacock as well so you can hear or maybe see it ocassionally if you're lucky. Also, theyve opened a new place in Magarpatta at Yoo Pune but I havent been there yet, so y'all can try that too. But eitherways, I feel its a really wonderful place if you wanna hangout and spend a good time with someone you love and have good quality food. The variety isnt much since its an all day breakfast & beverages place primarily so thats one point to be noted down.

For us the bill was ₹1785 for 2 people.

Rating- 9/10.",3,1786609032.0,PuneFoodPorn,1,1.0,False
1vn4nv4,https://youtu.be/UBWHPFAq5r4?is=1ko4MgAHvYlXiZTZ,[F4A] Mentally Exhausted? Come Hide With Me | Forest Comfort Audio,"You've dealt with enough people today.

Too much noise.  
Too many opinions.  
Too many conversations that never deserved your energy.

For the next 9 minutes...

Just stay here.

Every single coffee directly funds the software and tools I need to build this world 

No Ai ( all created and voice by M.E.)",1,1786608953.0,ASMRaudioRParchive,0,1.0,False
1vn4nsk,https://i.redd.it/5ufq5x4op3jh1.jpeg,Honey Sashimi,COFFEE AND SYRUP,2,1786608947.0,MASHLE,1,1.0,False
1vn4nrx,https://www.reddit.com/r/siliconvalley/comments/1vn4nrx/whats_the_best_office_perk_that_people_actually/,What’s the best office perk that people actually use?,"For those working in larger SF offices, which workplace perk gets the most appreciation from employees?

Is it free snacks, good coffee, a micro market, cold drinks, or something else that people actually look forward to using?

I feel like companies sometimes invest in perks that sound great but don’t always get much attention from employees. A well-stocked breakroom seems like one of those simple things that can make a daily difference.

Curious to hear what perks have actually worked well in your workplace and what employees seem to value the most.",1,1786608945.0,siliconvalley,0,1.0,False
1vn4msi,https://v.redd.it/b0d5szfzo3jh1,"Cars and Coffee Participant Burns Out, Hits a Car Causing it to Flip.  Woman Chews Out Organizer",This was the most wild accident I've seen caused by Cars and Coffee,318,1786608846.0,WTF,64,0.9,False
1vn4moh,https://www.reddit.com/gallery/1vn4moh,Sobrang bula ng Athlene protein powder,"I'm almost convinced na may halong sabon panlaba tong Athlene sa sobrang bula. Coffee stick + 1 scoop creatine + 1 scoop vanilla protein powder lang naman nilagay ko. Tapos pina-rest ko muna sa ref 30min, pero grabe ang bula pa din.

Nacho-choke na ako kakahigop ng bula para walang sayang na protein at creatine.

Any recommendations for other protein powder na hindi mabula",0,1786608836.0,fitnessph,3,0.5,False
1vn4mjb,https://www.reddit.com/gallery/1vn4mjb,Some of my favourite lip combos!,"Combo 1-
Liner - Sheglam But First, Coffee, Lipstick - Mac Whirl, Gloss - Fenty Spiked Hot Chocolit 

Combo 2-
Liner - Lakme Black Currant, Lipstick - Nykaa Glowin (Ultra silk series)

Combo 3-
Liner - Fae Topline, Lipstick - Loreal Nu Unstoppable 


Drop your fav combos below 🙂‍↕️",5,1786608823.0,lipstickswatchesindia,2,1.0,False
1vn4m5s,https://www.reddit.com/r/BetaReaders/comments/1vn4m5s/in_progress_6002sci_fi_horror_insurgence_set_a/,[In Progress] [6002][sci fi horror] Insurgence/ set a thousand years in the future we follow a twenty year old kid on his journey across the stars,"**(Teto is a placeholder)**

**Insurgence** 

**Chapter 1: The relic**

\***bang** \***bang** \***bang**

My eyes shot open I groaned getting up slowly out of bed my head throbbing, 

The loud knocking came again rattling my door.

“I’m coming.” I whined, putting on my jacket and navigating the piles of dirty clothes and unfinished projects littering the floor.

I flinched, opening the door as the light shone through.

“What?” I cover my eyes.

“You look like shit kid.” My grandfather stood on the other side of the door, he was a man I want to say around 150 years or so old, the kind of man who spent those years working day and night.

“You’re late.” His meaty hand landed on my shoulder dragging me from my abyss.

“Sorry…..I over slept.” I mumbled and pulled my slate from my pocket checking the time.

“Wait, its only four. You’re early.” I tried to turn back to the sweet embrace of my warm bed.

“Well it’s just you and me today, son, figure we start early.” He smiled dragging me further from the house.

“The ruins can wait a little longer.” I huffed crossing my arms.

“And have someone else find relics, yeah right.” Gramps threw me in the back of the truck. The engine roared to life.

“We’re stopping by a vendor for a check up. Can’t have your cough slowing us down.” Gramps stared at my face, I wiped my chin blood flaking off.

“Alright.” The truck startled and shook as it moved. I stared at the ceiling watching the cracks and rocks. Watching as the neon city moved past with the bustling streets.

I faded from consciousness until the truck came to an abrupt stop.

“Alright Foster, get checked.” He waved me off, his eyes glowing a slight orange as funds transferred into my account.

I walked up to a vending machine the design was old and the screen that controlled the consol was cracked. I tapped the screen and it flickered, sighing I gave it a good slap or two to the side and the picture fixed.

*Would you like one of the following*

*Transplant $850*

*Select one*

*Lungs*

*Kidney*

*Liver*

*Heart*

*Restoration $2500*

*Full check up*

I selected transplant and scrolled down to lung. I pulled my jacket and shirt off as the machines whirled to life. It made this disjointed clicking and part of the machine slid open.

I placed my arm in and a jolt of cold steel around my wrist locked it in place. A metal tendril left,  a needle at the very end of the arm, it looked my arm up and down before turning and jamming into the center of my pupil. Pain flushed my system, I screamed frozen in place.

The needle left as quickly as it arrived and the machine let go of my arm. I collapsed holding my hand over my eye as tears poured down my face. After a while I stood watching as the funds left my account. The screen read

*Place back to machine and bite down on the bar.*

A metal bar shot out from the top of the machine it was wrapped in leather that held hundreds of bite marks. I clenched my teeth and placed my bare back to the cold rusty steel.

In an instant pain flushed through me, I screamed and huffed as my skin was sliced through and removed then cried as my ribs were sawed off, I gasped as my air was cut off, I couldn’t breath feeling a sticky hot pain as my lungs were removed, then the pain subsided the new lungs created from my dna surgically implanted my bones forcibly regrown and my skin grafted back on. 

I nearly fainted as the machine released me. I stumbled my way back to the truck,  
Gramps helped me walk back. The road turned upwards as the distant neon lights bounced off the cavern ceiling. We stopped before a massive metal door, the enforcers stopped the truck checking our papers before opening the airlock

Three hours later  
A distant ringing hits my ears, I shake my head trying to focus as I pull rubble from a giant pile looking for anything that may hold value.

“Take a break.” Gramps threw me a bottle of water. I pulled my respirator up taking a swig before continuing my work. I stared at the night sky for a moment watching the stars, then my mind heading to the poisoned air.

“The sun will be up soon gramps can’t waste time.” I groaned, flipping a large piece of concrete finding an old metal door. 

I turned around gramps taking a nap beside the truck

“Don’t work too long you hear. We leave at first light.” He waved me off, placing his hat over his face.

I turned trying the handle finding the door was locked. I grabbed some rubble and smashed it down on the exposed hinges after a few swings the rusted and sunstreaked metal gave way the door collapsing and sliding down a staircase I shined my head light down the stair looking at my slate.

“I’ve got about an hour and a half before first light.” I sighed and walked down the stairs pushing spider webs out of the way and examining the walls.

 At the bottom of the stairs stood another door but I opened with ease blue light filled the stairway as I opened the door. A smile started creep its way in my face as my eyes fell onto a small runic chip. I waded through the flooded floor quickly grabbing a hold of the small chip.

“Jackpot, you gotta be worth more than enough” I rolled the data chip over the letters T E T O carved onto the back.

“Let’s see what you have.” I brought the chip to behind my ear and slid the small device into my slot. A  light flickered over my eye before stabilizing.

Then a figure appeared.

“Is anyone there?……oh……hi.” The voice was robotic and clicked as it spoke, then it clicked again as she said hi, the voice filling with expectation.

“Umm…..hello?” I blinked.

“Auger, is that you?” Her voice cracked.

“No, I’m Foster.” I answered

“Foster?” The figure zoomed in its pale white skin, scarlet red eyes and hair that came down in two twin drills along the side of her head.  Her face got close to mine like she was examining me.

The lights in the room flickered and grew brighter.

“You look just like him….” The AI stopped responding, showing a boot symbol and went silent. 

“I won’t have to scavenge ever again once we sell this.” I chuckled 

“Although how could it see me?” I looked over the rest of the room finding a webcam in the monitor behind where I found the data chip and the source of the light.

“I wonder what other goodies could be here.” I rubbed my hand together and took a step forward feeling the water slosh around my foot, then the ground felt weak, my weight gave way and I yelped falling through the floor, 

\_\_\_\_\_\_\_\_\_\_\_\_\_\_\_\_\_\_\_\_\_\_\_\_\_\_\_\_\_\_\_\_\_\_\_\_

**Chapter 2: Infection**

Like waking on a beach I felt waves rushing over me, 

\***Cough** \***cough**

I wretched as the scent of rot invaded my being, I pulled myself out of the pool, I felt my breath hitch, I winced a shard of burning hot pain came shooting up my ankle.  
“FUCK!” I yelled digging into my pocket for my slate,  I fumbled with the sheet of metal trying to turn it on.

“Come on..” I felt along the edges pressing the button at the top, the screen flickered to life then stopped for good. 

“Shit.” I winced rolling myself over letting my eyes adjust to the dark. I tried to control my breathing over the stench when a distant noise caught my ears, it sounds like a scream I shot up seeing the outlines of bodies dangling over a lake of rot, the viscous water bubbled from the decaying bodies beneath the water,

I vomited and tried to run from the coast line slamming my face into a slimy wall, I dug at the wall my hands slipping over the membrane like stones, I turned hearing the scream again it echoed over the water, I froze feeling my skin crawl I looked down hundreds of tiny bugs crawled over my skin, I swatted and scratched at my skin trying to knock them off, I rolled on the ground but no matter how many I removed two more would replace them, I Ran into the water trying to get away, it quickly sunk down to my knees I pushed through the sludge trying to not look down at the floating bodies I rushed through, hyperventilating.

A skeletal hand wrapped its boney fingers around my ankle, I looked down at a young girl around 14 or so held tightly to my ankle, her skin a darkened gray, my eyes met hers they were   
hollow sockets.  
“H-h-h-he-lp mmmmm…….me” she tried to speak, with each movement of her mouth these tiny worms poured out, I pulled away from her, her hand came with me, I screamed pushing on forward nearing the other side. The stench grew worse, I shivered my eyes watered these flies crawled all over me going up my nose and ears, I thrashed feeling them enter my mouth trying to enter me I coughed blood feeling my body being slowly torn apart, I slammed my hands into the wall expecting something, the wet miasma that filled the air parting, as the membrane on the wall gave way, I rushed through vomiting against worms, flies, and blood pouring from my mouth. 

I scratched at my ears pulling them from my holes and nose. The onslaught ended and I fell to my knees, my ankle burned hotter than before, I felt like I was dying. A sharp pain hit my neck like a bullet passing through.

My left hand on impulse went to my neck blood soaked my palm and a worm wriggled in my neck and palm, I dug my nails into my neck tearing the worm from it, as I held the worm I felt the sharp pain in my left hand it dug into my left palm I screamed feeling it wriggle beneath my skin, my neck and left hand wriggled I smashed my head against the stone floor trying to drown out the pain, then it stopped, relief washed over me. I crawled forward, my mouth was a desert. My eyes stung every time they moved. I reach as far as I could from the lake of rot, I rested my back against the only thing that was solid, I cried sitting there for who knows how long.

*“Ownership transferred”* I jolted hearing the voice.

“What?” I winced, the light over my eye flickered back on.

“*Hello Foster.”* the AI girl spoke.

“*Your mental state appears to be crashing*.” her voice spoke again.

“”*I am Teto, your tethered entropy tracking overseer*.” She spoke again. A contract appeared before me the white light burned my retina,

*Yes*

No

“Y…..yes.” I choked out.

“*Very well*.” I clenched my head as a drilling pain seared my socket, then a wave of cool.

“What the HELL was that!” I yelled 

*“You signed the contract thus the bond was formed*.” She spoke like it was obvious.

“Where am I?” I coughed and tried to stand up pushing off the stone behind me,

“*Geographical data shows you’re beneath my bunker*.” She showed a map with a dot.

“Ok……how do I get back to the surface?” I asked.

“*I do not recommend returning to the surface.*” A guttural wet sloping noise came behind me, I turned and froze.

A skeleton was embedded in the wall, its flesh was nearly gone, shiny flesh attached itself from its spine, its jaw moved like it was trying to speak,

Dry eyes sat in its sockets staring at me. A chill came down my spine and moved away from it.

“Yeah I’ll take my chances.” I answered, turning my back to it.

“*The lack of atmosphere would destroy your body as well as the radiation from the sun.*” 

“Shit, how long have I been down here.” 

“*From first activation, approximately four hours.*”

“Is there another way back to my city….like a tunnel passage or something?” I asked, looking around the area.

“*Scans show an empty cavity past the wall behind you.*” I turned around looking at the skeleton.

“You have got to be kidding me.” I groaned walking up to the body.

“*I am not kidding*.” she sounded offended.

I yanked on the skeleton and it made this weird hollow noise like a distant echo, I yanked harder hearing the sinew snap. Its jaw fell open and I stopped staring into its eyes. The skeleton screeched, it was ear piercing, I winced pulling harder and harder.

\***Snap**

I fell to the ground and the skeleton fell silent. I breathed but my peace was quickly removed. Like an echo more screeches came out from the lake, 

“Thats not good.” I pushed the skeleton off and made my way through the hole behind him.

“*You may want to pick up the pace. I’m detecting life forms heading this way.*” She spoke.

I started to run. I ran down the passage way.

“*Left!*” She yelled. I slid trying to turn and quickly got back to speed, I tried to see what's ahead of me.

\***BOOM**

Something massive slammed into the wall behind me. It let out a bone shaking holler and started running down the path I'm on.

“Teto I'm going to need direction!” I yelled, feeling it gaining on me.

“*Right!*” I turned feeling the weight of the beast as it threw itself into the wall I passed.

“*JUMP!*” I leaped, feeling myself crash through a thin wall. I rolled the pain encompassing my ribs. I groaned, getting back to my feet and moving forward.

I heard it scream again. But this time it stayed still like it was watching me.

“*Foster, you need to keep moving it's only a little further until you reach your city.*” I shook my head, turning away and limping through the dark tunnels.

\_\_\_\_\_\_\_\_\_\_\_\_\_\_\_\_\_\_\_\_\_\_\_\_\_\_\_\_\_\_

**Chapter 3: Incarceration**

“Whatcha got Foster?” the woman behind the counter asked before retching back from my smell.   
“I found some old relics.” My voice was a distant memory.

I dumped my pockets, old data chips and ancient tech poured on the counter along with the slime from the lake.

“Ohh and..” I reached up to my slot pressing on the data chip.

“Huh?” I press the chip again trying to remove the chip

“Teto. What the hell, why isn’t the chip leaving? TETO!” I yelled

“Who are you talking to?” the clerk asked.

“*Removal Denied*.” a messenger appeared over my eye. I groaned.

“Is this it or what?” she asked.

“Apparently.” I shrugged

“Well, Fuck off you stink. I’ll pay you after the appraisal.” she shooed me out of the shop and back onto the street.

.  
.  
.  
.  
.  
.

First I tried a vendor. The machine tried to read the chip but malfunctioned.  
People avoided me as I walked down the street covering their noses or crossing the street when I got near, the only people who didn’t avoid me were the enforcers. In fact it felt like they were watching my every movement. I passed an electronic store, you know the type ones with the TVs facing the street.

“And remember if you see any unauthorized relic handling please report to the nearest enforcer!” the tone was cheery and was quickly changed to whatever war humanity was fighting now.

I tried the chip again to no avail before stopping in front of Docs shop

“Hey Doc. I got this data chip stuck in my neural port,” The doctor turned to look at me, his brow furrowed.

“Have some respect, boy.” he finished up with his patient and waved me over.

“Just fix it.” I asked sitting on the table

“Just go to that damn vendor like everybody else.” the vendors took away most of his business so I get why he’s mad but come on man.

“Whatever, let me look.” he bent down looking at my neural port.

“Was there anything on the data chip, a serial number? An anagram, or something?” he tried pressing the chip making the “*removal denied”* message appear

“I dunno, uhhh…….T.E.T.O or something.” The doc looked at me for a second before heading over to  his console. 

“Just give me a second, some relics around here have databases.” he typed away then abruptly stopped, 

“i-ii-I’ll be right back, sit tight.” he tried for the door.

“What?” I asked, he stopped and looked at me.  

“Oh it's nothing, just got a message from the enforcers is all.” he was sweating bullets and quickly left. Can’t say I blame him getting on the bad side of the enforcers is basically a death sentence.

I pulled out my slate wiping some sludge off, the projector was cracked but still displayed its image, I pulled an aux cord from my wrist and connected it to the slate moments later the AI’s form appeared.

“Teto? Why are you on my slate?” I sighed.

“*Stop trying to remove me*.” Her face scrunched up, I laid back and she got up in my face, still mad.

“Can you play music atleast?” I closed my eyes

“*Sure what would you like?”*  she pulled up my playlist

“Pick whatever you want.” she scrolled through and landed on sad machine by porter robinson. 

“A little on the nose don’t you think.” I sighed..  
.  
.  
.  
.  
.  
.  
“Foster Layton, you are in possession of an illegal relic, hand it over or be prosecuted.” My immersion shattered as enforcers broke down the door and surrounded me. 

“What the hell!” I shouted leaning back up, I raised my hands as they pointed the barrel of their gun to my face. 

Metal cuffs dug into my wrist as they dragged me away.

“What the Fuck!” an enforcer with a red sash stood before me as I put on my knees, my music cut as the enforcer knelt before me. Her visor read Relic Flag  Confirmed

“Give. me. The relic.” Her voice was harsh. 

“Let me go! I didn’t do anything!” she tried to remove the chip as I tried to wriggle free.

“Relic appears to be stuck.” she spoke to the enforcers holding me down. 

“Take him in. we can’t waste anymore time on him.” she ordered

they threw me in the back of a van the engine started and soon the vehicle rumbled down the street 

“What's going on!.” I slammed my hands against the back of the van.

“Teto, I know you’re there, what happened?” I asked sitting down.

“*I……I was owned by a Hellbright.*” her voice sounded sad like she was expecting rejection. We sat in silence for a second…….

“Am…..am I supposed to know what that means?” I groaned before leaning back.

“What is Gramps going to think?” I mumbled. Waiting to be charged.

   
.  
.  
.  
.  
.  
.\_\_\_\_\_\_\_\_\_\_\_\_\_\_\_\_\_\_\_\_\_\_\_\_\_\_

**Chapter 4:Grayson Academy**

“Miss Blake, would you please bring the test papers to the office.” Professor Charleston wiped the chalk board clean getting ready for the next day, I sighed lifting the neatly stacked papers in my arms. 

“Have a good afternoon.” I walked off my voice as cold as ever. The halls were relatively empty and a few students roamed about. A few stared at me and others turned away but that’s how it’s always been, a few years back they gave me the title of Ice queen or whatever meager thing they wanted.

Its not my fault they don’t understand simple instructions, yet they shun me anyways, well mainly the dregs of this academy.

I rolled my eyes and kept walking. Enjoying the quiet atmosphere, my gaze fell towards the window, the bright green grass, the open air, the blue sky. I loved it, another beautiful day where nothing could ruin it for me.

Then the rumble. 

I lurched forward, the glass rattled, and every conversation went silent. I leaned against a wall and quickly making my way forward ready to escape whatever annoyance made that happen. But alas the empty hall soon filled with a crowd blocking the path. The students stared out the wind like it was the most exciting thing ever, and I couldn’t help but be a little curious myself.

The crowd parted as I walked to the window. There in our perfect courtyard was a massive Aegis ship the design was like none I’ve ever seen before. It was blocky with weird points that jutted out. Then the loading dock lowered, and enforcers walked out enough to make walls on each half of the walkway all the way from the center of the yard to the front doors.

“What’s the general doing here?” I turned hearing the voice, it was John, the school’s golden boy for his combat prowess and yet terrible in the classroom, and his posse. Well really it’s just his two followers I don’t think he even really likes them anyways. We have Harper John’s biggest simp and my biggest pain in the ass, she always thinks I have a thing for him just because our seats are next to each other. And don’t get me started on jackawhosawhatsit or whatever his name is, he's just another dumbass who picks on anyone he can.

I turned back to the window watching as the general and her men marched into the meeting hall, several war officials met them by the doors and soon after they vanished and with that the crowd vanished too, I stayed a little longer feeling the cool breeze.

“Who’s that?” I felt myself ask, a boy with pitch black hair and locked in chains was dragged from the ship with a collar around his neck. The enforcers around him pushed him hard enough to knock him over, and the boy stood back up even from this far. I could tell he was pissed but he was clearly in no place to react. Then his gaze fell upon my window, he had….these brilliant yellow eyes.

And beside him was a smaller boy, unlike the other he was shorter, his hair a dim brown and he held his gaze to the ground keeping his body small and unthreatening. And unlike the other his chains were far lesser, just simple handcuffs and a similar collar.

“Lower Your Gaze Boy!” The enforcer with the red sash yelled and slapped the boy, but he refused he held his head up high looking her in the eyes

“There she goes again with that creepy smile.” John’s voice stole my attention from the boy.

“It’s not creepy.” I huffed and walked away towards the office.

\***knock** \***knock**

“Dean Radcaster.” I opened the door seeing the elderly man behind the desk.

“Ahh Charlotte, my prized pupil what brings you here deary.” He had the biggest smile I’ve ever seen.

“Professor Charleston, wanted me to bring you these test papers.” I placed the stack of papers on his desk and started towards the door.

“Oh, Dean may I ask about the two prisoners being brought here.” I turned to face the man.

“They were deemed assets by my higher ups beyond that I’m afraid even I wasn’t told that much,” he said flipping through the books.

“Well then, have a good rest of your afternoon Charlotte.” He waved me out of the room. 

I walked back towards my dorm anticipating the soft lushness of my bed, I skipped my way down the hall stopping before my hall, I turned the corner and opened my door.

I collapsed on my bed taking a deep breath. 

.  
.  
\_\_\_\_\_\_\_\_\_\_\_\_\_\_\_\_

**Chapter 5: academics**

“Landing in five minutes.” The voice over the intercom crackled and clicked as it shut off.

I pulled my left arm feeling my right arm get pulled back, the chains binding my wrist to the walls ran through a pulley allowing me freedom at the cost of my range.

“So, what happened to you?” a voice came from my right. I turned seeing a boy  chained against the wall like I was.

“No idea, you?” I asked, sitting back down. He shifted and looked down he had this look like he was both ashamed and excited.

The boy leaned forward giving me a better look at his face, he was skinny, his lips were chapped and he had these dark bags under his eyes. And the most notable thing was his age, he couldn’t have been older than fourteen or so.

“Do….do you really wanna know?” he asked this massive smile on his face.

“Uhh……sure.” he leaned forward.

“I may or may not have been caught delivering pornos.” he looked smug and crossed his arms.

I listened for more of the story but crickets.

“Is……..is that it?” as I asked that his face shrunk, and he started to stutter.

“he-hey…It's a l.l.lot cooler than it sounds..I’m talking about allegedly ten tons dropped over the world fair.” I stifled a laugh to his dismay and his face grew more and more red.

“You’re a real big shot.” I tried my best to hold in my laugh but it slipped out.

“You laugh now but in a few years I’m sure they will call me the great distributor.” he hugged his knees and shifted away from.

“Pretty sure they’ll call you an idiot.” I sighed.

“Yeah..probably.” 

“But really, I don’t know why I’m here, I found an old relic, a data chip.” I turned and showed him my neural port.

“And it got stuck in my head.” I leaned back against the cold metal wall. 

“Wait…it's stuck?” Kai looked closer.

“Yeah.” I raised an eyebrow.

“Like….permanently?” 

“Seems that way.” I shrugged.

“That’s…..kinda cool.” 

“Trust me, it ain't. It's like a scratch you can never itch.” Silence fell over the room for a moment

“Kai.” The kid said looking up.

“Foster.” I responded.

“If they torture us can I stand behind you?” He joked, or at least I hoped he did.

“What?” I blinked.

“You look sturdy.”

“So that makes me your shield.” I covered my face, 

“Well…”

“You aren’t denying it.”

“I mean I would rather stand behind the tall guy than face the *bitch*.” He said the last part quietly. And I can’t blame him, the room's empty but… I doubt Aegis isn't listening.  
.  
.  
.  
.

Soon after the door slid open with a hiss. The women from before walked in holding a tablet.

“Foster Layton, 20 years old. You are being charged with conspiracy of terrorism and rebel intentions. Kai Navarro, 15 years old. for your crime of public display of offensive sexual material. You both are charged with enlistment. Hold pride in your hearts boys as your lives are to be managed by the emperors and their conquests!” she saluted 

Two enforcers marched in, each held a collar in their hands, it snapped on with a burn.

“These collars have bonded with your nervous systems. Any attempt to remove or escape will result in treason and death.”

“Tch.” I clicked my tongue, suddenly the chains around our arms tightened and forced us back against the wall.

“You can’t do this to us.” Kai spoke out.

“Oh but we can. See by committing any crimes you conscripted yourselves.” She seemed to relish seeing us squirm.

“But I’m only 15, I’m still a kid.” Kai spoke up again. 

The woman thought for a moment

Then she walked up to Kai. 

“I-”

\***Slap**

Kai froze.   
“You are a disgusting pervert!”

“HEY!” I couldn’t stop myself. I knew this would bite me in the ass but I yelled at that woman.

“Don’t lay a fucking finger on him.” My body moved before I could think

The chains started to creak with each burst, I pulled with all my might, feeling my voice grow hoarse. 

A flash of sharp electrical pain flooded my neck, for a moment I thought my head was going to pop off.

I fell to my knees, the chains being set free and held my neck, I coughed tears pouring from my eyes and yet I stared at that bitch not breaking eye contact even as my head grew fuzzy.

“It seems this one was worth the trouble after all.” she smirked and left, the burning fading.

“I don’t like her.” Kai spoke softly.

“I wonder…. why.” I groaned trying to sit up.

“She has the face of someone who enjoys paperwork.” 

We let out a stifled laugh trying not to get any more attention

“Imagine how bad it would be if you were thirty.” I smiled

“I know if I was legally an adult she might have killed me then and there.” 

We laughed

It faded

Then stopped

It dawned on us both at the same time.

We were completely and utterly Fucked  
.  
.  
.  
.  
.  
.

After a while and some lectures we finally reached the loading bay, I walked forward my wrist and forearms binded together. A warm breeze washed over us as the dock doors lowered showing bright green grass and a matchingly bright blue sky. I covered my eyes with my….limbs?

I started to walk towards the door, a metallic hand reached out pushing against my chest.

“*Permission Denied.*” I looked at the owner of the hand finding an android stopping me.

The bot was a solid gray over most of its form, humanoid in posture, its face was…..lets just say lacking in humanity. 

I looked past the bot seeing the horde of enforcers march out in formation, they held their rifles to their shoulders, they stood saluting as guys in golden capes walked out.

“What are the generals doing here?” Kai whispered.

“Generals?” I matched his tone and turned away from the bot.

“You don’t know them, yeesh what rock did you crawl out from under?” He looked disappointed and shook his head.

“Mercury.” I stated turning back to the generals. 

Kai stood in silence before squinting and looking with me.

“I got this itch on my neck can you scratch it?” I leaned towards Kai.

“What. No. do it yourself.” 

I showed him my binded hands.

“Oh.” he reached towards my neck.

“Whats this black dot?” he asked pulling his hand away.

“What dot?” Kai lifted his hand cuffs to my face letting me see off the reflection.

“It has these small veins coming out of it.” he stated lowering his hands.

Looking at it wasn’t that where that worm entered from.

But before I could finish my thought the bot moved and the lady from before led us out the lift.

Once we left and my eyes adjusted to the light we saw a massive building.

“Woah, this place is huge.” I felt the breeze and regretted wearing my jacket.

“Welcome to Grayson academy. Here you will train to be elite soldiers.” She sounded cheery despite the threats she made before we stepped off the shuttle.

“If you do well enough here we may forgive your crimes and remove the collars.” I wondered what happened to change her mood so drastically.

“Did someone have a little flick sesh?” I couldn’t help myself  and her demeanor changed quick. She stood up quick getting in my face.

“Lower. Your. Gaze. Boy!” she was seething in rage raising her hand.

“Huh.”

\***Slap** 

A rush of pain flashed across my face. I clenched my jaw and looked back at her, not breaking eye contact. Then a shimmer or it was more of a glint shined past her head, I shifted my gaze to the left at the windows. It was far but I thought I saw a figure staring at me. 

“Move.” She pushed me forward towards the fortress.

“Why would you say that?” Kai whispered.

“I dunno, it just slipped out.” I shrugged as we walked down the path reaching the giant doors and finally entering the cool building escaping the heat.

“I’ll show you degenerates to your dorms.” The lady stomped off and we quickly followed in fear of getting left behind.

The school was a maze with many different classrooms on every side of the hallway. The halls were empty along with the classrooms, she led us down a flight of stairs and stopped us in the hall, here are your dorms.

“We get separate rooms?” Kai asked. 

“You’re lucky. If it was up to me you’d be sleeping beneath the school.” She released the chains then started to storm off before stopping.

“And don’t think of leaving those rooms without asking.” She pointed to her neck and made a popping noise, then she stormed off.

“See ya dude, I need some sleep and you need a shower.” Kai walked into the dorm across from mine. 

I sniffed my shirt and walked into mine.

The room was small. It had a small bed attached to the wall across from the door, a sofa sat in the center of the room facing a T.V., I turned to my right and beside the door was a small closet and to the left was a bathroom. I took off my coat and hung it up in the closet. I sat down on the sofa pulling my slate from my pocket. It flickered to life then stopped.

“Shiiiit..” I sighed, tossing my phone to my side.

“Hey Teto. you there?” I closed my eyes.

“*Hello Foster*.” Teto sprung to life.

“Can you call my grandfather?” I sat forward rubbing my face.

“*Sure*.” A dial tone rang for a bit before a hollow voice answered.

“Hello.” 

“Hey Grandpa.” I winced wondering just what he might.say.

“Foster. Is that you?” his voice was full of worry.

“Yeah. I uhh….got arrested.” shame washed over me.

“Are you okay?” 

“Yeah, Im safe..ish” 

“What happened? I looked away for a moment and you were gone. I had to leave because the sun came up.”

“I’m sorry gramps, I found a relic some AI chip and the floor gave way to some lake of death or something.”

“Lake of death.”

“I don’t know, there were bodies everywhere.” Then once I got out I went to sell the stuff I found then figured out the AI was stuck in my neural port and now I'm on mars.” I groaned 

“So you're safe.” He let out a sigh of relief. 

“Foster. Don’t get yourself killed.” then the call cut.

“gramps, GRAMPS.” I yelled at the dial tone.

“Teto what happened?” 

“*The call was cut off*.” She seemed disappointed 

I groaned and kicked the coffee table.

\***bang** \***bang**

“Shut up!” a girl's voice yelled from the other room

I exhaled and moved to the bathroom, I turned on the hot water and started to strip when I looked in the mirror.

“What?” I leaned in over the sink. My eyes a beautiful ocean of chocolate turned into this bright yellow.

“Teto what the hell happened to my eyes?” 

“*I’m unsure what you mean, your vitals are all good*.” the more I looked the more it felt like something else was staring back at me. I looked down trying to breathe and I noticed the back of my left hand. The black dot had these small veins creeping out of it like the dot on my neck.

“I felt my body start to burn, I collapsed to the floor and the world was spinning. I reached up to the metal sink I pulled myself to my knees, I groaned twisting the water to as cold as it would go, I laid in the showered just trying breathe feeling my entire being burn, I twitched the steam filled the room as the water evaporated right after making contact with my skin.

“Help.” I tried to yell but my voice was caught.

“*Foster….Foster…….Foster.”* Teto’s voice faded as my eyes kept growing heavier and heavier.  
.  
.  
.  
.  
.\_\_\_\_\_\_\_\_\_\_\_\_\_\_\_\_\_\_\_\_\_\_\_\_\_\_\_\_\_\_\_\_\_\_\_\_\_\_\_\_\_\_\_\_",1,1786608782.0,BetaReaders,0,1.0,False
1vn4l7z,https://www.reddit.com/r/DDoffers/comments/1vn4l7z/iced_coffee_promo/,Iced coffee promo,"looking for a free iced coffee promo, or any promo! who’s not using em!  let me no know! thanks!",0,1786608691.0,DDoffers,0,0.5,False
1vn4kyb,https://www.reddit.com/r/confessions/comments/1vn4kyb/i_always_found_the_knives/,I always found the knives,"When I was three years old I grabbed a serrated steak knife from the kitchen drawer, tip-toed away with it and found a place to hide, such as under the tv or the coffee table, or behind the faded couch. I used it to whittle away at my favorite stick. I also kept bandaids close by that I’d raided from the bathroom. I knew that if I cried after I accidentally scratched myself then my new hobby would be taken from me. Blood ran down my scratched fingers and I attempted to put the bandaids on, but it was pointless. The blood was too slippery and one by one they each fell into a pile of wood shavings and bandaids. 

Eventually I was found out. 

They didn’t share my creative vision, couldn’t accept that I had attempted to make real art! But I also had determination. The first time, they placed them back into the kitchen drawer. Hah! The second time, they put them into a different drawer. As if that could fool me. The third time they finally placed them higher within the kitchen cabinets, but I already knew how to climb them due to my ferocious appetite to make my own decadent treats of sprinkled sugar over bread. So I grabbed them and climbed back down. And whittled more. 

It wasn’t until they took my favorite stick that it all ended. It was the best stick I ever had. It smelled faintly like pine, with a pale reddish hue and it cut to the will of the knife beautifully like butter. 

I missed my whittling stick. ",1,1786608662.0,confessions,1,1.0,False
1vn4k7c,https://www.reddit.com/gallery/1vn4k7c,Trader Joe’s ice cream: A trio of fun summer flavors,"I’ve shopped at Trader Joe’s for decades, but never thought of it as a scoop destination. It feels like the lion’s share of their clandestine tasting panel’s creativity gets channeled into novelties and other treats in their frozen dessert bins. I much prefer pints, but the fun concepts, whimsical packaging and often bite-sized portions manage to flip the script when I make my occasional jaunt to this quirky curator of global grocery concepts.

In contrast to the bounty of playful, sometimes idiosyncratic, ever-changing offerings — from canneles and macarons to brigadeiros and churros — the somewhat minimal ice cream bin can feel static. Some of these have been staples for as long as I’ve been visiting. That’s not to say they’re bad. In fact, I’d rank their French Vanilla among my favorites, and there’s something comforting about knowing your beloved Ultra Chocolate, Mint Chip, Cookie Butter or Coffee Bean Blast will be there. But look closer at the small contingent of rotating seasonal options. This is where TJ’s category manager has decided to let their hair down and have some fun with flavor profiles that rival the adjacent novelty case.

I’m curious about your go-to frozen treats here. Do you stick with ice cream, or is there something else that takes your money? I like the Mini Mint Mouthfuls and the Dozen Sweet Bites (especially the Opera Cake). But this summer, I have shunned those favorites and decided to give a fair look at those pints and quarts — and perhaps some day soon I’ll even venture into those containers of gelato-like frozen dessert. They are tempting me with the new Mascarpone & Mixed Berries. 

Despite the decades of patronage, I’d probably tried only a dozen or so ice creams. I appreciate the coffee, though it’s a bit strong for me. Dulce de Leche (now relegated to seasonal status) is a standout. In addition to revisiting that vanilla — still great, especially for adding your own mix-ins — a first taste of Strawberry in spring made me think I was missing out. So this summer I decided to try a few of the more creative, seasonal flavors. I originally was drawn in by the Wildberry Cheesecake and the buzzy new All Mixed Up, but Fudgy Cookie Dough stole the show.

\_\_\_\_\_\_\_\_\_\_\_\_\_\_\_\_\_\_\_\_\_\_

**ALL MIXED UP**

Are you missing Jingle Jangle Ice Cream? Christmas came early. Trader Joe's is blessing you with a summerized kitchen-sink equivalent of that retired holiday chestnut. Squint and you can imagine the creative process. Joe-Joes and mini peanut butter cups? Definitely. Pretzels for crunch? Yes, but without the heavy chocolate coating. M&Ms (make that candy-coated chocolate gems) can transform into colorful sprinkles. Finally, we need one more thing. Jingle Jangle didn’t jingle the cash register as much as they would have liked. What will bring the summer box office? Peanut butter, of course. If those sweet, salty, chocolatey holiday tins bring a smile, it must have felt like Christmas in July when this one dropped last month.

This midnight snack reverie no doubt pays homage to the cultural footprint of Ben & Jerry’s and its more is more aesthetic. I’m happy to report my pint was as full as you’d like — maybe more than I’d like. I do prefer to get some naked ice cream to enjoy on its own, but that’s probably for the best here. This isn’t rich and custardy like the vanilla in Fudgy Cookie Dough. It’s more a spiritual cousin to B&J’s sweet cream, meant to be the glue for a cookie-candy extravaganza, not all that good on its own.

So which mix-ins are essential and which are superfluous? With the vanilla leaning plain, the peanut butter swirls were vital. In general, loaded pints really crave peanut butter. These frozen sweet-salty shards are such a cheat code to quickly elevating flavors I’m surprised more brands don’t use this trick. The least essential? The sprinkles are a fine visual accent, but don’t bring much to this party. You could probably pick between the mini peanut butter cups and Joe-Joe pieces — I’d go with the former as TJ’s breaks up their faux-Oreos too much — but I don’t mind both. The wild card? Those coated pretzel pieces. 

The unpredictability factor here is how well these are coated with that fat barrier to keep the ice cream’s moisture out and the pretzels crisp. If that bulwark falters, you go from enjoyably crunchy to chewy, soggy and stale in the blink of an eye. Jeni’s similar High Five Candy Bar suffers a bit from the same issue, though I enjoy the richer peanut butter base on that one more. Since the ratio here leaned more to crunchy pretzel, a few soggy bites don’t ruin the pint. I wouldn’t care much if this were a one-time summer fling, but I could see a revisit some future summer.

Score: **7.4/10**

\_\_\_\_\_\_\_\_\_\_\_\_\_\_\_\_\_\_\_\_\_\_

**FUDGY COOKIE DOUGH**

I came looking for All Mixed Up, but grabbed this one when I couldn’t find it. It’s no consolation prize. In fact, it’s the best of the TJ’s summer bunch and one of the top grocery store cookie doughs out there. It’s probably not fair to bring up Caffe Panna’s superlative dough, but this one holds up well against some of my other favorites — whether a brown sugar base like Jeni’s Double Dough or Van Leeuwen’s Brown Sugar Cookie Dough Brownie, or more traditional offerings from Häagen-Dazs and Graeter’s.

The version this most reminds me of is Salt & Straw’s Salted, Malted Cookie Dough. Perhaps that one even inspired Trader Joe’s to go into copy-cat mode when they launched this in 2023 (it has since turned into a summer seasonal). While that S&S flavor is one of the Portland brand’s best, I do prefer Trader Joe’s. I like this rich, custardy base more and they really delivered the dough. While I usually like a more restrained approach to mix-ins, throw that out when it comes to cookie dough. The chewy texture makes it an S Tier inclusion, and there’s usually not enough. And that’s where the caution comes here. From the reviews I’ve seen online, the quality control is all over the map, so some customers open the lid to riches, while others get nothing but poverty.

I think this vanilla base — much better than the one used in All Mixed Up (and apparently made by Humboldt Creamery, the same company rumored to be behind their even-richer French Vanilla) — would be fine on its own, but the wealth of dough in mine pushed it into elite territory. In my first spoonful, I got two dough balls, and it only slightly quieted down before reaching the end. 

What brings this all together is the chocolate. Like the Salt & Straw version, the rich fudge sauce introduces something different from the usual chip accompaniment, though we have that here, too. Two things really: First, the goo factor. And they really show the proper viscosity for fudge in ice cream, as we’ve seen too many Hershey’s-like chocolate sauces lately from Jeni’s and McConnell’s. Second, the use of salt here is wonderful. When I bake my holiday chocolate chip cookies, I always sprinkle a little crunchy sea salt on top, so you get that salty hit in select bites, not uniformly. And that’s the same with this fudge.

While most brands keep their cookie doughs as a year-round staple, it seems this one will be gone by the time they’re filling the freezer bin with pumpkin desserts. That’s OK. It makes it all the more special.

Score: **9.2/10**

\_\_\_\_\_\_\_\_\_\_\_\_\_

**WILDBERRY CHEESECAKE** 

Are you a fan of a sweeter, milder cheesecake without much tang? This might be for you. I know some on here resist cheesecake ice creams because they can come off overly sour. This is more of a crowd-pleaser that marries the plainer base of Ben & Jerry’s Strawberry Cheesecake (with a less gummy texture thankfully) and the tasty, dense cheesecake bites from their Caramel Chocolate Cheesecake. Like both of those, I picked this up while hunting for the best cheesecake ice creams around. 

Although this one doesn’t threaten to make the top of a best cheesecake list, it’s pretty solid (especially for the price) and a fun summer flavor. It’s back in the seasonal rotation after launching in 2021. There’s no doubt that the cheesecake bites carry this one. They slightly infuse their cheesy essence into an otherwise pedestrian sweet cream base. While I’d have preferred they pulled some tricks to give the ice cream itself a tangier finish — even a touch of lemon like Häagen-Dazs uses — it works well enough. So does the jam swirl, but just enough. 

What is wildberry? It sounds like a Mountain Dew flavor, but it’s actually just some descriptive marketing for a melange of berries. It might as well been called blueberry. That’s what I taste and it pretty much ends there, despite an ingredient list that includes raspberry, strawberry and blackberry purees, with a splash of elderberry juice concentrate for a dark purple visual pop. I guess I should be thankful for any flavor. A few of the blueberry swirls I’ve tried this year have been virtually flavorless. Still, I’d have preferred the zing of raspberry or blackberry, or even strawberry. Again, you have no fears of tartness interrupting a sweet and creamy, pleasant but unmemorable spoonful.

Score: **7.2/10**

\_\_\_\_\_\_\_\_\_\_\_\_\_

**OTHER SUMMER TREATS**  
*Some other pints and novelties you might find in Trader Joe's freezer bins:*

* **Globally inspired ice cream:** If you’re looking for something out of the ordinary, pick up an Ube or Horchata pint.
* **Faux Gelato:** In addition to that promising new Mascarpone & Berries version in a tub, there’s a pistachio pint still around.
* **Sorbet:** I love passion fruit, but I hear this one is aggressively tart, so give it a shot if you like sour flavors.
* **Dairy-free:** Consider the Affogato dessert with a vanilla frozen dessert and instant coffee packets. There’s also an oat milk ice cream sandwich.
* **Novelty bars:** There’s an absolute bounty right now with root beer, strawberry lemonade, mango cream, tangerine cream, pineapple-coconut and passion fruit-guava flavors.
* **Mochi:** There are a lot to choose from here, too: Versions with mango, strawberry, salted caramel, ube, black sesame and blood orange await.
* **Ice Pops:** Out of this World Ice Pops feature a mix of blueberry, strawberry and lemon. They also have packs of organic freezer pops.
* **Sandwiches:** Chocolate lovers might make a beeline toward Chocolate Macaron Ice Cream Sandwiches, or go for something a bit more traditional like the Cookies ’N Cream  sandwiches. 
* **Bites:** For something completely fresh, how about Cookie Dough Ice Cream Bites?
* **Miniatures:** If you’re like me and prefer miniatures in your novelties, I’m quite intrigued by these mini cones with flavors such as strawberry and chocolate chip.",0,1786608579.0,IceCreamHaven,0,0.5,False
1vn4k50,https://www.reddit.com/gallery/1vn4k50,Kielo Coffee in Tokyo,"Went to Kielo Coffee in Akihabara during my 10-hour layover in Tokyo. Tried their pour over and carrot cake.  
  
I'm 6 months into specialty coffee and so far I've been using aeropress explicitly at home. Tried v60 pourover there and I was surprised how acidic it was. 

I visited 'Pour and Palette' in Gurgaon when I came back and got an aeropress brew from there. That was a much more familiar taste. Boggled my mind how big the difference between v60 and aeropress brew is. Although I like little-to-no acidity, I'll get myself a v60 and experiment with it now. The more you know. :)

Bought me some beans as well. I really liked the fraction9 rum barrel aged coffee so I got something with a Brandy finish: [https://kielocoffee.jp/products/colombia-el-proceso](https://kielocoffee.jp/products/colombia-el-proceso)",15,1786608572.0,IndiaCoffee,0,1.0,False
1vn4k2q,https://www.reddit.com/r/Odd_directions/comments/1vn4k2q/a_love_story/,A Love Story,"  


*Best read with:*



*Soundtrack: Hungry Eyes - Eric Carmen*



—





Why would he care about what everyone else thought. They couldn’t understand what he felt. He found comfort in a high definition LED tv.



Every other man chose complicated, toxic relationships with humans but he found love in a 60” fully loaded 8k Sony television manufactured in 2020.





It was a rare television that had a weird quirk. An accidental quirk that impeded his life in an unexpected twist.



There had been a glitch in the motherboard, parts of it melted and fused to the tuner. The screen only displayed one loop. A loop of Nicole ""Snooki"" Polizzi from Jersey Shore.





He never forgot the moment he first fell in love with her. He was on the phone with a Sony rep trying to get an exchange, and that’s when she caught his eye for the very first time. 



The phone slid out of his hand, down the side of his face and bounced off his chest and fell on the floor while the rep was still in the middle of telling him that they have a technician out and which times would best be suited for him.



The screen displayed an image of Snooki defending herself while she was absolutely plastered and then, it cut to a scene of her on a boardwalk yelling out of a megaphone. 



And it would cut to the most wonderfully beautiful scenes of her and only her. He preferred them being alone.



It’s like the entire world cut out behind her when he looked at her, every sound went numb except for her voice when she spoke.





Their relationship went on for years. They shared a life together, he’d drink his morning coffee and she’d explain the physics of the poof hair style while downing a shot. He’d nod and write notes down on a napkin. 





Work could be exhausting for him at times, so coming home and being met by Snooki complaining about how the cook left out the pickles in her hamburger to yelling *shots*, was what he enjoyed about their relationship. 



She never argued with him, told him what to do, or that he needed to change. She just was always there looking as gorgeous as ever to him.



It didn’t take much convincing himself. He already knew. 





He bought a ring from a jewelers after work one day and finally, after three years, he made it official. He told everyone at work before asking her. He was so nervous.



A couple of months later he issued invites to close friends at work and family. The closest only.



The wedding was right there, right in his apartment living room but he wanted to invite hundreds of guests, if only he had the room for it.



He wore his best tux. Armani. The only one he had.



The Sony was freshly polished, and even dusted again a few minutes before the party arrived. She had a tiara on.



The priest called him to the entertainment stand. Everyone gathered behind them.





He spoke. “I take you,” he whispered at the television screen of Snooki taking a tequila shot. “In sickness and in health,” he said and just as he was about to drop the last two words, the tv went completely black. The motherboard had ate into the video card. 



He scrambled slamming the power button down, unplugging and plugging it in. Everyone watched in horror as he knelt by the television, hugging and praying to the ceiling to turn back on. 



But you know those Sony 8k’s.",3,1786608566.0,Odd_directions,1,1.0,False
1vn4ir6,https://www.reddit.com/r/vending/comments/1vn4ir6/whats_the_best_breakroom_setup_for_a_100_person/,What’s the best breakroom setup for a 100+ person office in Sacramento?,"For anyone working in or managing a larger Sacramento office, what type of breakroom setup do employees actually appreciate the most?

Coffee is probably the first thing that comes to mind, but I’m curious whether offices get more value from a quality coffee service, snack and drink options, a micro market, or a mix of different solutions.

For companies with a lot of people coming in every day, what setup has worked best for keeping employees happy and the breakroom well-used?

I’d love to hear from anyone who has experience with office refreshment services or has found a provider that works well for their workplace.",1,1786608438.0,vending,0,1.0,False
1vn4iat,https://www.reddit.com/r/digitalelectronics/comments/1vn4iat/whats_one_iot_device_you_bought_that_turned_out/,What’s one IoT device you bought that turned out to be completely useless?,"Smart ""IoT"" coffee mug. It constantly lost Bluetooth connection, required its own charging coaster, and ultimately just took ten minutes to wash instead of a regular mug.",1,1786608390.0,digitalelectronics,0,1.0,False
1vn4g1r,https://www.reddit.com/r/Portsmouth/comments/1vn4g1r/opening_an_account_eating_cinnamon_buns/,Opening an account eating cinnamon buns…,"Good morning, i’ve made recent posts about cinnamon buns and after support from friends and someone else on this sub i’ll be going around portsmouth rating cinnamon buns and posting my opinion on my ig account: isthisbuns

THIS IS NOT PROMO, so far the locations i have are:

Bread Addiction: Elm Grove -  
CinnaRollz Bakehouse: Albert Road - £7.50  
CrazyCrumb: Marmion Road - \~£7  
Baffled Coffee: Fawcett Road -   
Lidl: Goldsmith Avenue -   
Wenzel's: Burrfields Retail Park -  
Southsea Coffee: Osborne Road -   
Casa De Castro: Albert Road -   
Tesco Superstore: Crasswell Street -   
Baked by Sweet Tooth",6,1786608166.0,Portsmouth,3,0.69,False
1vn4fpk,https://i.redd.it/7ozq764wk3jh1.png,"Sprited three coffee machines for cozy pixel café. Planning some brewing animations for all of them, what would you add? ☕",btw first thing adding is a small steam wisp loop...,15,1786608133.0,PixelArt,4,1.0,False
1vn4ezm,https://www.reddit.com/r/WidowAndBored/comments/1vn4ezm/cant_sleep_early_morning_checkin/,☀️ Can’t Sleep / Early Morning Check-In,"

Awake early or didn’t sleep much?

You’re not alone.

This thread is for quiet morning company.

Say hi, lurk, or share something small — coffee, weather, a thought, or nothing at all.



No heavy topics. No fixing.

Just presence.



If you reply to someone, please keep it kind and low-pressure.",1,1786608068.0,WidowAndBored,0,1.0,False
1vn4e01,https://i.redd.it/nguibdptm3jh1.jpeg,Your opinion on this,"I was looking for some coffee grinder and I came across this, is anyone using it?  
Should I go for this or go for CS3  
PS- I use Delonghi dedica espresso machine",0,1786607991.0,IndiaCoffee,7,0.38,False
1vn4dty,https://i.redd.it/jru0xm9sm3jh1.jpeg,Your opinion on this,"I was looking for some coffee grinder and I came across this, is anyone using it?  
Should I go for this or go for CS3  
PS- I use Delonghi dedica espresso machine",1,1786607978.0,IndiaCoffee,0,1.0,False
1vn4dqp,https://i.redd.it/mrg1qgeqm3jh1.png,Adjective order,,2,1786607969.0,LearningEnglish,0,1.0,False
1vn4dlr,https://www.reddit.com/gallery/1vn4dlr,Help: Is this a good first machine? Looks like some DIY is required.,"I'm trying to get started buying my first coffee machine.

I've scouted out this machine on marketplace for dirt cheap, guy says it's broken but the pump (see attached) just needs to be fitted for it to work. 

It's listed for less than $200 and so I want to know if it's worth the hassle of fixing it.

Also seems like there are a couple missing or added parts? If there is anything concerning please let me know.

 Thanks guys.",2,1786607955.0,ranciliosilvia,8,1.0,False
1vn4dk2,https://i.redd.it/hl1n53ckm3jh1.png,Adjective order,,1,1786607951.0,GlobalEnglishPrep,0,1.0,False
1vn4dhg,https://www.reddit.com/r/InterviewDB/comments/1vn4dhg/mercor_swe_interview_experience_technical_phone/,Mercor SWE Interview Experience - Technical Phone Screen + Onsite Interview Questions,"Sharing a recent interview experience at Mercor.

# 30-minute technical screen

Topics covered: algorithms, mental math, code correctness, and system design. You just need to verbally discuss your approach/reasoning.

Here are the questions that got asked:

# Question 1

Given an N-element array, what’s the most inefficient way to deterministically sort the array, and what’s the complexity?

# Question 2

Interviewers verbally described this LeetCode question:

[https://leetcode.com/problems/shortest-path-in-a-grid-with-obstacles-elimination/description/](https://leetcode.com/problems/shortest-path-in-a-grid-with-obstacles-elimination/description/)

Was asked to verbally describe the optimal algorithm and why.

# Question 3

Probability-based question.

There are two coffee shops, Coffee Shop A and Coffee Shop B, that are equally good. You buy two drinks from A and two drinks from B. Each drink gets a quality score, and all four of these scores are random and independent.

What is the probability that both drinks from A are strictly better than both drinks from B? Assume ties never happen.

**Answer**

We’re looking for the combinations where both of A’s scores are strictly better than both of B’s scores.

A2 > A1 or A1 > A2, and B1 and B2 can be in any order.

That’s 2 × 2 = 4.

There are 4! = 24 possibilities.

So… 4/24 = **1/6**.

# Question 4

Given some code, critique it.

The code built a CSV in a doubly nested for loop.

**Answer**

* String concatenation in a loop is inefficient; use a list and join.
* Missing commas between cells for a valid CSV.
* No handling of special characters (commas, quotes, newlines).
* Should use the `csv` module.

# Question 5

Given some code, grok it and answer follow-up questions.

The code made a call to an external payments provider, i.e. Stripe.

**Follow-up 1**

What if the external client times out and the code retries the request? What is the failure mode?

**Answer**

The main failure mode is a double charge. If the client times out after charging but before the DB insert, retrying will create a second charge if there isn’t any idempotency.

Generate an idempotency key before the request, store it in our database, and send it over the wire.

**Follow-up 2**

Say you were designing this system. What information would you store in the data model, and what database would you choose? Justify your choice of DB.

**Answer**

The data model would consist of `payment_id`, `amount`, `currency`, `status`, `timestamp`, `idempotency_key`, `provider_charge_id`, etc.

The database needs to support strong consistency, so highly available databases like DynamoDB are a non-starter. We need to use MySQL or Postgres for their ACID guarantees.

The trade-off is scalability and availability for strong consistency.

# Question 6

Briefly describe how to prevent creating duplicate usernames under the following conditions:

Case 1 — assume you have large enough local RAM.

Case 2 — local RAM is limited, but you have a large enough disk.

# Onsite

**Algorithm round:** Same as [https://www.interviewdb.io/question/mercor?page=1&name=comparison](https://www.interviewdb.io/question/mercor?page=1&name=comparison&utm_campaign=mercor_subreddit_post). No need to write any code. Just need to verbally discuss your approach.

**System design:** Design a job scheduler.

**Coding Challenge:** Same as [https://www.interviewdb.io/question/mercor?page=1&name=pipeline](https://www.interviewdb.io/question/mercor?page=1&name=pipeline&utm_campaign=mercor_subreddit_post)

**Search interview (75-min Work Block + 15-min Review):** Same as [https://www.interviewdb.io/question/mercor?page=1&name=candidate-search](https://www.interviewdb.io/question/mercor?page=1&name=candidate-search&utm_campaign=mercor_subreddit_post). Spent the first 75-minute block using an LLM to implement the system and the last 15-minute session discussing the system design with the interviewer.",1,1786607944.0,InterviewDB,0,1.0,False
1vn4dgs,https://v.redd.it/aiuqghcmm3jh1,A hot cup of coffee and a stunning landscape view,,3,1786607942.0,natureisbeautiful,1,1.0,False
1vn4cp2,https://www.reddit.com/r/SanJoseFood/comments/1vn4cp2/what_are_bay_area_offices_doing_for_coffee_and/,What are Bay Area offices doing for coffee and snacks these days?,"For people working in larger offices around the Bay Area, what does your breakroom setup look like these days?

Do you have a full coffee station, vending machines, a micro market, or does your office just keep some basic snacks and a coffee maker around? I’m curious what setups employees actually enjoy and use regularly, especially in offices where people are coming in every day.

I’ve been looking into different office refreshment options and wondering what companies are finding useful. Has anyone here tried a local coffee, snack, vending, or breakroom service that worked well? Would love to hear what other offices are doing.",1,1786607867.0,SanJoseFood,0,1.0,False
1vn4cn2,https://v.redd.it/xuuoih3fm3jh1,"""All Hands"" — the opening number of a musical about a mandatory meeting","A musical about corporate life. The first song is literally an all-hands meeting: rumours plentiful, coffee insufficient, leadership about to sing about the journey ahead. ""I still think problems can be solved. I just kept the lights on all night long."" 

Song: https://ditto.fm/all-hands

Podcast: https://www.agenticthemusical.com",1,1786607860.0,PodcastPromoting,0,1.0,False
1vn4c4n,https://www.reddit.com/r/offmychest/comments/1vn4c4n/2026_has_been_the_most_trying_year_of_my_life_and/,2026 has been the most trying year of my life and I dunno how much hope I have left in the tank,"Right so long post warning.

Around January I noticed a build up of fluid in my legs. I went to a&e the next day and I have something called Nephrotic Syndrome right? My kidneys struggle to filter protein out of my blood properly and there's a dearth of it and too much in my piss. So from January I have been recommended to be on restricted fluids. No more than 1.5L a day (coffee, water, juice, tea whatever, all included)..I've been taking 2 pills every day and then a third one that makes me pee loads depending on how much I weigh that morning. If I weigh above X I take a diuretic and if not I skip that one. If I take the diuretic I'll be pissing lots and my weight will go down. 
Okay so that was manageable and was grand, that brings me to May. May comes around and the doctors recommend that I give up alcohol for the moment. So for the last two months I haven't had a drink 

These pills up to then were ""non specific treatments"" while they figure out what could be causing the nephrotic Syndrome. They've subsequently told me they think (not certain) it's secondary membraneous nephropathy and started me on a plan for this intravenous infusion. In the lead up to it they started me on immuno suppressors. The first dose of immunosuppressors made me really really sick, this was around June. I have IBS and so these meds just fucked my bowel and I was shitting like crazy. 

So they moved me on to another immunosuppressor after about a week. Not without my consultant making me feel crazy for wanting to come off them ""that's very unusual , I must have prescribed this medication to 100s of patients and nobody has ever reported diarrhoea as a side effects"". Even though when you look up the drug it's literally the first fucking side effect that comes up. 

Okay so they moved me to another immunosuppressor with milder side effects but ultimately the same in the end and I finally settled on a 3rd which I'm still taking.

Back in April -June I also passed blood a few times when pooing , so I had a colonoscopy and then they put me on these suppositories and that at least stopped.

Okay so I also have gotten engaged and we are moving from our rented house to our own place (not a mortgage, there's a second house owned by her parents in the mix here thank you her parents 🙌) but since telling the landlord about our imminent move he has decided to end our tenancy even though there are 2 others living in the house too. One of these two let's call her Mary had become a very close friend of mine during her time in the house (2 years) but since finding out about the tenancy closure she completely and utterly shat the fucking bed and burned all her bridges. She bossed me around telling me to tell my fiance (let's call her Jane)  to tell the landlord XYZ (she has the landlord's fucking number too), she told me I need to keep the ""line off communication open"" between the household and the landlord, even though I'M FUCKING MOVING MARY. I told her I was sorry for the bad situation but not to shoot the messenger ""I don't care about the messenger right now."" 
She accused me and my fiancé of avoiding her during this time of  uncertainty because we were going down to  the new house to move some bits around, I was attending interviews, Jane was buying a car. And when I told her we were busy she fucking scoffed at me. Then I bumped into her one day about 3 weeks ago and she was just packing her things. So she's fucking leaving, okay. She never told Jane ( also her fucking friend) about her move and then she decided to fucking move when we were at a music festival in a display most cowardly, but we were being avoidant?!?!! So then right we came back from the festival relishing the fact that she had moved out and the energy in the house would be much calmer. She then LETS HERSELF IN WITH HER OLD KEY to collect a few bits she had left there, still hasn't dropped them back. She also left 8 jars and bottles half filled with sauces and chutneys for us to clean. Her whole vibe since I met her was this hippie, emotionally tuned in, hyper aware person who often reflected on relationships and how she stood with people in an attempt to better them. But after this continued display of complete unawareness she has revealed herself to be a total fucking fraud and a self centred, delusional fucking eejit.

ON TOP OF THIS, I am a primary school teacher right?

When my illness started in January I missed 3 weeks of school and subsequently probably about 3 Fridays for appointments and stuff. I wasn't on a contract last year just a long term sub. The principal was understanding of my absences. But now since the schools closed for summer and I've been applying for jobs (had to reapply for the post in the school I just mentioned) I have been denied 5 fucking jobs. Interviews are fucking hard, but I swatted so fucking much , like seriously, memorising policies, schemes the school is involved in, like taking hours to perfect my interview. I interview fucking well. So then the interview for the school I worked in last year comes around. I had to reschedule my first infusion in the hospital in order to attend the interview and as a result was sitting in the hospital while two of my best mates were getting married. I sat with an IV in my arm for 6 hours  and was called by the old principal and was told I did not get it. All the other newly qualified teachers from last year got it. They even hired a young woman who did her placement in the school over me, she didn't have any experience and still had to do her mandatory probationary period . I really think it's because of the days I missed. They still haven't given me any feedback , not surprising because I fucking interviewed really well, what can the feedback say? It's because of my fucking absences .The worst part is , now with 4 other failed interviews under my belt, my parents and my partner are all convinced that the would-be employers are contacting that old principal who is my no.1 referee and he is telling them that I missed so much work. Which is so unfathomably, so deeply unjust and wrong and unfair.  I have another two interviews next week and I wonder if there's even point in being optimistic. Like is my old principal disclosing info about my absences to would-be employers. If he is I genuinely hope he falls down a flight of stairs. My parents think I should draft an email explaining that I really need the feedback (will be 3rd time requesting feedback from him) and asking in a non-threatening or accusatory manner if my absences/illness was a factor for not being rehired with him and if it might be a factor in me not finding success in recent interviews. But I can't muster up the bother. I struggle to get out of bed these days I'm so miserable all the time.

I'm writing this post during my second infusion in the hospital, just sitting here letting all these anxious questions and what-iffs wash over me in a malady of woe. 

Oh also with all this stress my IBS is terrible at the moment and I'm constantly having diarrhoea and I developed impetigo last week too, so there's also that.

With all that I decided to say fuck it and I had a few drinks over the last couple of weekends (not more than two in a sitting)

If you read this far, here's hoping you have a great day complete endless good karma coming your way

TLDR- Health, meds and their side effects, moving, landlord ending tenancy, ""friend"" handling tenancy ending in an exploding and accusatory manner resulting in the friendship ending, rescheduling hospital appointments to attend interviews , missing a wedding, not being able to drink alcohol and feeling disconnected from my friends, repeated and continued interview failure, anxiety about interview failure being related to my illness and absences . DEPRESSION",2,1786607811.0,offmychest,2,1.0,False
1vn4b98,https://i.redd.it/0g98zo60m3jh1.png,"RCards - Loyalty card wallet, Wear OS - Free","  
Hi everyone,



I've been building a loyalty card wallet called RCards, because I got tired of my wallet being stuffed with plastic I barely use — a supermarket here, a pharmacy there, a coffee shop, a gym.



There are plenty of apps that store loyalty cards, but each one made a trade-off I didn't love: some are payment apps with cards bolted on, some want an account before they'll show you a single card, and the feature I missed most — the right card popping up when I walk into a store — kept disappearing. So I built the wallet I actually wanted, and published it in case it's useful to someone else.



With RCards, you scan a card once (or pick it from a catalog of 1,000+ stores with logos) and it's there on your phone and your watch, ready at the checkout. It works fully offline, needs no account, and your cards stay on the device.



One thing I really wanted to avoid was turning a simple card wallet into a shopping app full of deals and tracking. It just holds your cards and gets out of the way.



You can:

• Add cards by scanning a barcode/QR or from a 1,000+ store catalog

• Search instantly and sort cards into groups with filters

• Get the right card suggested by location when you reach a store

• Show a code from your wrist with the Wear OS app

• Keep everything offline, no account, stored locally

• Back up encrypted to a file or Google Drive

• Share a card with family or friends



I'll be honest: it's a one-person project, and it's not the simplest or cheapest option out there — the free version has a small banner ad, and an optional Premium (which just covers the server that hosts the card catalog) removes it and unlocks unlimited cards, the watch app and backups. If you want the most minimal free wallet, apps like SuperCards or Catima are genuinely great. RCards' thing is having location suggestions, card groups and a Wear OS app all together.



Right now my biggest challenge is simply getting it in front of people who'd find it useful — and learning which stores are missing from the catalog.



So if you're drowning in loyalty cards and want them tidy on your phone and watch, I'd genuinely love for you to try it. And if you do, honest feedback means a lot — tell me what's confusing, what's missing, or which store you wish was in the catalog.



Try RCards:

Android: [https://play.google.com/store/apps/details?id=su.rbv.rcards&referrer=utm\_source%3Dreddit%26utm\_medium%3Dsocial%26utm\_campaign%3Ddroidappshowcase](https://play.google.com/store/apps/details?id=su.rbv.rcards&referrer=utm_source%3Dreddit%26utm_medium%3Dsocial%26utm_campaign%3Ddroidappshowcase)",1,1786607731.0,droidappshowcase,2,1.0,False
1vn4amg,https://i.redd.it/swuhr92ul3jh1.jpeg,Coffee,,1,1786607669.0,MoodCamera,0,1.0,False
1vn4a42,https://www.reddit.com/r/wordlegame/comments/1vn4a42/ugh_heartbroken/,UGH heartbroken,"It’s right after midnight where I am and I can’t sleep. I figured I’d ruin my morning coffee and wordle tomorrow and do it now!!

For a solid year I had the same start word. It did me well but with time I slightly tweaked it in a way that I felt was more efficient.

Anyways, the newest wordle is my old start word. 😭 I never got to hit it on the first time. Feeling a weirdly melancholy lol. Well, ruined my night as well as my upcoming morning! Good night everyone! When you get the wordle you can let me know if you think it’s a good start word! 😂",1,1786607619.0,wordlegame,0,1.0,False
1vn48zw,https://www.reddit.com/r/LahoreSocial/comments/1vn48zw/looking_for_an_accountabilitybodydouble_buddy/,Looking for an accountability/body-double buddy + socialising,"I’m looking for someone who’d be down to be a body double/accountability partner, and also just hang out and maybe become friends. (Women only)  
Pretty low-key: we can work or study together, keep each other on track, chat, grab coffee/food, go out, or just chill when we’re both free. I’d honestly prefer someone who’s also open to a real companionship, not just strictly accountability stuff.  
Important: please no random men messaging me, I’m not looking for that.  
Best believe I’ll be bringing a stun gun to the first meetup so dont even come at me with fake profiles. If you’re planning to fake a profile or aren’t who you say you are, don’t bother.  
If this sounds like something you’d genuinely be interested in, feel free to DM me with a little about yourself and what you’re looking for.",3,1786607508.0,LahoreSocial,3,1.0,False
1vn48to,https://www.reddit.com/r/bikepacking/comments/1vn48to/kit_list_for_my_next_co_canal_overnighter/,"Kit list for my next C&O Canal overnighter, Georgetown to Chisel Branch and back","I’m getting ready for my next one-night trip on the C&O Canal Towpath and wanted to run my updated kit list by everyone.

The plan is to start in Georgetown, ride roughly 30.5 miles to the Chisel Branch hiker-biker campsite, camp for the night, and ride the same route back the following morning, about 61 miles total.

The campsite has a picnic table, chemical toilet and well water, but the NPS lists the water as non-potable, so I’m bringing a filter. There’s no electricity at the site either.  
Compared with my last overnighter, I’ve cut some duplicate clothing and simplified the repair and charging setup.  
  
Bike  
Salsa Journeyer Apex 1   
WTB Riddler 700×38 tubeless tires   
Shimano EH500 SPD/flat pedals   
Garmin Edge 540   
Garmin Varia RTL515 rear light   
NiteRider Lumina 1000 front light   
Two Specialized Purist 26oz bottles  
  
Bags  
Ortlieb Handlebar-Pack QR 11L   
Ortlieb Seat-Pack 11L   
Ortlieb Frame-Pack Toptube 4L   
Revelate Designs Mag-Tank top-tube bag  
The sleep system goes in the handlebar bag, clothing in the seat pack, and heavier items like tools and cooking gear sit inside the frame bag.  
  
Shelter and sleep  
Durston X-Mid 1 tent   
Enlightened Equipment Revelation 30°F quilt   
Therm-a-Rest NeoAir XLite NXT sleeping pad   
Sea to Summit Aeros pillow   
Sea to Summit Ultra-Sil dry bag for the sleep system  
The pillow is obviously a comfort item, but after leaving it behind on my last trip, I decided the small weight penalty was worth it.  
  
Cooking and water  
MSR PocketRocket 2 stove   
Small isobutane canister   
TOAKS 750ml titanium pot   
Snow Peak titanium spork   
BIC Mini lighter   
Sawyer Squeeze filter   
HydraPak Seeker 2L water bag   
Nuun electrolyte tablets  
I’ll start with the two bottles full and use the HydraPak for camp water. Since the campsite well is non-potable, anything collected there will go through the Sawyer.  
  
Food  
Two PB&J sandwiches   
Mountain House meal for dinner   
Instant oatmeal and coffee for breakfast   
CLIF Bars   
Honey Stinger waffles   
Trail mix   
One emergency meal bar  
There are places to buy food along parts of the route, but I don’t want the trip to depend on store hours.  
  
Riding clothes  
Pearl Izumi Expedition bib shorts   
Patagonia Capilene Cool Daily jersey   
Darn Tough cycling socks   
Giro DND gloves   
Giro Syntax MIPS helmet   
Buff neck gaiter   
Shimano RX8 gravel shoes  
I’m only bringing one cycling kit. If it gets particularly sweaty, I’ll rinse it at camp and let it dry overnight.  
  
Packed clothing  
Patagonia R1 Air fleece   
Outdoor Research Helium rain jacket   
REI Sahara shorts   
One lightweight camp T-shirt   
One spare pair of Darn Tough socks   
One spare pair of ExOfficio underwear  
I removed the second cycling jersey, extra bib shorts and camp sandals that I carried last time but never used.  
  
Repair and maintenance  
Crankbrothers M19 multitool   
Lezyne Pocket Drive pump   
Two Pedro’s tire levers   
Dynaplug Racer Pro   
One Tubolito spare tube   
Park Tool tire boot   
Two SRAM quick links   
Small bottle of chain lube   
Spare tubeless valve and valve core   
A few zip ties   
A short wrap of Gorilla Tape   
Small cleaning rag  
I decided against carrying spare brake pads, an entire spare chain, CO₂ cartridges or a second pump. For a one-night ride this close to towns, those felt like unnecessary duplication.  
  
Electronics  
iPhone 16 with the route downloaded for offline use   
Baseus PicoGo AM52 10,000mAh magsafe  
Garmin Edge 540   
Garmin Varia RTL515   
Petzl Actik Core headlamp   
AirPods Pro for camp  
  
The AM52 is mainly there to keep the iPhone 16 and Garmin running. I use the phone for photos, weather checks and backup navigation, so it tends to lose more battery than expected when reception is inconsistent.

I previously carried a 20,000mAh power bank, but it was more capacity and weight than I needed for one night. The AM52 should be enough for this trip, and the built-in USB-C cable means one less loose cable in the electronics pouch.  
  
First aid and personal items  
Adventure Medical Kits Ultralight .3   
Leukotape   
Two blister patches   
Ibuprofen and antihistamine   
Chamois Butt’r   
Sawyer Picaridin insect repellent   
Blue Lizard SPF 50 sunscreen   
Toothbrush and travel-size toothpaste   
Wet wipes and hand sanitizer   
Small microfiber towel   
Wallet and ID   
Paper route map as a backup   
Hiplok Z Lok for short store stops   
Two trash bags  
The C&O Canal is carry-in/carry-out, so all food packaging and other trash will leave with me. 

My target is to keep the packed gear under roughly 9kg before food and water. The setup feels more organized than last time, but I’m still wondering whether the cooking system and camp T-shirt are worth carrying for a single night.

What would you remove or change? Am I missing anything important?  
Most of the brand names are included simply to show exactly what I already own.",1,1786607490.0,bikepacking,0,1.0,False
1vn48pr,https://www.reddit.com/r/puppy101/comments/1vn48pr/please_help_havanese_puppy/,Please help - Havanese puppy.,"I have recently adopted a Havanese puppy who is almost 4 months and I am struggling with it all. The toileting inside is driving me nuts!

She has access to an open balcony all day and a front garden I take her to several times a day and we go for walks 2/3 times a day and she still toilets inside 90% of the time.

I have worked out her routine of needing the toilet as soon as she wakes up so I take her out as soon as I get up (about 7am) and walk her to the balcony. She will have a wee. I then take her outside in the front garden (because she will often need another wee and poop shortly after the first one) and she won’t toilet. I used to take her for a walk at this time but found she would be too distracted by the walk that she wouldn’t toilet so now I just take her into the garden and wait around 15/20 mins until she toilets. She won’t so we return indoors. By this time I usually need to toilet myself and need a coffee and it seems when I am going to the toilet myself - she will toilet inside the house. I have tried tethering but if I need the toilet - I can’t keep her inside with me as the toilet isn’t large enough. It’s by the time I come out - she has done it already and it’s usually right by the open balcony door (but inside the house, not outside on the balcony).

I will then keep her tethered to me for most of the day apart from toilet breaks or when I need to shower and she will either hold the toilet the whole day (and yes I mean the WHOLE DAY 😩), or will wait for an opportunity of when I untether temporarily to shower or toilet myself and that’s when she will let it all out.

I have tried going out more often but it doesn’t help. Right now she has access to the balcony all day (and I leave it open overnight also however have cut her access to just my bedroom overnight as when I leave my bedroom door open for her to go to the balcony herself {something I have also seen her do}, she will use that opportunity to poop in the bathroom or the living room floor near the balcony but not outside).

Because I’ve been reading a lot about the breed and also about others who own Havanese dogs, I have understood that toileting is an issue so since I have had her I feel I have been strict about toileting and I also try and be out with her most of the day (to the point of not even being able to do what I need to do at home because I’m outside with the dog praying for her to toilet so I can do the big song/ dance and cheer; but this isn’t sustainable and I can’t be out the house 20 hours a day everyday because I’m praying for her to toilet (when she hold it and waits until we return home to the do it on the floor).

She has toileted outside before and I have given her praise and song/ dance/ new toy and she knows what to do as she will use the balcony to toilet when she is ready and when I am not home and the dog is with my kids, she will excuse herself and go to the balcony. It just seems when I’m home, she doesn’t get it.

This morning we have been up since 06:45 and went straight to the balcony. She had a wee and then I clipped her to the harness and took her to the garden - waited 20 mins and no toilet. We returned inside and went straight to the balcony. No toilet. We tethered for 10 mins until I needed to toilet so I untethered her for a moment so I could go but closed access to all rooms excluding the living room with the open balcony. I came out from the toilet and in my absence she has urinated and shat the floor near the balcony door (that is wide open).

She will of course be tethered again and we will do the back and forth between the balcony and the garden today (although I at some point need to go shopping for dinner and she can’t come) and I know the second I untether her; my house will become her toilet again.

What can I do differently?  
Please help as I am starting to feel this may not be for me anymore.

I have researched this breed for the past 2 years since deciding I wanted one. I deliberately waited until I had stopped working so I could take the much needed time to train her but I feel like this isn’t working. No matter how much we go outside she will always wait until we’re in the house. No matter what I do we go back 10 steps. Even running errands and getting stuff done is becoming impossible as I’m constantly watching the dog for if she’s going to toilet and then taking her outside.

Also adding that she has a crate but whenever she is in there she screams the whole time. I either and forced to take her out or sit right next to it the whole time she’s in there (that often can’t work as I have kids I also need to tend to). Even when I leave her to settle- she screams louder. I am so fed up.

Please help",1,1786607480.0,puppy101,3,1.0,False
1vn47xz,https://www.reddit.com/r/askSingapore/comments/1vn47xz/is_this_normal_behaviour_please_advice/,Is this normal behaviour? Please advice.,"For context, we are all sgreans. My brother-in-law, just gotten married and my MIL told us that we need to gift at least $1xxx in ang pow as cash. This is also just a church wedding with v normal buffet food - think bee hoon, fried rice, etc ( no hate, I love all of those). Mind you, the BIL is older than my husband and when it came to our wedding, she did not tell him to do that same and we did not get ang pow from him, not that we are expecting one. When he had a kid, we were told to give another $1xxx in ang pow as a blessing. Honestly, I would not have minded but ever since I got together with my husband, the BIL has been openly judgemental of me, calling me a sinner, judging the way I dress, etc. Not that I dress a certain way, just shorts and maybe a tee or a strappy dress, but who can blame me with SG weather. His family is aware of this behaviour but say nothing, although my husband does stand up for me, he is the youngest and I also don’t want to strain family ties for him. 

When we go out for dinner, it is a big group, 6 -7 pax ( his parents, the BIL and wife, plus us and now the kid), if we are hosting, we would always pay for everyone’s meals, and we go to nice restaurants. Not that we don’t mind. But not once, has he ever offered to take us out for dinner or even buy coffee, be it yakun or coffeeshop coffee, in the decade that I have known him. We don’t expect it, but it just feels very lopsided.   
His parents don’t see anything wrong with it, in fact now that he has a kid, they asked us to contribute monthly to support his kid. That’s where I drew the line though. I told them, it was their choice to have children not ours, why should we foot their expenses? I was told it’s because we have “good” jobs, they also have office jobs too! I know, if we have a child, his mother won’t ask the BIL for anything. 

It’s been really infuriating. I want to ask, is this typical singaporean Chinese family behaviour? ",36,1786607407.0,askSingapore,88,0.83,False
1vn47tr,https://i.redd.it/54jgibx1l3jh1.jpeg,would anyone care to look through my playlist and suggest?,"please rate the atmosphere of my playlist and suggest songs similar!! I’d say my goal here is to have songs that have heavy rapping and then angelic vocals and instrumentals in the background along in that very song . - example could be devon hendryx ,, SIDE NOTE i will love anyone remotely close to the kind of music dean blunt releases   
i like childhood bittersweet songs that sound as though they’re a lullaby or what it felt like to be a child,   
Songs that remind you of past times and melancholic reminiscing? ✅ Best example to me is M. by  Anil Emre.  
i like very sensoric like songs- so what i mean by that is if they have water, airy, or like it feels like to wake up in the morning for example.. dewy roses by pitcher56 and mostly wind chimes by adrianne lenker ! I like songs that truly involve you with the melody in this way  
I accept song suggestions in spanish or other languages!! 

THANK YOU FOR YOUR TIME!!!!!!! ",0,1786607394.0,songs,2,0.5,False
1vn47dy,https://www.reddit.com/r/CalgarySocialClub/comments/1vn47dy/36f_in_calgary_looking_to_make_new_friends/,36F in Calgary looking to make new friends,"Hi everyone! I’m 36F and recently moved to Calgary. I’m at a point in my life where I really want to get out more, meet new people, have fun and build a genuine friend group.

I’d love to meet other women around my age who are also interested in actually getting together rather than just chatting online 😊

I’m open to pretty much anything — coffee, brunch, dinners, walks, shopping, exploring Calgary, day trips, concerts, trying new restaurants, or just getting together for a good conversation and a laugh.

I’m a mom, but I’d also love to have friendships that aren’t exclusively kid-focused. I miss having a social life and would really like to get out and enjoy this stage of life!

If you’re also looking for new friends and would like to meet up, feel free to DM me. Maybe we can create a little group of women who are all looking to get out, have fun and make some genuine friendships. ",4,1786607346.0,CalgarySocialClub,2,1.0,False
1vn47bj,https://i.redd.it/4hdagowvk3jh1.jpeg,Tribeca Highstreet Meetup,At the tribeca starbucks for some work. Will be there for quiete sometime. M34. If anyone wants to meet. The coffee is on me!!.,3,1786607339.0,punemeetup,1,1.0,False
1vn4778,https://www.reddit.com/r/Havanese/comments/1vn4778/please_help_me_before_i_decide_to_rehome/,Please help me before I decide to rehome,"I have recently adopted a Havanese puppy who is almost 4 months and I am struggling with it all. The toileting inside is driving me nuts! 

She has access to an open balcony all day and a front garden I take her to several times a day and we go for walks 2/3 times a day and she still toilets inside 90% of the time. 

I have worked out her routine of needing the toilet as soon as she wakes up so I take her out as soon as I get up (about 7am) and walk her to the balcony. She will have a wee. I then take her outside in the front garden (because she will often need another wee and poop shortly after the first one) and she won’t toilet. I used to take her for a walk at this time but found she would be too distracted by the walk that she wouldn’t toilet so now I just take her into the garden and wait around 15/20 mins until she toilets. She won’t so we return indoors. By this time I usually need to toilet myself and need a coffee and it seems when I am going to the toilet myself - she will toilet inside the house. I have tried tethering but if I need the toilet - I can’t keep her inside with me as the toilet isn’t large enough. It’s by the time I come out - she has done it already and it’s usually right by the open balcony door (but inside the house, not outside on the balcony). 

I will then keep her tethered to me for most of the day apart from toilet breaks or when I need to shower and she will either hold the toilet the whole day (and yes I mean the WHOLE DAY 😩), or will wait for an opportunity of when I untether temporarily to shower or toilet myself and that’s when she will let it all out. 

I have tried going out more often but it doesn’t help. Right now she has access to the balcony all day (and I leave it open overnight also however have cut her access to just my bedroom overnight as when I leave my bedroom door open for her to go to the balcony herself {something I have also seen her do}, she will use that opportunity to poop in the bathroom or the living room floor near the balcony but not outside). 

Because I’ve been reading a lot about the breed and also about others who own Havanese dogs, I have understood that toileting is an issue so since I have had her I feel I have been strict about toileting and I also try and be out with her most of the day (to the point of not even being able to do what I need to do at home because I’m outside with the dog praying for her to toilet so I can do the big song/ dance and cheer; but this isn’t sustainable and I can’t be out the house 20 hours a day everyday because I’m praying for her to toilet (when she hold it and waits until we return home to the do it on the floor). 

She has toileted outside before and I have given her praise and song/ dance/ new toy and she knows what to do as she will use the balcony to toilet when she is ready and when I am not home and the dog is with my kids, she will excuse herself and go to the balcony. It just seems when I’m home, she doesn’t get it. 

This morning we have been up since 06:45 and went straight to the balcony. She had a wee and then I clipped her to the harness and took her to the garden - waited 20 mins and no toilet. We returned inside and went straight to the balcony. No toilet. We tethered for 10 mins until I needed to toilet so I untethered her for a moment so I could go but closed access to all rooms excluding the living room with the open balcony. I came out from the toilet and in my absence she has urinated and shat the floor near the balcony door (that is wide open). 

She will of course be tethered again and we will do the back and forth between the balcony and the garden today (although I at some point need to go shopping for dinner and she can’t come) and I know the second I untether her; my house will become her toilet again. 

What can I do differently?   
Please help as I am starting to feel this may not be for me anymore. 

I have researched this breed for the past 2 years since deciding I wanted one. I deliberately waited until I had stopped working so I could take the much needed time to train her but I feel like this isn’t working. No matter how much we go outside she will always wait until we’re in the house. No matter what I do we go back 10 steps. Even running errands and getting stuff done is becoming impossible as I’m constantly watching the dog for if she’s going to toilet and then taking her outside. 

Please help ",0,1786607328.0,Havanese,6,0.5,False
1vn46o8,https://www.reddit.com/gallery/1vn46o8,Phone 3 or 4a | Best buy?,"Both 12 / 256 

Priced - 

₹44k phone 3

₹40k phone 4a

Suggestions from users are greatly appreciated.

Thanks. ",5,1786607275.0,NothingTech,15,1.0,False
1vn455n,https://www.reddit.com/r/LibraryofBabel/comments/1vn455n/crazy_what_some_dudes_will_marry/,"Crazy, What Some Dudes Will Marry.","Why would he care about what everyone else thought. They couldn’t understand what he felt. He found comfort in a high definition LED tv.

Every other man chose complicated, toxic relationships with humans but he found love in a 60” fully loaded 8k Sony television manufactured in 2020.

It was a rare television that had a weird quirk. An accidental quirk that impeded his life in an unexpected twist.

There had been a glitch in the motherboard, parts of it melted and fused to the tuner. The screen only displayed one loop. A loop of Nicole ""Snooki"" Polizzi from Jersey Shore.

He never forgot the moment he first fell in love with her. He was on the phone with a Sony rep trying to get an exchange, and that’s when she caught his eye for the very first time. 

The phone slid out of his hand, down the side of his face and bounced off his chest and fell on the floor while the rep was still in the middle of telling him that they have a technician out and which times would best be suited for him.

The screen displayed an image of Snooki defending herself while she was absolutely plastered and then, it cut to a scene of her on a boardwalk yelling out of a megaphone. 

And it would cut to the most wonderfully beautiful scenes of her and only her. He preferred them being alone.

It’s like the entire world cut out behind her when he looked at her, every sound went numb except for her voice when she spoke.

Their relationship went on for years. They shared a life together, he’d drink his morning coffee and she’d explain the physics of the poof hair style while downing a shot. He’d nod and write notes down on a napkin. 

Work could be exhausting for him at times, so coming home and being met by Snooki complaining about how the cook left out the pickles in her hamburger to yelling *shots*, was what he enjoyed about their relationship. 

She never argued with him, told him what to do, or that he needed to change. She just was always there looking as gorgeous as ever to him.

It didn’t take much convincing himself. He already knew. 

He bought a ring from a jewelers after work one day and finally, after three years, he made it official. He told everyone at work before asking her. He was so nervous.

A couple of months later he issued invites to close friends at work and family. The closest only.

The wedding was right there, right in his apartment living room but he wanted to invite hundreds of guests, if only he had the room for it.

He wore his best tux. Armani. The only one he had.

The Sony was freshly polished, and even dusted again a few minutes before the party arrived. She had a tiara on.

The priest called him to the entertainment stand. Everyone gathered behind them.

He spoke. “I take you,” he whispered at the television screen of Snooki taking a tequila shot. “In sickness and in health,” he said and just as he was about to drop the last two words, the tv went completely black. The motherboard had ate into the video card. 

He scrambled slamming the power button down, unplugging and plugging it in. Everyone watched in horror as he knelt by the television, hugging and praying to the ceiling to turn back on. 

But you know those Sony 8k’s.",1,1786607124.0,LibraryofBabel,0,1.0,False
1vn44ws,https://www.reddit.com/r/greenmanfestival/comments/1vn44ws/what_is_green_man_like_in_the_rain/,What is green man like in the rain),"I went last year and had the most amazing time and it was glorious sun. Waking up, coffee, stroll to the rising stage, stand with the sun beaming and beautiful music to wake me up.  
   
This year isn’t looking great yet weather wise. Someone who’s been on a rainy year, tell me why I shouldn’t be worried ? ",2,1786607099.0,greenmanfestival,8,1.0,False
1vn42t0,https://i.redd.it/f28jobdej3jh1.jpeg,My first shundo,"I don't play as much these day but thought I'd play a bit while my coffee brewed this morning and got my first shundo. Pretty happy with it.

Edit: Have since read this was a 100% hundo chance? This isn't as special as I initially thought!",4,1786606890.0,pokemongo,1,0.7,False
1vn42g1,https://www.reddit.com/r/MumbaiDates/comments/1vn42g1/27m_not_looking_to_collect_conversations_looking/,27M | Not looking to collect conversations | Looking for one real one,"**27M 6’1” (185 cm) from New Delhi**  
Currently living and working in Bangalore  
• Graduated from IIT  
• Software Engineer at a FAANG company working for 3+ years  
• Compensation: 70+ LPA  
• Have a job offer from the USA and open to relocating  
• Speak English Hindi and Punjabi  
• Non-smoker and non-drinker  
• Open-minded easygoing and soft-spoken  
• Long silky hair  
• Family-oriented and value close relationships

**A little about me:**

I’m a 27 year-old software engineer originally from New Delhi currently working in Bangalore I’ve been working in software engineering for over three years and have built a stable career for myself

Outside of work I’m someone who enjoys a mix of simple and meaningful things I love music especially singing and playing the guitar I enjoy travelling and discovering new places whenever I get the chance and cooking is something I genuinely enjoy because it helps me relax and unwind

I’m generally easygoing and soft-spoken I value good conversations honesty loyalty and mutual effort and I believe that the best relationships develop naturally when two people are comfortable being themselves around each other

**Hobbies & interests:**

• Music  
• Singing  
• Playing guitar  
• Cooking  
• Travelling  
• Exploring new places  
• Meaningful conversations  
• Spending quality time with someone I care about

I’d also love to meet someone who has her own interests passions and personality We don’t have to enjoy all the same things I actually think it’s more interesting when two people can introduce each other to different experiences and learn from each other

**About distance:**

I’m originally from New Delhi and currently based in Bangalore but I’m not particularly tied to one city

I also have a job offer from the USA so relocating there is absolutely an option for me At the same time if my future partner prefers to settle in India I’m equally comfortable with that I’m flexible about where we eventually build our life together — what matters much more to me is the person I’m building it with

I’m completely open to starting long-distance if the connection feels genuine That said I wouldn’t want a relationship to remain long-distance indefinitely If things become serious between us I’d eventually want us to figure out a realistic way to be in the same city and build a life together offline as well

So location isn’t really a dealbreaker for me the right person matters more than the place

**When it comes to relationships:**

I’m looking for something meaningful and long-term rather than casual dating or something temporary

I value kindness honesty loyalty emotional maturity communication and genuine effort I believe a good relationship should feel like two people supporting each other growing together and being there for each other through both the good and difficult times

I’m not looking to rush into anything just for the sake of being in a relationship I’d rather take the time to genuinely know someone understand each other’s personalities values and future goals and then see where things naturally go

For me a relationship can be built through simple things — talking about our day sharing stories grabbing coffee cooking together travelling somewhere new having meaningful conversations or simply enjoying each other’s company

**What I’m looking for:**

I’m looking to connect with someone between **21 and 30** who is kind genuine emotionally mature and values honesty trust and mutual effort

I don’t have a strict preference regarding location Hindi or English is preferred but I’m open to anyone if we connect well

I’m ultimately looking for someone with whom I can build a genuine stable and lifelong relationship If we get along share similar values and feel that we’re compatible I’d be happy to take things forward seriously

I’m not here for casual chats or timepass so I’d genuinely appreciate the same sincerity and effort from the other side

For mutual trust and safety I’m also completely comfortable verifying myself through LinkedIn or another platform we’re both comfortable using

If this resonates with you and you’re genuinely interested in getting to know each other feel free to DM",0,1786606851.0,MumbaiDates,2,0.5,False
1vn41z1,/r/IndiaCoffee/comments/1vn40fe/smoodh_coffee_frappe_flavour_urgent_requirement/,Please find smoodh coffee frappe flavour,,1,1786606805.0,energydrinks,0,1.0,False
1vn41oz,https://www.reddit.com/r/pourover/comments/1vn41oz/back_to_basic_fundamentals/,Back to basic fundamentals,"After diving deep into pour overs for the last two years, I recently went back to basics and brewed a much more enjoyable cup than anything I’ve had lately.

Like many of you, I’m into fruity Ethiopian flavors. I’ve stopped buying the heavily processed coffees (carbonic maceration, thermal shock, etc) after it came out that pretty much all those types of coffees coming out of Colombia have undeclared flavorings added, and I just don’t want that, and I can’t assume the issue is limited to Colombia.

Over the last two years, I’ve started from a Hoffmann 5 pour recipe and improved and iterated and experimented and added gear along the way. I’ve learned that if I can shorten my brew time, I can extract the acids and sugars but limit the amount of bitter compounds. My gear is designed to increase flow speed, with fast drawdown droppers, fast papers, and a ZP6 which grinds so uniformly that water flows without clogging. I use a nucleus paragon to chill the first portion of the coffee to lock in more of the acids rather than letting them escape with the steam. 

It got to a point where I started being unable to slow the coffee down. Some coffees brewed in 1:45, and I couldn’t do anything to slow the brew down. I started getting extremely fruity notes, but sour rather than sweet because I was underextracting and not even getting any sugars. 

I recently went back to basics. I kept the ZP6, but went back to Abaca+ papers (I had been using Abaca), and went back to a Hoffmann 5 pour recipe (I had been doing bloom + 2 main pours). I had to adjust my grind slightly finer (which is not helping to slow the brew time), and I kept my droppers the same (I use V60 and Crystal Eye).

The result was back to 2:45 brew times, and absolutely delicious coffee (I also still use the paragon, but results are noticeably better even without it).

My coffee is fruitier, juicier, and significantly more enjoyable than it has been in a long time. 

Just wanted to share my experience - thanks for reading and would love to hear from others.",1,1786606776.0,pourover,1,0.67,False
1vn41ld,https://i.redd.it/fmxwibk6j3jh1.jpeg,Thoughts on this Dunkin Donuts ranking,Found it [on Facebook](https://www.facebook.com/share/p/1DVbkmx3X1/). Do you agree? I personally think Butternut and Bavarian should be higher. ,3,1786606766.0,AnongThoughtsMo,26,0.72,False
1vn41fl,/r/IndiaCoffee/comments/1vn40fe/smoodh_coffee_frappe_flavour_urgent_requirement/,Please find smoodh coffee frappe flavour,,2,1786606750.0,mokapot,0,1.0,False
1vn414f,https://www.reddit.com/r/AFAMph/comments/1vn414f/english_frenchaustralian_lf_for_travel_partners/,[English] French/Australian LF for Travel Partners and long term 🫶,"Mabuhay, i am posting so I can meet people.. I am French, settled in NSW.                                                                                                   
I like to watch Netflix series and I'm an avid fan of Stranger Things. One more thing, I'm a coffee addict, making my own brew. Hoping to find another addiction 😉

I'm looking for people to spend vibe with. Maybe you can show me your favorite spots or some nice trips. I’m down to get to know anyone to explore new horizons! 😄

Hit me up...I don't bite 😉 See you in my inbox! ♡",1,1786606719.0,AFAMph,0,0.67,False
1vn40kb,https://www.reddit.com/r/coffeestations/comments/1vn40kb/best_coffee_creamers_for_new_coffee_drinkers/,Best coffee creamers for new coffee drinkers?!,"I love the smell of coffee, but I have never really liked the taste. I’ve never really needed the extra caffeine so it’s never really been a problem. I recently had a baby and I’m trying to get into drinking coffee to help me stay awake. Any advice on how to make coffee more tasty? What’s the best creamer to use? TIA!",1,1786606664.0,coffeestations,1,1.0,False
1vn40h0,https://www.reddit.com/r/dormrooms/comments/1vn40h0/trying_to_buy_dorm_stuff_on_a_budget_is_impossible/,Trying to buy dorm stuff on a budget is impossible,"I’m buying most of the stuff myself and it’s genuinely so stressful. I feel like I have absolutely nothing and trying to find stuff that won’t cost a lot is seriously exhausting. I have looked everywhere for stuff and everything is so expensive. My grad present was a coffee maker and of course I’m grateful for that but now I have to try to find something to put the coffee pods in and for some reason those are also super expensive. 😭   
I also have a single so that means buying bathroom stuff too. ",1,1786606655.0,dormrooms,3,1.0,False
1vn40fe,https://www.reddit.com/r/IndiaCoffee/comments/1vn40fe/smoodh_coffee_frappe_flavour_urgent_requirement/,Smoodh coffee frappe flavour- urgent requirement!!!,Can somebody find me smoodh coffee frappe flavour???? I have been trying since long and not able to find it anywhere- it is available in your region-pleasee dm 🙏🙏,1,1786606650.0,IndiaCoffee,0,1.0,False
1vn3zi6,https://www.reddit.com/gallery/1vn3zi6,"Welcome to Surabaya: Indonesia’s Modern, Authentic ""City of Heroes"" 🐊🦈","When people think of Indonesia, their minds usually jump straight to the beaches of Bali or the sprawling concrete jungle of Jakarta. But nestled on the eastern coast of Java lies **Surabaya**—Indonesia’s vibrant second-largest city and one of Southeast Asia's best-kept secrets for expats, international students, and travelers.

Known affectionately as *Kota Pahlawan* (The City of Heroes), Surabaya is a place where high-tech modern infrastructure, massive shopping districts, and lush urban parks blend smoothly with rich Javanese heritage and incredible local warmth.

If you’re new here, welcome! Here is a quick introduction to what makes Surabaya special.

# 📍 Quick Facts at a Glance

* **The Name:** ""Surabaya"" comes from the local folklore of the **Suro** (Shark) and **Boyo** (Crocodile), symbolizing courage and combat.
* **The Vibe:** Surprisingly green, remarkably clean, modern, and authentically Indonesian. It lacks the intense tourist traps of Bali and the endless gridlock of Jakarta.
* **Cost of Living:** Exceptionally reasonable. Rent, high-end dining, and daily living cost significantly less than in Jakarta or major international hubs.

# 🏙️ Neighborhood Breakdown: Where to Live & Explore

Surabaya is vast, but most activity for foreigners, expats, and students centers around three main zones:

* **West Surabaya (*****Surabaya Barat*****):** The modern, expat-favorite hub. Home to gated communities (CitraLand, Pakuwon), international schools, golf courses, and *Pakuwon Mall* (one of the largest shopping centers in Southeast Asia).
* **Central Surabaya (*****Surabaya Pusat*****):** The historical and commercial heart. Think wide tree-lined boulevards, colonial landmarks, bustling business districts, and the iconic *Jalan Tunjungan*—a lively street packed with heritage architecture, craft coffee shops, and night energy.
* **East Surabaya (*****Surabaya Timur*****):** The student and residential hub. Home to top higher education institutions like Universitas Airlangga (UNAIR) and Institut Teknologi Sepuluh Nopember (ITS). It's energetic, budget-friendly, and filled with modern *Kost Exclusives* (serviced rooms) and laptop-friendly cafes.

# 🍜 The Food Scene: Bold & Unforgettable

Surabayans take their food seriously. The city is famous for rich, savory flavors that you won't find anywhere else:

* **Rawon:** A rich, pitch-black beef soup flavored with the aromatic *keluak* nut. It is regularly ranked among the best soup dishes in the world.
* **Tahu Tek & Rujak Cingur:** Local street food staples featuring fried tofu, rice cakes, and savory peanut sauce.
* **Café Culture:** Surabaya has one of the best café and specialty coffee scenes in Indonesia. Whether you need fast Wi-Fi to work remotely or a cozy spot to study, you'll find world-class coffee on almost every block.

# 🌋 The Ultimate Gateway to East Java

Living in or visiting Surabaya means having some of the world's most incredible natural wonders right in your backyard. The city serves as the main transit hub for:

* **Mount Bromo:** The iconic volcanic landscape, just a 2.5-hour drive away.
* **Ijen Crater:** Famous for its electric-blue fire and acid lake.
* **Malang & Batu:** Cool mountain towns full of waterfalls, theme parks, and apple orchards just an hour south via train.

# 🤝 Welcome to the Community!

Whether you’re moving here for work, studying at a local university, looking for advice on finding accommodation, or just passing through on a travel itinerary, r/TravelingtoSurabaya is your hub.

**Drop a comment below and introduce yourself:** Are you already living in Surabaya, or are you planning a trip here soon? Let us know what brings you to the City of Heroes! 👇",1,1786606553.0,TraveltoSurabaya,0,1.0,False
1vn3yqf,https://www.reddit.com/r/SpecialtyCoffee/comments/1vn3yqf/best_coffee_creamers_for_new_coffee_drinkers/,Best coffee creamers for new coffee drinkers?!,"I love the smell of coffee, but I have never really liked the taste. I’ve never really needed the extra caffeine so it’s never really been a problem. I recently had a baby and I’m trying to get into drinking coffee to help me stay awake. Any advice on how to make coffee more tasty? What’s the best creamer to use? TIA!",1,1786606476.0,SpecialtyCoffee,1,1.0,False
1vn3y2r,https://www.reddit.com/r/u_Drahcireid/comments/1vn3y2r/karen_wants_something_we_dont_carry/,Karen wants something we DON'T carry,"I would say that working retail is equivalent to the Torment of Lazarus (if you don't know, Google it). You can't change my mind.

I worked in the Dairy section most of my time there, and as such if you named a brand of anything within the diary department, I could tell you exactly where it was. Depending on the brand you might need to be a little more specific. After all, Land O' Lakes has something in butter, eggs, coffee creamer, yogurt, string cheese, shredded cheese, sliced cheese, block cheese. Now in walks Karen, with the attitude we all know too well. She comes up to me asking after a certain brand of yogurt.

Karen: ""Excuse me, do you have yogurt (brand I never even heard of).""

Me: ""Sorry, I've never heard of that brand before.

Karen: ""Spelling. Brand. Every. Single. Letter."" Treating me like an absolute moron who didn't hear what she said before.

Me: \*Returning Karen's attitude in kind\* ""I. Have never. Heard. Of it."" I then walked away from her in order to continue with my job.

The next day, I started early. First few minutes of my shift, the lights are on but no body is home, since I just woke up and barely started my shift, my body is just moving on auto pilot. And wouldn't you know, the first person to run up and ask me a question, is the same Karen from the previous day. And wouldn't you know it, she decides to ask the same exact question as though I hadn't given her an answer before.

Karen: ""Excuse me, do you have yogurt (brand name)?""

Me: ""I've never heard of that..."" in that split second, the realization washed over me that she was next to me less than 24 hours ago, asking the same exact question and I just gave her the same exact answer.

Karen: ""WeLl ThEy HaVe It At KiNg SoOpErS!""

Me: \*returning her attitude in kind once again\* ""WeLcOmE tO wAlMaRt!""

I then turned aournd and continued my stocking of the shelves. Seriously, what is the problem with Karens that they can't accept an answer. Or that they think the next day will somehow be different. Get a freaking clue already! ",1,1786606409.0,u_Drahcireid,0,1.0,False
1vn3y1i,https://www.reddit.com/r/AmIBeingTooSensitive/comments/1vn3y1i/am_i_being_too_sensitive_lost_friendship_due_to_a/,Am I being too sensitive?- lost friendship due to a new relationship.,"Hi guys! just wanted to post this because I’ve been nonstop thinking about this and my ability to understand perspective can be a little off.

this is super long because I feel like it needs the explanation.  
So, first I wanted to preface that roughly my entire life I dealt with an intensely negative mindset revolving misandry. I judged men as a whole as opposed to understanding them. I was male centered in the sense I spent time being mean and invalidating them and believing women are superior due to social media and my own experiences. Now, I am a feminist that believes in 100% equality, does not center men in that sense, and doesn’t just hate the opposite gender. what’s wrong is wrong no matter what’s in your pants.

I have been working at my job for about a year and a half. It’s a big company. I meet over 300+ people (customers) daily and theres roughly 600 employees. I won’t be saying what kind of company I work for.

I work with mostly women. I get along with a lot of them. At the beginning of last year, around April I made a friend. I’ll call her Danielle. We worked together the same time, super late night, and we talked a lot. Looking back her and I didn’t have much in common. She loves anime and I don’t. Her obsession with working out and undermining my love for yoga. Everytime I ate anything, she would look at me with disgust. One time I had a piece of gum and she refused to chew it due to it having 5 calories. “my gum is zero and sugar free I won’t like yours.” I had called out of work to travel multiple hours to see her compete in weight-lifting. I listened to her and called her every single day. We would FaceTime constantly. EVERY DAY.

We live about 45 minutes apart. But, our job is in the middle of one another. Around the end of 2025 (maybe September) she has changed her work time to super early in the morning. I left work around 3am every morning and she’d start around 6 am so I wasn’t able to see her. Even with us working the same shift and being friends for the amount of time we were, I had hung out with her less than ten times in outside of work. Once she moved shifts I only saw her a few times, and that was when I worked graveyard.

During our friendship she would get really mad at me for things. The first weird instance I noticed was when we traveled together to the beach. We went with 2 other people and hung out the whole day. this beach had an arcade and we had a super fun time. But, a woman came to us and asked to watch her laptop. She was charging it and after a while had passed, id say about an hour. I was resting my hand near her laptop and this lady comes up right next to my face and yells “don’t touch my shit!” me being me, I’m not very confrontational because when I am I want to physically fight. Unfortunately she had a pool cue in her hand since she was playing pool not too far from us so I assumed she was going to hit me so I stood up super tall and screamed back. I was so insanely mad i grabbed Danielles coffee and threw it at this woman. I found out later unfortunately she was homeless (I’m pretty sure she had a bunch of stuff around her). But, after the screaming match I went outside and cried. During this time, I told Danielle I was outside and she claimed she was looking for me. after about 20 minutes I called her and she denied the call. I had to call her friend we were with and he said she didn’t want to talk to me. I waited outside for about an hour and she was still super upset. He ended up driving me home because we had 2 cars. he told me she had second hand embarrassment and was upset with me. She didn’t talk to me for a couple days until I called her and pretended everything was okay. I did apologize to her and say it wouldn’t happen again. But then my manager came up to me and said “I hear you Tried to fight a homeless lady” I said ???? “Did she even tell you what happened” and he said no. It seemed like she just wanted me to look like i did it unprovoked. I didn’t.

another time I was having a convo with a customer. I told him I was going to help my friend move from one city to another the next day. I was excited for her because she was in a bad home situation. But I didnt say anything about her name, what area of these cities, or anything just a quick “yeah I get to help my friend move from this city to the other one” she came up to me and he said “are u the friend she’s helping move tomorrow” and she stormed off. She had told me later it was super weird of me and I was super confused. My response was “I’m sorry but I didn’t tell him anything personal. I wasn’t thinking about it and I’m sorry.” She didn’t talk to me for about a week at that time. I’ve been stalked about three times. I know the severity of men knowing where you live but I promise I didn’t say anything to expose her. but that one I get and I didn’t do it again after that.

The other time something weird happened was, I used to work grave yard before I was able to work until 3am. At this point she had moved to earlier in the morning, but I was working until 7am at this point in our friendship. She had a concert this specific day. We didn’t clarify what city it was in or what time she wanted me over her house but she understood I dont get off of work until 7am. Home at 8am (long process to leave)  She had asked me to do her makeup but to use something of mine because she didn’t have any eyeshadow. I used my last $100 to get a new pallete for her to use. I understood she’s a super big Germaphobe so I knew she’d refuse a used one. I FaceTimed her showing her which one she wanted and then I’d just use it for myself later. I’m more so of an eyeliner and brown shadow girly so I was like okay this will give me an opportunity to try out makeup. I went to work, worked the 8 hour shift until 7am, got home around 8, stayed up until about 10 and set my alarm for 6pm. I told her I was falling asleep around 10am and I’ll call her when I wake up. During this time she texted me around 12pm to head over. remember the drive there is about 45 minutes. In my head concerts are late so I thought 6pm would’ve worked. But I guess I was wrong because I woke up to my alarm and texted her right away. i checked her location right after and she was already leaving. I called her and no response. i texted her again and said “I see you left already I’ll talk to u soon!” She didn’t text me back for a week. I told myself don’t call her first don’t text again. She saw me at work for the first time and just smiled at me and continued her convo. No words to me. After a few days she said “ignoring me?” I looked at her and said ”you’re mad at me??” She replied “no I’m not” and I was like oh okay and we talked. I was super confused but she said I need to stop assuming she’s always mad at me. But it’s whatever at this point.

So, here’s the part where my current boyfriend and I come in. I may be considered the bad guy in this.

i started my job like I said March 2025. I met my now boyfriend there. he works closely with me and the other girls. He helps us clean and set us up for success. During this time working there, since he worked there a while before I did, his way to make tips was the be extremely flirty with the women. They’d always tip him a ton. He would call every woman beautiful. He was especially flirty with Danielle. her And I at this point werent friends until like I said April 2025. I would see them flirt a lot but he did it with everybody. as soon as we became friends she told me it was strictly friends and he did that with everybody. during my first few months there, i wasnt liked. It’s happened everywhere I go. I’ve been called a ton of mean names. Even if they had never had a conversation with me I was always assumed to be easy, mean, weird, whatever it was. all assumptions. maybe I have bad energy. Maybe I’m just super tall and people dont like it but it is what it is. I found out recently that Danielle told the girls that I had told her I thought I was prettier than everybody and that’s why they hate me. this was very early in our friendship which made people not like me even more. I didn’t know this for an entire year. At this point I had the biggest crush on my current boyfriend, Blaine. But, he tried his best to avoid me. He had a girlfriend at the time that did not work with us. I was constantly flirting with him, being pretty sexually advanced and then found out about his girlfriend and tried to stop but for some reason I couldn’t. And that is what the problem was.

now that we’re together he told me how abusive to him she was. She’d hit him, break things, lock him out of his room, tell him how ugly he is, and she never worked or cleaned or cooked. since she was severely overweight she was constantly tired. She was so incredibly mean to him but at work he’d tell me “yeah we’re good” and never expose anything about them at home. So, during this entire time at my job I’m telling Danielle how much I like him but it’s bad because he has a girlfriend. it was also bad because when we were alone he’d ask me “in real life would you date me” and tell me how beautiful I am. But in front of people, even Danielle he’d be mean to me. He called me annoying, like “wheres she at so I can avoid her” and then come find me to talk to me. He told me recently it was because he didn’t want to seem bad because he had a girlfriend and didn’t want the girls to talk bad about us but he did like me. him and I flirted so much and I began to fall in love with him around last september. I’m not a crush girly. I am severely independent. I am educated. And my job is somewhere that appearance is super important to make money. I have had so many opportunities to date men but I didn’t want to. I just had this huge crush on him no matter what. So, him and his girlfriend break up in November. He still had not told me. He didn’t let me know they were broken up until January of this year. Him and I got way closer than normal and I knew that I was in love with him 100% around December and we hadn’t even kissed or texted. I would update Danielle constantly. Tell her how much I liked him. she would tell me it’s probably due to close proximity and it’s not that serious. I told him my feelings and he didn’t believe me because he thought him being mean to me would push me away. I don’t know why and can’t explain it but my body needed him. I still can’t tell anybody why. he told me when he first saw me his entire body rattled. weve had this weird relationship for a while before dating. but, even with this he’d tell Danielle she’s beautiful, and other girls too. I would do the same back to him, flirt with my manager, in front of him with customers and it would make him so upset. but he obviously couldnt tell me the truth.

january rolls around and he tells me the truth. he tells me how much he’s liked me and he’s now single. He expressed that he wants to try things out with me and my entire heart exploded. the end of January he comes to my house and we tell each other we love eachother. that morning before she goes to work I FaceTime her and show her he’s with me. her eyes got super wide and she told me she was super surprised. During this time I had kept facetiming her but I’d talk about him a lot. I could tell she was getting irritated when I would so I stopped doing it. If she asked me how my day was I’d say “oh Blaine and I..” but I tried to keep it to a minimum because I could tell it wasnt what she wanted to hear so I stopped.

I told her that we planned to go to Disneyland. I told her I wanted to break up with him soon though because his ex claimed to be pregnant and didn’t want to deal with it. But I was so deep into the feelings and relationship I got super sad thinking about it. My plan was to go to Disney and to break up after, and he knew about it. We loved eachother so much to even experience each other was a blessing. I’ve only been with men who either hit me or cheat on me. This man has been nothing but sweet, kind, and giving. He doesn’t ever let me touch a bill, a door handle, and he never makes me confused. Obviously the flirting is at zero with other girls now and he’s super loud with his love for me. We went to Disney and he asked me to be his girlfriend and I folded. I said yes. We are still together now which has been the best experience of my life. To be treated with so much kindness and the communication we have, it’s so beautiful and I absolutely love him more than I’ve loved anybody.

i noticed that during February she would say comments “you’re going to leave him anyways?” “You spend every single day with him? etc etc. her annoyance grew more. I was severely confused and we’d banter back and forth but I could hear the difference in our friendship. she also, at her age, never has experienced a relationship before. ever. She had never had a boyfriend and told me “maybe I’m too ugly for a boyfriend” yall she is beautiful and she was told that constantly.

Before we left to Disney I told her I’d be gone for five days and won’t be calling her during this time. As soon as we’re driving back i texted her. She didn’t reply for the entire day. She answered the next day but only after i FaceTimed her. I told her I was a girlfriend officially and she was like “that’s good.”

keep in mind we had not hung out since the previous year. It’s been months but I’m still FaceTiming her everyyyyday.

so I had told her, let’s go for matcha. I don’t like matcha. Can’t do it. But id get a coffee. Our job told us to go in Person for a meeting. it was a perfect time to hang out. I could meet her for the meeting but before we go to a cafe and then go home since I had to work that day. two days prior to this meeting my boyfriend gets insanely sick. he was shot a few years prior and his iron def can not be managed with pills he can only get infusions. but, he was rushed to the hospital and he was going to need surgery. We found out later he had an ulcer. I canceled on her because he was in the hospital and needed to stay with him. she was obviously upset. Blaine told me “no I’ll be fine just go with her you haven’t seen her.” I told him, okay. the day of his surgery we get notified the meeting is canceled. I’m on FaceTime with her and say “do you still wanna go get matcha?” And she said “nah im super tired.” And I said ??? Okay no problem. At this point my boyfriend’s out of surgery. I had to get ready for work now. I’m not super upset but I wanted to be there when he woke up. I felt like it was on her part super selfish. I had been crying for the past 2 days worried sick about him. If it had been her I would’ve canceled on him. But I let it go. After everything I realized that she didnt really ever call me. I was always the one calling her. I tested the theory out. Around mid March I told myself “don’t call her. Wait until she calls me first.” i haven’t talked to her since then. i got a missed call from her maybe a week after i stopped facetiming first. i called back a few minutes later, and no answer. I texted her again, no answer.

My mom’s death anniversary is April 12th. I decided to celebrate my mom’s life that day. I invited a bunch of girls so we could all hang out to distract me. a ton of girls came and it was super beautiful and sweet. I also invited danielle. I made it at a time for her to come celebrate. i texted her this paragraph that I’d love for her to come and I miss her. I never received a response. I never even got a no. That was it. I got drunk that night and blocked her number and removed her as a follower on instagram. I found out later my other friend asked if shed come and she said no she’s upset with me. Apparently she said that it’s weird that a year ago I hated men and now I’m sooo in love with Blaine. All I do is spend time with him. I remind her of her sister who did her super dirty when I don’t believe I did. I don’t know. I haven’t heard her talk bad about me. And maybe she has a different perspective than I do. But I miss her a ton. even after finding out what she told other people when I first started, and even after everything else, I pray for her and wish nothing but the best. I was very emotional over this for months but now I’m more so confused. I would understand if we hung out everyday and then I just stopped but we hadn’t seen each other in such a long time.

idk. Am I too emotional? am I wrong? idk what I did. maybe perceive me so I can be told the truth. ",1,1786606405.0,AmIBeingTooSensitive,0,1.0,False
1vn3xvl,https://i.redd.it/4m27c832i3jh1.jpeg,"Indulge me, is this a generational divide?","Came across this on FB. I'm assuming a younger person made this. What do you think? 

Found it [here](https://www.facebook.com/share/p/1DVbkmx3X1/).",9,1786606388.0,kwarentahin,38,0.8,False
1vn3xop,https://i.redd.it/3wem3560i3jh1.jpeg,Scary cop story time 👮‍♂️,"Before anyone says anything, yes my friend has already ragged on my outfit for wearing a dress shirt and khakis with a hoodie and slides at 1 o’clock at night like pick a fucking struggle I get it.

Anyways, I was talking with my buddy and I decided I wanted to go to a vape shop and pick up some stuff. I’ve never really been a smoker and if anything I’m hundreds of days sober, but I kind of wanted to just vibe with my buddy so the only place open at this time of night was about a 26 minute ride down the road.

Well I got there and I got 🆔 checked and wasted my time and gas all for nothing. I can’t lie, though. I was just shooting shit with my buddy on the phone Vibin at the dead streets of a normally busy town with a bunch of neon lights all around me. I actually decided since I was already out. I was just gonna go to a gas station and get some snacks and just go home.

I really wanna clarify when I was talking with my friend. We were just sending voice memos on Snapchat back-and-forth because I have a theory that I will say at the end why that’s so important.

Anyways, I remembered there was a vape shop in the area that I was in so I took a turn and got really sketched out because there was a bunch of cars there and people and hoodies at the store and it was also closed so I wasn’t getting anything anyways. 

All the people there started looking at me and they were 100% dope heads. Let’s just say and I mean this in the most respectful way possible a white kid in church clothes with slide ons no weapons in my truck wasn’t gonna wave at these drug dealing looking scary ass motherfuckers.

Well, I have to turn around and I’m completely lost at this point because I was down a road that I didn’t really know where shit was at. Well I finally found my way back to the main road and I was going pretty slow because I didn’t really know the speed limit because around there it’s usually 45 instead of 55 so I just went 40.

Well, I was texting my friend until I realized there was a man behind me flashing his lights at me and I wanna keep it 100%. I don’t care if people judge me there’s nothing good happening at two or 3 AM in the morning with random people at night. 

I told my friend I was gonna test this guy and I switched lanes twice and each time he started following me and he just kept flashing his lights at me trying to fucking blind my ass.

He turned his cop car on and pulled me over which I have tons of questions, but we’ll get to that. 

This bug eye ass, motherfucker roll up to my car and said you got anything like alcohol in the car tonight. And I’m like no officer. This guy was being a complete asshole. He said I smell alcohol in your breath. I felt really bad because I drank three coffees and literally just woke up a few hours ago so I had pretty bad morning breath technically night breath because I woke up at 10. 

Well, this guy was shining a flashlight in my face the entire time and said you sound nervous as hell boy and he kept trying to say he smells alcohol and that he suspects alcohol in my vehicle and says I’m gonna have to do a breathalyzer test.

I said buddy you can get a breathalyzer test. I’m not scared because I haven’t drank anything which was the God‘s honest truth. He was like bet we’re gonna do a fucking breathalyzer test. Well, I called my friend and he basically calmed me down, but it was also nice to have another witness there.

The guy came back and he saw my buddy was on the phone and I even mentioned that and his tone kind of shifted to a calmer demeanor and now he was playing nice cop and said I’m good to go and pointed out that I looked sketchy in church clothes at 3 AM, which I agreed and I even made a joke about

I think my buddy genuinely saved my life because he 100% saw that there was somebody else in the car with me so there was another witness that’s why he calmed down.

But me and my friend were just talking about his police tactics and how they made no sense.

The reason I was swerving lanes was to test if this was one of those drug dealers following me because this cop just kept trying to blind me, and I could barely see the road and I was getting scared.

My thought process if this guy is a cop he has 100% legal authority to pull me over to see if I’m a drunk driver. Instead, I’m a drunk driver in his eyes that he’s trying to blind on a at that point busier part of the road and he’s not trying to pull me over as fast as he can to get me off the highway. He is trying to test me apparently.

I might be 100% in the wrong here, but my driving was fine he said. Literally have it on camera of him saying I didn’t do anything illegal. I use my turn signals. I wasn’t speeding, but this guy just kept on asking me questions before my buddy was on the phone like, where am I coming from? Where is home bullshit like that

I don’t know like I said maybe I’m in the wrong but I got away with it. No ticket so I’m happy with whatever.",1,1786606368.0,horrorstories,0,1.0,False
1vn3x8k,https://www.reddit.com/r/Kolkata_meetups/comments/1vn3x8k/33m4f_engineer_who_treats_hobbies_like_production/,"[33]M4F — Engineer who treats hobbies like production systems, looking for someone to argue with about whether that's charming or unhinged","I design pressure vessels and piping systems for a living — the kind of job where ""it's probably fine"" gets you fired. That mindset leaked into everything else I do, and now I can't seem to have a casual hobby. I have to make it *load-bearing*.

Case in point: I brew **kombucha** under my own label (yes, with a real logo, real bottles, real branding — it's called **Devil's Decoction**, dark and moody like it owes someone money). I built and shipped an **Android engineering calculator app** that's somehow now got 9 tabs. I'm **solo-developing a medieval war game** with a combat system that has its own automated test suite. I'm currently deep in a spreadsheet-and-parts-list rabbit hole building my own **3D printer** from a kit rather than just buying one, and somehow that felt like a natural companion hobby to knot-tying my way through paracord projects that started useful and are now just... elaborate. 

Basically: if I like something, it gets a spec sheet.

I'm in Howrah/Kolkata, mid-career, still convinced the best conversations happen over food that's too spicy and coffee that's gone cold because we forgot about it. I want someone curious, who has her own weird thing she goes too deep on (tell me what it is, I will ask follow-up questions), and doesn't need me to dial down the intensity — just point it somewhere fun.

Meetup first, no pressure past that — but if we vibe, I'm not against seeing where it goes.

Bonus points if you know what SG stands for and it's not ""Singapore.""",1,1786606322.0,Kolkata_meetups,0,0.99,False
1vn3x89,https://i.redd.it/ebrml0krh3jh1.jpeg,【Digital Rewards】Ready to Download on August 14! 🎁,"Hi everyone,

A small announcement to share with you.💌

The files have now been uploaded and are almost ready for you! Starting August 14th at 12:00 AM PDT, once you have filled in your Pledge Manager, you would receive an email notification and can download the files of the wallpapers for The Witch and The Bull directly from your Backing Details page. The $1 A Cup of Coffee at Kikiriki tier and any physical reward tier all receive three kinds of wallpapers!🌙

Full details are waiting in our Kickstarter update. 💫

One days left in Late Pledges. If you have been sitting on the fence, now is a nice moment to go take a look.

We are so glad to be going through this whole journey with you. Thank you for being here with us.✨",1,1786606321.0,TheWitchandTheBull,1,1.0,False
1vn3wu7,https://www.reddit.com/r/corporate/comments/1vn3wu7/is_taking_a_5_pm_break_really_a_problem/,Is taking a 5 PM break really a problem?,"Why do some companies act like taking a 10–15 minute break at 5 PM is a crime?  
  
If you've finished your important work, met your deadlines, and been working all day, what's wrong with stepping away for a few minutes to grab coffee or just breathe?  
  
I've seen people hesitate to take a break because they know someone might say, “Why are you not at your desk?”  
  
At that point, it feels less about productivity and more about being seen working.  
  
Do companies actually care about the work getting done, or just how long you're sitting at your desk?  
",4,1786606284.0,corporate,6,0.83,False
1vn3wb8,https://www.reddit.com/gallery/1vn3wb8,Shimla vs Manali Honeymoon,"Every couple planning a Himachal honeymoon eventually hits the same fork in the road: Shimla or Manali. Both get pitched as ""romantic hill stations,"" both show up in every honeymoon package listing, and both look nearly identical in a five-second Instagram scroll. But once you actually sit down and think about what your honeymoon should feel like day to day, the two places offer genuinely different experiences. Let's go through it properly.

This isn't a question with one universal right answer, and honestly, most articles that claim otherwise are oversimplifying something that actually depends on the two of you you pace, your budget, how much planning you want to do during the trip itself, and what kind of photos and memories you're hoping to walk away with. So instead of handing you a verdict in the first paragraph, I want to walk through every angle that actually matters for a honeymoon specifically, not just a generic hill-station comparison with ""romantic"" added to the title.

his isn't a question with one universal right answer, and honestly, most articles that claim otherwise are oversimplifying something that actually depends on the two of you — your pace, your budget, how much planning you want to do during the trip itself, and what kind of photos and memories you're hoping to walk away with. So instead of handing you a verdict in the first paragraph, I want to walk through every angle that actually matters for a honeymoon specifically, not just a generic hill-station comparison with ""romantic"" added to the title.

# The Mood Each Place Actually Sets

Shimla's romance is quiet and unhurried. Think colonial-era architecture, a slow walk down the Ridge at sunset, a coffee at a Mall Road café, and evenings that don't ask much of you beyond being together. It's the kind of honeymoon where the destination doesn't compete for attention — the town itself is calm enough that the two of you stay the focus.

Manali's romance leans more cinematic. Snow-covered peaks, pine forests, a river running through town, and a landscape dramatic enough that it feels like it's doing some of the romantic heavy lifting for you. If your idea of a honeymoon involves waking up to a mountain view out the window rather than a heritage building, Manali pulls ahead here.

To put some actual places against this: in Shimla, couples tend to gravitate toward the Ridge at golden hour, Scandal Point for people-watching over coffee, and the quieter stretch of Jakhoo Hill for a view without the Mall Road crowds. In Manali, the equivalent spots are the Van Vihar riverside walk, the Hadimba Temple forest area for a quieter morning, and Old Manali's café strip for evenings that feel more like Goa-in-the-hills than a traditional hill station. Neither list is objectively more romantic  they just suit very different kinds of couples.



# Privacy: Manali Generally Wins

This matters more on a honeymoon than most people plan for. Shimla's Mall Road and Ridge area get genuinely crowded, especially on weekends and through peak season, which can make it hard to find quiet, private moments in the main part of town. Manali, especially Old Manali and the areas just outside the main market, has more pockets of stillness riverside cafes, quieter lanes, and resorts slightly outside the town center that feel properly secluded.

If privacy and a slower pace matter more to you than sightseeing density, Manali's outskirts generally deliver that better than central Shimla does.

Where you stay matters just as much as which town you pick. In Shimla, honeymoon couples who want privacy usually do better booking a property slightly outside the main Mall Road stretch — Chharabra or the area around the Viceregal Lodge tends to be calmer while still being a short drive from everything. In Manali, the equivalent move is choosing a resort in Old Manali or further toward Vashisht rather than the main bazaar, where noise and foot traffic pick up fast during peak season.

# Mistakes Couples Commonly Make Booking Either Trip

A few patterns worth avoiding regardless of which destination you pick:

* **Booking a generic double room and expecting a honeymoon feel.** Ask specifically for couple-friendly stays, private balconies, or fireplace rooms rather than assuming any hotel room will feel special.
* **Overloading the itinerary in Manali.** It's tempting to stack Solang Valley, Rohtang Pass, and Kasol into one trip, but back-to-back travel days leave little room for the two of you to actually relax together.
* **Underestimating Shimla's crowds on weekends.** If your dates fall on a weekend, Mall Road and the Ridge can get busy enough to undercut the ""quiet honeymoon"" appeal  weekday visits are noticeably calmer.
* **Not checking snow conditions before booking a winter Manali trip.** Heavy snowfall can occasionally close roads to Rohtang Pass or Solang Valley temporarily — build in a buffer day if snow activities are the main reason for your trip.



# A Sample 5-Day Honeymoon in Each Destination

To make this less abstract, here's roughly what a relaxed 5-day honeymoon looks like in each place:

**Shimla (5 days):** Day 1 arrival and settling in with an evening walk on the Ridge; Day 2 Mall Road, Christ Church, and a slow lunch; Day 3 a day trip to Kufri for snow-viewing or the small adventure park; Day 4 a quiet day with no fixed plans — this is usually the day couples say they enjoyed most; Day 5 a final morning walk before departure.

**Manali (5 days):** Day 1 arrival and settling into Old Manali; Day 2 Hadimba Temple and the local market; Day 3 Solang Valley for snow activities or paragliding; Day 4 a scenic drive toward Rohtang Pass or Kasol as a day trip; Day 5 a relaxed morning by the Beas River before departure.

Notice the difference in shape — Shimla's itinerary has more built-in stillness, while Manali's has more built-in movement. Neither is better; it's about which rhythm suits you as a couple.



# Planning a Himachal Honeymoon That Actually Fits

The right answer really depends on what the two of you want out of the week and that's easier to figure out with someone who's actually planned both types of trips rather than guessing from a blog post. [PureWave Tours & Travels' Himachal tour packages](https://purewavetravelskashmir.com/himachal-tour-packages/) cover Shimla, Manali, and combined itineraries, so you can compare a quiet Shimla-only honeymoon against a snow-focused Manali one, or a mix of both, before committing to dates and hotels.

If you're also weighing a Kashmir honeymoon against a Himachal one, it's worth knowing PureWave is a Srinagar-based [Kashmir and Himachal travel agency](https://purewavetravelskashmir.com/) that plans both, so the same local team can walk you through which region actually suits the honeymoon you're picturing rather than pushing whichever package they happen to sell more of.

#   Frequently Asked Questions

  **Can we cover both Shimla and Manali on one honeymoon?**  
Yes, and many couples do. A combined 7–8 day trip using Shimla for the first half and Manali for the second is a popular structure — you get the calm start and the scenic, activity-driven close.

**Which is better for a winter honeymoon specifically?**  
Manali, if snow is the priority — its season is longer and more reliable, especially around Rohtang Pass. Shimla still gets snow but on a shorter, less predictable window.

**Is Manali too adventurous for a relaxed honeymoon?**  
Not if you're selective. Activities like paragliding and rafting are optional, not mandatory — plenty of couples visit Manali purely for the scenery and skip the adventure sports entirely.

**Which is more affordable for a 5-day honeymoon?**  
Shimla, generally, mainly due to lower travel distance and fewer paid activities. Manali can be comparable if you limit activity spending, but it's easier to overspend there.

**Is Shimla too quiet or boring for a honeymoon?**  
Only if you're expecting an activity-packed trip. For couples who want unhurried time together, the quietness is the appeal rather than a drawback.

",1,1786606235.0,u_PUREWEBTRAVELS,0,1.0,False
1vn3vxz,https://i.redd.it/gtxh24ehh3jh1.jpeg,My breakfast at a German Hospital,"They know I'm type 2 but that's all I could get. White bread roll, pretzel, honey, and two jams and butter. No other choices. Not shown was some coffee. 

I'm in labor and hadn't eaten in about 14 hours so I was starving. I took 40 units of insulin, but I don't think it's enough.",13,1786606198.0,diabetes,4,0.85,False
1vn3vx1,https://www.reddit.com/r/footballcliches/comments/1vn3vx1/out_on_his_feet/,'Out on his feet',"Come on lads! It's from boxing!

'Out on your feet' means you've taken an absolute battering and lost all sense of where you are, where your opponent is, how to protect yourself.

It's a TKO where the ref steps in and stops the fight because although still standing you have lost your faculties, or the few seconds before you collapse to the canvas where 'the lights are on but no-one's home'.

Ruined my coffee this morning",5,1786606195.0,footballcliches,1,1.0,False
1vn3vav,https://www.reddit.com/r/galway/comments/1vn3vav/wheelchair_friendly_spots/,Wheelchair friendly spots,"Best wheelchair friendly spots to go around Galway? Somewhere with a coffee van to bring a wheelchair user for a day out, maybe somewhere with a nice view ",4,1786606127.0,galway,5,0.84,False
1vn3v1s,https://www.reddit.com/r/MakeNewFriendsHere/comments/1vn3v1s/18f_first_year_of_college_and_homesick_in_a_way/,"18F, first year of college and homesick in a way nobody prepared me for","I thought I'd make friends instantly but everyone already has their group and I'm just floating. I like writing, mostly poetry that I'll never show anyone, swimming, and iced coffee regardless of the season. Would love a genuine friend to vent to.",6,1786606102.0,MakeNewFriendsHere,2,0.88,False
1vn3u0w,https://www.reddit.com/gallery/1vn3u0w,Coffee ☕,,1,1786605999.0,u_Pobert87,0,1.0,False
1vn3tkn,https://www.reddit.com/r/MTB/comments/1vn3tkn/why_is_there_no_coffeeshop_with_decent_coffee_in/,"Why is there no coffeeshop with decent coffee in the Saalbach Hinterglemm area? Coffee is shit everywhere, the closest decent coffee shop is in Zell am See","Why is there no coffeeshop with decent coffee in the Saalbach Hinterglemm area? Coffee is shit everywhere, the closest decent coffee shop is in Zell am See",0,1786605953.0,MTB,11,0.18,False
1vn3t2g,https://www.reddit.com/r/PossumsSleepProgram/comments/1vn3t2g/how_to_fill_the_day_with_a_newborn/,How to fill the day with a newborn?,"It rings incredibly true for us that baby is happier when we have busier, fuller, active days. Baby is 8 weeks now and after a day with friends, activities, appointments, different environments etc he is calm, happy and sleeps well. 

However not every day can be like that. Some days are just me and him chilling at home. Even then there is always a walk, usually a coffee (my sweet treat budget has exploded), a trip to the shop, floor time, singing etc. but I find by 6pm he is grumpy, unsettled, tired but won't sleep, hungry but won't eat etc. I'm bored out of my mind and frustrated too! 

How are you filling your chill days? I know it will get easier as he gets more interactive and learns to play or we have things like weaning to fill our days but that's months away! ",1,1786605902.0,PossumsSleepProgram,1,1.0,False
1vn3sw3,https://www.reddit.com/r/NarcAbuseAndDivorce/comments/1vn3sw3/things_my_ex_did_who_i_believe_is_a_narcissist/,Things my ex did who I believe is a narcissist,"I've talked with my friends and family and they all said that I did the right thing by breaking up with him. But sometimes it hurts sm. In case anyone can't leave, here's a list of the stuff my bpd ex (male, 27) did to me (female, 23). enjoy ig?

1. Urgency abuse

At my work place, there's an iPad that we use to clock in and that tracks the time that we've worked. Since I'm always running late, I've been trying to be more reliable and on time so my working hours can get tracked correctly. When my ex lived with me and my parents (because he got kicked out of his home) he used to bring me to work and pick me up. I always made sure that we'd catch an earlier train because I already expected him to slow me down. We were always on time and right BEFORE we walked to the building, he made sure to smoke at least 3 cigarettes (which he couldn't smoke on the way ofc 🫩🙃) and made me late.

Whenever HE was having something important or somewhere to go, I used to JUMP out of bed, do his breakfast and coffee and when he didn't get up and I realized that he would run late, I was always so scared to wake him up. He would always wake up in a bad mood and when he was running late, he'd yell at me, physically shove or push me or blame me.

2. Didn't accept my boundaries 

I like to have a boyfriend, yet I appreciate my alone time as well. For example, right after work I like to take a nap, wake up, eat in front of the TV, text with my potential bf and go to bed.

My ex was different. I used to get off work by 3:30, grab my stuff, go home and be home around 4:30. He got off work at 5 and would IMMEDIATELY call me and the call would last until midnight. No matter how often I'd tell him that I'd like to eat in front of the tv or take a nap, he'd only let me have 30 minutes to myself and then he'd call me. Eventually, I felt so stressed out by only having 30 minutes of my free time, that I broke down in tears or had a racing heart before he called. Often I just yelled at him out of pure desperation and despair because he would INSIST on a 5 - 7 hour call, even though I did not had the energy for that. When I wanted to end the call, I had to gentle parent him or else he'd completely loose his shit and we'd have a huge fight. It was suffocating. And no matter what I did, he always got his way. Oh, and he drank beer while being on the phone with me. Even when the calls shortened to 1 - 2 hours, I'd be in such a panic or flight mode the whole call and would have such a messed up nervous system during and after. 

3. Take everything personally 

Unfortunately, he is a burnt child: emotionally cold mother and physically abusive dad. So whenever I criticized him, he'd get SO offended. For example: I didn't like the way he spoke with me and when I mentioned it, he bawled or screamed that he can't never do anything right. When I slept on his new mattress and accidentally knocked over a glass in my sleep and make the mattress wet, he'd throw a tantrum, throw his phone next to me (while I was still sleeping), yelled at me to clean up and tell me that I'm such a bitch for making his new mattress moldy on purpose. Which I didn't do ofc. 

4. Tell me I'm his everything, yet treat me like garbage 

He called me his angel, his saint, claimed I'm all he ever needed and he doesn't understand how he got me. But when he got angry over little things (like the wet mattress) he said stuff like ""fuck you"" ""I give a shit about you"" ""fucking leave already"" ""cunt"" and stuff like that and when I told him, that I don't like how he calls me a girl (I'm 23, I'm a grown ass woman) he made sure to call me that and explained why I'm not a real grown. 

5. Kept me in his apartment for 5 hours after I broke up with him

I made the decision to break up with him, but decided to push the break up since his birthday was coming up. But we got into such a huge fight because I didn't do the dishes, I started crying and begged him to stop yelling and then left. He was angry because I wanted to go on a walk and demanded the keys. I saw my chance to finally break up with him, turned cold, gave him his keys, he was confused and said if I do this, that's it - we're over. Internally, I was HAPPY. so I nodded and began to pack my stuff. He flipped out, threw all of my stuff into the hallway, bawled, screamed, smoked, cried, begged. For 5 hours I tried to leave but he switched between begging and crying and screaming and throwing stuff. I didn't want to leave, because I was afraid he might hurt himself out of pettiness, so he could say: look what YOU'VE done. 

When I left, he ran after me and showed me old messages I sent to him in which I was obviously optimistic and he claimed I never loved him, never cared and bla, bla, bla. 

I think I'll never be able to love again. Because what if my next bf will make me feel like this? Or worse: I can't break up with the next one as well because I'll be afraid he might khs?

I'm ruined. I used to be such a lover's girl. 

Please leave your toxic partners. ",2,1786605883.0,NarcAbuseAndDivorce,1,1.0,False
1vn3sjz,https://i.redd.it/a416u4sgg3jh1.jpeg,What’s wrong with my coffee?,"Usually it comes out good with the De‘Longhi Rivelia but on some occasions it looks weird and tastes… heavy?  
Used soy milk (as always) for my Cappucino",1,1786605852.0,superautomatic,5,0.67,False
1vn3rn7,https://www.reddit.com/r/BPDlovedones/comments/1vn3rn7/crazy_things_my_bpd_ex_did_and_i_finally_chose/,Crazy things my bpd ex did and I finally chose myself,"I've talked with my friends and family and they all said that I did the right thing by breaking up with him. But sometimes it hurts sm. In case anyone can't leave, here's a list of the stuff my bpd ex (male, 27) did to me (female, 23). enjoy ig?

1. Urgency abuse

At my work place, there's an iPad that we use to clock in and that tracks the time that we've worked. Since I'm always running late, I've been trying to be more reliable and on time so my working hours can get tracked correctly. When my ex lived with me and my parents (because he got kicked out of his home) he used to bring me to work and pick me up. I always made sure that we'd catch an earlier train because I already expected him to slow me down. We were always on time and right BEFORE we walked to the building, he made sure to smoke at least 3 cigarettes (which he couldn't smoke on the way ofc 🫩🙃) and made me late.

Whenever HE was having something important or somewhere to go, I used to JUMP out of bed, do his breakfast and coffee and when he didn't get up and I realized that he would run late, I was always so scared to wake him up. He would always wake up in a bad mood and when he was running late, he'd yell at me, physically shove or push me or blame me.

2. Didn't accept my boundaries 

I like to have a boyfriend, yet I appreciate my alone time as well. For example, right after work I like to take a nap, wake up, eat in front of the TV, text with my potential bf and go to bed.

My ex was different. I used to get off work by 3:30, grab my stuff, go home and be home around 4:30. He got off work at 5 and would IMMEDIATELY call me and the call would last until midnight. No matter how often I'd tell him that I'd like to eat in front of the tv or take a nap, he'd only let me have 30 minutes to myself and then he'd call me. Eventually, I felt so stressed out by only having 30 minutes of my free time, that I broke down in tears or had a racing heart before he called. Often I just yelled at him out of pure desperation and despair because he would INSIST on a 5 - 7 hour call, even though I did not had the energy for that. When I wanted to end the call, I had to gentle parent him or else he'd completely loose his shit and we'd have a huge fight. It was suffocating. And no matter what I did, he always got his way. Oh, and he drank beer while being on the phone with me. Even when the calls shortened to 1 - 2 hours, I'd be in such a panic or flight mode the whole call and would have such a messed up nervous system during and after. 

3. Take everything personally 

Unfortunately, he is a burnt child: emotionally cold mother and physically abusive dad. So whenever I criticized him, he'd get SO offended. For example: I didn't like the way he spoke with me and when I mentioned it, he bawled or screamed that he can't never do anything right. When I slept on his new mattress and accidentally knocked over a glass in my sleep and make the mattress wet, he'd throw a tantrum, throw his phone next to me (while I was still sleeping), yelled at me to clean up and tell me that I'm such a bitch for making his new mattress moldy on purpose. Which I didn't do ofc. 

4. Tell me I'm his everything, yet treat me like garbage 

He called me his angel, his saint, claimed I'm all he ever needed and he doesn't understand how he got me. But when he got angry over little things (like the wet mattress) he said stuff like ""fuck you"" ""I give a shit about you"" ""fucking leave already"" ""cunt"" and stuff like that and when I told him, that I don't like how he calls me a girl (I'm 23, I'm a grown ass woman) he made sure to call me that and explained why I'm not a real grown. 

5. Kept me in his apartment for 5 hours after I broke up with him

I made the decision to break up with him, but decided to push the break up since his birthday was coming up. But we got into such a huge fight because I didn't do the dishes, I started crying and begged him to stop yelling and then left. He was angry because I wanted to go on a walk and demanded the keys. I saw my chance to finally break up with him, turned cold, gave him his keys, he was confused and said if I do this, that's it - we're over. Internally, I was HAPPY. so I nodded and began to pack my stuff. He flipped out, threw all of my stuff into the hallway, bawled, screamed, smoked, cried, begged. For 5 hours I tried to leave but he switched between begging and crying and screaming and throwing stuff. I didn't want to leave, because I was afraid he might hurt himself out of pettiness, so he could say: look what YOU'VE done. 

When I left, he ran after me and showed me old messages I sent to him in which I was obviously optimistic and he claimed I never loved him, never cared and bla, bla, bla. 

I think I'll never be able to love again. Because what if my next bf will make me feel like this? Or worse: I can't break up with the next one as well because I'll be afraid he might khs?

I'm ruined. I used to be such a lover's girl. 

Please leave your toxic partners. ",2,1786605762.0,BPDlovedones,2,1.0,False
1vn3qwm,https://www.reddit.com/gallery/1vn3qwm,What herb is this,I forget who dropped this off at my house but it smells like chicory/coffee/chocolate. Any guesses?,2,1786605689.0,herbs,1,1.0,False
1vn3qlu,https://www.reddit.com/r/HFY/comments/1vn3qlu/oc_otherworldly_cocoa_thief/,[OC] Otherworldly Cocoa Thief,"# Chapter 1: The Midnight Arrival



Positioned just off the dimly lit highway, an aging lot café sat adjacent to a quiet petrol station. It

was nearly midnight, an hour far too late to expect any real traffic. Behind the counter, the

The barista was snoring softly, his head propped on his hand, until the quiet purr of a car engine and

a light, musical giggle shattered the silence. Snapping awake, he wiped a stray droplet of drool

from his chin, straightened his apron, and fixed his eyes sharply on the entrance.

""I need a chocolate shake, Momma—please?"" pleaded a tiny girl dressed in a bright, shiny pink

onesie.

Her mother, wearing flannel pajamas beneath a heavy winter overcoat, offered a gentle smile

and nodded. ""A hot chocolate shake and a latte, please,"" she ordered at the counter before

leading her daughter to a cozy booth in the corner.

Their orders arrived a minute later, the rich, buttery aroma of melted chocolate permeating the

cool air of the café. The little girl gasped with delight, bouncing in her seat at the sight of the

artfully swirled foam topping her drink.

She set her well-loved toy bunny upright on the laminate counter and wrapped her small hands

around the mug to warm her fingers. Just then, a faint, metallic glint caught her eye from behind

her mother. She peered into the shadows, locking eyes with a creature featuring luminous

purple irises, a glistening green body, and a single horn that shimmered with iridescent color.

Her spellbound gaze was broken by the shrill, jarring ring of her mother’s phone.

Her mother glanced at the caller ID, sighing softly. ""Honey, I need to take this. I'll just step over

by the door where it's quiet, okay? You finish your shake.""

The girl nodded obediently as her mother retreated toward the far corner of the room, her back

turned to the booth.

Left alone, the little girl leaned over the edge of her seat, searching frantically for the strange

green visitor—even peering beneath the table vinyl. Nothing. Disappointed, she sat back up and

reached for her mug, only to stop dead in her tracks.

The drink was already half empty.

Before she could process it, a slender, emerald-green arm materialized from the dark, its slimy

skin dragging the mug smoothly across the table surface. She watched in wide-eyed wonder as

the creature—horn glowing faintly, its thick, plum-colored lips pursed—took a slow, contented

sip of her hot chocolate.

# Chapter 2: The Bargain

The creature smacked its plum-colored lips, letting out a satisfied flop-flop sound with its tongue.

It looked up, its huge, iridescent purple eyes meeting the little girl's.

Instead of screaming, the girl just blinked, her mouth forming a tiny 'O' of realization.

""That's my shake,"" she whispered fiercely, leaning across the table and trying to sound as

grown-up as possible.

The green creature tilted its head, the colorful horn on its brow glowing with a gentle, pastel warmth—like a nightlight. It tilted the mug again, taking another loud, unashamed gulp through

those thick purple lips.

""Hey!"" She made a grab for the mug, but a second slimy arm shot out from beneath the vinyl

booth, gently pushing her bunny toy forward as a trade.

The girl looked at her bunny, then at the half-empty mug, and finally at the green creature, which

was now making a low, rhythmic purring sound—sounding remarkably like a tiny refrigerator

motor.

Over by the front glass, her mother was still animatedly talking into her phone, completely

oblivious, her back to the room. Near the register, the barista had already drifted back to sleep,

his chin resting heavily on his chest.

The girl narrowed her eyes at the creature, evaluating the deal.

""You can have two more sips,"" she whispered, sliding the mug back toward the green hands.

""But only if you let me touch the horn.""

The creature's purple eyes blinked sequentially—left, then right—and it slowly bowed its horned

head forward across the laminate table.

# Chapter 3: The Floating Mug & The Offer



Without warning, the green arm shot across the table once more, snatching the mug right out of

her reach and causing the girl to burst into a loud, ringing giggle. A fraction of a second later, the

creature vanished entirely into thin air—leaving the steaming hot chocolate mug suspended

mid-air above the laminate tabletop.

Hearing the sudden outburst, her mother turned from her conversation and flashed a single

palm, extending five fingers—a silent gesture the girl instantly recognized as the universal code

for ""five more minutes"" (which invariably meant twenty). This time, however, she didn't mind the

delay at all.

She reached up, took the floating mug back into her hands, and beamed a bright, innocent

smile toward her mother to signal that all was well.

Moments later, the slimy green hand slowly re-emerged from the invisible void, lightly resting its

fingers over the mug's rim alongside hers.

""You can go invisible..."" the girl whispered under her breath, her eyes blown wide with awe and

her cheeks flushed pink with excitement.

""Would you like to come home with me?"" she asked softly.

The invisible creature seemed to pause, its massive purple eyes reappearing first as it studied

the eager, expectant twist of her lips.

""I don't have anyone to play with at home, and Momma works all the time,"" the little girl

explained in a hushed, persuasive tone. ""We have so many good things to eat in the

kitchen—choco puffs, cocoa shakes, candies, and ice cream! You'll love it. I promise to share

everything with you.""

She folded her hands together, practicing her absolute best innocent face, and looked up at the

floating eyes with hopeful expectation.

# Chapter 4: The Climax & Secret Reveal



The creature went completely still, its plum lips slightly parted around the rim of the mug. For

three agonizing seconds, the only sound in the dead-quiet café was the low hum of the

fluorescent lights and the mom's muffled voice arguing about spreadsheets over the phone. Then, the creature’s colorful horn began to pulse in a rhythmic pattern, changing from pastel

yellow to a bright, excited sky-blue.

Slowly, the rest of its green body materialized right back into the booth across from her, like a

Polaroid photo snapping into focus. It leaned over the table, its giant purple eyes sparkling, and

used one slimy finger to tap its own belly, which made a hollow, rumbling gurgle-gurgle noise.

""Ice... cream?"" a voice bubbled out from its throat. It sounded like air bubbles popping in thick

syrup.

The girl’s face lit up with absolute victory. ""Yes! Vanilla, strawberry, and the kind with the little

cookie bits!""

The creature’s ears—which looked suspiciously like tiny, upside-down ice cream

cones—wiggled fast. It reached into its neon-green skin, pulled out a small, metallic object that

looked like a glowing glass marble, and pressed it into the girl's small palm. The marble felt

warm, like a stone left out in the summer sun.

Click.

The café’s front door bell chime didn't ring, but the air in the room suddenly grew heavy, like

right before a massive thunderstorm.

Over by the counter, the barista's head snapped up. He wasn't yawning anymore. His sleepy

eyes were wide, and he reached under the counter, hitting a heavy red button hidden right

beside the register.

A quiet, low-frequency hum vibrated through the floorboards, and the café’s neon ""OPEN"" sign

flickered from bright red to a flashing, ominous purple.

The girl braced herself for her mom's usual panicked gasp or a drop-everything scream. But it

never came.

Instead, her mother let out a long, exhausted sigh, hung up the phone, and rubbed the bridge of

her nose. ""Zog... I specifically told you to wait in the cargo hatch behind the petrol pumps.""

The little girl’s jaw dropped. ""Momma... you know him?!""

""Know him?"" Her mother walked over, casually sliding her phone into her overcoat, revealing a

shiny metallic badge pinned inside the lining. ""Sweetie, I don't work for an accounting firm. I'm

the Sector 4 Liaison for Interstellar Transit. And those 'late nights at the office' you complain

about? I was clearing alien cargo through Earth's atmosphere.""

The barista behind the counter clicked off the purple warning light, wiped the counter, and

leaned over with a grin. ""Told you the kid would handle it fine, Agent Sarah.""

Zog made a happy gurgle-gurgle sound, patting the girl's head with a slimy green hand.

The little girl looked at the glowing marble warm in her palm, then at her mother, and finally at

her alien guest. A giant grin spread across her face.

""So..."" she giggled, ""...does this mean Zog gets to stay for choco puffs?""

Her mom chuckled, grabbing her coffee cup. ""Only if he doesn't eat the cardboard box too this time. Come on, off to the ship!""



# 

# 

",2,1786605659.0,HFY,2,1.0,False
1vn3q7g,https://i.redd.it/iua9wttrf3jh1.png,Guess the city (Hard),,2,1786605620.0,guessthecity,4,1.0,False
1vn3pbd,https://www.reddit.com/r/eczema/comments/1vn3pbd/hello_fellow_scabbers/,"Hello, fellow scabbers.","So for the last 22 years (im 22) ive had this stuff. 

Last year, i met this holistic doctor via a mutual and he has an extremely interesting theory about eczema and psoriasis: parasites. 

Now hear me out, i know how this sounds, but after all of these years of collected knowledge from my own experiences, i believe he might be onto something. Im not saying he has it all figured out, but there might be some truth in it. 

He makes his own medicine (he has his own lab and stuff, its not from someones backyard. Theres actually multiple different facilities from all over the country) and he insists on a dirty carnivore elimination plan. 

What this consists of is eating animal products and healthy fats. Think eggs, honey, coconut oil, butter, celtic salt, steaks, chicken, pork, lots of omega 3 rich fish, etc. 

After the first time i did it, i stuck to the diet and did the medicine and all of that. The first night was the worst, because I was shitting and puking the same liquid yellow goo for probably 8 hours straight. It was honestly torturous. I lost 15kg the 3 following days because I could not keep anything down without throwing it back up. And then, after those days were over I ate nothing but animal products and the healthy fats. I did that for about 3 months, and my eczema was completely gone. My body was completely healed and I thought (stupidly) that it was over. 

So then I started eating junk food again, and I completely over did it. Sweet treat everyday, pizza and soda for breakfast and McDonald's with another sweet treat for lunch and at least 3 energy drinks and a shit load of coffee throughout the day. 

It came back. I was so defeated and disappointed in myself. I told him what happened and he sent me another protocol, and that's where we're at at the moment, 1 year later, right where we started - although a bit better than before. 

We know that creams and shit that actually help are all very expensive, and the generic shit doesn't work. Aqueous creams can honestly go fuck itself. And I refuse to use cortisone or steroids again, especially having done them throughout my entire childhood consistly and daily up until I started this guy's program.

If anyone is interested, I'll send you his shops link and the protocol information so that you can do it yourself, because it truly does work, I just need more self control and discipline. 

I know a lot of people claim that the natural stuff is the good stuff, and then it's not. But this guy has cured stage 4 cancer. Remember the mutual I mentioned in the beginning? Yeah. That guy. And I've privately found more testimonies from people also dealing with this eczema bs, and they are still clean years after. 

I was silly to think 3 months is going to cure a 21 year long condition, so I'll just have to keep going strong. 

This turned into way more of a rant and life story than I thought it would, I just really need to get this out there, because this has helped me, and I'm hoping it might help someone else as well. I'll comment my eczema pics for proof

Edit to add: Castor oil!!! I forgot to mention while I was ranting that the only moisturizer I use it literally just castor oil and that's the only thing that has worked for me. I buy it in bulk - 5 liters at a time. Cold pressed and hexane free. And it works so good, it takes the Big Itch away. ",0,1786605536.0,eczema,7,0.17,False
1vn3p6g,https://www.reddit.com/r/u_MetaMind268/comments/1vn3p6g/why_your_attention_span_is_completely_shattered/,Why your attention span is completely shattered (And how to rebuild your deep focus in a world designed to distract you).,"​If you feel like your ability to focus has drastically plummeted over the last few years, you aren't imagining things, and you aren't just ""lazy.""

​Modern society has built an entire multi-billion-dollar economy designed to do one thing: fragment your attention. Every notification, infinite scroll, and rapid-fire video has conditioned your brain to expect a dopamine hit every 30 seconds. When you try to sit down and do 2 hours of deep, uninterrupted work, your brain literally panics because it is experiencing withdrawal.

​The core problem isn't a lack of willpower. It is a phenomenon known in cognitive psychology as Attention Residue.

​When you switch from writing an email to checking your phone, and then back to your work, a part of your conscious attention remains stuck on the previous task. According to research by Dr. Gloria Mark at UC Irvine, it takes an average of 23 minutes and 15 seconds to return to a deep state of focus after a single interruption. If you check your phone every 5 minutes, you are never actually experiencing deep thought; you are living in a permanent state of cognitive hangover.

​If you want to reclaim your brain and build elite focus, you need to break the cycle using this 3-step cognitive framework:

​1. Implement ""Attention Shielding"" (Eliminate Context Switching)

​Multitasking is a biological myth. Your brain cannot process two complex tasks simultaneously; it rapidly switches between them, burning massive amounts of energy and reducing your cognitive output by up to 40%.

​The Fix: Create hard boundaries for your work sessions. Put your phone in another room (not just face down on the desk—out of sight, out of mind) and use a fullscreen mode or website blocker.

​The Psychology: By removing visual triggers of distraction, you eliminate the micro-decisions of “Should I check my notifications?” that drain your mental bandwidth.

​2. Schedule ""Micro-Boredom"" to Reset Your Dopamine Baseline

​If your brain is constantly stimulated by fast-paced content, normal tasks like reading a book, writing a report, or planning a project will feel excruciatingly boring. You have raised your dopamine baseline too high.

​The Fix: Intentionally embrace boredom. Spend 10 to 15 minutes a day sitting without your phone, without music, and without a screen—whether you're walking, waiting in line, or drinking coffee.

​The Psychology: Lowering your dopamine baseline makes deep work feel rewarding again. When your brain stops expecting constant novelty, calm and structured focus becomes satisfying.

​3. Use the ""20-Minute Focus Threshold""

​The hardest part of deep work is never the middle or the end; it is the friction of crossing the threshold from distracted to locked-in. Most people give up in the first 5 minutes because it feels uncomfortable.

​The Fix: Commit to a strict rule: You are not allowed to quit or check your phone for the first 20 minutes. No matter how uncomfortable or restless you feel, just sit with the task.

​The Psychology: Once you push past that 20-minute barrier, the brain undergoes a state shift. Attention residue clears out, dopamine catches up to the task, and you enter a state of deep, effortless flow.

​The Takeaway:

Your attention is your most valuable asset. If you don't protect it, algorithms and modern distractions will monetize it. Turn off the noise, embrace a little boredom, and guard your focus like your life depends on it.

​What is the hardest distraction for you to cut out during your workday? Let's discuss below.",1,1786605523.0,u_MetaMind268,0,1.0,False
1vn3oz0,https://www.reddit.com/r/CoffeePH/comments/1vn3oz0/lf_coffee_farms/,LF COFFEE FARMS,"Hewlppp! Coffee farms recommendations pls near Manila or up to 3hrs drive if ever sana. Any coffee beans varieties will do. ☺️

Have seen some but not sure how to reach them out (mostly i have seen ay association n alike) and if legit ba nasa blue app. ",1,1786605502.0,CoffeePH,1,1.0,False
1vn3oa8,https://www.reddit.com/r/ConservativeYouth/comments/1vn3oa8/who_else_is_having_an_absolutely_delightful_day/,Who else is having an absolutely delightful day?,"I am just absolutely enjoying this week, I got a job, got coffee, played some games with my sibling, I even found two free shirts!! 

So I must ask, is anyone else enjoying life rn? Got anything little you look forward to? Personally I'm attending a symphony that I saved for pretty soon!!",3,1786605436.0,ConservativeYouth,6,1.0,False
1vn3nj5,https://i.redd.it/9b2sm92ce3jh1.jpeg,Goodbye my old friend 🫡,"After 5 years together and fixing your group head 3 times it is finally time to move on. Thanks for all the experience and bringing me into the world of coffee ☕️

left side: my old, loved and heavily used sage barista express

right side: my new timemore sculptor 64s ssp cast v3 + decent DE1XL ",18,1786605363.0,espresso,3,1.0,False
1vn3n7s,https://i.redd.it/si0a289qe3jh1.jpeg,Can't even come up with a title here :),,19,1786605335.0,INFJmemes,1,1.0,False
1vn3n6f,https://www.reddit.com/r/DeLonghi/comments/1vn3n6f/espresso_machine_issue/,Espresso machine issue,"Hi everyone, my model is **DeLonghi Magnifica S (ECAM22.110.B).** 

Since two weeks some strange issue is happening when I am doing a coffee.

With the SAME settings as before, SAME coffee, the machine started to ground less coffee, about 30-40% less, and the coffee comes out with a very shallow body, compared to before. I also noticed that the used coffee doesn’t come out in the tray below as “puck” shaped, but rather, irregular shaped.

I have sent it to service but they weren’t able to identify any problem with it. 

Not sure if anyone else encountered a similar problem.

I have cleaned it thoroughly as well.",1,1786605332.0,DeLonghi,0,1.0,False
1vn3mia,https://i.redd.it/okqxoikid3jh1.png,In Koramangala today — coffee + tech conversations?,"I’m around Koramangala today, probably working out of a cafe for a while.

If you happen to be nearby, feel free to join for a coffee.

I’m a Google Developer Expert for Android, and lately quite a few conversations have been around what the GDE journey actually looks like - happy to share my experience if that’s something you’re curious about.

I’ve also been spending a lot of time around Voice AI, so would love to exchange notes with anyone building or experimenting in that space.

Android, AI, developer communities, open source, or just interesting tech in general - all fair game.

Nothing organised or formal. Just figured it might be nice to meet a few folks while I’m around.

And if you know a good cafe in Koramangala where you can actually sit and talk, recommendations welcome. ☕",1,1786605270.0,u_anandwana001,0,1.0,False
1vn3l9a,https://www.reddit.com/r/MakeNewFriendsHere/comments/1vn3l9a/looking_for_a_friend_f28_here/,"Looking for a friend, F28 here!","&#x200B;

Hi 👋

Is there anyone who would be down to join me at coffee shops? 😅 We do not even have to talk. You can study, work, read, or do whatever you want, and I will do my own thing too, mainly reading.

I just want some company without any complications or pressure. My friends are busy with their own lives, and I just feel like having someone around. I do not know why, but I find it awkward to go out alone. 🥹

No expectations and no need to talk constantly. Just two people enjoying a coffee, doing their own thing, and keeping each other company. ☕📖

Please DM me!",1,1786605146.0,MakeNewFriendsHere,5,0.67,False
1vn3l35,https://i.redd.it/rtemrmgwd3jh1.png,"Back to Campus, Back to All the Fun","Classes, assignments, late-night cravings, daily coffee runs, and all the little moments that make student life what it is. ☕📚🍕

Here’s to a new semester, new memories, and hopefully a little less “I’ll do it tomorrow.” 😭",1,1786605127.0,Zolve_collective,0,1.0,False
1vn3jr4,https://www.reddit.com/r/navimumbai/comments/1vn3jr4/araku_fine_grind_signature_blend_accidently/,Araku Fine Grind Signature Blend - Accidently Ordered,"Ordered the wrong grind size, if someone wants discounted coffee please DM",1,1786604994.0,navimumbai,0,1.0,False
1vn3jcu,https://www.reddit.com/r/neighborsfromhell/comments/1vn3jcu/how_do_i_get_my_neighbour_to_leave_me_alone/,How do I get my neighbour to leave me alone?,"This may be long because I have been ridiculously annoyed for a year and a half. 

I (33f) rent the basement suite of a townhouse in a big Canadian city. The upstairs tenant (\~40f) has annoyed me since we first met when I moved in.I can tell very quickly when I meet someone if I will click with them/if I want to spend time with them. I immediately knew we did not click as she came off as a busy body/gossip, but she asked for my number for emergencies and I reluctantly gave it to her. To be clear we are not roommates and I have my own separate entrance, laundry etc.. I am an introvert who loves my home alone time and I do not have an interest in socializing with neighbours beyond friendly waves etc. She immediately started texting me regularly asking if she could pick me up anything from the store, commenting that she can hear me coughing and asking if I need cold medicine, asking if she should adjust the thermostat even tho I repeatedly told her I was fine. Little things but enough to irritate me, because are you passive aggressively trying to tell me to cough quieter? Sometimes she even calls me when I have do not disturb on and she’s clicking notify anyway 😭 I politely decline and make no efforts to continue the conversation and it dies down, I think it’s been handled. 

Fast forward a few months with minimal interaction and she FaceTimes me LATE on a Friday night…I answer because I think it’s an emergency or something but it’s because she wants to show me the kittens she’s watching for a friend. Like an entire litter of 12 kittens in her house where we are not supposed to have pets lol. But it’s late, I just got back from drinking with friends and am still tipsy and think it’ll be fun to go upstairs just to see the kittens. As we’re chit chatting about the kittens, her language is CRUDE. I have a potty mouth but this was a whole other level as she told me some of the misogynist nicknames her male friend gave the barn cat and kittens, and I immediately regret going up. It becomes clear within a few minutes that I am there because she needs extra hands to clean and set up new crates for them etc. it’s also a very convenient way for her to trap me into feeding and checking on the kittens when she’s away next week. She knows I’m home because it’s the summer and I’m a teacher and I’m too tipsy to get out of it, but I figure I can deal with it. Prior to her going away she’s bringing me garden veggies, leftovers and trying to hang out. I dodge as much as I can. 

This woman texts me nonstop the whole three days I agreed to feed the kittens. About where she is on her road trip, the weather, asking for pics of the kittens and what not. She also keeps telling me I need to pick out a kitten of my own even though I said I wasn’t interested. I vow to never do a favour for her again and to find a way to restore my peace and quiet. I also have a pretty noticeable allergic reaction to the kittens and let her know I cannot help with them again. It ends up being too much work(DUH) for her to keep taking care of the kittens and she drives them back to her friends farm, texting me the drive there saying how devastated she is that she couldn’t take care of them. I do not reply because I do not care and am so ready for her to get the hint that I don’t want a friendship with her. 

And for a while I think she gets the message! She tries to offer me food and things occasionally, but Im either not home or find a way to decline. It seems that we are just neighbours again, and minus her being loud occasionally things are good. For many months I didn’t hear her and learned from her son in his 20s that she’s mostly at her boyfriend’s house. Things are GREAT…until they aren’t. About two months ago it was evident that she had moved home as it became loud again. I start to see her sitting outside a lot more often but am typically in a hurry so have just been giving waves and nods. But about two weeks ago as I was genuinely rushing to my car she SCREAMED at me from the front porch that it would be nice to talk to her neighbour once in a while. I let her know that I am running late and she immediately apologizes and even looks embarrassed. But she calls me that evening and for some stupid reason I answer. She’s saying we need to catch up and she’s rambling on about absolute crap, how she’s so sorry if she’s been too loud, if the garbages have been too full, would I like to buy coffee protein drinks from her because she ordered a flavour she doesn’t like blah blah blah. I’m trying so hard to shut down the conversation or figure out why she’s calling. Well she’s calling because she’s going to be dog sitting and she wants to make sure I won’t rat to the landlord. This is where things get interesting, as she slips onto the conversation that she’s aware that I occasionally smoke weed in the garage. It is MY detached single garage and I’m very careful about the odour, I have an air purifier and am always using odour remover tools. Smoking is prohibited on the property but I know she and the neighbours on the other side of the townhouse do as well, so didn’t really think it was a big deal. I may be overreacting here but the way she brought up the smoking in conjunction with asking that I don’t say anything about her dog sitting to the landlord feels…manipulative. Like I don’t want to say blackmail but it’s giving blackmail! I love dogs though so just kinda say yeah all good and we get off the phone. 

Yesterday she brought the dog home and it was not a quiet dog like she claimed. So far it’s running around and bumping into things, barking/yelping and they were awake VERY early this morning. The poor dog was loud and I think alone for most of the day. When she got home from work today she started calling me, I don’t answer, she’s texting I’m not opening the texts. She starts knocking on my door, I turn the TV up louder (something I also attempted to do when I first moved in and she wasn’t getting the hint). Finally I look at her texts a few hours later and the woman has the audacity to assume I’m gonna feed the dog when she’s at work. Her exact text: “I have training on Tuesday and Wednesday next week and I’d really appreciate you feeding the dog and letting her out while I’m gone. My son was supposed to do it but he’s going away with his grandparents.” Like….no are you available? Would you mind doing me a favour? Just a straight up assumption that i will be home and able to do this. And my anxious mind immediately goes if I don’t feed this fucking dog I’m getting blackmailed for smoking weed 😭

I sent a very short reply: “Sorry just saw this now. I can’t, I’m back at work next week and not available.” I am technically not back at work till the week after but I will absolutely be preparing for work so don’t really feel like I’m lying, and at this point I don’t care if I am. But where do I go from here? I can’t sleep and I’m typing out this insane post because she’s kinda freaking me out at this point. Should I just tell the landlord and beg him not to say I’m the one who told him there’s a dog at the house? ",11,1786604958.0,neighborsfromhell,15,1.0,False
1vn3j17,https://i.redd.it/qjk4b4tpd3jh1.jpeg,Usa: the N word is a racial slur. Harimaupura: hold my stout,,1,1786604927.0,Asia_irl,4,0.67,False
1vn3j01,https://www.reddit.com/r/AskSeattle/comments/1vn3j01/favorite_reading_spots/,Favorite reading spots,"Hi! 

I’m coming down from Bellingham for a show tomorrow but gonna have the afternoon to myself and probably want to do some reading-writing. Plan is to take the train from lynnwood to westlake so anything along that route. I’m open for anything! Bookstores, coffee shops, parks, museums, and anything else I’m missing!

Thanks in advance 🤓",2,1786604923.0,AskSeattle,2,1.0,False
1vn3i9d,https://i.redd.it/eiie56rhd3jh1.jpeg,When someone orders a black coffee/espresso,"Don't get me wrong, I love making them as it's easy, but I can't help but think they are acting tough 😂.",0,1786604851.0,barista,4,0.47,False
1vn3hxz,https://i.redd.it/o9uw4ghed3jh1.jpeg,Everything but ching-ching,,5,1786604821.0,corporate,0,1.0,False
1vn3hnp,https://www.reddit.com/r/SgTea/comments/1vn3hnp/tea_on_prettygoodmuffins/,tea on prettygoodmuffins,since someone asked about haus coffee...,2,1786604794.0,SgTea,0,1.0,False
