id,url,title,text,score,created_utc,subreddit,num_comments,upvote_ratio,over_18
1v0dj0b,https://www.reddit.com/r/lostafriend/comments/1v0dj0b/life_is_boring_want_some_good_female_friends/,Life is boring want some good female friends.,"I am 22 f from india would love to make new friends should be a female Would love to share my things. I really enjoy talking about shared interest, e.g., books/coffee/movies/ astrology.Would love to get in touch and make genuine friendships.But should be from India due to the time difference.",1,1784425349.0,lostafriend,0,1.0,False
1v0di6u,https://www.reddit.com/r/mokapot/comments/1v0di6u/is_it_okay_to_not_fill_the_coffee_grounds_to_the/,Is it okay to not fill the coffee grounds to the max? Also how often do you clean it ?,"I’ve noticed when I grind the coffee beans, I usually make a little too much so I have to level it off to make it even and feels like a waste

If I grind less beans and it doesn’t fill to the max, is that okay too? Or does it need to be level ? 

Also how often do you clean your moka pot? 

I saw in my London sip manual you’re supposed to clean it every 3 months to decalcify it and replace gasket every 12 months. 

Do you typically do this with your moka pot ? 

MAINTENANCE PROCEDURES  
IT IS RECOMMENDED THAT PERIODIC MAINTENANCE OF THE PRODUCT IS CARRIED OUT IN ORDER TO ENSURE THE PRODUCT STAYS IN GOOD WORKING ORDER FOR A LONGER PERIOD.

Every 3 months:  
• Decalcify the unit. Using the product over time can cause limescale to build up. It is very important to decalcify the product to ensure that this does not cause a blockage to the filter funnel or safety valve over time.

THE LONDON SIP  
• Method:  
\- Completely fill the heating chamber with water, above the safety valve, until the water line hits the funnel filter basket.  
\- Add 1 tablespoon of citric acid or vinegar, and 1 tablespoon of lemon juice, to the water.  
\- Leave the coffee maker for 2 to 4 hours.  
\- Discard some of the water until the safety valve is no longer covered (as per normal operation).  
\- Without adding coffee grounds, heat the product as usual. Discard the resulting solution. Discard the next 2 coffee brews to correct the taste.

Every 12 months:  
• Replace the Rubber Gasket, ensuring it is repositioned into the coffee maker correctly. If you notice a change in how your machine operates after replacing the gasket, stop using the coffee maker immediately and refit the gasket until it operates as normal. Contact us if you are unsure.  
• Ensure you only use genuine London Sip spare parts (available from  
TheLondonSip.com) matching your model of coffee maker. Using replacement parts from other suppliers will invalidate your warranty and may cause safety issues.",1,1784425282.0,mokapot,2,1.0,False
1v0dhzj,https://www.reddit.com/r/Charlotte/comments/1v0dhzj/elizabeth_square_apartments/,Elizabeth Square Apartments,Hi! I am interested in living at Elizabeth Square apartment complex in Plaza Midwood and was wondering if any of you have lived there/ what you think. I want a relatively quiet place with a young demographic that is still walkable to coffee shops / breweries and close to the city. Thank you!,3,1784425264.0,Charlotte,0,1.0,False
1v0dhp5,https://www.reddit.com/gallery/1v0dhp5,First project - Operation 'Stop Brewing Coffee without a Mug',"I've ruined the countertop of my home coffee nook after forgetting to put a mug under the Keurig several times... Well not again!

I wake  for work at 5:00, so I'm still in zombie mode when I amble into the kitchen, bleary-eyed. Decided to use a sonic sensor so that it functions in the dark. Luckily the only things I had to buy was the 5v relay and 12v-5v converter, because I had been gifted a Crunchlab kit that had the arduino.

The circuit was cleaned up after the picture was taken, as I hadn't done all the soldering until after testing. Not pictured, but I have an additional USB-C plugged directly into the arduino, which sticks out of the back of the machine so that I can flash different software if need to make adjustments. It was super fun, and now I'm looking forward to learning even more about the coding side of things. ",4,1784425240.0,arduino,0,1.0,False
1v0dhjv,https://www.reddit.com/r/blackfridaydeals2025/comments/1v0dhjv/save_23_on_ninja_pod_grounds_coffee_maker/,Save 23% on Ninja Pod & Grounds Coffee Maker,"Best Single-Serve Coffee Maker Amazon Deal Save 23% on the [**Ninja Pod & Grounds Specialty Single-Serve Coffee Maker**](https://www.amazon.com/dp/B0DJFBF3SH?ref=t_ac_spc_accepted_tile&linkCode=tr1&tag=rahma07-20&linkId=B0DJFBF3SH_1784425101360) (PB051ST), now only **$99.98** on Amazon. Compatible with both K-Cup® pods and ground coffee, this compact coffee maker features a built-in milk frother, a large 56-ounce removable water reservoir, and multiple brew sizes from 6 to 24 ounces, making it one of the best Amazon kitchen deals for coffee lovers.

**👉 Buy Now** [**Ninja Pod & Grounds Specialty Single-Serve Coffee Maker**](https://www.amazon.com/dp/B0DJFBF3SH?ref=t_ac_spc_accepted_tile&linkCode=tr1&tag=rahma07-20&linkId=B0DJFBF3SH_1784425101360) 

The listed price was accurate when published. Since prices can change quickly, please verify before purchasing. If this post helped you discover a great deal, please give it an upvote.

Price: **$99.98**  
List Price: **$129.99**  
You Save: **23% ($30.01)**

* Save 23% off the regular Amazon price
* Compatible with both K-Cup® pods and ground coffee
* Specialty brew options for rich coffee beverages
* Built-in fold-away milk frother for lattes and cappuccinos
* Compact countertop design saves kitchen space
* Large 56-ounce removable water reservoir
* Brew sizes from 6-ounce cups up to 24-ounce travel mugs
* Easy-to-use control panel with multiple brewing options
* Suitable for home kitchens, apartments, offices, and dorm rooms
* Stylish stone finish complements modern kitchen décor

**👉 Buy Now** [**Ninja Pod & Grounds Specialty Single-Serve Coffee Maker**](https://www.amazon.com/dp/B0DJFBF3SH?ref=t_ac_spc_accepted_tile&linkCode=tr1&tag=rahma07-20&linkId=B0DJFBF3SH_1784425101360) 

**Q: Can this Ninja coffee maker brew both coffee pods and ground coffee?**  
A: Yes. It is compatible with **K-Cup® pods** and also allows you to brew using your favorite ground coffee.

**Q: Does this coffee maker include a milk frother?**  
A: Yes. It features a **built-in fold-away milk frother** for preparing coffee drinks with frothed milk.

**Q: What cup sizes can it brew?**  
A: It supports brew sizes ranging from **6 ounces to 24 ounces**, including travel mug sizes.

**Q: How large is the water reservoir?**  
A: The removable water reservoir holds **56 ounces**, allowing multiple brews before refilling.

**Q: Is this Amazon deal worth buying?**  
A: Yes. With a 23% discount, dual compatibility for pods and grounds, a built-in milk frother, multiple brew sizes, and a large water reservoir, the Ninja PB051ST offers excellent value for daily coffee enthusiasts.

You can help support us as we may earn a small commission. As an Amazon Associate, we earn from qualifying purchases. Your support enables us to discover and recommend the highest quality products. Thank you for your support.",1,1784425229.0,blackfridaydeals2025,0,1.0,False
1v0dgpr,https://www.reddit.com/gallery/1v0dgpr,Alec Bradley Prendado Lost Art,"Haven't haven't many AB but this was all show and no go, meaning no strength but tons of flavor. Lots of cinnamon, coffee and wet earth. The final 3rd was ny favorite part. ",3,1784425163.0,EveryDayIsCigarDay,0,1.0,False
1v0dfe8,https://www.reddit.com/r/stephenking/comments/1v0dfe8/i_worked_a_night_shift_at_the_hospital_and/,I worked a night shift at the hospital and entered a different reality?,"Part 2 - 

its been a few days since my rather unsettling expierence at the hospital, i threw out the unexplained pack of Marlboro Reds that were waiting for me on the coffee table even though i live alone and only smoke Marlboro Golds. 

What i expierenced on that night shift at the hospital truly sent shivers down my spine

I cant even begin to articulate it, anyways since then i wondered if that meant the entity of my dead grandma i saw at the hospital followed me home or perhaps followed me to my shift? 

as i get ready for my next shift. I dread going to i notice a shadow in the corner of my eye while im brushing my teeth. I grit my teeth and carry on. 

I get into my car and drive to the hospital for another night shift its now 9pm, i enter that same elevator and only press the button to my floor once not wanting to make the same mistakes i made last time and possibly summoning an entity again? 

As i head to my floor i notice the elevator has a empty water bottle on the floor from that unexplained floor perhaps from an alternate reality i entered? Is the entity just messing with me?. 

anyways i finish my shift it was pretty mundane nothing really eventful or scary happened 

I'm now taking the elevator to the ground floor i press the button once the elevator stops and shakes abruptly, the lights flicker 

I think to myself ""oh no""

The elevator keeps going down and the doors open very slowly its the same cement dingy area as before. 

I let out a big sign and my heart is pounding i take a look outside the elevator its quiet no one or nothing in sight 

I do however see a sequence of closed doors with lights over them but one door i notice the light is flickering violently i grit my teeth and head to that door. 

As i open it i notice its an empty room with a television sitting in the middle of the empty room its playing a video of my childhood expierences confused i shut the door and walk away to another door. 

I hear footsteps from behind me and turn around i see a tall black shadowy figure walking towards me it screeches 

""I'm going to get you"" 

I bolt it down the corridor and try to lose sight of whatever is following me. 

I go into a random door and its a room with a man tied chained up he screams ""help me"" i say ""ok"" 

As im trying to find a key to help him he lets out a terrifying scream and i look back and see the entity ripping out his spine from his stomach and eating it. 

I gasp and bolt again

In shock of what i just witnessed

i open another door and its a room full of mirrors i get creeped out and leave 

I think to myself ""are any of these rooms normal?"" 

I hear the entity through the intercom 

""Do you miss me?"" In a soft eerie tone

I get chills down my spine 

And yell out ""what do u want from me?"" No reply... 

I gotta figure a way out from here! But how? 

I keep running and see more elevator doors i press open and enter and see only 1 button i press it once and the doors stay open... i press it 6 times slowly and the elevator doors slowly close

I sigh of relief

It takes me to somewhere but doest say where

The elevator doors open slowly 

I notice a water bottle falls from a hole in the ceiling in the elevator

Confused i pick it up and look up 

And notice the entity is staring right at me while trapped my vision goes blurry and then fades to black

i wake up in what i presume is my apartment but i realize i wake up in an empty concrete room with a dim flickering light i look down at my hands and notice its not flesh but the silhouette of a shadow.

The End",0,1784425054.0,stephenking,0,0.33,False
1v0df92,https://www.reddit.com/r/NerdDating/comments/1v0df92/26_m4f_losangeles_putting_myself_out_there_and/,26 [M4F] #LosAngeles - Putting myself out there and what Id want.,"In a nutshell this is what id want: White or Hispanic, age 18-40, Any height, and any experience or lack of.

Looking for FWB, or possibly a relationship. Also as a small add on i am very kinky and open minded. I also do like vanilla so either way dont be shy 

But I know yall want to know about me or why to pick me. Well in a simple way that aint easy since I am way better at talking to someone face to face and feeling eachother out. Also isnt some of the fun learning about eachother? Like lets have a good connection but that can only happen by A) being open to uncomfortable questions or B) getting coffee or something to talk face to face.

So heres a bit of me. Im super easy to talk to and i attact goth women because people have said i have golden retriever energy. Not sure about that lol but definitely like myself a black cat. Not a requirement lol. I talk a lot and like to ask questions. Most people I've gone on dates or even meet always enjoy that about me. I'm ambition and driven and dont care if you dont drive, or even work but as long as youre not entitled then we will get along. People things i smoke week since im typically very chill. But I dont since my job and I dont mind if you do.

I hit the gym a lot so im fit but trying to lose some body fat. Maybe 10 lbs? Not sure yet. Just the set goal. I dont want to lose too much cause then ill look shredded and not sure how I feel about that yet. Im a Hispanic male, 5'6( I like tall and short women lol) and im fit. I hit the gym a lot so im muscular. 

Finally, I love physical touch so if that aint you...you might not want to reach out but I dont mind if you do. If you are curious about anything, why not just ask right?",1,1784425041.0,NerdDating,0,1.0,False
1v0det3,https://i.redd.it/5yr18gmnb3eh1.jpeg,"Never Received it, but says it's delivered.","I really liked this mug, but Amazon tracking says it was delivered, but it wasn't. Strange, the same day I got a Queen size polyester duvet with pillow cases that I never ordered. I think I need a coffee first!",1,1784425005.0,AmazonVineCanada,1,1.0,False
1v0ddv8,https://www.reddit.com/gallery/1v0ddv8,Skye of the Little Red Bucket,"Damn she is going to be my greatest heartbreak!

Picked her up at 10 days old, little orphan with a red milk bucket. Through a series of hilarious miscommunication what I thought was a quarter horse to mature to 15 hands turns out to be Selle Francais x Hanovarian and she will hit 17 hands. She’s currently 2 years and 3 months and 16.1 hands (I’m 5‘7“ and you can just barely see my forehead anymore)

She still takes snuggle naps on the ground with you (when she was little she wouldn’t sleep alone and would turn into such a cranky overtired baby). Loves morning coffee together, super solid character, such a thinker and contemplator. Wears plastic bags as hats, travels long distance like a champ, almost nothing flaps her. And those gaits! Likes to play in the water tank, calls when she wants to be social or has a problem the humans need to solve. Comes to a whistle better than the dog. Learned to smile from my gelding but has no cue or context so she just does it randomly. Has a bit of a stranger danger thing, but we are working on it… she is really something, but damn is it going to hurt when her time in this world is up",24,1784424925.0,Horses,1,0.96,False
1v0dd99,https://www.reddit.com/r/conspiracy/comments/1v0dd99/im_glad_people_are_opening_their_eyes_to_mass/,I’m glad people are opening their eyes to mass surveillance. But please be aware that your phone does the same exact thing.,"Don’t get me wrong, I am extremely against Flock cameras and the idea of mass surveillance. It’s a complete violation of our 4th amendment here in the United States. It needs to be stopped before we have a social credit system, similar to that in China.

But you need to know your cell phones have been doing the same thing for well over a decade, except even more intrusive. This isn’t some weirdo conspiracy theory, this is all verifiable not only through legislation, but through regular local cases. Your cell phone is constantly pinging data that is used to track your location. Your cell phone connects to multiple phone towers at the same time, which are everywhere. The signal strength is also recorded at the cell towers, therefore by using the signal strength of multiple towers, the federal government can very easily triangulate your location. Let alone, connecting to ANY WiFi network is logging your exact location, that includes your home WiFi, your local coffee shop WiFi, when you’re at your job, when you’re at the airport, everywhere. The connected devices get logged to the modem/router, that information is readily accessible by the internet service provider, who cooperates with any federal requests. Your cell phone is with you at all times because it’s becoming almost impossible living without one, and it’s essentially the tracker for the federal government. Your cell phone can still transmit data even when it’s turned off, and you can no longer physically remove the power source from it, because the batteries are hard wired in and no longer removable. Just watch any murder documentary or crime YouTube channel and pay attention to how they catch the killer.

What makes it even more invasive is that it’s not only your location, but it’s what you search for, your browsing habits, and your activity levels. Once again, think about any murder documentary or crime YouTube channel. They will always reference what suspects searched for and at what time. Do you think it’s because they forgot to use incognito mode? No, everything is permanent and is recorded. Then add in lovely algorithm models that can profile, such as Palantir, and they know you better than you know you. You are a datapoint and they know absolutely everything about you. The US government already has multiple contracts with Palantir. Let alone ECHELON is a known program that listens to every phone call for “trigger words” to “help identify terrorists”. Sure, maybe, but all that means is that they’re listening to everything.

Flock are just the obvious spooky spy cameras in your neighborhood. You have been tracked for a very long time, long before they put the cameras up. The Patriot Act by George Bush Jr in 2001 was the first formal green light to violate your privacy and your freedom. Obama renewed the Patriot Act in 2010 and 2011. Then he walked it back and pretended to care about your privacy by scaling back the Patriot Act with the USA Freedom Act in 2015, while simultaneously and secretly signing in the Cybersecurity Information Sharing Act in 2015 which expanded the reach of what the Patriot Act initially described, because smart phones really broke the mold of what was intended.

None of these politicians care about you. None of these politicians care about your safety. None of these politicians care about your privacy. They continue to roll in new legislation to “preserve the safety of the American people”, all at the expense of you just giving away a little bit of your privacy, one tiny bit at a time. “If you have nothing to hide, then you have nothing to worry about, this is just to catch the bad guys” is how it started, now you’re a data point in an algorithm and you’re no longer able to go pick up a snack at the store without it being recorded somewhere. Don’t trust the government. Left wing, right wing, both part of the same bird. The left vs right conflict is very carefully designed to make you turn against your fellow citizens, because a divided nation cannot sustain resistance against overreach. They have carefully designed a good cop, bad cop scenario for the American people. It’s so well designed, that the good cop for one group is the bad cop for the other group, and vice versa. Find common ground with your fellow citizens, they are not the enemy, they just have different worldviews.

Nothing I said is tin foil hat conspiracy theorist nonsense (at least except the last handful of sentences, which was my opinion). You can verify everything else in here yourself.

Be mad at Flock. But don’t let it distract you from all of the worse infringements on your privacy.",9,1784424870.0,conspiracy,3,0.91,False
1v0db55,https://www.reddit.com/r/espresso/comments/1v0db55/grinder_recommendations/,Grinder recommendations,"I have been using a df64 gen 2 for 2 years ever since I started making espresso at home. This grinder was a highly recommended choice for the price by the community. For the longest time I thought I was either under extracting my beans, the stock burrs were mediocre, or that I just didn’t like the flavor profile of most of the fresh roasted beans I was buying because I kept getting this blast of acidity.

This summer I went to Greece and tried an espresso shot straight and it was so smooth. No sourness and not too bitter either. So I finally decided to get SSP HU burrs because I believed the problem was the burrs were just causing uneven extraction leading to sourness. To my surprise this made it even worse. This is when I did more research and found out that there are different burr geometries and that the ones I am using are ment for high clarity. I suppose I severely just dislike acidity in my coffee and perceive it as under extracted.

So now I am looking for a grinder within $800 that can give me the more traditional non third wave profile. Specifically a bimodal coffee grind. I am currently between the niche zero and the eureka mignon specialita. However I’ve heard a lot of complaints about specialita workflow so I am also considering the newer eureka mignon 65 “espresso” which has upgraded burrs and better workflow.",1,1784424691.0,espresso,2,1.0,False
1v0dan4,https://www.reddit.com/r/FlockSurveillance/comments/1v0dan4/im_glad_people_are_opening_their_eyes_to_mass/,I’m glad people are opening their eyes to mass surveillance. But please be aware that your phone does the same exact thing.,"Don’t get me wrong, I am extremely against Flock cameras and the idea of mass surveillance. It’s a complete violation of our 4th amendment here in the United States. It needs to be stopped before we have a social credit system, similar to that in China.

But you need to know your cell phones have been doing the same thing for well over a decade, except even more intrusive. This isn’t some weirdo conspiracy theory, this is all verifiable not only through legislation, but through regular local cases. Your cell phone is constantly pinging data that is used to track your location. Your cell phone connects to multiple phone towers at the same time, which are everywhere. The signal strength is also recorded at the cell towers, therefore by using the signal strength of multiple towers, the federal government can very easily triangulate your location. Let alone, connecting to ANY WiFi network is logging your exact location, that includes your home WiFi, your local coffee shop WiFi, when you’re at your job, when you’re at the airport, everywhere. The connected devices get logged to the modem/router, that information is readily accessible by the internet service provider, who cooperates with any federal requests. Your cell phone is with you at all times because it’s becoming almost impossible living without one, and it’s essentially the tracker for the federal government. Your cell phone can still transmit data even when it’s turned off, and you can no longer physically remove the power source from it, because the batteries are hard wired in and no longer removable. Just watch any murder documentary or crime YouTube channel and pay attention to how they catch the killer.

What makes it even more invasive is that it’s not only your location, but it’s what you search for, your browsing habits, and your activity levels. Once again, think about any murder documentary or crime YouTube channel. They will always reference what suspects searched for and at what time. Do you think it’s because they forgot to use incognito mode? No, everything is permanent and is recorded. Then add in lovely algorithm models that can profile, such as Palantir, and they know you better than you know you. You are a datapoint and they know absolutely everything about you. The US government already has multiple contracts with Palantir. Let alone ECHELON is a known program that listens to every phone call for “trigger words” to “help identify terrorists”. Sure, maybe, but all that means is that they’re listening to everything.

Flock are just the obvious spooky spy cameras in your neighborhood. You have been tracked for a very long time, long before they put the cameras up. The Patriot Act by George Bush Jr in 2001 was the first formal green light to violate your privacy and your freedom. Obama renewed the Patriot Act in 2010 and 2011. Then he walked it back and pretended to care about your privacy by scaling back the Patriot Act with the USA Freedom Act in 2015, while simultaneously and secretly signing in the Cybersecurity Information Sharing Act in 2015 which expanded the reach of what the Patriot Act initially described, because smart phones really broke the mold of what was intended.

None of these politicians care about you. None of these politicians care about your safety. None of these politicians care about your privacy. They continue to roll in new legislation to “preserve the safety of the American people”, all at the expense of you just giving away a little bit of your privacy, one tiny bit at a time. “If you have nothing to hide, then you have nothing to worry about, this is just to catch the bad guys” is how it started, now you’re a data point in an algorithm and you’re no longer able to go pick up a snack at the store without it being recorded somewhere. Don’t trust the government. Left wing, right wing, both part of the same bird. The left vs right conflict is very carefully designed to make you turn against your fellow citizens, because a divided nation cannot sustain resistance against overreach. They have carefully designed a good cop, bad cop scenario for the American people. It’s so well designed, that the good cop for one group is the bad cop for the other group, and vice versa. Find common ground with your fellow citizens, they are not the enemy, they just have different worldviews.

Nothing I said is tin foil hat conspiracy theorist nonsense (at least except the last handful of sentences, which was my opinion). You can verify everything else in here yourself.

Be mad at Flock. But don’t let it distract you from all of the worse infringements on your privacy.",18,1784424650.0,FlockSurveillance,4,0.91,False
1v0d6ll,https://www.reddit.com/gallery/1v0d6ll,"Anyone else stuck in the ""heavy movies, solo coffee and zero social life"" phase?","Lately, life has been pretty quiet. Haven't had the chance to meet any women... literally zero",1,1784424322.0,NepalSocial,3,1.0,False
1v0d6i7,https://www.reddit.com/r/Parenting/comments/1v0d6i7/is_it_immoral_to_deny_water_to_my_2_year_old_in_a/,Is it immoral to deny water to my 2 year old in a very specific circumference? Please read,"\*circumstance

This is gonna be relatively long I think.

Important background:

My daughter is obsessed with water. I'm 99% sure ""agua"" was her first word (we are a multilingual family). This child drinks a ***lot*** of agua, and in addition to this it seems that the word itself has become some sort of safe/happy word to her. This to the point where she says the word *incessantly* when she is upset or in any sort of situation of stress, frustration, or (I think most importantly) in the middle of throwing a tantrum for not getting her way.

On top of this, I am of the firm belief that my daughter should always have access to water. If she asks for it, she gets it. I try to make it that she always has a glass or a bottle accessible without needing to ask for one since I know she always wants water, but of course she often asks for more or I find that I didn't leave one on the coffee table so I put one there and point it out to her.

Same thing with bedtime, I always bring water in with us because she has always had the habit of asking for water while being put to sleep, and just knowing it's there calms her.

Here's the problem. She just turned 2 a month ago, and starting about 3-4 months ago she has begun to occasionally throw these bizarre tantrums or meltdowns at bedtime over apparently nothing in particular. She will just get so upset and cry and basically lose it and *inevitably* she will start yelling for agua. She can't just reach to the nightstand to get it herself so I have to do this, and during these episodes she will just refuse to drink water, but then when I make the move to put the water back on the nightstand she gets upset and begs for it back.

Usually I give her one more chance and then put the water back if she doesn't drink it, but if she starts to repeat I tell her ok the water is going back then. Absolute panic mode. I tend to hold quite firm for anywhere from 5-10 minutes and not give in but it absolutely kills me and makes me feel horrible; I get the whole guilt and ""bad parent"" emotional attacks thing, and then I will try again even if she's not calm. We can repeat this another 2-3 times maybe on some ocassions and then eventually she will just drink the water, lay down next to me, and fall asleep.

This whole situation generates a lot of uncertainty for me because on the one hand I feel horrible witholding this essential thing from my daughter, but on the other hand I feel like she is playing some sort of game and trying to test my limits in a way that tell me that I am maybe not being firm *enough* and that I should find a better way to deal with this for the sake of my daughters behavior and ability to manage these sorts of emotional episodes.

Has anyone else dealt with this situation or anything similar enough to have some input that could be of use? Thanks for bearing with on the long post.",4,1784424313.0,Parenting,35,0.64,False
1v0d606,https://www.youtube.com/watch?v=bRvCqw9LCG4,Bath & Body Works NEW COFFEE SHOP/BOOKSTORE CANDLE HOLDER & MORE #bathandbodyworks,,1,1784424270.0,mesarastarr,0,1.0,False
1v0d5yv,https://www.reddit.com/r/Guitar/comments/1v0d5yv/east_bay_ray_another_post_about_underrated_guitar/,East Bay Ray: another post about underrated guitar players,"Here’s my tale:

When I was a teenager (late 90’s-ish), I saw a touring band from Auburn, Alabama play at my local coffee shop/indie rock venue. They played a great show, a highlight being their singer jumping on top and strutting on the dining tables reserved for mid-day espresso sipping.

After the show, I worked up the nerve to approach the guitar player and said, “I liked your playing, who are your influences?” I remember that he replied, “I try to copy East Bay Ray.” 

That statement blew my mind and changed my trajectory as a musician. I realized that you can be stylistically honed in upon whomever you choose! 

You don’t have to like the same stuff as everyone else. Sure…Hendrix and Page and Vaughan and Frusciante and Mayer etc etc can play really well, but it’s really important to pay attention to what clicks with you personally. Music is art, and art cannot exist without individualistic expression. 

For example, two players I really love are Nile Rogers and Greg Ginn. Totally different styles, but diversity is an asset. Whenever I hear a Chic or Black Flag song, the guitar playing jumps out at me, and I’m totally intrigued by what they’re doing.

And now back to East Bay Ray. He is an awesome guitar player who absolutely nails his role in the Dead Kennedy’s. I love hearing him play.

Does anyone want to share any gear info about him? I’ve seen some videos where he’s playing a Strat with humbuckers and also a weird SG copy. Anyone know about his go-to amps?

And also, who are some players that majorly inspired you who don’t fall into the standard canon of guitar gods? I would love to hear about your heroes!

(For my own part, I’m also a big fan of Eddie Hazel, Paul Leary, Greg Sage, many others)

 ",4,1784424266.0,Guitar,7,1.0,False
1v0d5jk,https://www.reddit.com/r/boston/comments/1v0d5jk/polyglottckmulticultural_meetup_boston/,Polyglot|TCK|Multicultural Meetup Boston! 🌏🌎🌍,"Are you a polyglot, a ""TCK"" or multicultural person in Boston or the greater metro area and wanna meet others in a chill and relaxed environment over a coffee or a sm0l bite?

Then come on down next Sunday afternoon at the Timeout Market in Fenway to mingle with other globally-minded folks and revel in some legendary conversations on some of the more finer things in life! :D

There will be large, blank name tags on which to write your name in your desired script, and the languages you speak, or cultural backgrounds you carry. Akin to any of those Polyglot conferences or gatherings you may perhaps be familiar with.

Sunday, Jul 26

12:00 – 16:00

Time Out Market Fenway

401 Park Dr 401 Park Dr, Boston, MA 02215, Boston, MA",0,1784424232.0,boston,0,0.43,False
1v0d5e6,https://www.reddit.com/r/MakeNewFriendsHere/comments/1v0d5e6/58f_looking_for_f_for_friendship_and_chatting/,58f Looking for f for friendship and chatting sharing our stories,"I had to move away from my friends and find myself unable to make new friends. Maybe I’m trying to hard? I smile, and introduce myself, I ask them about themselves, and listen, I mention things that we have in common. I ask if they’d like to have coffee or lunch just chat, they either take my number (won’t give theirs) or I invite someone from the gym or church over for dinner and never get invited to theirs.   
I joined a meetup group and wind up having flashbacks of middle school; standing shoulder to  shoulder with the other girls, smiling hoping to be picked, but wat h as girl after girl gets picked until im the last standing and I feel embarrassed.  
I thought I’d left such feelings behind.  
But here I am, I like to meet people and hear their stories, I like traveling to small towns and learning about the area, I like to write (I have cool experience s to share)  but here I am, anonymous putting myself out here one last time.

Anyone up for a chat?

Or even tell me what I’m doing wrong, or what others find lacking in me",0,1784424218.0,MakeNewFriendsHere,2,0.33,False
1v0d4a3,https://i.redd.it/luj49omn83eh1.png,Too Much Black in This Room? How to fix?,"The colors/ balances don't seem to work  
1. The black media console has some nice round edges but the black seems to overhwelm the room  
2. The T-Brace coffee table in the center is nice with Black and Brass mix- but I'm not sure it works without the Oslo Media Console in Black.

How would you suggest fixing this room?

  
",3,1784424124.0,interiordecorating,6,1.0,False
1v0d472,https://www.reddit.com/r/dating_advice/comments/1v0d472/i_34m_have_never_had_a_girlfriend_or_a_woman/,I (34M) have never had a girlfriend or a woman friend. (Post got deleted in other subreddit),"I'm 34 and straight. I have never really been approached by a woman or approached one myself, I guess I just thought it would solve itself. I have gone to the gym since I was 15 and I would consider I have a pretty impressive physique. I'm 180cm, shoulder length flowy hair, low percentage bodyfat and a clear face. Technically I should be considered at least average looking. I also have a master's degree in botany and I own a cute plant shop and I sell homegrown mushrooms. I wouldn't say I'm too much of a shut-in (I talk with a lot of people when operating my shop and sometimes with people in my gym). I regularly go to coffee shops and bakeries too. I'm a little active on social media too (I post some of my recepies and my gym routines ect. on Instagram). Why has no woman approached me? How and if could I change it? Is it too late?

Ps: yes I realise that I'm not entitled to a relationship

TL;DR: A nice and decently handsome guy can't seem to connect with a woman even though he is straight.",4,1784424116.0,dating_advice,22,0.7,False
1v0d3vt,https://i.redd.it/s9vveg1z83eh1.jpeg,Ikaw nalang ang kulang ❤️,,5,1784424092.0,AlasFeels,2,1.0,False
1v0d39i,https://www.reddit.com/r/decaf/comments/1v0d39i/coffee_feels_like_a_gateway_drug/,Coffee feels like a gateway drug,"I was sober from both coffee and beer last month.  The last three day I took a cup of coffee, and my depression was gone, at least for a while. Then I realized I might have underlying depression, which makes caffeine withdrawal two time harder. While being euphoric(yes, coffee does that for me, euphoria for an hour) and anxious, it encouraged me to take beer, and it seems the stress and high from coffee makes me crave beer for often and more intensively. Not only beer, but also craving for porn, mindless scrolling, and other entertainment.

It is no joke that coffee makes shitty life more interesting, and I have been self medicating for my depression with coffee for almost 10 years! If you want to quit coffee, I ~~urge~~ advice you to leave your toxic environment first, and take meditation to deal with life and stress. ",2,1784424041.0,decaf,1,1.0,False
1v0d2yl,https://www.reddit.com/r/TillSverige/comments/1v0d2yl/brazilian_coming_to_sweden_for_the_first_time/,Brazilian coming to Sweden for the first time,"Hey everyone!  
I’m from Brazil and I’ll be visiting Sweden soon for my first international conference. I’m going there to present my first research paper in control engineering, and I’m super excited (and a little nervous).  
Since this will be my first time abroad, I’d love to hear about cultural differences, social life, and what it’s like to interact with people in Sweden.  
I’m also a bit nervous about my English, so I hope people won’t mind if I make some mistakes while talking.  
I’d really love to make some Swedish friends (or anyone living in Sweden)! I’m a Brazilian researcher who loves technology, music, and learning about new cultures, so if anyone wants to chat or grab a coffee while I’m there, feel free to say hi!  
Thanks! ",3,1784424017.0,TillSverige,1,1.0,False
1v0d2gz,https://www.reddit.com/r/dating_advice/comments/1v0d2gz/should_i_give_him_a_second_chance/,should i give him a second chance ?,"For some background i’ve been working with this man (23) for about a year now. i have always found him attractive and tried flirting a few times but never got anything back so just assumed he wasn’t interested.   
Last week out of the blue he asked me if i wanted to grab coffee.   
He seemed keen to organise something and lock it down.   
My push back was positive as i have always had a thing for him.   
Anyways as the week passes we don’t text much, just “how was your shift, “what time are you off tonight” things like that.   
Take in mind in the past we have not communicated what so ever on social media.

We worked together 2 nights ago and the tension was there.   
We sat and chatted for an hour after work and discussed our coffee plans he had organised that were meant to happen 2 days from then. I had asked him multiple different times if the time and day we had arranged was okay for him. as it was early, he lived far away and he wasn’t going to finish work until 3 that morning with 9:30am date!!!!!    
He assured me it would be fine and he is happy to do it at that date and time.   
Long story short i woke up this morning( the morning of the date) to a message asking if i would be free this week for dinner. he explained that he was really tired for him 3am finish. he also added he was tripping hard.   
he is a recreational drug user. If he knew he had this date all week why would he use drugs 5 hours before are meant to go on a date?  
This was clearly not a priority for him. i replied with understanding but prefaced that if we really needed to reschedule it was probably a sign we shouldn’t. i left it open and said i would MAYBE let him know.  His response was “yeah please let me know i’ll book something”  
Should i give this man a second chance? He is a coworker and that is dangerous territory anyways but i was excited to get to know him.   
Thoughts? ",0,1784423975.0,dating_advice,1,0.5,False
1v0d1v4,https://www.reddit.com/r/VietNam/comments/1v0d1v4/best_place_to_buy_bulk_coffee_beans_in_hcmc/,Best place to buy bulk coffee beans in HCMC,"I stay in quận 10 in HCMC with my wife's family and I keep asking them to take me to a place to buy coffee in bulk but they only take me to Go! or BigC and the likes because they never buy their own coffee beans, they just buy the coffee ready to drink on the corner of their block. I constantly see the several coffee shops that sell coffee beans in bulk in the big clear plastic and glass containers, but I've heard that these prices are a bit over the top in price.

Does anyone know of a place like this that has fair prices for bulk coffee? Or maybe at least can someone give me a fair-price type of guideline so I can better avoid overly-priced vendors? The closer it is to đường Tô Hiến Thành, the better it is for me. 

Thank you all for your help and input!",1,1784423925.0,VietNam,2,1.0,False
1v0d1n1,https://www.reddit.com/r/AshevilleNC/comments/1v0d1n1/slava_coffee_bakery_is_now_in_soft_opening_on/,Slava Coffee & Bakery is now in soft opening on Wall Street!,"Hey Asheville! We just soft-opened Slava Coffee & Bakery at 37 Wall Street downtown  a Ukrainian café bakery we've been pouring our hearts into for the last year and the day has come!

We're open Wednesday–Sunday, 9 AM–2 PM as we work up to our Grand Opening on August 5th. Come by for a coffee some baked goods and say hi we'd love to meet more of our neighbors!

Cheers! ",9,1784423906.0,AshevilleNC,1,1.0,False
1v0d1jl,https://www.reddit.com/r/PhR4Dating/comments/1v0d1jl/25_m4f_a_better_love_story_than_romeo_and_juliet/,25 [M4F] A Better Love Story than Romeo and Juliet,"At this point, I want to meet the person that I will share my life with until the end of time. The only question if the person that I am looking for is here.

About me:  
\-5'6 in Height, have a chubby body type, and some say I am cute ( I hope they are right  
\-Working Professionally as an Engineer   
\-From the land of Flood Control Projects, Bulacan   
\-I read books, mostly for self-enrichment   
\-I'm into Warhammer 40k, Star Wars, and Marvel   
\-Catholic   
\-I play ML as a roam ( Hilda Auto Win )   
\-I play Guitar ( Electric or acoustic)   
\-Madaldal minsan, Non-chalant pag wala na battery   
\-Mabilis magreply ( Kahit wala ka pang chat , magrereply na ako )  
\-I love food and coffee especially, yan na lang bumubuhay sa dugo ko   
\-I'm also hooked on perfumes and watches ( Parang lahat ng hobbies na mahal gusto ko HAHAHA ) 

About you:  
\-Petite and Smaller than me, Sana   
\-Working professionally ( Archi, Eng, or Med Peeps )   
\-Have the same or similar hobbies na pede naten gawin   
\-Masaya kasama and respectful   
\-Decent   
\-Ano pa ba , bahala na kayo pakilala nalang kayo AHAHHAHAAH",0,1784423899.0,PhR4Dating,0,0.5,False
1v0d1ib,https://www.reddit.com/r/aldi/comments/1v0d1ib/instant_coffee/,Instant coffee,"None of the Aldi stores in my area seem to carry their private brand of instant coffee, decaf or regular. Have they discontinued the products? ",3,1784423896.0,aldi,3,1.0,False
1v0d1f4,https://www.reddit.com/gallery/1v0d1f4,47+ roll and crapless ATS,"Went back for another round of craps at my local Harrah’s Ione last night.

1st session went good. $5 table. Where I min bet across on others and 2 units across for myself.  
Bought in $200 and was able to press , press , press and regress when its house money. then 1 unit press til 7. Ran it a few times slowly climbing the $5 mountain. Took first break at $335

My “break” is usually walking around the big casinos a few laps but since this place is so small I take a break at crapless bubble.  
$1 ATS $1 min bet across, full press to “double” then regress and repeat until ATS or 7 hits.  
I put $20 at a time and was in $60 when I had a good run and cashed out a $100.

Took dinner break.

Came back to the table after a few of the regulars walked up. Put $135 back in trying to make something happen. Great bunch when we are hot but we couldn’t get much going in that hour or so. Trying to catch the good wave I take a break minus that $135

Break at a different crapless machine. This time I’m $80 in when it starts building and building and I’m able to smack the ATS. Cash out $375 ticket.  
Stoked and ready to bring good vibes I head back to the table with some more ammo and I walk up to a 7 out.

Daaaaang. Ok welp.  
Let’s hop in. Put the $200 back up.

2nd pic is the roll tracker of that very next roll.   
47+ rolls  
White is a horn number.  
Red is a box number.  
Green is a 7 on the come out.

First roll yo,11 then she went 20 rolls without a horn.  
Hit the Talls, needed 2 for ALL, and then hit 7 twice resetting the bonus. Next go around the bonus she just needed the 3 and 12 for the ATS. But couldn’t get it again. I regressed twice during the roll. Once early and another after the 7’s came. because I was scaredy cat.   
Could’ve had more. But it went well.

(I don’t “track” on a come out when it’s not a horn or a 7. So I missed a couple when setting a point, so she could’ve easily had 50 rolls)

Next shooter I went heavy since I had profit. He  rolled 4. Ok fine, I’m next and also went heavy. I rolled 3 and that was enough for me.

Cashed out $1075 and a nice iced coffee for the drive home.",1,1784423890.0,Craps,0,1.0,False
1v0d0w5,https://www.reddit.com/gallery/1v0d0w5,"Need help with my ""female-gaze"" OC!","Hi! :) Several days ago I remember seing someone asking about their OC and the male gaze and I just so happen to have this OCs whose design is very centered around the female gaze instead... However, despite being attracted to males, I'm not a woman, so I would like to hear everyone's opinion (but specially the girls') on this fella I've been cooking up for almost 10 years.

This is ""John Doe"" (original, I know), one of the characters for Broadcast Masqueradde, the Danganronpa-inspired visual novel that I'm currently writing. He is part of the main cast, one of the (presumably unwilling) contestants of an unhinged reality-show forced to play a televised killing game along 15 others like him.

\_

For context, in said reality show, the contestants are divided into two groups (the innocent players into one big group and the mole(s) into the other) and forced to play a deadly game whose main objective is to wipe out the other team so only one remains. However, the members of each group aren't known from the start so they must distrust each other in order to survive until they figure out who to remove from the game... either by publicly voting them out after ceratin conditions are met or... by killing them in secret. Why in secret? Well, if a participant messes up and kills someone from their same team, they are deemed another traitor and must swap teams, which would put a huge target on their back.

\_

Anyway, I've been doing this reference sheet for Artfight so I would like this to be his final design after ten years of several changes and redesigns. The story is mostly set in stone now so everything should be in order... Nonetheless, there are some issues that I've been puting aside for a long time and I can't resolve on my own so I would like to get a bit of help.

First, I would like for you to write what do you think this character is without knowing anything about him except the kind of story he is in.

SPOILERS FOR THE ANSWERS:

>!John Doe is, as his uninspired name might suggest, suffering from amnesia so his real name and background are a complete mystery, even to himself. However, with this design I wanted to convey that he may come from old money, as many other characters might suspect of this paired with his classy, gentlemanly and elegant demeanor and handsome and dashing looks. He is polite, friendly, considerate, thoughtful, sensible, mild-mannered, smart, weirdly knowledgeable despite his amnesia and annoyingly good at practically everything (listening, giving advice, cooking, deducting, debating(rethoric), reading other people, etc.). He likes to read while drinking either coffee or tea and playing chess, two hobbies he has picked up after losing his memory.!<

>!In a classical Danganronpa-fashion, I want to play with well-known tropes to make something extreme and fresh. In this case, an impossibly perfect romantic male interest from ""girl media/literature"", someone who may achieve such impossible standards of attractiveness that may very well be considered and gary stu. This is why I need the opinion of as many women as possible, he is supposed to look and act strictly for the female gaze, even to a comedic degree since I like going into extremes and making my characters capable of lighthearted comedy despite the heart-wrenching moments I plan to write them on.!<

Next I'm going to explain my design choices so you can judge whether I'm succesful or not. (Obviously, don't read this before redacting your first impressions!)

>!For this design, I've studied many popular male character designs in manga-adjacent media on the hopes I was able to make the ultimate tumblr sexy man, the perfect bait for yumeshippers and fujoshis alike. I found that many of them wear some kind of elegant-looking suit and I played straight into it, giving him a long beige trenchcoat to make him look like the kind of detective protagonist you might find in visual novels since that will be my main medium (as such, it matters most that his design works from the front). Underneath, he sports a tight sexy vest so it's easy to ditch the jacket and draw him on more intimate situations, either with the viewer or other characters.!<

>!Speaking of protagonists and other characters, he plays the role of ""the rival"" on a Danganronpa-like narrative and, thought he is not overtly malicious as others might be, he will constantly oppose our protagonist while pointing every flaw in his reasoning just so they can be sure of following the right track. Even if he is NOT the protagonist, he sure acts like it and it's totally on purpose that he also look the part, like many of the generic male leads in japanese media (every other character has more defined facial features, trust me). His memory loss is also meant to reminiscense of conveniently amnesiac protagonists that facilitate the story via making the audience learn about the world and themselves/their mysterious backstory... except this time he is not our point of view.!<

>!Because of all of this, his annoyingly perfect and his sketchy origins (or lack thereof), MC (the actual protagonist) is naturally very distrustful of John Doe, which paints their rivalry as something rather intuitive. The contrast between them is also one of the main focal points of this characters, which is why I gave him dark hair and white and blue colors in opposition to the orange and black color palette of MC and his blond hair. I wanted MC (who is also canonically handsome) to appeal more to the western standards of coolness and John Doe to appeal to a more eastern standar of moderation. This is my main reason for making him slightly shorter and less muscular despite me knowing that those two traits are highly desired and forgoing the sexy rebel route entirely. (I hope I made the right call :P) Oh, and I totally expect them being shipped together.!<

>!The messy shoulder-lenght hair is supposed to make him look anime, a bit forgetful and rather ""free-spirited""/laidback. The same pretty much goes for the random anime belts, tho they were a last minute addition and I feel like they may take from the ""unrestrainedness""  of having no past. (Tell me what do you think of this, please!) He also wears reading glasses to give him a sofisticated, inteligent look when necessary and drive home the point he likes to read and such.!<

MY MAIN GRIPES WITH THIS DESIGN:

I'm rather proud of this design despite being kind of generic but there are some things I haven't been able to sort out alone. These are the specific things I need help with (but I would love to hear about everything else, too, which is why I've written so much).

1. I'm horrible at picking colors, I've put up some options but none has totally clicked with me. I'm also a bit limited because of my cast being quite large and me not wanting them to overlay too much. I have other three characters whose main color is blue so I would like for John Doe to retain his primarely beige and white color scheme with blue accents... I just don't know how to make them work. I greatly appreciate any advice on why they don't work, which of my options do you like better, how to improve it, etc. A friend of mine suggested ditching the vest... though I would prefer not to... u\_uU
2. Specially if female, what traits do you find attractive in fictional men/men in general that you would like to see in this design? Anything that could work with his current characterization and style?
3. Is he fashionable? If anyone here knows about men fashion, clothing or the like I would like to hear! He is, amitedly, a bit old-school since I don't naturally gravitate towards popular and more modern works of fiction but I would like to know either way. Even if I may choose to keep him a bit dated, knowledge would make my choice more informed.
4. I thought of rolling up his pants to his ankles since none on my other characters does it... However, I fear this may not look all that attractive in a fictional character so I would like to hear your opinions on this. I feel in Spain (where I'm from) that's seen as ""gay"" even if straight men do it so idk...
5. I also look foward to know if any of you guys can come up with creative ways of incorporating more of his personal ""motifs"" as part of his design to spice it a bit (I tried to evoke it a bit with the checkered patterns but...). The current one might be a little too plain even if it's kinda on purpose?? He is mainly associated with >!Blue Roses (a flower that isn't found in nature and, as such, represents the unattainable, mystery, secrecy and chivalric love), Chess (representing his rivalry with MC, he is the one using white pieces), Crows (maybe not that ""picture-perfect"" as his others visuals, they represent dark fantasy as a genre, mysticism, wisdom and ill-omens) and death/fractured skull/violent imagery (his previous self ""died"" during the process of losing his memories + scenarios tipically associated with amnesia in fiction).!<

Either way, thank you so much for reading through this post! It means so much to me that you took time from your busy life to read, think or even write (if you are so inclined) something for my OC! >u< I know I've yapped a lot but I think this is the only way to express what I wanted to ask so... that's it! Let me know if you have some OC you want to show me in return for your help here so we can help each other and hopefully make things equal. \^\^U

EDIT: Re-uploaded cuz one of the images went wrong. :P",0,1784423849.0,characterdesign,0,0.5,False
1v0d0ur,https://www.reddit.com/r/SocialParis/comments/1v0d0ur/25m_looking_to_meet_new_people/,25M | Looking to meet new people,"Hey!

I’m 25M and I’ll be in Paris for another week. I thought it’d be cool to meet some new people while I’m here.

I’m up for pretty much anything, coffee, food, exploring the city, or just hanging out.

If you’re interested, dm me and let’s see if we get along.",1,1784423847.0,SocialParis,0,1.0,False
1v0czsk,https://www.reddit.com/r/lonely/comments/1v0czsk/how_am_i_supposed_to_force_myself_to_eat_food/,"How am I supposed to force myself to eat food with decent substance to it, and brush my teeth, and shower? It doesn't feel possible.","I've had coffee because I'll always make coffee no matter how tired I am mentally and physically.

All I've eaten today are cookies, because they're just here, in a tub, and it's easy. It's pretty gross, I guess.

It's about to be 9pm, and when I run out of time to use the shower, it'll be yet another day of not using it. Or brushing my teeth. And I won't be able to use the oven to make food with some kind of protein in it.

In case it's confusing, I can't shower or use the oven when it's too late at night, as all of those things will wake people up.

I could brush my teeth at least. But that's even harder than showering, oddly enough.",1,1784423763.0,lonely,0,1.0,False
1v0cz8f,https://www.reddit.com/gallery/1v0cz8f,LF astronaut have go to railroad worst sticker ever and krusty the clown to offer,,1,1784423716.0,MonopolyGoTrading,0,1.0,False
1v0cz3j,https://www.reddit.com/r/ItalianForEveryone/comments/1v0cz3j/i_tried_every_way_to_learn_italian_and_finally/,I Tried Every Way to Learn Italian and Finally Figured Out the Study Stack That Actually Works,"If you are learning Italian, you probably already know the usual tools. You can use an app, buy a workbook, take lessons with a tutor, watch videos, or listen to podcasts.  

The problem is not that these tools are bad. The problem is that most learners spend months taking in Italian without actually **using it enough**. You recognize words, understand some grammar, but when it comes time to **read carefully, listen under pressure, write full answers, or speak on command**, things suddenly feel shaky.  

Apps like **Duolingo** and **Busuu** are great for building a habit, learning vocabulary, and understanding structure. Tutors on **Preply** or **italki** give you personalized guidance and correction. Books provide explanations and examples. All of these are valuable, but they do not give you the **volume practice and instant feedback** you need to really improve.  

This is where a **serious practice layer** becomes critical. Doing hundreds of reading, listening, writing, and speaking exercises with instant grading is where real progress starts. You need to get your mistakes corrected while the attempt is still fresh so you can do the next practice round immediately. Waiting days for feedback kills momentum.  

---

## 💡 Tool Comparison and Cost

| Tool | Best For | Approx Monthly Cost | Limitations |
|------|---------|------------------|-------------|
| **Duolingo** | Daily habit, basic vocabulary, light repetition | $13 | Great for consistency but limited serious writing or speaking practice |
| **Busuu** | Structured app-based learning | $10 | Better guidance than most apps but still not built for unlimited practice |
| **Preply Tutors** | One-on-one teaching | $88 avg / $124 exam-focused | Excellent human guidance but naturally limited by time and cost |
| **italki** | Flexible teacher access | Under $20–$40 | Affordable but finite, pay-per-class model |
| **CiaoPrep Pro** | High-volume practice with instant grading | $29 | Not a textbook or live teacher, designed for repeated reading, listening, writing, and speaking |

---

## 🏆 Practical Study Stacks

### Best Value Option – For Disciplined Self-Starters
First month: ~$45, then $29/month  

- Practice Makes Perfect Basic Italian — $16 one time  
- Coffee Break Italian — Free  
- Easy Italian — Free  
- CiaoPrep Pro — $29/month  

This keeps learning inexpensive while giving you a real place to practice **all four skills repeatedly**.  

---

### Most Balanced Option – For Structured Learners
Busuu stack: $39/month or Duolingo stack: $42/month  

| Option | Components | Monthly Cost |
|--------|-----------|-------------|
| **A** | Busuu + CiaoPrep Pro | $10 + $29 = $39 |
| **B** | Duolingo Super + CiaoPrep Pro | $13 + $29 = $42 |
| **Add-on** | Practice Makes Perfect Basic Italian | $16 one-time |

This gives lessons, structure, and momentum while letting you **prove what you learned** with high-volume practice.  

---

### Fastest Improvement Option – For Tutor-Backed Learners
- Preply average tutor + CiaoPrep Pro = $117/month  
- Preply exam-focused tutor + CiaoPrep Pro = $153/month  
- italki starter route + CiaoPrep Pro = under $69/month  

Use the tutor for **explanation, correction, and strategy**. Use the practice layer for **volume, reps, and instant feedback** between lessons.  

---

## 🔑 How a Serious Learner Should Approach Italian

1. **Brand new and price-sensitive:**  
   Practice Makes Perfect + Coffee Break Italian + Easy Italian + CiaoPrep Pro  

2. **App structure and routine:**  
   Busuu or Duolingo + CiaoPrep Pro  

3. **Fastest improvement:**  
   Tutor + CiaoPrep Pro  

Books and apps are excellent for learning. Tutors are great for correction. **CiaoPrep Pro gives you high-volume practice and instant feedback** — where the real learning happens.  

No matter your approach, the key is the **practice layer**. You cannot get fluent or exam-ready by only learning. You need a place to **do high-volume practice, see mistakes instantly, and iterate**. That is where real progress starts.  

✅ Start practicing and take control of your Italian learning journey",1,1784423705.0,ItalianForEveryone,0,1.0,False
1v0cyuy,https://www.reddit.com/gallery/1v0cyuy,The locked selection at Jungle Jim’s today,,13,1784423686.0,hotsauce,9,0.94,False
1v0cyps,https://www.reddit.com/r/BoABraceletTrade/comments/1v0cyps/lf_boston_seattle_philly_or_others/,"LF Boston, Seattle, & Philly or others","Specifically looking for:  
\- orca  
\- coffee cup  
\- lobster  
\- Love 

Will consider other charms people can’t seem to trade if you want. 

I only have the mascot boa charms to trade, so willing to pay $7 per charm if you’re selling plus stamp for shipping ($0.82). ",1,1784423674.0,BoABraceletTrade,0,1.0,False
1v0cypb,https://www.reddit.com/r/travelpartners/comments/1v0cypb/montreal_july_1929/,Montreal July 19-29,"Currently visiting Montreal and looking to meet new people while I’m here. I’m a university professor from the U.S. who values kindness, sincerity, and meaningful connections.

I’d love to enjoy a nice dinner, grab a drink or coffee, watch a movie, or simply spend time outdoors and make the most of Montreal’s beautiful weather.

If that sounds like something you’d enjoy, feel free to DM me. Thanks!",1,1784423673.0,travelpartners,0,1.0,False
1v0cyp3,https://www.reddit.com/r/cs2/comments/1v0cyp3/sums_up_cs_pretty_good_ngl/,Sums up cs pretty good ngl,"https://preview.redd.it/hzbt4kxo73eh1.png?width=760&format=png&auto=webp&s=64622ae4b7cae6681d02528a5a23b9bbd886dbb7

more accurate review for cs i've seen this year",2,1784423672.0,cs2,0,1.0,False
1v0cygs,https://i.redd.it/1nswa23g73eh1.png,Meet Punton! A msm shitpost from scratch.mit.edu!,Me drinking 5 coffees a 3 am,2,1784423655.0,MySingingMonsters,0,1.0,False
1v0cxv1,https://i.redd.it/okitckwi73eh1.jpeg,What assumptions do you have about me based on my fridge?,,1,1784423606.0,FridgeDetective,4,0.67,False
1v0cxa6,https://i.redd.it/0i0ufrja73eh1.png,I've been called out!,"I was called out by a former lead dev to add something. So bet, I'mma add it!

Which is funny cause another former lead dev also asked for a reference to them. So now that's two I gotta make",16,1784423557.0,OWBEnclave,1,1.0,False
1v0cx3t,https://www.reddit.com/r/nosleep/comments/1v0cx3t/the_abyss_is_a_long_dead_weight/,The Abyss is a Long Dead Weight,"The Abyss is a Long Dead Weight

The deep end of the YWCA pool was my first abyss.  
I was six years old, under the tepid instruction of an elderly, sun worn woman who kept her hair bound in a bandanna, a terrestrial keeper of a chlorinated sea. It was midsummer. Up to that point, my aquatic world was strictly defined by where my feet could touch the painted concrete at the bottom of the pool. When the lesson ended, I asked my stepmother to stay. She waved me off, relishing her temporary emancipation from the nagging weight of my existence.  
Excitement surged through my small frame. I rushed the poolside, desperate to immerse myself in the cool, blue envelope I craved in the suffocating heat of the southern summer. I leapt. I braced for the familiar, jarring impact of the bottom, but it never came. There was only an endless, suspended blue. It was too much, too unexpected. A silent panic seized my chest, but an older, primal instinct took the helm. I kicked, broke the surface for a desperate gasp of air, and put my face back into the water, thrashing my way to the wall.  
I DID IT!  
I clung to the edge, chest heaving. No one saw. No one noticed. No one cared. I felt a transgressive thrill, the dark joy of having cheated death and authority in one fell swoop. I should have been punished for leaping into the deep, for flirting with the abyss. Instead, I realized I had the run of the water. The pool seemed endless. I let go of the wall, pushed off, and swam the entire width. By the time we left that day, I had graduated from the shallow end to an hour of jumping off the diving board. The, so far, thrill of my life. 

The water never frightened me again. I gave myself to it with a fearless, reckless abandon. But the water, I would soon learn, has a memory. And it has hands.

When I was eight, we lived in an old, brooding house on Vineville Avenue in Macon. It was a home layered in shadows and history, divided by French doors fitted with heavy crystal doorknobs and veiled in wispy lace curtains. They opened to a stairwell that led up to a second set of doors guarding the hallway to our bedrooms. When those doors were closed for the night, the house would wake.  
Every night, from the dark of our beds, we listened. Footsteps. Slow, deliberate pacing circling the dining room table downstairs. The creak of the floorboards, the distinct swish of the swinging door to the kitchen opening and closing, pushed by unseen, heavy palms. The first night it happened, my stepfather charged down the stairs, racking his shotgun, ready to blow a hole in a trespasser. He found only still air and moonlight bleeding through the lace.  
Eventually, we just let it go. The entity became a strange roommate; it moved things, shifted our belongings, but seemed harmless. A phantom tied to the wood and plaster.  
Until the winter.  
It was a freezing afternoon. A friend and I were playing at the apartment complex next door, where the swimming pool had frozen over. We were pushing a ball across the thick ice. A dozen times, I had leaned over the edge, reached down, and retrieved the ball without incident. But on the thirteenth time, as I leaned over the frozen expanse, I felt it.  
It wasn't a slip. It was a nudge.  
A firm, deliberate pressure against my shoulder that sent me crashing through the ice and into the freezing depths. I gasped, the frigid water seizing my lungs, panic flaring as I scrambled out, soaking my good school jacket. I got in trouble for falling in, scolded for my carelessness. But I knew the truth. The thing from the dining room didn't just walk the floors. It had followed me.  
As I grew older, my intellectual curiosity gave me a terrifyingly easy advantage in manipulating the world, but I longed to chase the burst of adrenaline from challenging my body to perform. Skateboarding, roller skating, break dancing, surfing, water skiing. I lived for the extreme edge of motion. But the entity from Vineville Avenue was always there, waiting in the margins, trying to finish what it started at the frozen pool.  
It never manifested as a ghost I could see; it manifested as physics inexplicably breaking.  
When I was skateboarding down a steep grade, bombing a hill with perfect balance, my back wheel would violently jerk, not from a rock, but from an unseen hand yanking the axle, sending me tearing into the asphalt. When I was break dancing, mid-flare, a sudden, unnatural shift in gravity would pull my legs down, slamming my knees into the concrete as if a weight had been dropped onto my hips. While surfing, a wave wouldn't just crash over me; I would feel a distinct, icy grip wrap around my ankle leash, pulling me down into the churning wash and holding me there just a few seconds longer than the ocean ever could. It was always a pushing, a pulling, a deliberate tripping up.  
But it was in the subterranean waters that it nearly had me.  
I was cave diving in Florida, exploring tunnels so suffocatingly narrow we had to remove our scuba tanks just to fit. We pushed the heavy cylinders ahead of us in the blackness, our flashlights cutting thin beams into the ancient rock. I gripped the regulator in my teeth so tightly my jaw ached, inching forward like a worm in a stone artery.  
Suddenly, the air stopped.  
I inhaled, and the regulator delivered nothing but a dead, suffocating vacuum. I tapped the purge valve. Nothing. My pressure gauge read full, but there was a distinct, crushing sensation wrapping around the rubber hose, pinching it shut. The water around me dropped ten degrees in a second. In that tight, pitch-black coffin, the entity was sitting on my chest. My lungs burned. The edges of my vision starred. It held the air back for almost too long, a silent, suffocating eternity where I felt the familiar weight of the dining room footsteps pressing into my spine.  
I didn't thrash. I closed my eyes and reached for the only weapon I had ever found that could break its grip. The Word.  
I didn't need a church crowd, and I had abandoned the social spotlight. What I had discovered was the ancient, binding power of Scripture. In the suffocating dark, my mind screamed the verses I had memorized like incantations. \*“Yea, though I walk through the valley of the shadow of death, I will fear no evil…”\*  
The instant the verse locked into my mind, the unseen hand recoiled. A rush of cold, sweet oxygen blasted through the regulator, filling my lungs. I survived the dive, but I knew the war had escalated.  
This chase led me to the deep ocean. I joined the Navy submarine fleet, plunging into the very domain where the abyss is absolute. I became a nuclear missile tech and teams coordinator. Under the veil of ultimate secrecy, I loaded Navy SEAL teams and their gear onto the boat, slipping them into the dark while the rest of the crew remained blind to who they were or where we were taking them.  
The ocean has a way of making you feel the weight of eternity. I remember standing in the hatch at the top of the sail earlier in the patrol, on a cloudless, moonless night in the middle of the Atlantic. The submarine slid silently through the ink-black, still ocean. The water was like glass. Stars stretched from horizon to horizon, their reflections burning so clearly in the sea that the line between water and sky vanished entirely. I felt a part of a universe vast beyond human imagination, suspended in a cosmic void. I thanked God for the devastating beauty of it.  
But as I looked down into the starlit water brushing against the steel hull, I felt that familiar, creeping cold. It was down there. The thing that walked the floors in Macon, the thing that choked my air in the subterranean caves. It was waiting in the fathomless trenches, biding its time.  
It made its move during the most critical moment of our deployment.  
The mission required a lock-out dive. I climbed into the cold, steel belly of a nuclear missile tube alongside a four-man SEAL element. It was a metal coffin, suffocatingly tight, packed with hardened men, rebreathers, underwater propulsion vehicles, and lethal ordnance. As the teams coordinator, I was the final check, the conductor of this claustrophobic orchestra. Surrounded by the crushing pressure of the deep Atlantic, we sealed the inner hatch.  
I initiated the flooding sequence to equalize pressure so the outer door could open. The cold seawater rushed in around our legs, rising fast. The ocean began to swallow us.  
Then, the mechanical hum of the hydraulics ground to a violent, shuddering halt.  
The water level froze at our chests. The red operational light on the panel flickered, then died. The pressure gauge needles began to violently twitch, the ambient pressure in the tube spiking erratically. It wasn't a mechanical failure; it was a physical impossibility. The temperature of the water plummeted instantly, biting through our thick neoprene suits like liquid nitrogen.  
In the dim emergency glow of the tube, I saw the eyes of the SEAL team leader widen behind his mask. These were men who didn't panic, but they knew the math. If the pressure didn't equalize, the tube would become a compression chamber. We would be crushed, our lungs ruptured before the steel gave way.  
Then, I felt it.  
The heavy, deliberate pressure against my shoulder. The exact same sensation from the frozen pool in Macon. The water in the tube seemed to thicken, pressing against my chest with the weight of unseen hands. It wasn't just a system failure. The entity had followed me into the steel belly of the boat. It was gripping the outer hatch, holding it shut against thousands of pounds of hydraulic force, trying to trap us in the dark.  
I closed my eyes against the freezing water and the rising panic of the men beside me. I didn't reach for the manual override; I reached for my armor. In the crushing dark of the missile tube, my mind screamed the ancient words.  
“He that dwelleth in the secret place of the Most High shall abide under the shadow of the Almighty. I will say of the Lord, He is my refuge and my fortress: my God; in him will I trust.”  
I repeated the Psalm, weaponizing the scripture, hurling it against the dark water, against the phantom weight on my chest. My refuge and my fortress.  
A deafening crack echoed through the water. The hydraulic whine instantly smoothed out. The unseen grip shattered. The outer door swung open flawlessly, revealing the endless, black maw of the Atlantic. The water equalized, the pressure stabilized, and the SEALs deployed into the void, vanishing into the ocean without a backward glance.  
Three days later, the retrieval went off with eerie, mechanical perfection. The tube flooded, the outer door opened on command, the team slipped back in, and the water drained away like clockwork. The system operated exactly as it was designed to.  
Later that night, in the dim, red-lit quiet of the sub's mess, the SEAL team leader sat across from me. He was nursing a lukewarm coffee, his face etched with exhaustion. He stared at the metal table for a long time before speaking.  
""That doesn't happen,"" he said, his voice a low, gravelly whisper.  
""What doesn't?"" I asked, keeping my tone perfectly neutral.  
""The lock-out. The failure."" He looked up, his eyes locking onto mine. ""This boat is pristine. Checked, double-checked, and checked again. It’s a top-secret deployment platform. Things don’t just stall and then miraculously fix themselves when the outer hatch is engaged."" He leaned in closer. ""I've been on a hundred lock-outs. When that door jammed... the water felt wrong. It felt like something was pushing back from the outside. Like a physical weight holding the steel shut.""  
I held his gaze, nodding slowly, offering a subtle shrug of professional agreement. ""Hydraulic anomalies happen under pressure. The ocean is unpredictable.""  
He didn't look convinced, but he let it drop, finishing his coffee and heading to his rack. He knew something defied logic down there, but he didn't have the vocabulary for it.  
But I did. As I walked back to my station, listening to the steady hum of the submarine's reactor, I thought of the heavy crystal doorknobs on Vineville Avenue. I thought of the footsteps circling the dining room table. The entity hadn't just tried to drown me in the ice; it had tried to crush me and four innocent men at the bottom of the Atlantic. It was a malicious, stalking evil that used the environment as its weapon.  
The retrieval had been flawless because the entity had already made its play and lost. It knew my armor held. It knew the Scripture was a wall it couldn't breach. But it also knew I had to come back to the surface eventually. It would be waiting.

I survived the submarine, but I never abandoned the water. My love for it was too deeply ingrained, tangled up with my arrogance and a restless, analytical mind that demanded to understand the mechanics of my own haunting. I became hypervigilant near the surf, the rivers, and the pools, but not entirely out of fear. It was out of a clinical, dangerous curiosity. I began trying to attach my intellect to combatting the entity. I needed to dissect it. What was its point? Was it actually trying to kill me, or was the terror itself the harvest? Was it feeding on my panic?  
One night in the St. Marys River.  
I was out there in the dead of night, cast netting for shrimp illegally. I had waded waist-deep into the slow, pitch-black current, my bare feet sinking deep into the viscous, immovable mud of the riverbed until I was practically anchored in place. I was baiting the shrimp with sachets of cheap cat food tied up in knee-high pantyhose, waiting for the surface to boil with silver flashes in the light of the lamp from a nearby dock.  
That’s when the temperature dropped.  
It didn’t happen all at once; it started at the soles of my trapped feet. A freezing, unnatural cold that gnawed at my skin. As the cold crept up my calves and thighs, the sting turned into a searing burn, like wading through crushed dry ice. Then, the current seemed to stop, and the water level began to rise.  
Instinct screamed at me to deploy the armor, to start reciting the Psalms. But my intellect, that fatal hubris that had always driven me to the edge, whispered something else: \*Wait. Let’s see what it can do.\*  
How far could this thing go? Could a localized, malicious spirit actually raise the water level of an entire river just to drown me where I stood? I stood there, shivering violently in the mud, watching the black water creep up my chest. I analyzed the impossibility of it. The physics breaking in real-time. By the time I realized the sheer, overwhelming power it possessed, by the time the freezing water reached my shoulders and the burning cold started to paralyze my diaphragm, I knew it absolutely could, and would, drown me.  
I fired off a Psalm. “Save me, O God; for the waters are come in unto my soul.”  
The verse acted like a concussive blast. The freezing sting shattered, the water level violently receded back to my waist, and the heavy presence vanished, leaving me gasping in the humid Georgia night.  
But as I dragged my net back to the bank, my mind was already spinning. The Psalm chased it away, but what if I used Ephesians? If David’s poetic pleas for deliverance worked, what about Paul’s explicit, militant instructions on spiritual warfare? “Put on the full armor of God, so that you can take your stand against the devil’s schemes.” Would that be a shield, or a sword?  
I stopped avoiding the entity. I started pursuing opportunities to test this abyssal demon. I wanted to map the boundaries of its power and the efficacy of my weapons.  
I took my gear down to Florida and dove a familiar spot: Red Reef in Boca Raton. It’s a beautiful, thriving reef, but it has a notorious ledge that suddenly drops off into the deep blue, plummeting well beyond the limits of recreational scuba diving. It’s a precipice looking down into the abyss. I purposely dove right to the absolute ragged edge of those limits, hovering over the drop-off, waiting.  
I wanted to see if it would mess with me.  
It always did.  
Sometimes it was the feeling of a heavy, icy hand gripping my fin, pulling me toward the dark water below. Sometimes my buoyancy compensator would inexplicably vent all its air, trying to sink me like a stone. Every time it struck, I tested my Scripture.  
I ran through the armor mechanically. I tried the Gospels, the epistles, the prophets. It all worked. The entity was allergic to the Word in any form. But then I started testing the delivery. I recited verses in English, then in Greek.  
Then, I tried Hebrew.  
The first time I formed the ancient, guttural syllables of the Torah in my mind, biting down on my regulator, the reaction was different. It wasn’t just a retreat; it was a violent repulsion. Reciting the verses in Hebrew felt physical, like I was emitting a shockwave into the saltwater. I could almost feel the entity flinch, driven back not just by the meaning of the words, but by the raw, ancient vibration of the original tongue. I felt immensely powerful. I had turned my intellect into a tactical advantage against a supernatural predator.  
But as I sat on the boat after that dive, staring out at the rolling expanse of the Atlantic, a new, unsettling hypothesis formed in my mind.  
I had proven that the entity followed me into the water, and I had proven that the Word of God was its ultimate kryptonite. But what happens when the two forces physically overlap?  
What about the Holy Land?  
If I bought a ticket to Israel, if I strapped a tank to my back and dove into the Sea of Galilee, the very water where Jesus walked, where He commanded the storm to be still with a single word, would the entity from Vineville Avenue dare to follow me into that water? Or is the darkness so ancient, so deeply rooted in the abyss, that it would be waiting for me even there, daring me to test my armor in the very place it was forged?  
I thought I could out-think it. I thought I could turn my spiritual warfare into a sterile science experiment, testing the boundaries of the abyss with ancient Hebrew and calculated exposure. But a man cannot live his entire life walking the razor’s edge of the deep. Eventually, the exhaustion sets in. I needed allies. I needed dry land.  
I traded the ocean for the elevation of the Blue Ridge Mountains. A forty-mile, four-day backpacking trip on the Appalachian Trail with my church group. We were a tight-knit fellowship, men who carried our heavy packs alongside heavy conversations about grace, accountability, and the tangible power of Scripture. My plan was simple: get miles away from the coast, find a quiet clearing beneath the canopy, and finally tell them the truth. I would confess the haunting, expose the entity that had stalked me from the YWCA pool to the nuclear missile tubes, and ask for their help to finally break its grip. After all, what threat could this wet, abyssal demon pose up here, high in the dirt and pine?  
I had forgotten about the rivers.  
This particular section of the trail is scarred by the water. There are six major river crossings. No bridges, no safety lines. Just rushing, frigid mountain runoff spilling over slick, moss-covered stones.  
The first three crossings were shallow, a mere nuisance of wet boots. But the fourth was a swollen, angry artery of the mountain. We had to unbuckle our hip belts, hoist our heavy packs over our heads, and wade into the rushing current waist-deep.  
I was in the middle of the pack, the icy water churning around my torso, when the air died.  
The bright, Appalachian summer afternoon instantly fractured. The ambient temperature of the valley plummeted. A thick, localized fog boiled off the surface of the river, smelling intensely of stagnant salt and old mud, the distinct, impossible stench of the deep ocean, here in the freshwater mountains. The water around my waist stopped rushing past me and began to swirl, tightening like a physical snare.  
Then, I heard my friend ahead of me scream.  
He didn't just slip. He was pulled. His pack pitched sideways as he was violently yanked beneath the churning water. The man behind me shouted, stumbling backward as if an invisible, heavy hand had shoved his chest. The entity wasn’t just targeting me anymore. It was lashing out at the proximity of the light, attacking the men who walked beside me.  
The air grew so thick and freezing it felt like breathing crushed glass. My friends were thrashing in the waist-deep current, fighting a physics-defying undertow that sought to drag them into the rocks.  
""Don't fight the water!"" I roared over the deafening rush of the river.  “Put on the armor of God!”  
I didn't have to explain the haunting. The malice in the river was absolute and undeniable. They felt the freezing grip on their ankles; they saw the unnatural, localized dark hovering over the ford. These men knew spiritual warfare wasn't a metaphor. They were believers.  
Still holding our packs aloft, struggling against the unnatural gravity trying to drown us, we opened fire.  
We didn't use our intellects. We didn't use our strength. We used the Word. Voices raw with adrenaline and terror echoed through the ravine, overlapping and cutting through the roar of the water. We shouted the Psalms. We roared Paul’s letters to the Ephesians. English, Greek, fragments of Hebrew, a barrage of ancient, weaponized truth hurled at the malicious cold.  
“The Lord sits enthroned over the flood; the Lord is enthroned as King forever!”  
“For our struggle is not against flesh and blood, but against the rulers, against the authorities, against the cosmic powers over this present darkness!”  
The water began to thrash violently, practically boiling around our waists. The heavy, salt-stained fog thickened, then evaporated, then thickened again. The entity was cornered in the shallow rapids, bombarded by the collective, unyielding faith of a brotherhood.  
""Baptize me!"" I yelled, dropping my pack onto a high boulder.  
My friends looked at me, understanding instantly. When I was fourteen, I was baptized to feed my ego, to put on a show in the spotlight. It was an empty dunk. But this, this was a desperate, total surrender.  
Two of the men fought their way through the freezing current and grabbed my shoulders. The water around us was resisting, fighting like a cornered animal, pulling at our legs.  
""I surrender it all!"" I screamed into the fog. ""I belong to Christ!""  
They plunged me backward into the freezing, violent river.  
The moment the water rushed over my face, the roaring chaos stopped. The absolute, deafening silence of the underwater world took over, but this time, there were no heavy hands. The cold I felt was just the freezing, purifying shock of the mountain runoff. I turned my heart completely to Jesus, not as a shield to fuel my arrogance, but as a Savior to rescue my soul.  
They pulled me up, gasping, into the mountain air.  
The fog was gone. The smell of the ocean vanished, replaced instantly by the crisp scent of pine and wet stone. The water around our waists was just water, cold, fast, and indifferent. The heavy, stalking presence that had followed me, possessed me, I think, since I was six years old was simply... gone. The space it had occupied in my periphery was suddenly hollow, a terrifyingly beautiful emptiness. I felt a rare, impossible grace. I strangely recalled finding a four-leaf clover at Gettysburg, plucking a tiny, green miracle from a field saturated with old ghosts and ancient death.  
We dragged ourselves to the far bank, shivering, exhausted, and fundamentally changed.  
I am safe now. When I get back to civilization, I have a plan. I am going to find a tattoo artist and I am going to carve the verses into my flesh. I will wear the Psalms on my arms and Ephesians on my ribs. If the entity ever returns, it will have to read the Word of God on my skin before it can touch my bones. I want to love the water again. I want to surf, to dive, to float without looking over my shoulder.  
And yet.  
There is a scientific reality I cannot entirely shake. Water is a closed system on this earth. The rains fall, the rivers rush down the mountains, they empty into the sea, and the sun draws the ocean back into the clouds to rain again. Every drop of water we drink, every wave we ride, has been here since the beginning of the world.  
The entity was cast out of the Blue Ridge runoff. It was swept away by the current, sent hurtling down the rocks, bleeding into the streams, and rushing inevitably back toward the fathomless, black ocean where it belongs.  
I sit on the riverbank, the armor of God echoing in my chest, watching the current carry the water away. I am finally free. But as a dark, heavy storm cloud begins to crest over the mountain ridge, bringing with it the scent of impending rain, I look up.  
I know the demon is gone. But I also know where the rain comes from.  
I tilt my head back, close my eyes, and wait for the first drop to fall.  
Let it pour.",2,1784423543.0,nosleep,0,1.0,False
1v0cwwn,https://www.reddit.com/r/cuddlebuddies/comments/1v0cwwn/35_m4f_looking_for_cuddles_in_montreal/,35 [M4F] Looking for cuddles in Montreal,"Currently visiting Montreal and looking to meet new people while I’m here. I’m a university professor from the U.S. who values kindness, sincerity, and meaningful connections.

I’d love to enjoy a nice dinner, grab a drink or coffee, watch a movie, or simply spend time outdoors and make the most of Montreal’s beautiful weather.

If that sounds like something you’d enjoy, feel free to DM me. Thanks!",1,1784423526.0,cuddlebuddies,1,1.0,False
1v0cw7s,https://i.redd.it/u18ftg1473eh1.jpeg,[Seeking Advice] First decent roast curve on my Kaleido M1 Lite – Colombia Cauca Maria Rosa Oidor [150g],"Hi everyone,

I’ve attached my roast curve for 150g of  Colombia Cauca Maria Rosa Oidor beans from Happy Mug. I realize I’m nowhere near a great roast yet (I’m only two weekends into learning how to roast coffee beans) but I’m really excited about the progress this far (only 14 roasts in). 

I’m using a new Kaleido M1 Lite with Artisan software and overall I like the roaster a lot, even with some break-in complications I’m having with the temperature probes. The BT probe seems to always read around 10C shy of actually FC temperatures.

This is my best curve so far. It’s the first time I was able to hit a solid \~5-minute dry phase. I had to drop my charge temperature all the way down to 145°C to make it happen (I know that’s lower than usual, but my roaster seems to run a bit hotter than most).

I’d love some feedback! My next goal is to extend the browning / Maillard phase to at least 3 minutes. How would you approach that on a machine like this? 

Any tips on power/fan settings or curve shape to stretch that phase without messing up the rest of the roast?

Thanks in advance and super grateful for any advice from the more experienced folks here!",3,1784423465.0,roasting,1,1.0,False
1v0cvqp,https://www.reddit.com/r/KenyanDatingCommunity/comments/1v0cvqp/companionship_and_friendship/,Companionship and Friendship.,"My dad and I were having a random conversation when he casually said, *""Na mtengeneze marafiki.""*  
Now, I honestly don't know if he meant **make friends** or if that was subtle parent code for *""It's time to bring me an in-law.""* 😂 Either way, here I am.

**About me: 26F** Chocolate in complexion.  
5'6"" with something beautiful to look at. 😉  
Ambivert. I work a demanding job, so I really value good company to help me unwind.  
Emotionally expressive, charismatic, and big on communication. Deeply curious about people, life, and the universe in general.

I love nature, fitness, travelling, sharing meals, and sharing my talents. I'm always down for exploring something new.  
**About you: Taller, living** in Nairobi.  
Have a job or a business. Enjoy activities and genuinely like having company.  
Don't heavily abuse drugs. An occasional drink is perfectly fine.  
Kind, emotionally mature, and knows how to hold a conversation.

I'm genuinely looking for someone fun to do things with, coffee dates, hikes, road trips, gym sessions, trying new restaurants, random drives, game nights... the list is endless. If it naturally grows into something more, great. If we become amazing friends, that's a win.

One small request: **please don't DM me looking for sex or anything weird.** 😭 Let's keep it respectful.  
If you're interested, send me a short intro about yourself, who you are, what you do, your age, and what you enjoy. I'd love to meet some genuinely good humans. Platonic friendships highly recommended. ",2,1784423427.0,KenyanDatingCommunity,0,1.0,False
1v0cvkc,https://www.reddit.com/gallery/1v0cvkc,Missing Vietnam 🇻🇳,Here are a few shots from my last trip in 2024 ,27,1784423413.0,VietNam,2,0.97,False
1v0cv56,https://i.redd.it/byb771gx53eh1.jpeg,"Himeko bait, by @alizsf​",,17,1784423381.0,honkaisapphicrail,1,1.0,False
1v0culh,https://i.redd.it/1b9meqfq63eh1.jpeg,"October 24, 2029 will mark 100 years since The Great Depression started. How old will you guys be by then?",I’ll be 23.,16,1784423339.0,Younger_GenZ,28,1.0,False
1v0cu4z,https://i.redd.it/z6ucanem63eh1.jpeg,Taiwan Coffee haul,"Recently went to taiwan and despite the limited budget, I was still able to enjoy Taiwan's amazing coffee scene. 

The beans I got are:

 \- Simple Kaffa's Ethiopia Bench Maji Baby Lucy Gesha

\- Monday Black Espresso Bar's Ethiopia Sidamo Bombe Natural and Nicaragua El Limoncillo Ethiosar Natural",3,1784423302.0,pourover,0,0.8,False
1v0csqk,https://slickdeals.net/f/19777707-2-2-lb-lavazza-whole-bean-coffee-blend-crema-e-aroma-medium-roast-12-15-w-s-s?utm_source=rss&utm_content=fp&utm_medium=RSS2&utm_source=reddit&utm_medium=organic_social&utm_campaign=rss,"2.2-Lb Lavazza Whole Bean Coffee Blend (Crema e Aroma, Medium Roast) $12.15 w/ S&S *ad",,1,1784423187.0,SlickDeals,0,1.0,False
1v0crw7,https://i.redd.it/uhcmewki43eh1.jpeg,Lazy Amaro cocktail,"I drank way too much whiskey last night, so my body did not like the sound of anything high ABV tonight. I threw some Amaris together and it turned out about as good as I expected. 

The Lazy Amaro

\- .5 oz Fernet Branca

\- .5 oz Averna

\- .5 oz Nonino

\- .5 oz Cynar

Fill your low ball glass with ice of choice. Add all ingredients, stir to combine. Drink slowly like sipping hot coffee. 

  
Fernet dominated at first, but as the ice melted the mint from the Fernet yielded to more of the coca-cola type of herbal notes that I wanted. I dumped some Coke Zero in after and it was delightful.",2,1784423117.0,cocktails,2,1.0,False
1v0cr1t,https://www.reddit.com/r/AskDocs/comments/1v0cr1t/im_sick_and_i_dont_know_what_to_do/,I’m sick and I don’t know what to do,"19 years old, 6ft, 76kg   
Hello everyone, My name is Alex Vernon and I'm a 19 year old from Ireland, I am normally a very fit person who looks after himself and cares for himself. On March 27th of this year I was riding my bike into our town and I started to feel very unwell. I went to the gym hoping that it would just easily pass. I felt that I had to pass a stool but I was sweating, and was extremely dizzy. I went around to my work and thankfully my mam was next door in a coffee shop, I went in and said to her “I feel like im about to pass out” I had the weirdest feeling like I was about to die, I got food as Mayne I felt I had very low sugar or something lacking, so I went into my work and tried to eat the sandwich and within 2 minutes I was vomiting, but vomiting in the weirdest and painful way, I was burping and extremely bad, I started having diarrhoea and could not get up, I was so unwell. I got taken home by my mam, the next day I decided to travel almost an hour to the nearest hospital and I got told after 3 hours of waiting that there was nothing wrong with me. I still could not hold any food down, I was severely nauseous and was so down about it, I got an emergency appointment with my gp and he was fearing for my life, I could not keep my head up, I couldn't top burping and it was the most awful sounds a human body could make, I could not stand. they gave me a shot of some sort of adrenaline to keep me going as my mam took me to hospital, we waited 6 hours this time and they said they can't help me as I am in their books “fine” I was devastated to hear this as I knew I was not okay. I was given anti sickness tablets and esomeprazole. it is now July 19th, I've dealt with constant burping and dizziness for nearly 5 months now and nothing I do is helping, I feel so sick all the time and im honestly tired of it all. im not a quitter but I've had all my hope taken away by doctors and people who say they are trying to help but in fact don't do anything. I have to thank my gp as in Ireland its hard to get appointments with doctors so sometimes id have to go with a different one and it is just awful s they see you as expendible, my gp really cares, I got a head scan for the dizziness and that came back as okay and im now going for some sort of ECG soon to take off the table of it being a heart problem.

my question is now does anyone have these symptoms of stomach pain and dizziness and constantly sick feeling, if so please give me any advice you can, I cannot live like this for the rest of my life and im open to trying anything to help me. thank you for hopefully reading this ",2,1784423049.0,AskDocs,2,0.75,False
1v0cput,https://i.redd.it/l1uyb92l53eh1.jpeg,Ghost Town Grille,,28,1784422952.0,VintageMenus,8,0.89,False
1v0cp79,https://i.redd.it/m3n7ou9f53eh1.jpeg,Help me complete my set!,"Happy to send 10 stars and have quite a few duplicate fours if there are specific ones you need. Thank you in advance! 🙏🏼

MGO923CRU7ND

IGN: TrickyNikki",2,1784422897.0,monopolygo_fairtrade,3,1.0,False
1v0cp0h,https://www.reddit.com/r/stopdrinking/comments/1v0cp0h/day_11/,Day 11,"Lost track of what day I was on today. I think that's a good sign. Can't believe approaching 2wks.

I've been enjoying green juice, coffee, kombucha, and coconut water. Usually it's just water and booze. It's nice to drink something that actually tastes good and makes me feel good, not just blurry. Today was much smoother than yesterday and my confidence is up. That's good because I'm expecting some triggers next week: pet sitting/extra money, hitting 2wks/""anniversary effect"".

I still feel on the fence about quitting drinking. Someone posted the other day about not feeling ready. Sometimes it's not about being ready, it's just the thing that needs to be done. My blood pressure is down to normal and I'm happy about that. I don't want to need BP meds period but I especially don't want to need BP meds just because I can't be bothered to give up alcohol.

Anyway today was a good day, I hope it stays that way. IWNDWYT🐙",6,1784422882.0,stopdrinking,3,1.0,False
1v0cow4,https://www.reddit.com/r/textfriends/comments/1v0cow4/38f_germany_living_in_california_lets_skip_the/,38F | Germany living in California | Let's skip the awkward introductions 😄,"Hi everyone I'm a German who moved from Germany to California and settled here. I enjoy road trips. My favorite thing to do in the morning is with a cup of coffee  I love meeting people with different life experiences. I believe everyone has a wonderful story to tell

If you're friendly  enjoy chatting, and don't mind talking to someone still learning about Reddit, please message me

Maybe we'll become friends. Please don' t send anything smaller than 35M  I don t like people younger than me",3,1784422873.0,textfriends,3,1.0,False
1v0co6r,https://i.redd.it/2ogd1lo653eh1.jpeg,Piercing Set-Up: should I get a snug?,"Hi all, 

I am FINALLY getting a few of my piercings back from college (had to remove a couple for sports and they closed up, never got them redone). 

I would like to have my ears mostly pierced by end of summer, mid-fall and have found an awesome piercer who is honest with me, so I just want to ask about set-up here before taking my ideas to her for final decision.

She’s really good about not wanting to over-inflame/over-pierce in one go, so I know I’ll be making a few trips back and forth.

I have had my tragus previously pierced, and plan on getting that again no matter, but was curious if a snug would 1) fit my ear anatomy, and 2) look best with the tragus and industrial, or should I consider two mid-helix?

Thoughts, opinions, coffee orders?

**Legend: (sorry on mobile)**  
🐈**‍⬛Black: already have it pierc**ed  
🦋**Blue: new piercings**",0,1784422818.0,piercing,0,0.5,False
1v0co11,https://www.reddit.com/gallery/1v0co11,"Day 39 - July 18, 2026","Coffee: 80 calories   
Breakfast: slept through it  
Lunch: 1,100 calories (estimated)   
Dinner: 460 calories 

Total: 1,640 calories ",1,1784422807.0,u_GlowUp_InProgress,0,1.0,False
1v0cnu1,https://www.reddit.com/r/OffMyChestPH/comments/1v0cnu1/i_couldnt_go_inside_the_restaurant/,I Couldn't Go Inside the Restaurant,"My ex and I recently broke up about three months ago. I've been doing my best to function like a normal human being ever since. Nobody knows except my brother that we broke up. We both still love each other, but on his end, he couldn't handle the pressure from his culture and family.

Anyway, the breakup really did a number on my confidence. I walk around in public with my head down. I can't bring myself to make eye contact with people. I don't want to go out, and even talking to others feels exhausting.

Last night, I saw an ad on Facebook about a restaurant in Westgate Alabang that I wanted to try. So I decided to go. I dressed nicely and put on makeup. Just trying to make myself feel a little more confident.

Around 8-ish in the evening, I booked a Grab and headed there. Unfortunately, the restaurant was packed. There was a line of people waiting outside. The moment I saw the crowd, I got intimidated. I panicked a little, turned around, and just walked around the area looking for somewhere quiet.

Eventually, I found a small coffee shop, so I stayed there for a while.

I know this probably sounds stupid, but I felt stupid. Embarrassed. Like I was pretending to be someone I wasn't. I became so self-conscious. I know not everyone is out there judging me, but it genuinely felt like they were.

I felt like whenever people looked at me, they somehow knew I was broken, sad, and alone. I know it's all in my head, but that's honestly how it felt.

Thankfully, I brought my Kobo with me, so I spent some time reading to calm myself down. After I finished my drink and pastry, I decided to head home. To top it all off, I got lost, and then my left shoe broke. I was panicking and trying my best not to look stupid.

I know this probably sounds so insignificant compared to what other people are going through, but it felt like such a huge setback for me. I was genuinely proud of myself for leaving the house and trying to do something nice for myself. Instead, I came home feeling even smaller than when I left.",3,1784422794.0,OffMyChestPH,3,1.0,False
1v0cnhv,https://www.reddit.com/r/MakeFriendsInIreland/comments/1v0cnhv/23m_looking_for_people_inor_around_kilkenny/,"23M, looking for people in(or around) KILKENNY","Hi everyone!

I'm a 23-year-old guy South Asian originally , but I grew up in Italy for about 14 years before moving to Ireland last october. I'm currently living in Kilkenny, and I work full-time.

I've noticed that most posts here are from people based around Dublin, so I thought I'd see if anyone here is from my area or nearby. I have a car (I actually bought a new one last month), so I don't mind driving a bit, but it would be great to meet people who live locally.

Some of my hobbies include going for runs, playing badminton, fishing, exploring new places, and trying new activities. I also enjoy talking about random topics like conspiracy theories, science, technology, history, psychology, and anything thought-provoking (just for fun and open-minded discussions!).

I don't smoke or drink alcohol, I also bought my first digital piano recently, so I'm just starting to learn how to play. If anyone else plays piano or has any tips, I'd love to hear them.

I'd love to meet genuine, down-to-earth people to grab a coffee, go for a drive, explore, or simply hang out.

If you're around kilkenny or nearby and think we'd get along, feel free to send me a message!",2,1784422768.0,MakeFriendsInIreland,0,1.0,False
1v0cm49,https://i.redd.it/xhi8r75p43eh1.jpeg,A pound of OG Kristal,"Today's cheese shop haul.   
Something spicy, something goaty, something a little classy and something new.  
Another customer in the shop told me that ski queen can go on cinnamon raisin toast and also in coffee. I'm intrigued.",6,1784422654.0,Cheese,0,1.0,False
1v0cm35,https://i.redd.it/0tcss4jo43eh1.jpeg,Afrikartt.com,"Chocolate, coffee, hot sauce, and many more at Afrikartt.com! ",1,1784422650.0,u_Afrikart,0,1.0,False
1v0clhm,https://www.reddit.com/r/textfriends/comments/1v0clhm/36m_looking_to_make_a_new_friend/,36M Looking to make a new friend,"Hi, I’m a semi-functioning adult trying to make friends outside of work — please clap.

I’m a mechanic who works overnights, so my sleep schedule is mostly vibes and poor decisions. I run on coffee, ibuprofen, anxiety, and ambition.

My life is also run by two young kids and two extremely high-energy dogs (Australian Shepherd mix + Husky mix) named after Star Wars characters. Chaos is constant, snacks are currency.

I miss hiking and still get outside when life cooperates. I cook a lot and experiment with recipes. Baking and I are not on speaking terms—it requires precision I refuse to provide.

I’m a horror fan and a certified nerd with comics, Marvel/Star Wars collectibles, and a rotating “nerd shelf” that exists purely for joy. I also have tattoos that are purely vibes and am always planning the next one.

My comfort show is The Office, my music is early-2000s punk/rock/screamo, and my brain runs on whatever song is currently stuck on repeat.

Looking for good conversation, nerdy interests, sarcasm, and maybe hikes or food experiments. If you want a friend with chaotic playlists, questionable tattoo ideas, and unsolicited dog photos",1,1784422604.0,textfriends,1,1.0,False
1v0cle0,https://www.reddit.com/r/ForeverAloneDating/comments/1v0cle0/32_m4f_denverco_once_more_in_to_the_void_lets/,"32 [M4F] Denver,CO Once more in to the Void lets find eachother!","I'm Tyler, I'm 32, and I live in Denver. I'm looking to meet people, get to know them, and see where this all goes. I'm a 5'9"" guy with an average build, currently around 170 lbs, but I'm trying to be more active. I'm also happy to share pics via chat!

  
A little about me: I'm a high-functioning autistic adult and have ADHD, so I'm very high energy and love to talk about anything and everything. If you are also any variety of neurospicy, then I encourage you to message!

I like to say I'm a creative person. I love to cook, especially for people I care about. I'm classically trained and love trying new dishes and learning how to make stuff, so if you like tasty food, that's a perk! Outside of that, I love to draw and write, and I've spent years on my D&D homebrew world, so I can yap about that for ages. Like most nerds, I love movies, anime, and gaming, and I've been working through my ever-growing backlog of things to watch and play. For games, I'm big on RPGs and roguelikes, and I've recently gotten back into Destiny 2 and FF14. I mostly do PC gaming, so there's that!

As for non-indoor hobbies, I love anything water-based and checking out local coffee shops! I'm always down for mini golf, even though I'm hot trash at it, but I love cool course designs. I love checking out art exhibits and trying new things at museums. Maybe it should go without saying, but let's do an escape room—I love game design and puzzles!! I've also recently gotten into exploring more goth and punk fashion and am looking to explore and share that as well!

My favorite game of all time is Dragon Age: Origins. I love Destiny 2 (RIP).

I love collecting TTRPGs and am currently learning Pathfinder 2 and Draw Steel.

Reading-wise, I'm currently re-reading the Dungeon Crawler Carl books. I'm caught up on the Stormlight Archive and am also reading The Lies of Locke Lamora.

I love a good board game and TCG. I collect those too, but mostly to play. Magic is my primary game of choice, but I've also got some Chaotic, and I'm hyped to see that game coming back!

Now, as to what I'm looking for. I need honest and open people. I'm looking for straightforwardness and openness. I'll share and talk about anything, but I'm bad at reading people. Also kindness, honesty, and someone who genuinely wants to build a relationship in this wild world! Also, someone who is actually going to respond, please. If you're going to message me and then not respond for two days, why even start a conversation?!?

I'd like to learn and hear about you! So if you think we could get along, shoot me a message and tell me about a hobby you've been into lately!

",1,1784422597.0,ForeverAloneDating,1,1.0,False
1v0clci,https://www.reddit.com/r/FriendsOver50/comments/1v0clci/older_age_meet_western_sydney/,Older Age meet Western Sydney,"Hi, I am a married retired guy 65, looking for male and female friends, who want to meet walks, coffee, getting out and about in this great city, winter will be over shortly and the sun will come, Over 60 prefered, don't be shy now.",1,1784422594.0,FriendsOver50,0,1.0,False
1v0cl8o,https://www.reddit.com/r/chat/comments/1v0cl8o/36m_looking_to_make_a_new_friend/,36M Looking to make a new friend,"Hi, I’m a semi-functioning adult trying to make friends outside of work — please clap.

I’m a mechanic who works overnights, so my sleep schedule is mostly vibes and poor decisions. I run on coffee, ibuprofen, anxiety, and ambition.

My life is also run by two young kids and two extremely high-energy dogs (Australian Shepherd mix + Husky mix) named after Star Wars characters. Chaos is constant, snacks are currency.

I miss hiking and still get outside when life cooperates. I cook a lot and experiment with recipes. Baking and I are not on speaking terms—it requires precision I refuse to provide.

I’m a horror fan and a certified nerd with comics, Marvel/Star Wars collectibles, and a rotating “nerd shelf” that exists purely for joy. I also have tattoos that are purely vibes and am always planning the next one.

My comfort show is The Office, my music is early-2000s punk/rock/screamo, and my brain runs on whatever song is currently stuck on repeat.

Looking for good conversation, nerdy interests, sarcasm, and maybe hikes or food experiments. If you want a friend with chaotic playlists, questionable tattoo ideas, and unsolicited dog photos",0,1784422586.0,chat,0,0.5,False
1v0ckxm,https://www.reddit.com/r/SouthShore/comments/1v0ckxm/coffee_shops_with_good_chai/,Coffee shops with good chai?,"I’m staying in Marshfield this week and was wondering if there were any cafes nearby with good chai lattes. Specifically I like the ones made with concentrate, rather than spice (I know that’s not ‘authentic’ but I like it, idc). Thanks for any input!",1,1784422562.0,SouthShore,2,1.0,False
1v0ckly,https://i.redd.it/ibhc00ac43eh1.jpeg,What are these tiny black specks on top of my window-type air conditioner?,"Hi everyone,  
I noticed these tiny black specks on top of my window-type air conditioner today (photo attached). They look dry and are similar to black pepper or coffee grounds.  
The strange part is that the air conditioner was just professionally cleaned recently, so I’m not sure where these came from.  
Does anyone know what these could be? Could it be cockroach droppings, mold, dirt from inside the unit, or something else?  
Has anyone experienced the same thing with a window-type AC?  
Thanks in advance!",3,1784422535.0,anoto,0,1.0,False
1v0cjom,https://www.reddit.com/r/MakeNewFriendsHere/comments/1v0cjom/36m_looking_to_make_a_new_friend/,36M Looking to make a new friend,"Hi, I’m a semi-functioning adult trying to make friends outside of work — please clap.

I’m a mechanic who works overnights, so my sleep schedule is mostly vibes and poor decisions. I run on coffee, ibuprofen, anxiety, and ambition.

My life is also run by two young kids and two extremely high-energy dogs (Australian Shepherd mix + Husky mix) named after Star Wars characters. Chaos is constant, snacks are currency.

I miss hiking and still get outside when life cooperates. I cook a lot and experiment with recipes. Baking and I are not on speaking terms—it requires precision I refuse to provide.

I’m a horror fan and a certified nerd with comics, Marvel/Star Wars collectibles, and a rotating “nerd shelf” that exists purely for joy. I also have tattoos that are purely vibes and am always planning the next one.

My comfort show is The Office, my music is early-2000s punk/rock/screamo, and my brain runs on whatever song is currently stuck on repeat.

Looking for good conversation, nerdy interests, sarcasm, and maybe hikes or food experiments. If you want a friend with chaotic playlists, questionable tattoo ideas, and unsolicited dog photos",0,1784422464.0,MakeNewFriendsHere,1,0.5,False
1v0ci04,/r/JobPH/comments/1v0chaw/working_at_a_coffee_shop/,WORKING AT A COFFEE SHOP,,1,1784422326.0,CoffeePH,0,1.0,False
1v0chaw,https://www.reddit.com/r/JobPH/comments/1v0chaw/working_at_a_coffee_shop/,WORKING AT A COFFEE SHOP,"hi! first-time job seeker here. i would love to know about your experience working at a coffee shop. is there anyone here who has worked as a kitchen staff at a local coffee shop? kumusta naman ang experience niyo?

do you think it's a good first job, especially since i don't have any work experience yet? your insights would be highly appreciated because this will be my first job if ever. and this coffee shop doesn't require prior experience.

as for the salary, okay lang sa'kin kahit minimum wage or close to minimum for now. ",2,1784422271.0,JobPH,1,1.0,False
1v0cg5h,https://www.reddit.com/r/starbucksbaristas/comments/1v0cg5h/i_got_promoted_to_ssv_and_then_left/,I got promoted to SSV and then left,"TLDR:

9 month barista at an understaffed store promoted to SSV, got basically no training and two weeks later we have no SM. 2 months into being an SSV, I found out I was moving but couldn’t transfer because I was so new and left.

Okay! So…

I was a partner at a drive thru and cafe store since September of last year. We had our SM and an another SM that had no store so she was basically our acting ASM until the original SM’s coffee break in May of this year. SM1 left so SM2 took over. To keep things short, SM 1 was an asshole, she got shit done but was mean and did things dirty. Very much a tyrant. It was bad enough that basically the weeks following up to when she was gonna leave people got fed up with how understaffed we were, so a bunch of people left. We had one barista leave, one SSV demote and two SSVs leave with a week notice, leaving our store with 2 SSVs when we are supposed to have 5. We were understaffed since SM1 and our DM were extremely picky assholes and refused to hire people unless they had full availability. Basically when SM2 took over, she was left with a store that’s supposed to be staffed at 20+, with a store that was staffed (including her) at 13.

I would say my stores metrics are pretty good and we get if not the most volume in the district, so it’s a lot of work. (Not to mention all of the strict standards that were already implemented from SM1 and our DM) Our store was THE STANDARD so for a long period of time SM1 and our DM were hard asses about EVERYTHING.

Anyways, so SM2 takes over the store and promotes me and another barista to SSV. Because of how understaffed we were and SM2 just being handed a store in shitty condition, I was never trained properly and just thrown straight into the water. SM2 was able to hire two new baristas at the same time as promoting me and the other guy so for me and the other new SSV’s first two weeks, SM2 was trying to train the new baristas, and me and the other guy were trying to learn from the other two SSVs at our store and some borrowed partners that were coming to help since we were understaffed. Basically how I was trained was to do the iPad training all at once and then suddenly know how to do everything and do my job. I never went on the floor and was shown how to do anything minus counting the tills. I never shadowed anyone either. The entire time I was a barista I only did closing shifts and had never done any opens, so for the first week of “training” I was working all closes as SSV and the other guy (he was an opener and closer) was working all opens. After that first week of me doing closes as SSV, the 3 weeks after I was scheduled to do opens and mid shifts. The only problem is, I had never done any open shifts, AND one of the SSVs had like two straight weeks of time off at that time too. My first open shift ever I was also supposed to run the shift, obviously I did horribly and was constantly set up for failure. There was some sickness going around so I always had a callout ON TOP of not even having 6 people or more for peak. Basically for about 1.5 weeks, every day I am dying, struggling to run peak and get all of the morning tasks done. At that point I was running my shifts blind and winging everything whenever I opened. Because SM2 was constantly in labubu land and couldn’t understand why I was struggling so much with shift tasks I was never shown how to do (like the order, cold brew (the first day I did it I fucked up and the next day I had to manually drain it lmfaoooo) high variance count, change order, critical forms, blah blah blah blah wah wah shift tasks i had to figure out on my own) she apparently said to another SSV behind my back that I can’t be on opens and that she had to schedule me back to closes for the next schedules. It was so extremely frustrating because no matter how hard I tried to explain to SM2 “hey I was never shown how to do this, can you show me or have me shadow someone” the only answer I would get was “I’m not understanding why you don’t know how to do this, I can’t help you because I have something else to do” which made me very discouraged and borderline crash out at work every day. In her defense tho, she was in labubu land cus she was also working like 65 hours a week trying to train the baristas, fill coverage, try to adjust our inventory because school had gotten out and summer started and work with a store that clearly does not have enough man power to support the amount of volume we get.

Anyways, after the 1.5 weeks of me doing mornings and mids, the 65 hours a week and having her mind constantly scattered probably made SM2 way too stressed and she ended up having medical emergency where she went through major emergency surgery. She basically just went poof and ourstore literally had no SM. After about a week or so of that, we had other SM’s in our district be our proxy but it’s kinda hard to work at a store where you have no actual SM to keep things in order. I did get scheduled for a mix of all opens mids and closes by the proxy managers, and things did get a bit easier for me as I was able to fight tooth and nail with myself to learn how to do my shift stuff. Things are still not slowing down in terms of chaos though, many orders messed up from all the SSVs, one of the York orders were missed cus we have no one to do it, some closes I would have only 3 people from 3pm onwards so me and some other SSVs would secretly shut the cafe and stay DT only without telling anyone so that we could preclose and get our store clean. Even with just DT only with the amount of volume, most of the time we would have to stay late or I would be doing the pull on my half or just doing anything to try to get us closer to being able to close the store properly. Did I mention not until we got the proxy managers to help us did they then vouch and push for our store to be approved for OT from our DM? So yeah, for basically another month until I leave, my store is a free for all every day, wild freaking west, borrowed partners, new baristas that were trained right, no SM and just some hopes and dreams or whatever.

I tattoo on the side, and am moving to another state, so I wanted to transfer to another store to where I’m moving to but my DM said no since I was just promoted. After he said that, I put my 2.5 weeks in and yesterday was my last shift. I definitely will miss the people, but I won’t miss the amount of work and the management. I’m now going to live a chud unemployed life for the next few months while I try to heal the trauma of the horrific rushes and mean customers that would treat me and my baristas like crap. (We were also on a major highway across from a hospital and next to a large highschool in a very rich white county. Do what you will with that information)

Anyways, from what I’ve seen, some people have had a great experience as a partner. In another life I would’ve probably loved my job too, but I physically just couldn’t in this life. Best of luck to the people who do enjoy their job tho. Good for them, and I will move on.",1,1784422183.0,starbucksbaristas,0,0.67,False
1v0cf5a,https://i.redd.it/182ggdwz23eh1.jpeg,Why Cleveland?,,1,1784422097.0,redmond,6,0.67,False
1v0cd9o,https://www.reddit.com/r/Anxiety/comments/1v0cd9o/stomach_issues/,Stomach issues,"I’m gonna talk mostly vague, but if you don’t want to read about stomach issues be warned. 

So I 30F am on vacation and I had a huge anxiety attack in the second day of driving. I made the mistake of having coffee, then I panicked, then I had to spend multiple hours in bathrooms along the way. That was a week ago and since then I’ve had daily anxiety attacks and my physical symptoms especially have been through the roof. So much lower GI stuff especially, which makes sense because it’s one of my most common anxiety symptoms. But it’s an awful feedback loop because I get anxious about my body acting up and preventing me from doing what I want to do, which makes the anxiety worse and on and on goes the merry go round. I just don’t remember ever having it this bad. Today I’ve got such bad abdominal cramps even when I don’t actually have to go, just from being tense and anxious plus GI stuff all week. 

I don’t know how to get my body to reset. I’m taking all the relevant stomach meds, and while I dont have access to prescription meds I’m taking what supplements I can that theoretically help stress. I don’t currently have a psychiatrist (that’s a whole stupid situation with my mental health clinic) so getting meds isn’t currently an option. I see my therapist again in a week and a half. I know how I got to this place mentally, but a lot of the stressors are not things I have an abundance of control over, so I’m working on coping skills but it’s just a tough spot in life. 

 Does anyone have tips on how to reset when it’s gotten this bad?",2,1784421945.0,Anxiety,4,1.0,False
1v0ccu5,https://www.reddit.com/r/GuatemalaTravel/comments/1v0ccu5/is_it_worth_scheduling_time_for_acatenango_hike/,Is it worth scheduling time for Acatenango hike in early October?,"Hello,

We are travelling to Guatemala in early October and understand that it is the tail end of the rainy season. We would be looking at doing the Acatenango hike sometime between **October 5 and October 10**.

Our current itinerary is:

* 2 nights in Tikal/Flores
* 4 nights in Lake Atitlán
* 3 nights in Antigua
* 1 final night in Guatemala City before our flight

If we decide to include Acatenango, I will probably need to either move one night from Atitlán to Antigua or potentially skip Tikal altogether.

In addition to Acatenango, we would also like to spend time in Antigua itself — relaxing, enjoying the food scene, visiting coffee farms, and generally taking things at a slower pace.

My dilemma is whether it is worth gambling on weather conditions and scheduling extra time in Antigua specifically for the Acatenango hike (or perhaps a 4x4 trip if the hike conditions are poor). For those who have visited in early October:

* How likely is it to get decent volcano eruption views after dark during that time of year?
* Is it worth building flexibility into the itinerary for Acatenango, or would you prioritize keeping the current split between Tikal, Atitlán, and Antigua?
* If you have done Acatenango in October, how was your experience?

Any advice would be greatly appreciated. Thanks!",1,1784421912.0,GuatemalaTravel,0,1.0,False
1v0ccq6,https://i.redd.it/2xokqu5g23eh1.jpeg,Belmont scotch finger surprise,"So, one of my favourite semi guilty treats is the nutritionally dubious Scotch finger from ALDI, they're ... what...$1.25 and they are so yum with a coffee break. I was just thinking this morning how at least some things are still cheap AND good but unfortunately there's at least one bad batch...

 Anyone else had this? Check your batch number- 1276, bought from ALDI in Bedford Perth. Yes, I eat them writing side up, yes the half that's missing is in my tummy.  Eeeuuurrggghh🤢

Taking them back of course, in case the shelf is still full of the same ones from a week ago when I bought them.",19,1784421903.0,AldiAustralia,7,0.95,False
1v0ccnk,https://www.reddit.com/gallery/1v093t2,QC P9 Coffee,,1,1784421896.0,RepDesignersQC,0,1.0,False
1v0cchd,https://www.reddit.com/r/helicopterparents/comments/1v0cchd/how_do_i_tell_my_parents_that_they_hurt_my/,How do I tell my parents that they hurt my confidence,"I’m going to college in a couple weeks and my parents are making me feel like I can’t survive on my own. I had a mental health crisis during my junior year of high school that made me rely on them a lot, and ever since then it feels like my parents have absolutely no faith in me.

I’ve consistently been going to therapy for the past year/two years and personally feel like i have made a lot of growth. During the application process my parents kept campaigning for schools that were a lot closer to where we live and my mom even once saud that I cant go past six hours. After a lot of consideration, I picked a school that was four hours away and near a big city that I am super excited about. My mom has expressed many times how she doesnt think Im going to like the city just because I used to be anxious about big cities. 

That was months ago, but lately my mom has really been making me doubt myself because she is nitpicking every little thing i do or mistake i make, saying i need to take more accountability, be more responsible, become more mature, stop being so anxious etc. I understand that she’s overprotective of me and I know she loves me but the tone she takes and way she says it just shows me she has no faith in my ability to live on my own.

Mind you— i have a real job at a coffee shop, I’ve been working other jobs since I was 14, I know how to cook, do my laundry and everything else and Ive always been an honors student

it feels like she disregards that just because of my mental health and whatever else. how do i tell my parents that i need to feel like they believe in me?",2,1784421882.0,helicopterparents,2,1.0,False
1v0cces,https://i.redd.it/oqb5lkwd23eh1.jpeg,Daily[ish] poetry post #6,,1,1784421876.0,teenagers,6,1.0,False
1v0cbqp,https://i.redd.it/2yg8v31823eh1.jpeg,Some coffee shop gaming,Decided to get some coffee and game for a quick break at little tokyo today. ,9,1784421821.0,nintendoswitchlite,2,1.0,False
1v0cb34,https://www.reddit.com/r/austinjobs/comments/1v0cb34/craft_beer_industry_veteran_looking_for_fulltime/,Craft Beer Industry Veteran Looking for Full-Time Position,"I'm a craft beer guy and hospitality professional based here in Austin with over a decade of experience across taproom management, cellar work, sales, and direct service. I know the beer and hospitality world pretty well at this point. I even have a little bit of coffee experience too. Unemployment has been rough. I'm looking for full time work and open to a lot of directions. I'd love to find something I can really sink my teeth into long term, but I'm also happy to jump back into a solid hospitality role in the meantime. A few areas I'm especially interested in:

Writing (content, copywriting, anything word-focused)

Customer service or client-facing roles

Something physical, I don't mind hands-on or active work (I'm actually working on my home inspection license right now too)

If you know of anything opening up, or just want to point me toward a good lead, I'd really appreciate it. Happy to share more about my background in the comments.

Thanks!",2,1784421769.0,austinjobs,0,1.0,False
1v0ca9m,https://www.reddit.com/r/Denton/comments/1v0ca9m/denton_adults_where_do_people_actually_find/,Denton adults: where do people actually find community here?,"I’m curious what people think because Denton seems like a place where community *could* be easier to find: music, school, coffee shops, artsy spaces, local events, bars, hobby groups, etc. But I also know being around people doesn’t always mean friendships actually form.

Some people find their people through school, work, shows, church, climbing/fitness, book clubs, mutual friends, or just becoming a regular somewhere. Other people are trying to put themselves out there and still feel like it’s hard to build friendships that last.

I’m working on a small independent research project called **The DFW Friendship Project** to better understand how adults across Dallas-Fort Worth build meaningful friendships, what helps connection grow, and where things tend to get stuck.

I’d love to hear from all sides: people who have found strong community here, people who are still looking, people who feel somewhere in between, and people who are content with a smaller circle.

For those of you in Denton or nearby: what has actually helped you feel connected here? And where does friendship/community still feel hard?

For anyone who would rather share more privately, I also made a short anonymous survey. It takes about 4–6 minutes, and it’s not a sales pitch:

[https://tally.so/r/68yvEN](https://tally.so/r/68yvEN)",3,1784421705.0,Denton,1,0.8,False
1v0c9gs,https://www.reddit.com/r/cagayandeoro/comments/1v0c9gs/new_professional_teachers_to_connect_with_here_in/,New Professional Teachers to connect with here in CDO para mangita ug teaching job abroad,"Hello, mga higala!

I am a new Professional Teacher from Downtown CDO and I am currently looking for people to connect here sa atong city. My purpose is to look for a teaching job abroad. Actually for months nako ga work on ani and I have been doing this alone. I think my strategies aren’t that effective so I am taking this initiative to connect with my fellow Kagay-anons para makakuhag insights, etc. We could apply together, look for strategies together, we could collaborate para maka teach ta abroad. I think better if naa jud tay mga kaila to make things easier, better jud if we have people to connect with. 

I hope we could meet up for coffee or lunch ba kaha.

I hope I could find people here in CDO na same sa ako na 0 classroom experience, non-educ graduate, have units of Prof Ed, and currently searching for a teaching job abroad, even locally sad. Again, ang akong purpose ani is to connect with people na same sa ako na actively looking for a teaching opportunity abroad (okay ra pud ko to those na local pa ang gina-seek for now) na taga CDO. 

Salamat sa tanan. 🙇‍♂️",1,1784421643.0,cagayandeoro,1,1.0,False
1v0c7q4,https://www.reddit.com/r/ATLHousing/comments/1v0c7q4/lease_takeover_needed_furnished_studio_near/,"Lease Takeover Needed: Furnished Studio Near Midtown MARTA – Ideal for Students, Professionals, or Anyone Nearby","Hi! If you are looking for off-campus housing near Georgia Tech, I have a fully furnished studio apartment at The Mark Atlanta, located at 955 Spring St NW, Atlanta, GA 30309, that I am looking to transfer my lease at $1669/month plus utilities. The lease begins on August 15th and ends on July 23rd. It is within walking distance of Publix and various restaurants and 5 minutes from the nearest MARTA station. The building amenities include a clubhouse, gym, and a swimming pool, all located on the 10th floor. If interested, comment here or DM me.

Here are some amenities for the apartment and the complex.

\* Private Study Rooms  
\* Group Study Rooms With Smart TVs  
\* Computer Lab  
\* All-Sports Simulator  
\* 24-Hour Fitness Center  
\* Aquatic Massage Chair  
\* Sauna

Boasting unrivaled community amenities to create the ultimate sense of comfort, you’d be pressed to find a more stunning place to call your home away from home!

\* Stainless Steel Appliances  
\* Granite Countertops  
\* TVs In All Living Rooms  
\* High-Speed Internet  
\* Fully Furnished  
\* Private Bedrooms & Bathrooms  
\* In-Unit Washer & Dryer  
\* USB Chargers In Outlets  
\* Balconies \\\*In Select Units  
\* VIP Penthouse Options – Larger TVs In Common Areas & Bedrooms, Pool Tables In Common Areas & Floor-To-Ceiling Windows

A Breath of Fresh Air

When it’s time to put down the books and relax, you can discover plenty of ways to unwind and soak up the sun right outside your front door!

\* VIP Lounge  
\* Grills On Pool Deck  
\* Resort-Style Pool  
\* Hot Tub  
\* Jumbotron  
\* Bike Storage  
\* Parking Garage

Exclusive Experiences Curated For You

Our amenities and community events make it easy for our residents to connect with peers and forge lifelong connections!

\* Pool Table  
\* Premium Coffee Machine  
\* Luxer Package Room  
\* Shuffleboard  
\* Jumbo Scrabble  
\* Ping Pong Table  
\* Arcade Room  
\* Clubhouse

Relax, We've Got You

We strive to provide residents of our community with the utmost convenience and peace of mind.

\* Pet-Friendly  
\* On-Site Maintenance & Management  
\* You Speak, We Listen Program  
\* Community Rewards  
\* RentPlus Program  
\* Monthly Resident Events  
\* Roommate Matching Via RoomSync",1,1784421505.0,ATLHousing,0,1.0,False
1v0c74u,https://www.reddit.com/r/longtermTRE/comments/1v0c74u/i_think_tre_triggered_seizures_in_me/,I think TRE triggered seizures in me …,"For context I (F 26) had been on SSRI medication for anxiety for about 2.5 years and weaned off slowly last year as I was in a good place in life and don’t want to be on medication forever, however I noticed I was suddenly having quite rocky days and becoming more unstable emotionally in daily life to the point I had to quit my job as and aimed to return to my old workplace. I was introduced to TRE through someone I know they sent me a YouTube link for a follow along session. The first time I tried it I had no shaking whatsoever my body didn’t even quiver I was just left holding a frog like pose for 20 minutes so I gave up and tried again another time. This is when the floodgates opened… I not only had my legs rapidly flapping up and down but my whole body had jerks and shakes travelling up reaching my neck and creating rapid sways in my neck and body going side to side. I remember laughing and being like wtf is happening but it felt pretty good! So I was doing it a few time here and there as the weeks past (maybe 4-5times total) and then I sort of forgot about it. 

Fast forward to when I returned to my old SSRI medication about a month later and felt like I was having a worse effect, like heightened anxiety and hand tremors. I was only just back at my old job which is in the community and had a really awful day with a client and their house being in terrible state with mold, cockroaches, and red back spiders. I then was having an existential crisis about leaving my new workplace which was relevant to my degree and feeling like I had gone backwards in life. This bad day I got back home to my partner and started explaining what had happened and I was getting really emotional from it. He essentially told me these things are apart of life, which is logical but the state I was in I interpreted it as - he doesn’t understand how bad and distressed I feel. I ran to the bathroom and started really crying like cries of agony and that’s when my body collapsed into a seizure. He had come in to comfort me and suddenly the whole right side of my body was frantically jerking/shaking which made me cry more because it was really scary. I was conscious the whole time but my body was not in my control. This lasted about 30minutes. 

For the next 4 weeks I experienced about 12 of these episodes my partner and mum both witnessed them. And nearly called the ambulance, they would usually take about 20 minutes until they fully pass through my body and it helpful when I try to plant a foot and the ground and swipe it across the floor to ground myself. I ended up seeing a psychiatrist who switched my medication and I told him about the seizure like episodes he had never heard of TRE or this presentation before said he would refer me to a neurologist, but I never heard back. 

Eventually my life has re-stabilised (thank fck!!!) but I have noticed on the odd occasion when I am too anxious or emotionally distressed (and it’s usually at night) my body just defaults into the weird conscious seizure. The closes thing I could find on the internet is that it’s potentially what’s called a functional seizure. But essentially I never had this in my life until I had experimented with TRE and now I think it’s taught my body “oh your nervous system is overloaded we’ll just shake it out” so idk if this is now a permanent feature in my life 😭😭😭 has anyone else experienced this or have other theories of what’s going on?

An extra bit of context, I have only ever had one “fit” and that was the first time I tried weed when I was 17 and I blacked out and apparently had a fit/ seizure that I have no recollection of because I went unconscious - it’s okay I found out quick that my body can’t handle substances- even coffee makes me shaky !! Like mad tremors 😅 unless I’m in a good stable mood I can tolerate a bit. 

TL;DR- experimented with TRE, it created whole body shaking and since then when I am emotionally distressed my body goes into a seizure like episode but I am conscious ",4,1784421459.0,longtermTRE,2,1.0,False
1v0c3jl,https://www.reddit.com/r/Fantasy/comments/1v0c3jl/vote_for_our_august_goodreads_book_of_the_month/,Vote for our August Goodreads Book of the Month,"The theme is Features Food! The [poll](https://www.goodreads.com/poll/show/335798) is open and will close on July 22nd at 11:59 pm EST. You need to be a member of the [r/Fantasy Goodreads group](https://www.goodreads.com/group/show/107259-r-fantasy-discussion-group) in order to voted. I will announce the winner on July 23rd. 

The nominees are:

# [The Teller of Small Fortunes](https://www.goodreads.com/book/show/207611551-the-teller-of-small-fortunes) by Julie Leong

Tao is an immigrant fortune teller, traveling between villages with just her trusty mule for company. She only tells ""small"" fortunes: whether it will hail next week; which boy the barmaid will kiss; when the cow will calve. She knows from bitter experience that big fortunes come with big consequences…  
  
Even if it’s a lonely life, it’s better than the one she left behind. But a small fortune unexpectedly becomes something more when a (semi) reformed thief and an ex-mercenary recruit her into their desperate search for a lost child. Soon, they’re joined by a baker with a knead for adventure, and—of course—a slightly magical cat.  
  
Tao sets down a new path with companions as big-hearted as her fortunes are small. But as she lowers her walls, the shadows of her past are closing in—and she’ll have to decide whether to risk everything to preserve the family she never thought she could have.

# [The Galactic Gourmet](https://www.goodreads.com/book/show/1701274.The_Galactic_Gourmet) by James White

Sector General. It's the massive hospital space station - 384 levels, with a staff of thousands - on the Galactic Rim, where human and alien medicine meet. It's also the setting for some of the most entertaining novels of modern SF, James White's Sector General series, which began three decades ago with Hospital Station.  
Now White returns to Sector General to tell the tale of the great Gurronsevas, a massive, six-legged alien of considerable dignity, who is the most renowned chef in all the galactic federation.  
Chef? Just so. But now, at the peak of his career, Gurronsevas finds that fame, honor, and a large staff of scurrying minions aren't enough anymore. He wants to take on the greatest challenge of his professional making hospital food palatable.  
And not just any hospital, either. Gurronsevas has come to Sector General. And interspecies understanding may never recover....

# [In Watermelon Sugar](https://www.goodreads.com/book/show/46182.In_Watermelon_Sugar) by Richard Brautigan

iDEATH is a place where the sun shines a different colour every day and where people travel to the length of their dreams. Rejecting the violence and hate of the old gang at the Forgotten Works, they lead gentle lives in watermelon sugar. In this book, Richard Brautigan discovers and expresses the mood of the counterculture generation.

# [Light from Uncommon Stars](https://www.goodreads.com/book/show/56179360-light-from-uncommon-stars) by Ryka Aoki

Good Omens meets The Long Way to a Small, Angry Planet in Ryka Aoki's Light From Uncommon Stars, a defiantly joyful adventure set in California's San Gabriel Valley, with cursed violins, Faustian bargains, and queer alien courtship over fresh-made donuts.  
  
Shizuka Satomi made a deal with the devil: to escape damnation, she must entice seven other violin prodigies to trade their souls for success. She has already delivered six.  
  
When Katrina Nguyen, a young transgender runaway, catches Shizuka's ear with her wild talent, Shizuka can almost feel the curse lifting. She's found her final candidate.  
  
But in a donut shop off a bustling highway in the San Gabriel Valley, Shizuka meets Lan Tran, retired starship captain, interstellar refugee, and mother of four. Shizuka doesn't have time for crushes or coffee dates, what with her very soul on the line, but Lan's kind smile and eyes like stars might just redefine a soul's worth. And maybe something as small as a warm donut is powerful enough to break a curse as vast as the California coastline.  
  
As the lives of these three women become entangled by chance and fate, a story of magic, identity, curses, and hope begins, and a family worth crossing the universe for is found.

  


There is a similar square on the 2026 Bingo square, so I will link the \[Bingo post\]([https://www.reddit.com/r/Fantasy/comments/1s9n3e6/official\_rfantasy\_2026\_book\_bingo\_challenge/](https://www.reddit.com/r/Fantasy/comments/1s9n3e6/official_rfantasy_2026_book_bingo_challenge/)). For this month it does not have to match the square. We are looking for speculative fiction that heavily features food.

  
",2,1784421166.0,Fantasy,0,1.0,False
1v0c33j,https://i.redd.it/8sj6anf603eh1.png,Got a bit of my spark back at the coffee shop,,31,1784421134.0,sketches,1,0.98,False
1v0c234,https://www.reddit.com/r/AskSeattle/comments/1v0c234/need_opinions_on_frelard/,Need opinions on Frelard,"Wife and I are looking at a lovely house on NW 45th street but can’t really decide if that neighborhood is good for our lifestyle. We don’t plan to have kids, enjoy walkability, enjoy being able to get to restaurants/coffee shops/parks on foot but also want some level of quiet. We’re a little worried this spot will feel both too far from the thick of Ballard and the thick of Fremont to feel walkable and we’re also worried it feels a little….industrial? 

We need opinions especially if you lived in the area!",5,1784421056.0,AskSeattle,7,1.0,False
1v0c1yi,https://www.reddit.com/r/ucmerced/comments/1v0c1yi/rooms_house_for_rent/,ROOMS & HOUSE FOR RENT,"# Available August | Now Accepting Applications

 **Address: 1122 N St., Merced, CA 95341**  
Located in **Downtown Merced**

# Great Location!

Perfect for UC Merced students and working professionals.

Within minutes of:

*  Merced Transpo (public transportation)
*  Grocery stores
*  Banks
*  Popular restaurants (including In-N-Out and many others)
*  Movie theater
*  Pharmacy
*  Farmers' Market
*  Convenience stores
*  Plus many other everyday amenities

[Pinpoint location is where the house is located ](https://preview.redd.it/jelfemecz2eh1.png?width=2048&format=png&auto=webp&s=a7ef0fc9a60b794f9ec9c2ac6f242a015b027bd7)

# Rental Options

# Option 1 – Individual Room

* **$600/month per bedroom**
* **Utilities: $50/month per room**

# Option 2 – Entire House

* **$1,800/month**
* **Utilities: $150/month**

# Property Features

**3 Bedrooms • 1 Bathroom • Approximately 1,000 sq. ft.**

Included appliances:

* Refrigerator
* Stove with oven
* Washer and Dryer (only if you rent room)
   * *if rent the entire house, only the hookup will be provided*
* Wall heater
* Evaporative air cooler

Parking:

* 2 parking spaces available
   * One private parking space beside the house
   * One street parking space

[Room 1](https://preview.redd.it/qpirvbtq63eh1.jpg?width=1868&format=pjpg&auto=webp&s=2869d3c58487b2e15387c61a87c434dca3e9e21b)

[Room 2](https://preview.redd.it/s7xeysgu63eh1.jpg?width=1868&format=pjpg&auto=webp&s=a5a3431779e965d6ab2ae7379ece933d4ea0d455)

[Room 3](https://preview.redd.it/u11gq1yw63eh1.jpg?width=1868&format=pjpg&auto=webp&s=b0dff2d2dd08cab0e35ca0394b29f1a29ae7dedc)

[bathroom](https://preview.redd.it/rejyateh73eh1.jpg?width=1868&format=pjpg&auto=webp&s=0b4cfca12c6895982909f4de7828d9393d911440)

# Requirements

To provide a clean, safe, and comfortable living environment:

* No smoking or vaping
* No pets
* No marijuana
* No illegal drugs
* No alcohol

# Fees & Deposit

* **No application or registration fee**
* **Background check: $60 per applicant**
* **Security deposit:** One month's rent
* **Utility deposit:** One month's utilities

# Interested?

**Please text or call:**

**Lee:** **(661) 666-1690**

**Alternative Contact:** **(661) 414-2466**

**Available starting in August. Contact us today to schedule a viewing before it's gone!**",2,1784421046.0,ucmerced,0,1.0,False
1v0c1sp,https://www.reddit.com/gallery/1v0c1sp,Menu July 18th 1896,,20,1784421034.0,Old_Recipes,1,1.0,False
1v0c1fv,https://www.reddit.com/r/smp/comments/1v0c1fv/21_wokebound_cult_smp_fabric_262_newly_established/,[21+] Wokebound Cult SMP 🌿 (Fabric 26.2) (Newly Established),"# [21+] Wokebound Cult SMP 🌿 (Fabric 26.2) (Newly Established)

*Are you looking for a server that feels like a warm cup of coffee after a long day?* ***Wokebound Cult*** *is a community first world focused on the relaxing side of Minecraft. It is designed for adults who want a world that persists even when their free time doesn't. We are looking for people 21 and older.*

*We’ve been live since June 20th and are on a brand new map. We’re looking for more active players that enjoy a small, friendly community that interact with each other and collaborate on builds. We previously used to be a part of the Closebound SMP but that is currently no longer established so we joined together and formed a new server.* 

*The world is still extremely fresh and there are plenty of beautiful areas of the world that are yearning to be explored. If this interests you in any capacity, feel free to apply down below!*

# What to Expect:

* ***The 1st Wave:*** *You have arrived just in time for the opening of the server. The dragon has just been slain as of yesterday, the nether has yet to be conquered, and the world is in need of new explorers/builders/redstoners to help establish something special.*
* ***Low Friction:*** *There are a few quality of life mods but nothing too distracting that will disrupt the average Vanilla experience in any way. No griefing, no land-claim bloat, no teleportation gimmicks, and most importantly - no PAY-TO-WIN features.*
* ***True Sanctuary:*** *This is a safe space and welcoming community for people all around the world and we have a strict NO BIGOTRY/HARASSMENT policy in place to ensure the safety and well-being of all our members. Absolutely no Racism, Xenophobia, Homophobia, Transphobia or any other form of discrimination is acceptable.*

***\[Apply Here:*** [***https://forms.gle/n2da2D7VDsCnxV9UA***](https://forms.gle/n2da2D7VDsCnxV9UA) or add me on discord: skngoblvn for application\]",1,1784421006.0,smp,0,1.0,False
1v0c1ag,https://www.reddit.com/r/unr/comments/1v0c1ag/new_to_reno_and_looking_to_make_some_friends/,New to Reno and looking to make some friends!!,"Hi! I'm Arturo, 22. I know this is mainly a UNR sub and I'm not a student there, but I just moved to Reno for work and I'm hoping to meet people around my age, which is why I'm posting here. A little about me: I'm originally from San Diego and graduated from the University of San Diego. Still getting to know Reno, so I'm up for exploring local spots, grabbing coffee, hiking, or whatever's fun around here. If you're up for meeting someone new, feel free to reach out, would love to chat! my instagram is ""arturopgdl""",0,1784420993.0,unr,0,0.5,False
1v0c0pc,https://www.reddit.com/gallery/1v0c0pc,stylish sunny 1-bedroom apartment on the 5th floor,"Kick back and relax in this stylish sunny 1-bedroom apartment on the 5th floor of a West Harlem elevator building. Fully renovated, elegantly furnished, and clean, with beautiful hardwood floors, exposed brick walls, and lots of natural light facing South. Laundry in the building.

Location: The neighborhood has many restaurants, cafes, parks, and bars. It's a 1-minute walk from The City College of New York and a 15-minute walk from Columbia University. Super convenient public transportation. A 3-minute walk to the 1 train, and a 10-minute walk to the A/B/C/D train.

The unit is move-in ready and available for both long and short term stay.... Avalable for 2600/month

The apartment will be professionally cleaned before your arrival.

House rules:  
Only small and well behaved pets are welcome  
No Events or large gatherings  
No Smoking, vaping, or e-cigarettes  
Maximum number of guests: maximum 3.  
No Commercial photography or filming

What you will find at the apartment:

Bathroom:  
Hair dryer, Cleaning products, Hot water

Bedroom and laundry:  
Washer and dryer in building, laundry card

Entertainment:  
TV, Record player

Internet and office:  
Wifi, Dedicated workspace

Kitchen and dining:  
Kitchen, Refrigerator, Microwave, Electric stove, Stainless steel oven, Coffee maker: espresso machine.

Apartment features:  
Carbon monoxide alarm and Smoke alarm installed.",0,1784420950.0,LeaseTakeoverNYC,5,0.5,False
1v0byr1,https://www.reddit.com/r/LifeProTips/comments/1v0byr1/lpt_if_you_regularly_work_from_coffee_shops_price/,"LPT: If you regularly work from coffee shops, price out what those drinks actually cost you . A coworking day pass is often less, and it’s a real desk and wifi.","It’s easy to treat working from Starbucks as basically free because you’re just buying a coffee. But three or four drinks to justify camping at a table adds up fast, and you’re paying for the seat either way, just in latte form.   
Plenty of coworking spaces offer a free day pass or a cheap drop-in rate. On a full work day that can come out cheaper than the coffees, with better wifi, outlets at every seat, and nobody eyeing your table.",0,1784420788.0,LifeProTips,22,0.45,False
1v0by9i,https://www.reddit.com/r/espresso/comments/1v0by9i/gaggia_classic_and_e55_pro_blonde_crema_and_sour/,Gaggia classic and E55 Pro [Blonde crema and sour],"&#x200B;

Hi all, I'm in desperate need for help before I become broke on this pursuit for Italian style espresso. 

I have a simple, but hard to achieve goal. I want an espresso like the ones I get in Italy and the Balkans. I'm talking thick, dark, heavy crema and even bitter but not sour. 

I have travelled south eastern Europe a lot and no matter which cafe I'm in from the poorest village to the cafe of Milan, I can get the thick strong espresso. My reference to the villages is that I've had my best espressos from these places and they don't use beans roasted days prior, there's no puck prep and not a scale in sight, but the coffee is amazing.

 

I have the following;

Pre 2015 gaggia classic 

9 bar mod

PID set to 95 degrees

18g ims basket

needle distribution tool

Spring press tamp

Newly purchases e55 pro grinder

Lavazza rossa beans 

I have tried 18g at grind setting 35 and it chokes up. Then I tried setting 37 and I get 36g out in 30 seconds but the crema is so blonde and it taste sour as hell. 

I've tried 14g and 16g at multiple grind settings and different levels of tamping. 

I've changed my temp from 93, 95, 98 even 102 and they all come out very pale crema and sour as hell. 

I've gone through bags of beans and I now need your help.

Is there something wrong with my machine? I have pressure checked it at the group head and I get 8-9bar (the needle fluctuates by 1 bar). 

I've flow checked it and 300ml in 30 seconds also. ",2,1784420749.0,espresso,2,1.0,False
1v0by2f,https://www.reddit.com/r/JamesHoffmann/comments/1v0by2f/blind_to_bitterness/,Blind to bitterness?,"Today I wanted to get more out of my coffee so I thought I’d try an experiment. I usually grind pretty fine with an aero press following james hoffman recipe and i did 2 cups side by side to compare

my usual grind, and a very coarse grind (coarser than i’ve ever done looking at the gaps in the burr) using comandante mk3 (i think not sure which exact model)

the difference was crazy, only side by side i could tell how bitter it was in the original, and there was so much more clarity

but still, i never had an issue in hindsight, i’m using light roasts as always, but going from that to coarse was crazy, because it felt like it unveiled my blindness to bitterness, i really didn’t think it was bitter at all compared to office coffee

anyone else had a similar revelation? the coarse grind had so much clarity and no bitterness at all, i feel pretty disappointed that i was drinking with way too fine grinds tbh

also in hindsight i can now tell how muddy it tastes when its too fine, thinking back i always equated it to coffee taste in general",3,1784420734.0,JamesHoffmann,4,1.0,False
1v0bxyv,https://www.reddit.com/r/Vancouver4Friends/comments/1v0bxyv/29m_new_to_the_vancouver_area_looking_for_friends/,29M | New to the Vancouver area | Looking for Friends to Do Activities With,"Hey everyone!  
I recently moved to the Vancouver area and I’m looking to meet some new people to hang out with. Making friends as an adult isn’t easy, so I figured I’d put myself out there.  
I’m into:  
● Hiking and new trails  
● Gym sessions  
● Trying out coffee shops and breweries   
● Concerts  
● Sports and live games  
● Movies  
● Festivals, markets, and local events  
● PC gaming  
I’m easygoing and always up for trying something new. If that sounds like your vibe, send me a message!",5,1784420725.0,Vancouver4Friends,3,1.0,False
1v0bxwq,https://www.reddit.com/r/Fibromyalgia/comments/1v0bxwq/the_part_of_chronic_illness_no_one_warned_me/,The Part of Chronic Illness No One Warned Me About: Food,"One thing I really hate about this illness — or maybe just something I wasn’t prepared for — is how completely it ruined my relationship with food. I can’t just eat anything anymore. I can’t grab something from the pantry and enjoy it without thinking twice.

I’m about to start a diet with more fish and fruits, and I don’t mind those foods, but I hate that I *have* to eat them. I’m a foodie. I used to love trying new things, going out, enjoying whatever sounded good. Now everything depends on my stomach. It’s like a gamble every time: either I’ll be able to eat it, or I’ll get sick.

I can’t eat foods that are too saucy because they make me nauseous. I can’t eat savory foods with sweetness because that also makes me nauseous. I have to eat smaller portions because my stomach can’t handle heavy meals. So I barely eat, and it’s sad.

That’s the thing with chronic illness — food always becomes part of the struggle. You end up with some kind of complicated relationship with it, good or bad. And I hate it, especially because I had to cut back on sugar, and I *love* sugar. I love a good caramel frappe, and now I can’t even drink regular coffee. I can drink it, but only with sugar‑free alternatives, and all that stuff is expensive. Eating healthy is expensive, and a lot of us don’t even have a choice. It sucks.",16,1784420720.0,Fibromyalgia,12,1.0,False
1v0bx4x,https://www.reddit.com/r/ChronicIllness/comments/1v0bx4x/the_part_of_chronic_illness_no_one_warned_me/,The Part of Chronic Illness No One Warned Me About: Food,"One thing I really hate about this illness — or maybe just something I wasn’t prepared for — is how completely it ruined my relationship with food. I can’t just eat anything anymore. I can’t grab something from the pantry and enjoy it without thinking twice.

I’m about to start a diet with more fish and fruits, and I don’t mind those foods, but I hate that I *have* to eat them. I’m a foodie. I used to love trying new things, going out, enjoying whatever sounded good. Now everything depends on my stomach. It’s like a gamble every time: either I’ll be able to eat it, or I’ll get sick.

I can’t eat foods that are too saucy because they make me nauseous. I can’t eat savory foods with sweetness because that also makes me nauseous. I have to eat smaller portions because my stomach can’t handle heavy meals. So I barely eat, and it’s sad.

That’s the thing with chronic illness — food always becomes part of the struggle. You end up with some kind of complicated relationship with it, good or bad. And I hate it, especially because I had to cut back on sugar, and I *love* sugar. I love a good caramel frappe, and now I can’t even drink regular coffee. I can drink it, but only with sugar‑free alternatives, and all that stuff is expensive. Eating healthy is expensive, and a lot of us don’t even have a choice. It sucks.",5,1784420662.0,ChronicIllness,1,0.86,False
1v0bwov,https://www.reddit.com/r/AskAustria/comments/1v0bwov/forigne_country/,Forigne country,"Hello, guys. 

I've moved to Vienna recently to live with my boyfriend. Due to his job and our current issues, I feel very isolated and lonely since I don't have friends yet, and have been rejected to every job since. My German isn't rlly good, I only know the basics and am still learning. I'd love to meet some friends who are interested in horses, videogame, sports or other things like art, makeup or painting. 

This is really desperate, but isolation from the world is killing me since I'm an extrovert and am used to activities, coffee getting or going to practices with people. I'm unable to go to practices until I get a job, which is killing me as well, since horse riding is my everything since I was 5 y/o.

 I'd like to ask for advice how to socilaze, bcI also have anxiety again, since this is all new for me. Forigne country, forigne language and forigne cultures. I don't think it would be okay to just approach people I find cool and ask them to hang out, more less it would be weird. 

So if anyone wants to at least play CS2 or league of legends with me, I'd appreciate it very much.

I know this is embarrassing, but I'm only 19,almost 20,and literally desperate for normal social life back.

Edit: if this is too embarrassing, someone pls lmk so I can delete it. I didn't mean anything bad, it's just that due to the situation, before (and possibly after) I get a job, I would just like to have someone to play games and joke with. ",3,1784420626.0,AskAustria,3,1.0,False
1v0bvsk,https://www.reddit.com/r/IDRPFullHouse/comments/1v0bvsk/thorne_male_fami_was_in_the_living_room_painting/,"((Thorne)) Male Fami was in the living room, painting something on a Canvas","*The Canvas was laying on the Coffee Table, while Male Fami leaned over it*",4,1784420558.0,IDRPFullHouse,10,1.0,False
1v0bue4,https://www.reddit.com/r/BangaloreSocial/comments/1v0bue4/morning_walkcoffee_hsr_layout/,"Morning Walk/coffee, HSR layout.....",,1,1784420452.0,BangaloreSocial,1,1.0,False
1v0btxq,https://www.reddit.com/r/stopdrinking/comments/1v0btxq/been_trying_to_quit_for_10_years/,Been trying to quit for 10+ years,"Every time I get to 4pm or get triggered by the routines in which I drink (driving home from work, driving past the shops when I'm hungry or around 4pm, feeling scared about losing my house or my freelance contract - I am barely scraping by financially, feeling overwhelmed by the mess of my trauma house filled with unfinished things) - I argue with myself into finally I can't handle it and go get a bottle of wine. 

I'm stuck on my mum's ""nice glass of wine"" / treat behaviour and my dad's ""live fast, die young"" excessive alcohol abuse for escaping everything. And for killing himself. He died aged 52. I'm 55.

I used to just feel bad about drinking the next day. Now I feel bad as soon as I've finished the bottle. I've started making myself vomit it up if I feel like I'm able to. I probably binge like that 2x a week on average. 

I've tried apps, read books, listened to podcasts, despised my drunken dad for his behaviour and lack of self care and accountability. But my lizard brain wins 99% of the time. 

I hate drinking alcohol when I wake up and every day think today is the day then... Find myself drinking.

A couple of days ago I vomited blood. I made myself vomit because my stomach was so acidic. I think it was the my throat.

I noticed this strange thing. A little smile deep inside. Glee.

I have noticed this before when I have hurt myself. 

I have a history of picking and staying with toxic men. And I have CPTSD from being the hyper vigilant child caught up in my parent's relationship. In therapy when asked to say out loud ""I look after myself"" my limbic system responds with a terror / fear response. 

I'm told this is because, as a child, looking out for what was happening for others in my family is what I did rather than fully forming care for myself, do now it's a foreign concept for my brain which provokes fear.

After thinking about that little smile it reminded me of that Attached book in which it says, at an unconscious level, people will create situations in which they can be 'right' even if being right is more harmful than the alternative.

So... you can probably see where this is heading... I'm now wondering if the reason I can't get past my lizard wanting its dopamine is because, subconsciously, I want to hurt myself. Maybe, like dad, kill myself using alcohol.

My life has been pretty bad for the last 20-odd yrs. Dad died when I was in my twenties, but my mum was amazing, and my best friend. I was in an abusive relationship which I left in 2004, moving overseas to live. But felt so lost and disconnected and alone. Like a stone rolling around a big empty bucket.

While away mum got early Alzheimer's. When I came back she rapidly declined. I fell in love with a chronically depressed guy who I had to jump through loops to engage with - he broke it off saying he felt everything was on my terms (!), then in love with an alcoholic who was cheating on me with 5 other women, then a bipolar guy who lied about our future together, was emotionally manipulative and cheated on me - and during this relationship I moved in to care for mum. 

No one helped me. I have siblings but they both had young families. My partner kept saying he was moving up to help but after a year and a half finally broke up with me over the phone while laughing - then the next day said he couldn't remember doing it. 

I felt like I was living on an island - unable to go out because I couldn't leave mum alone, and no one visiting.

Mum went though hiding her poo in her handbag, feeding the pets instant coffee, to bring unable to pass urine unless I was in the room and breaking her molars due to involuntary jaw movement. More than once I had to hold her head and stroke her eyelids so she'd yawn then the dentist could block her mouth open to pull out her teeth.

She got breast cancer but by then could no longer move or speak so we were advised to just leave it. It fungated. She was only given Panadol. 15 years before she finally died.

2 months after she died I was made redundant without warning. That was in 2022. It was illegal and a huge shock. I was working for a start-up and putting in massive hours. I don't have a partner or parents so no backup. 

I've got a 30yr career as a digital producer and product manager but even after 400+ job applications I've had 6 interviews in 4 years. It's hard to be resilient. I've started having fear attacks that can go for days (uncontrollable crying.)

I've had to break into my retirement savings to keep my house. Oh, and three more loves: one who got his three year old to call me a cunt and broke up with me without telling me after kissing me goodbye and saying 'i love you', the next who, it turned out, was engaged! And the third my ex from 20yrs ago who turned out not to have grown out of being cruel).

So, yeah. I'm carrying a lot of grief. And anger.

I'm going to a therapist. Cheap, so it's really just counselling, not a psychologist. She's not much help. I just feel worse telling her what's happening. And I strongly want to buy a bottle on the way home after that.

Now that I've turned my attention to that inner smile I am associating it with this fantasy I used to have when I was little. That I would break a leg and a arm so I would need a wheelchair and all the kids at school would fight over who got to push me around the playground. 

So perhaps that ridiculous, nonsensical happiness at me getting hurt is the root of all this - plus some bad luck. 

Does this resonate with anyone? An illogical satisfaction when you've done something to hurt yourself. ",6,1784420415.0,stopdrinking,3,1.0,False
1v0btqn,https://i.redd.it/2rlnzmnzx2eh1.jpeg,Coffee time,Coffee with mini. ☕😀,11,1784420399.0,coffeelife,1,1.0,False
1v0bti4,https://mondoweiss.net/2026/07/sip-your-coffee-while-watching-the-sunrise-how-israel-is-colonizing-the-west-bank-by-selling-palestinian-land-to-jewish-americans/,‘Sip your coffee while watching the sunrise’: How Israel is colonizing the West Bank by selling Palestinian land to Jewish Americans,,3,1784420381.0,DefundAidtoIsrael,0,1.0,False
1v0bt47,https://www.reddit.com/r/AudioCandy/comments/1v0bt47/a4a_coming_home_to_you_roommates_to_lovers/,[A4A] Coming Home to You [Roommates to Lovers] [Exhausted Speaker] [Comfort] [Possible Confessing] [SFW] [Laying in lap] [Playing With Hair],"This is my first and short script, I welcome any improvement!

Link to [Google Docs](https://docs.google.com/document/d/e/2PACX-1vR1Blgp5j2cpspTBqrn5HkvmHiLXu8LTvsOBW2dII0K75YQgsMQlyDv4DHadWCGvMpEXn5YipAYFBf6/pub)

***Rules:***  
\- Monetizing is okay  
\- If using, credit YWritesAudio by [Reddit](https://www.reddit.com/user/YWrites_Audio/), Discord (ywritesaudio), [YouTube](https://www.youtube.com/@YWritesAudio).   
\- Keep original, unless changing anything necessary, like name, gender, pronouns, misspelling, and anything in recording.  
\- Feel free to contact me, I want to help & support you!

Coming Home to You  
By YWritesAudio

***Tags:***  
\[A4A\] \[Roommates to Lovers\] \[Exhausted Speaker\] \[Comfort\] \[Possible Confessing\] \[SFW\] \[Laying in lap\] \[Playing With Hair\]  
   
***Speaker:***  
Warm, teasing, exhausted from work. 

***Listener:***  
Speaker’s comfortable and safe person who they can always go to. Affectionate 

***Word Count:*** 486

**…**

**Setting:** Living Room — Evening

\[TV playing softly. Listener sits on the floor, working on a jigsaw puzzle on the coffee table.\] 

\[Door opens and closes — muffled\]

***Speaker:*** *(Tired & muffled slightly)* I’m home. 

\[Bag drops. Footsteps getting closer as Speaker walks\]

***Speaker:*** Can we order takeout for dinner? I’m exhausted— *(Pause)*

*(Sighs)* I can’t believe you have enough energy to do a puzzle after work. 

How are you, \[Nickname\]?

*(Chuckles)* Yeah, my back would hurt too if I was sitting on the floor. 

*(Hums)* I’m alright. Just wait till I tell you what happened at work. But first I need food…*(trails off)*

\[Speaker glares at the TV\]

***Speaker:*** *(Gasps)* How dare you. You’re watching \[TV show\] without me? 

No, we can’t just rewind it. It’s not fun when you already watched it. Knowing you, you’ll spoil something. Like “\[Character\] betrays \[Character\].”

Riggghtt. I don’t believe you. I know you don’t mean to, but you’re pretty bad at keeping your mouth shut. 

Seee. You just did it— Wait a minute…\[Character\] seriously betrays \[Character\]?

No… No way. They are literally best friends…   
*(Pause)* Oh, I see it now. That’s so obvious. Why didn’t I figure that out earlier? 

Nope. Don’t say another word. I’m going to order dinner…Does—

Exactly what I was thinking. And change the show, I can’t handle this blank space between now and where I left off.

Fine, since you can’t find something else to watch, be my listener. 

\[Speaker boops Listener’s nose\] Boop. *(Chuckle).* Only after I order the food.

\[Speaker begins walking away\]

***Speaker:*** And \[Nickname\], you always make the cutest reactions when I boop your nose.

\[Food shows up and Speaker sits next to Listener\]

***Speaker:*** Every single thing stopped working. The printer jammed. Most of the computers shut down. Someone burned the coffee. And even my pens ran out of ink.  

Then the boss kept piling more work as if the team had enough time to finish it.

Oh. No. My brain can’t focus on the puzzle. But if you’re willing, I can lay in your lap while you play with my hair?

\[Listener agrees, Speaker lays in their lap, getting sleepy)

***Speaker:*** *(Softens)* Before I forget, thanks for your text earlier. It really helped. I was about to quit right then and there. 

*(Yawns)* Do you ever feel happy seeing my messages like I do with yours?

That’s great to hear.

*(Mumble)* I love seeing you every day. 

\[Speaker falls asleep\]",1,1784420352.0,AudioCandy,0,1.0,False
1v0bt11,/r/roasting/comments/1v0bruv/new_to_specialty_coffee_planning_a_roastery_in/,"New to specialty coffee, planning a roastery in Pakistan.",,1,1784420345.0,pourover,1,0.67,False
1v0bsmq,https://www.reddit.com/r/McDonaldsEmployees/comments/1v0bsmq/usa_im_about_to_get_fresh_with_my_manager_im/,(USA) I’m about to get fresh with my manager. I’m going to college in a month anyway.,"It’s a lot to I’m just going to copy and paste a text I sent my friend. 

I think I’m going to get mad at my manager actually. I’m about to quit. Today at work she yelled at me for wearing a soccer jersey to work. I don’t even want too. I was working 2 shifts on thrusday and Friday that ended at 9pm. And I had a 8am shift today (Saturday) I didn’t have time to wash it and wore what I thought was allowed. I only have 1 shirt and was working 4 shifts in a row. I explained that to her and she was like “well I can’t send u home and get a clean shirt can I?” Basically saying I don’t have a clean shirt available. My co workers have more. Mind you I wore my soccor yesterday and didn’t get yelled at. But now I’m being told that they don’t let them wear soccor jerseys anymore TODAY. One of my co workers wore a Barcelona jersey to work the weekend before and didn’t get yelled at. A little bit of insight,  we are or I guess were allowed to wear soccer jerseys because at my job the theme is fifa. Okay AND today at the end of my shift (2pm) the same guy wore the Barcelona jersey again I asked him if someone talked to him about it and he said no then I explained how they got mad at me.  
And now I just found out I got scheduled for three 8  hour night shifts on the weekdays Wednesday, Thursday and Friday and no weekends mind you I work 9-8 hour shifts both weekend days and 6 hour shifts on fridays that’s how it is usually and there all in the morning consisting of 6am-3pm 8am-2pm. The assistant manager herself told me I was hired mainly for weekends and that was how it was which was fine. Now I’m not working this weekend. I hate night shifts and I jokingly said before I clocked out on Friday to never put me on a night shift because it feels so long. LOOK what they did. A part of me feels paranoid but I truly think there had to be some tension. To be honest my co workers are annoyed by me. I’m 3 months in and I guess they don’t fuck with my personality. Because yeah I am a bit more….. energetic and free spoken I guess. Everyone else is just talking about other co workers and it’s usually only the managers that talk to each other.. Fine whatever. My co workers treat me like I’m dumb. I am high functioning autistic right. I’m definitely not stupid but it takes me a second to really register things like the way people talk to me and I get yelled at for being nasty sometimes because like for example this girl  said my name and I’ll be walking saying WHAT very bluntly. I didn’t mean to be rude and one guy gave me an annoyed  face the one that gives off “can this guy just go away” he didn’t say that but the GM was like “let’s not be nasty.”    
(My part)   
Then I got 2 coffee orders wrong because I guess they wanted the sugar on the side instead of in the coffee okay and she told me to get the coffee order right. Which I understand. So I say okay then quickly just turn my head. I was tired and she was like “Say okay again without rolling your eyes” I swear I wasn’t. Towards the end of my shift this shift manager was pissed at me and just didn’t like me even speaking. I feel like I’m too happy for these people. They talk about stupid conversations and work drama. My parents are upper middle class we are very comfortable. I don’t even need this job I just wanted it to buy extra stuff when I go shopping. And I guess that’s also where I don’t relate with people. To be honest YES I was fed with a silver spoon. I never really had to do much hard labor. I still do what I’m told and they know that. Gladly have never been called lazy by my co workers but they still treat me like I’m just a burden. ",0,1784420313.0,McDonaldsEmployees,3,0.5,False
1v0bsfg,https://i.redd.it/c65py2yox2eh1.jpeg,She was distant but I still miss her,"Gold Star in bed, too depressed to cook. Or eat anything big. I see coffee pics so I assume it's okay? 

I'm saying this here cause idk where else to say it, I just need to get it out. I made a friend online, a genuine friend. Someone who invited me whenever she saw me online, someone I invited whenever she got on. The friendship eventually turned into crushing, mutual crushing and I asked her out after confirming my suspicion so I wouldn't jeopardize the friendship.

She accepted it and we dated for 5 months, but things took a turn this past month and things took a sudden change. Depression took hold of her and her car broke down on top of everything else, I offered to help without being prompted cause we had plans to live together so I figured she'd be able to give it back over time since she'd be able to save more. Told her there wasn't pressure.

But it didn't get better, we only hung out once and despite her promises nearly three weeks went by after that hangout. She claimed to be too busy/depressed to hang out with me, but I ended up catching her on Fortnite playing by herself like she did whenever I was offline or at work. Then I caught her playing in a duo, whom she claimed was her niece. The weekend, I gave her the benefit of the doubt. But on a week day, that's when I knew something was up. They'd never been over throughout our relationship, idk if they even exist. She wouldn't even go outside to call me for two minutes, that's when I realized something was off. You don't only hang out and call your boyfriend whom you claim to still love and want to see next month, only once a month! That ain't right.

Whenever I called out how lonely I felt and it was reminding me of my past relationships, coincidentally every relationship I had resulted in me getting cheated on, she promised to call and hang out more but kept hanging out with friends(online not just local) which hurt as I was literally tearfully begging for scraps of crumbs. I'm over the chesters, but the quiet. The loneliness, the lack of effort and mixed messaging made me realize she used me. When I broke it off, she didn't cry or beg me to come back.

I'm out 3k, which wasn't a problem when I was with her. I trusted her and planned to build a life with her. I can't even tell my parents how much I sent her, I'm autistic and the least favorite so I reckon they'd get mad and kick me out. But it's not just about that, I miss having someone to talk to every day and play games with. I don't have many friends, that's why the quiet affected me. That's what hurts most of all, starting over with no friends. I feel so alone, and feel like nobody will ever love me again. Idk if she ever did",7,1784420298.0,BoyDinnerDiaries,2,0.82,False
1v0bruv,https://www.reddit.com/r/roasting/comments/1v0bruv/new_to_specialty_coffee_planning_a_roastery_in/,"New to specialty coffee, planning a roastery in Pakistan, getting conflicting advice everywhere, need honest input","Hey everyone, I’m fairly new to the third wave scene, so bear with me.

Before 2024, coffee was just fuel, double shots to stay awake on long drives, an Americano if I was being fancy. Then a friend introduced me to the V60 and it completely changed things. These days I’m drinking lighter roasts from all over the world and I’m hooked on fruity and floral profiles on pour-over.

I want to start a coffee business in Pakistan, but not another café. We already have new shops opening every week here, and almost all of them serve sugary lattes and frappes with barely any real coffee in the cup. I don’t want to replicate that. My goal is to help shift the specialty culture here, introduce people to naturally sweet, clean coffees like Colombian and Ethiopian lots, and brew methods that aren’t readily available in Pakistan yet, like V60, Chemex, cold brew, and more. That’s why I’m going the roastery route rather than opening a standard espresso bar.

The catch is, I don’t know how to roast yet, but I genuinely want to learn the craft, not just outsource it. So my plan has two parts running in parallel: import quality roasted beans from good origins to sell while I learn, and start training on an Ikawa Pro 100X for sample roasting. We’ll also be buying from some established vendors and repacking in the early phase to keep product on the shelf.

A few questions I’d really appreciate honest input on, because every AI tool and every person I ask says something different:

	**1.**	Is the Ikawa Pro 100X a good machine to actually learn on and to dial in small batches and build recipes I can later scale to a production roaster? Do the profiles really translate when you scale up?  
	**2.**	Where’s the best place to actually go and learn roasting properly, preferably in English? I’ve been looking at Thailand, Malaysia, and Indonesia since they’re close and have strong scenes, but I don’t speak the local languages. Any recommended courses, roasteries, or people worth learning from?  
	**3.**	How does the Bellwether hold up for specialty roasting at around 1.5 kg batches? My total budget is 50 to 60k USD, but that also has to cover green inventory and setup, so realistically I’m looking at a roaster in the 25 to 35k range. What else should I consider at that price point?  
	**4.**	How do you control the roasting environment, humidity, airflow, ambient temp, especially in a hot, humid climate?  
	**5.**	What’s the right progression when scaling from a sample roaster to production, and any pitfalls to avoid?  
	**6.**	What’s the realistic shelf life I should plan around, for green beans, and for roasted coffee (espresso vs filter separately)? This matters a lot to me since we’ll also be repacking beans from other vendors, so I want to manage freshness properly. I’ve heard everything from “3 weeks max” to “a couple of months in valve bags.”

Any advice appreciated, and happy to answer questions about the Pakistan market too if anyone’s curious.",1,1784420252.0,roasting,1,1.0,False
1v0brkx,https://www.reddit.com/r/PagadianCity/comments/1v0brkx/places_with_wifi/,places with wifi,"hi, everyone. may i please ask for your recommendations regarding places nga kusug and stable ang wifi for work and comfortable to stay at? i know naay common coffee shops, workspaces, and the like nga naay wifi but most of the tine overcrowded na ang spaces and aside sa  mejo confidential ang records sa work, i get overwhelmed ug saba na kaayu. basin naa moy maika reco like mga pension houses (or unsa ba) nga comfy, solid wifi connection, and naa genset.

\- i have back up power but asking just in case

please respect my post. thank you so much.",1,1784420234.0,PagadianCity,0,1.0,False
1v0brjb,https://www.reddit.com/r/prediabetes/comments/1v0brjb/meal_plan_hw_to_incorporate_more_vegetables_in/,Meal plan - hw to incorporate more vegetables in diet?,"I have not been eating too many vegetables, but now planning to change.  My meals have been carb and meat heavy, and fruits.  My first major change I have made is eating a salad before my main meal for lunch, and cutting down my fruit consumption to one or two per day.

Here is my weekday meal plan now:

7am - eggs, avocado, and/or tuna patties.

9am - a fruit (usually an apply or orange)

12pm - a small salad (greens, cheese (feta/blue cheese), nuts), then main meal (curry or stir fry with small amount of basmati rice)

3pm - baby carrots

6pm - main meal (curry or stir fry with small amount of basmati rice, tacos, meat and potatoes, etc.)

7pm - a fruit

For weekends, I don't eat breakfast but just have coffee.  I just eat my two main meals at similar times plus two servings of fruit.  My family doesn't eat salads or too much veggies, so that does influence my weekend meals (for weekdays, I do more meal lunch prep).

I am following Glucose Goddess and she says to eat veggies/fiber first.  Any ideas on how to add more veggies/fiber at the beginning of a meal without the ordeal of making a salad?  Something quick I can snack on first (carrots, cucumber, etc.) before eating?

Any suggestions on my meals/meal schedule is appreciated.",2,1784420231.0,prediabetes,2,1.0,False
1v0brey,https://www.reddit.com/gallery/1v0brey,red ring after pressing the button trying to make coffee HELP,"Hello! I am trying to debug my nepresso vertuo plus. I haven’t used it in a long time a few months probably and when I bought some capsules to use it, the green ring is pressed, I hear it starting up, then two red rings flash!! I have tried cleaning the barcode or whatever and I also descaled it but nothing is working!!!! Am I missing something?? 

Edit: everything is spinning fine there’s no blockage!! It was working fine then I stopped because I couldn’t afford coffee capsules but I just bought some and I want coffee!! 😔😔",1,1784420221.0,nespresso,1,1.0,False
1v0br8g,https://www.reddit.com/r/LondonFood/comments/1v0br8g/breakfastcafes_in_stockwell_or_brixton/,Breakfast/cafes in Stockwell or Brixton,"I’d like to hear your favourite (and places to avoid ) in terms of breakfast areas and coffee shops around Brixton, Stockwell/Little Portugal ! 

(I don’t care for beef/pork products. I hope that won’t be a main issue. It’s mainly a dietary restrictions issue) ",1,1784420208.0,LondonFood,0,1.0,False
1v0br3z,https://www.reddit.com/r/Market76/comments/1v0br3z/h_200_cans_of_coffee_woffer/,H: 200 cans of coffee W:offer,,1,1784420198.0,Market76,9,1.0,False
1v0bqn2,https://i.redd.it/x9c0k2hax2eh1.jpeg,"Is my Plex setup unusual, or are there others running something similar?","I've been running Plex Media Server on an older gaming laptop thats running on Windows 10 (22H2) with ESU updates and it's been surprisingly reliable.  It's an older 2012 ASUS with 16gb of RAM and built-in Blu-ray drive that I've used to rip my physical media library,  hardwired to my router - which sits behind my tv via Ethernet, configured to never sleep even with the lid closed. It sits on the open lower shelf of my TV stand (the TV is on the upper shelf), so it has plenty of ventilation and sits on top of a seldom used old Blu-ray player to keep it elevated. I have a flat cooling pad that I can place underneath if I'm doing heavier work, although for normal Plex use it's usually not necessary.

The server has two permanently connected 5TB Seagate external drives with about 9TB of media. So im not exactly a data horder.  My library isn't growing much anymore, so this setup has been more than enough for my needs. The laptop's power adapter and all of my media equipment (Tv, Apple TV 4K, Blu-ray player, sound bar, etc.) are connected to a quality surge-protected power bar in behind. 

I use an Apple TV 4K as my primary Plex client in both TV rooms of my house, and I also stream remotely when I'm away. I can manage the server from my Android phone using Chrome Remote Desktop, which lets me check Plex, monitor CPU temperatures, install Windows updates, restart Plex if needed, and generally keep an eye on everything without being home or pulling it away from its spot .

The nice thing about using a laptop is that it isn't permanently dedicated to server duty. If I want to use it as a regular computer, I simply move it from the TV stand to my lift-top coffee table, use it like any other laptop, and then put it back in its ""home"" afterward to continue serving Plex.

I know a lot of people recommend NAS devices, Linux, Docker, or mini PCs, and I completely understand why. For my personal needs, though, I prefer staying in the Windows environment because it's what I'm most comfortable with. I do plan to replace this laptop with a newer one eventually, but since this setup has been so reliable, I haven't felt a strong need to change it yet.

I'm curious if anyone else is running a similar setup. Is using an older Windows laptop with external USB drives more common than I think, or am I in the minority? If your setup has worked well long-term, I'd love to hear about it.",10,1784420162.0,PleX,13,0.75,False
1v0bprv,https://www.reddit.com/r/Orillia/comments/1v0bprv/hi_we_have_been_without_power_all_day_just/,"Hi! We have been without power all day, just wondering if anyone knows of any coffee shops that are open and have power?",,7,1784420097.0,Orillia,3,0.9,False
1v0boul,https://www.reddit.com/r/AmIOverreacting/comments/1v0boul/aio_for_thinking_my_coworker_is_flirting_with_me/,AIO for thinking my coworker is flirting with me while in a relationship?,"TLDR: My gay(f) coworker with a girlfriend sits next to me after I sit down, stands very close where our arms touch, catches my eye and looks away when I notice, stays on zoom with me for hours after meetings, and constantly playfully teases me. I’m not asking if I should make a move. I just want outside opinions on whether this sounds flirtatious or just like a really friendly coworker. We’re in our early 20s and also interns. 

I’m a bi woman who’s only recently started exploring my sexuality with women, so I have a hard time telling when another woman is being friendly versus flirting. My coworker is openly gay but has a girlfriend. We’re both in our early 20s and are interns. 

We’ve known each other for about a month. The first day we met, she came up to say hi because she remembered me from a Zoom call. I’m the photographer at work, and while I was taking pictures, she immediately started making goofy faces at me even though we barely knew each other. Since then we’ve developed a really playful dynamic.

When we were in person, she’d often sit right next to me, stand really close (sometimes our arms touching), and I caught her looking at me multiple times. Whenever I noticed, she’d quickly look away.

Now that we’re remote, we stay on Zoom together after meetings instead of leaving. We end up talking for hours, constantly teasing each other and making each other laugh. She tries to scare me when I join, pretends to bite or feed me through the camera, uses goofy filters, pretends to be an f-boy, and even pretends to kiss the camera once. I usually jokingly complain or act grossed out, which she seems to find funny. We even spent time drawing together, and she drew a little heart around the characters I drew. We have a lot of fun, making each other laugh and rage-baiting. 

She remembers little details I tell her, says stuff like “you’re so funnyyy,” drags out things like “yeahh I’m glad you think I’m funny haha…” in a playful tone, gets all smiley and flustered when I compliment her, and gets shy and looks down when I ask about more personal things like her music. Yesterday she randomly sent me a picture of her bare foot while she went to get coffee, and even angled it so my face was practically touching her foot, which completely caught me off guard since we’d only gotten close this week loll

Does this sound like an unusually flirtatious coworker dynamic, or just two people with similar personalities? And would you consider this level of openness with a coworker appropriate if you’re in a relationship? I feel like I should be careful and maybe not joke as much with her..? Idk wtf to do. ",4,1784420030.0,AmIOverreacting,6,0.83,False
1v0bnx0,https://www.reddit.com/r/FeatherInInk/comments/1v0bnx0/one_thousand_nine_hundred_and_ninetyfourth_night/,One Thousand Nine Hundred And Ninety-Fourth Night,"A better day. Peach is doing very well. We slept in together and her breathing has improved quite a lot. At the moment, she is acting completely back to normal aside from a runny nose and her sneezing. It is a joy to see. She follows me into the kitchen for her food and meows when I am slow to give it to her. She is walking around, tail hair and ears perked; she rubs against my leg and grooms herself as usually. I just had some cheese and crackers while she was sitting in a chair next to me and she was very insistent that I give her some cheese. I even let her out with me for a short time today.

It was very rainy this morning but by the afternoon, the rain was replaced with wind. Mother and I went out to fix up the gazebo and the cucumber plant \[which was making a bold attempt at escaping its planter\] before Darling comes over for a visit tomorrow. It was nice. I let Peach out when we were done, around 4:30 p.m. and we stayed out until it was time for her dinner. As you know, just being outside with my cat does wonders for my mood.

Last night, I sent another few queries out and I am becoming far less fussy over them, which I think is a good thing. I don't need to be wasting extra time without the guarantee the receiver will give me the time of day. I have gone through all 63 of the agents that I highlight, crossing out anyone who was less of a good fit than I thought and/or were not open to queries. I have five more agents in mind to query in the days to come. I think I am going to focus on querying through querytracker rather than by email from now on because I get actual replies from query tracker instead of just a run down deadline. They also send me weekly emails about new openings for new agents. For now, that will be my approach.

Now, I am going to doing a little more inking. We have apple pie in the cupboard and I am excited to have that with my evening coffee. Thank goodness this week seems to be ending far better than it began. Here's hoping things will only go up from here.

Yours & Mine,

S.O. Skinner",1,1784419960.0,FeatherInInk,0,1.0,False
1v0bnr5,https://www.reddit.com/gallery/1v0bnr5,Would love to exchange my Southern Style Art for anything crafty! New here but love you all!,"Hi! New here. But mannnn, this is a perfect place for me. I’m Enchanted Hues, enchanted to meet y’all! 

I’ve been painting (self taught) for 3 years now. It’s been a blast and I’ve found my passion again after motherhood. 

Anyway! Here are my latest works. Would love to trade for anything crafty. I do love whimsy, enchanted things & I’m a sucker for huge/big plushies. So that’ll always work for me 😅 anything by that isn’t currently available can be done within 1-5 days. And ready to ship out.

\*Note: the mini canvases and circle ones are magnets! They’re so fun! Also have a good hold on them too. & these are all made on canvas or canvas panels. No prints or anything like that. Real art onto canvas/wood slices.

Comment below 👇🏻 if you’re interested in exchanging. Thanks for reading my post, looking at my art, & I wish you all the best days ever!!!! Much love!

\-Enchanted Hues 🌙✨",3,1784419947.0,craftexchange,4,0.67,False
1v0bnix,https://www.reddit.com/r/coffeelife/comments/1v0bnix/my_morning_afternoon_coffee/,"My morning afternoon, coffee",Starbucks ,1,1784419928.0,coffeelife,0,1.0,False
1v0bna7,https://www.reddit.com/r/AskTurkey/comments/1v0bna7/how_do_turkish_people_usually_split_the_bill_when/,How do Turkish people usually split the bill when hanging out with friends?,"Hello! I'm curious about how Turkish people usually hang out with their friends. When you go out for coffee, lunch, or dinner, who usually pays the bill? Do you split it equally, does everyone pay for what they ordered, or does one person treat the group?

I'd love to hear how it usually works in Turkey and if it depends on the situation or the friend group. Please tell me everything!",4,1784419910.0,AskTurkey,13,0.83,False
1v0bmqw,https://www.reddit.com/gallery/1v0bmqw,Bread and pastas,"Currently obsessed with the new bakery in suntec, Noci bakehouse. And this gem at jalan besar called Moonchild. Nothing there is a fail 🥹. I have also tried some of the best breads at Standard Bread sentosa and pastries perfect for breakfast at Asylum coffee, jalan besar :)",3,1784419874.0,SingaporeFoodie,0,0.81,False
1v0bmc0,https://www.reddit.com/r/ForeverAloneDating/comments/1v0bmc0/35_m4f_centraleastern_canada_throwing_a_bottle_in/,35 [M4F] #Central/Eastern Canada - Throwing a bottle in the St. Lawrence,"Hi everyone,

I'm from Quebec, Canada. I'd want to meet someone nearby, but I am open to a long distance relationship. Anywhere between Moncton and Ottawa would be fine. The farther from Quebec you are located, of course, the less often we'll be able to see each other.

An evening with me could look like us reading different books, cuddled together, then discussing them in front of a hot coffee when we're both done. I like understatement : it's not about words of adoration or grand gestures, but showing up, being there 100%, and the little spared thoughts.

I read voraciously and without a plan : a text on machine learning one day, a biography the next, and why not Martial, the diss master of Hispania, after that. Right now, my obsession is contemplative practices. I love music, especially French chanson like Brassens, Aznavour, Brel. I have a bit of a melancholic temperament, so I tend to like art where sadness gently floats, like mist in the night. Other hobbies include singing and hiking. I don't game very much anymore, but I sometimes can be found playing a good RPG.

I work as a controls specialist : I design, program and commission industrial machinery. It's a good mix of desk and field work, and I really like it. I am specialized in Industry 4.0 stuff : data acquisition and analysis, statistical prediction methods, that sort of thing. My job involves travel, but not too often. I've actually found that each little place has its charms if you keep an open mind, even if they're not places I would have thought to go.

I do not smoke or drink alcohol, but I consume industrial quantities of coffee and tea.

I'm Anglican, and faith matters to me, but I am not theologically conservative. I am open to an irreligious partner as long as we can agree to disagree in mutual respect.

I'm around 5'10, 170 pounds, white, head shaved, gray-ish eyes. My first language is French, alors sens-toi bien à l'aise de m'écrire dans cette langue.

I'm looking for a ""live apart together"" model for the foreseeable future, where physical independence is preserved but emotional intimacy is present. Not something casual : two people with their own full lives walking hand in hand on the same road, sometimes branching off for a little while, always reuniting. An addition of two wholes, not a fusion of parts to create one, in other words. If it turns out this works best for us, I'm happy to keep it. I don't measure commitment by whether we share an address.

The reason is concrete : I take care of my mother, who is 80 and lives with me. Between that, my career, and ongoing studies, my logistics aren't easy. If yours are hard too, our schedules might just interlock.

I do not have or want children and that is a considered decision. If you already have them, I'm fine with being your partner : friendly and present, but not a co-parent.

I'd like to meet someone 28 to 42 who isn't looking to perform and isn't looking for a performer, but who nurtures a small warmth she wants to share. Ideally a bit more outgoing than I am!

Tell me what caught your attention and a bit about yourself. What are you reading right now, what's the best thing about it and the worst?

I'd be glad to provide a picture on request once we've said hello. Have a great day!",1,1784419843.0,ForeverAloneDating,1,1.0,False
1v0bm80,https://www.reddit.com/r/NoStupidQuestions/comments/1v0bm80/is_this_considered_a_form_of_cheating/,Is this considered a form of cheating?,"TLDR: My gay(f) coworker with a girlfriend sits next to me after I sit down, stands very close where our arms touch, catches my eye and looks away when I notice, stays on zoom with me for hours after meetings, and constantly playfully teases me. I’m not asking if I should make a move. I just want outside opinions on whether this sounds flirtatious or just like a really friendly coworker. We’re in our early 20s and also interns. 

I’m a bi woman who’s only recently started exploring my sexuality with women, so I have a hard time telling when another woman is being friendly versus flirting. My coworker is openly gay but has a girlfriend. We’re both in our early 20s and are interns. 

We’ve known each other for about a month. The first day we met, she came up to say hi because she remembered me from a Zoom call. I’m the photographer at work, and while I was taking pictures, she immediately started making goofy faces at me even though we barely knew each other. Since then we’ve developed a really playful dynamic.

When we were in person, she’d often sit right next to me, stand really close (sometimes our arms touching), and I caught her looking at me multiple times. Whenever I noticed, she’d quickly look away.

Now that we’re remote, we stay on Zoom together after meetings instead of leaving. We end up talking for hours, constantly teasing each other and making each other laugh. She tries to scare me when I join, pretends to bite or feed me through the camera, uses goofy filters, pretends to be an f-boy, and even pretends to kiss the camera once. I usually jokingly complain or act grossed out, which she seems to find funny. We even spent time drawing together, and she drew a little heart around the characters I drew. We have a lot of fun, making each other laugh and rage-baiting. 

She remembers little details I tell her, says stuff like “you’re so funnyyy,” drags out things like “yeahh I’m glad you think I’m funny haha…” in a playful tone, gets all smiley and flustered when I compliment her, and gets shy and looks down when I ask about more personal things like her music. Yesterday she randomly sent me a picture of her bare foot while she went to get coffee, and even angled it so my face was practically touching her foot, which completely caught me off guard since we’d only gotten close this week loll

I’m not going to pursue someone who’s in a relationship. I’m just trying to get better at reading other girls. Does this sound like an unusually flirtatious coworker dynamic, or just two people with similar personalities? And would you consider this level of openness with a coworker appropriate if you’re in a relationship?",0,1784419836.0,NoStupidQuestions,4,0.5,False
1v0bker,https://www.reddit.com/gallery/1v0bker,Arts and Traces of me and my F/O :D (part 5),,5,1784419705.0,FictoHideout,3,1.0,False
1v0bjo4,https://www.reddit.com/gallery/1v0bjo4,"Need a Room $1200 Budget Ridgewood, Bed-Stuy, Bushwick, Queens","Hi there, I work for CUNY. 30 yr male and I work 9-5, 8-6 in the summer. Not 420 friendly and if someone is a smoker...I'm barely home anyways 🙂 , do not cook at home, only prepare meals from ready to eat snacks and foods and the same goes for my coffee. Weekends I tend to be outside for the whole day. You may contact me anytime and we could set up a phone call. Anytime on the weekend from Friday to Sunday I would be available. Reach out if you have any other questions about me. Thank you. Wouldn’t mind to sign a lease, desired move date is August 28. Also I hit the gym daily after work, clean on the weekend once a week and have only one dish for making Matcha 🍵👹. My house burned a few months ago in Bushwick so I’m currently in crown heights. I’ll be quick to stop by to look at the room since I’m looking for something in Bushwick, Ridgewood, Bed-Stuy, Crown Heights along the A and also Astoria, Woodside and Sunnyside. ",2,1784419650.0,NYCroommates,1,1.0,False
1v0bjfe,https://www.reddit.com/gallery/1v0bjfe,Arts and Traces of me and my F/O :D (part 5),,5,1784419630.0,yumeshipping,2,1.0,False
1v0bj4s,https://www.reddit.com/r/GTA6/comments/1v0bj4s/do_you_think_gta_6_will_have_to_make_sacrifices/,Do you think GTA 6 will have to make sacrifices the way GTA 5 did?,"GTA 5 of course has a much bigger map than GTA 4, but it had to sacrifice the interiors and NPCs’ intelligence. You could enter Cluckin Bell in GTA 4, buy a hot dog from a hot dog stand, go bowling, pick up bricks and bottles and throw them, go inside the coffee shop on Star Junction, do a hospital rampage, NPCs would wear raincoats in the rain.

We don’t have that in GTA 5.

If GTA 6’s world is gonna be so massive, do you think Rockstar has to make similar sacrifices in gameplay  so that the game can run smoothly on consoles? ",6,1784419608.0,GTA6,18,0.75,False
1v0bj0q,https://www.reddit.com/r/Monopoly_GO/comments/1v0bj0q/anyone_monopoly_go/,Anyone ? :) MONOPOLY GO,"Im missing some maybe you’re missing what I have and vise versa ? Add me MGO542M7J76Z

https://preview.redd.it/hgo0zylrv2eh1.jpg?width=1320&format=pjpg&auto=webp&s=b8cbc2beec5fb8eec7e0464ed1e455238eda2c25

https://preview.redd.it/alngzzlrv2eh1.jpg?width=1320&format=pjpg&auto=webp&s=6e45c8ea621beac775cbbf0e8cbeeb0fc46cb2db

https://preview.redd.it/408l4zlrv2eh1.jpg?width=1320&format=pjpg&auto=webp&s=019250f93b2f345b57e8048464e07c53f40cd1f0

https://preview.redd.it/31sorm9tv2eh1.png?width=1320&format=png&auto=webp&s=16bc6764583d765f0a5bb3189337a69b6acfa3de

https://preview.redd.it/3mlcnm9tv2eh1.jpg?width=1320&format=pjpg&auto=webp&s=d6b088dfa000f1ca8a59a0302982b77c243e99dd

https://preview.redd.it/5tn9bn9tv2eh1.png?width=1320&format=png&auto=webp&s=9eda8b5954bc446fcc684061b4b7f6875dbba030

https://preview.redd.it/lj86djn2w2eh1.png?width=1320&format=png&auto=webp&s=71b1a7117e25261e04b34e24b9639791b500c071

https://preview.redd.it/dvwcqr9tv2eh1.png?width=1320&format=png&auto=webp&s=cd07fc2c2ebd9d8840b9c102e0679f4dcc665bf6

https://preview.redd.it/qpg18r9tv2eh1.jpg?width=1320&format=pjpg&auto=webp&s=0411b36df5d61bef5ae6a2e8026ae69ceeb37ab7

https://preview.redd.it/4iwemt9tv2eh1.png?width=1320&format=png&auto=webp&s=8c9d9de1d18369dfd3b10172984b372bf19136e4

https://preview.redd.it/pyflpt9tv2eh1.png?width=1320&format=png&auto=webp&s=c9677598b3eaf5c955231267ab3497f3c6a68851

",1,1784419600.0,Monopoly_GO,7,0.99,False
1v0birq,https://www.reddit.com/r/internships/comments/1v0birq/coffee_chats/,Coffee Chats,"So I'm interning in tech at a large finance firm. My manager has me set up coffee chats with different people each week, and I have no idea what to ask lol.

I usually just start with how they got to their role/company and let the conversation flow naturally, but are there any specific questions I should be asking?

I've mostly been treating them as casual conversations, but I also really want a return offer lmao, and some of the people I've talked to have roles I'd love to move into eventually. Not really sure how to approach that without making it awkward.

Also, all my chats so far have been with people in my team/investment group. The firm has a bunch of different investment groups that are mostly independent, so my manager doesn't really know people outside ours. I want to network with people in other groups too, but is it weird to just cold message random people internally and ask for a coffee chat? All the coffee chats I've been doing are people my manager knows. 

The issue is that the group I'm in barely hires, so that's why I'm trying to look at other groups within the firm to network with.",2,1784419582.0,internships,0,1.0,False
1v0bi54,https://www.reddit.com/r/navimumbaimeetups/comments/1v0bi54/looking_for_guys_35_above_to_hangout_in_seawooda/,Looking for guys 35& above to hangout in Seawooda mall or belapur side.,"Hi.. Wanting to connect with people who are looking to chill/talk over coffee or just hangout. 

Looking for a mature crowd please, do drop a dm

Edit : this isn't a call for married guys, was looking for people living here alone, stressed out being lonely or depressed or who are just looking for hangout buddies. ",3,1784419533.0,navimumbaimeetups,0,1.0,False
1v0bf37,https://www.reddit.com/r/NYCsocialclub/comments/1v0bf37/22f_looking_for_new_friends/,22f looking for new friends,"I’ve realized that most of my time is either spent at work or with the same small group of people, so I figured I’d put myself out there and see if anyone else is looking to make new friends.  
I’m 22F and live in Brooklyn. I work full-time as a scientist during the week, so weekends are usually when I’m free to get out and do things.  
A little about me: I love music, especially pop and K-pop, and I’m also really into anime. I recently got into soccer after watching the World Cup, so if you’re also a newer fan, I’d love to have someone to watch games with. I’ve also started going to Pilates recently, and it would be fun to find people to take classes with.  
I’m always down to try new restaurants, cafés, concerts, or just explore different neighborhoods around the city. Even if it’s something simple like grabbing coffee or going for a walk, I’m happy to meet new people.  
If you’re around my age and also looking to expand your circle, feel free to reach out!",1,1784419309.0,NYCsocialclub,1,1.0,False
1v0beu7,https://i.redd.it/rci7kszou2eh1.jpeg,Help,"1. I added the streaming service's collection and the lists linked to Apple TV are incorrect. I just added the automatic bingecat streaming collection. Is there a way to fix that?

2. I'm having another issue. Before, I used to get a notification to sync with Nuvio anytime I did a change, but now it doesn't appear anymore and my Nuvio only syncs when I sync my history manually. Is there a way to fix this?",1,1784419290.0,BingeCat,0,1.0,False
1v0bega,https://www.reddit.com/r/orlando/comments/1v0bega/missed_connection_at_jabal_coffee_house_23f_fifa/,"missed connection at Jabal coffee house! 23F, FIFA game","hey y’all, long shot that this works 😅 i was just at the Jabal coffee house; started watching the France v. England game between 6:30-7, sitting near the front door.

i noticed a guy sort of looking towards me, to my left in a group of 3. there was a vibe of us wanting to talk to each other, but unfortunately i was with my dad, which would’ve been hella awkward (arab folks get it).

i’m trying to see if there’s any way we could connect! i’ve tried contacting the coffee shop, but there didn’t seem to be a direct line/page to the location. 

if there are any other methods i should try, or places to post, please let me know! thanks :)",18,1784419265.0,orlando,14,0.71,False
1v0beb5,https://www.reddit.com/r/CoffeeCryptics/comments/1v0beb5/zen_gardens_walls_crumbling_protect_yourself_25/,"Zen garden's walls crumbling! Protect yourself! (2,5)","Solve today's Coffee Cryptic right here in Reddit. Share hints, parsing, and answers in the comments so everyone can play together.

Want the interactive board? [Play it online on Coffee Cryptics](https://coffeecryptics.com/s/:zvBKytROeUQV2Nmu).

Date: 2026-07-19",1,1784419257.0,CoffeeCryptics,0,1.0,False
1v0bdum,https://www.reddit.com/r/badreviewer/comments/1v0bdum/this_tiny_plug_made_me_feel_lazy_and_powerful/,This Tiny Plug Made Me Feel Lazy And Powerful,"I bought this because I wanted a simple way to control a lamp without rewiring anything, buying a hub, or turning my apartment into a full smart-home science project. The Amazon Smart Plug is basically for people who want one very specific thing to become voice-controlled fast.

## Setup

Setup is the main reason this plug gets recommended so often. If you already use the Alexa app, the process is pretty painless: plug it in, open the app, and it usually detects the device automatically. Naming it something simple like “lamp” or “fan” makes voice commands work naturally.

The only real catch is that it needs a stable 2.4 GHz Wi-Fi connection. Most people will be fine, but if your router setup is weird or your phone keeps jumping between networks, setup can take longer than advertised.

## Alexa Integration

This is where it shines. Once connected, saying “Alexa, turn on the lamp” feels instant enough that you stop thinking about the plug entirely. It also works well with Alexa routines, so you can have lights turn on at sunset, shut off at bedtime, or run on a schedule while you’re away.

It is very much built for Alexa users, though. If your house runs on Google Home or Apple HomeKit, this is not the plug I’d choose.

## Everyday Use

For lamps, fans, coffee makers with physical switches, holiday lights, and other basic on/off devices, it works exactly as expected. The app control is reliable, and the physical button on the side is useful when you don’t want to use your phone or voice.

Just remember that it does not make every device “smart.” If the appliance needs you to press a digital power button after it gets electricity, this plug will not magically bypass that.

## Design

The plug is compact enough that it usually does not block the second outlet, which is a big deal if you’re using it behind furniture or in a crowded wall socket. It looks plain, but that is honestly the right choice for something you mostly want to disappear.

It feels sturdy and not like a bargain-bin smart plug. There is no energy monitoring, though, so if you want to track power usage, you’ll need something more advanced.

## Reliability

In day-to-day use, it is dependable. Commands usually trigger quickly, schedules run correctly, and it does not randomly drop off the network as long as your Wi-Fi is solid. That consistency is probably its biggest advantage over cheaper smart plugs.

If your internet goes down, voice and app control obviously become limited. The manual button still works, but the “smart” part depends on your network.

## Privacy And App Experience

Using this means accepting that it lives inside Amazon’s ecosystem. The Alexa app is not the cleanest app ever made, but for basic plug control, schedules, and routines, it gets the job done.

If you are already using Echo speakers, the experience feels natural. If you are trying to avoid another cloud-connected device, this probably will not win you over.

## Pros

- Very easy setup with the Alexa app
- Reliable voice control and scheduling
- Compact design usually leaves the second outlet usable
- Great for lamps, fans, and seasonal lights
- No hub required

## Cons

- Only makes sense if you use Alexa
- No energy monitoring
- Needs stable 2.4 GHz Wi-Fi
- Not ideal for devices with digital power buttons

## Value

Compared with a TP-Link Kasa smart plug, the Amazon Smart Plug is simpler if you are already committed to Alexa, but it usually costs more and offers fewer extra features. Kasa often gives you broader app support and sometimes energy monitoring depending on the model.

Still, this is worth it if you want the smoothest Alexa setup and do not care about advanced features. If you are buying several plugs for the whole house, cheaper alternatives may make more sense.

## Final Verdict

Buy this if you want a reliable, no-fuss Alexa plug for simple devices; skip it if you use Google, Apple HomeKit, or want detailed power tracking.

---

**👉 [Check the latest price here](https://www.amazon.com/dp/B089DR29T6?tag=askgadgets-20)**",1,1784419235.0,badreviewer,0,1.0,False
1v0bc0t,https://www.reddit.com/r/germany/comments/1v0bc0t/looking_for_malaysian_coffee_any_leads/,Looking for Malaysian Coffee- any leads?,"I'm looking for Malaysian coffee like Aik Cheong instant white coffee, Ah huat coffee, and Oldtown coffee in Germany, but it seems too hard to even find one. I searched on Amazon but had no luck. Does anyone know where exactly I can find them? I'm in NRW. Thanks.",0,1784419125.0,germany,1,0.5,False
1v0bbmf,https://i.redd.it/hq7w8uv3u2eh1.png,Can someone explain WHY people simp for my OCs? (specifically the one below),"Like, he's a coffee cup😭😭😭😭😭",6,1784419092.0,funComunitty,36,0.87,False
1v0bax5,https://www.reddit.com/r/SanJose/comments/1v0bax5/missed_connection_pup_plaza_cat_vaccine_clinic/,"Missed Connection: Pup Plaza Cat Vaccine Clinic, 7/18 around 3:15pm","To the kind guy with the blue polo style shirt, who had a cat carrier backpack and a hearty handshake, I guess we were both too shy to exchange phone numbers. 

I introduced myself and my two cats. Your cat is named after a cereal. Hope we can go for coffee. ",3,1784419037.0,SanJose,1,0.64,False
1v0ba72,https://www.reddit.com/r/SpiritualAwakening/comments/1v0ba72/my_experience/,My experience,"**Disclaimer** I’ve never been religious or something like that. 

And as I lay there in bed, dying from the sheer exhaustion and the headache invading my body, I transformed into an animal. Without clear thoughts, muttering words in my mind, it felt as if I were in a circus, imagining spirals like a funnel that led to nowhere, simply repeating sounds in my head over and over again. My mind had become so lost that I couldn't distinguish between time and space. Trying to find tranquility, trying to find peace, I instinctively clawed my way back to myself, only to fall right back down, knowing that in my mind's current state I couldn't even utter a coherent word with my mouth. I was a beast; I could only produce grunts.  
To regain consciousness, I began to dissect human concepts that might pull me back to reality—things like money, love, peace itself, the needs of a human being and of nature. Instinctively, I sought my place in the material world, searching for my purpose as the beast that I am, separated from it only by consciousness and that misnamed thing called free will.  
Then, as I regained consciousness, I began to fall from deep, infinite outer space. I observed white and café-au-lait clouds (with more milk than coffee), translucent colors, and vivid rainbows as I plummeted. Upon landing completely, countless shards of glass shattered in my fall, yet I still found myself alone in a vast space where time seemed frozen and where my mind had not yet fully returned to my body. I then began to have visions of gigantic building walls and unknown women. With a fictitious revolver made with my hands, I shot each of them in the head, specifically in the right eye, and my flesh-and-blood body tried to tear out its own right eye, but a higher power stopped me from harming myself. Then, stacks of cash fell around me, and my animal self timidly gathered them, feeding them into a machine that began to fill up like a progress bar as I stuffed the bills inside. I still felt like that untamable beast, trying to reclaim the consciousness that perhaps my sins or my instinct had stripped away from me.  
Then, in that vast, fictitious metropolis my mind had manufactured in detail—perhaps as a metaphor for how unnatural all those concepts created by man are to human beings—I saw it. I saw the beast, or it saw me, because its gaze was so heavy and deep that it could touch every single one of my sins and thoughts to the marrow. It reminded me of absolutely all my sins, and it also reminded me of the path I had traveled in life, as if I were on my deathbed. As the beast reminded me of my sins, even since I was a child, my heart felt imprisoned by thick barbed wire that crushed it tighter with every memory; despite my heart trying to beat or expand, the wire crushed it harder. I also began to feel heavy shackles on my feet, hands, arms, and torso, and I could feel drops of cold sweat running down my temples and back, a reminder of the absolute sloth I maintained while ""sane."" For a moment, my senses expanded to the point where I could hear the sins of the world around me: a couple having wild sex somewhere outside the apartment, a pair of demons mugging a poor man and stripping him of his belongings, the sound of mundane music with which demons intoxicated themselves on that cursed yet legal elixir that is alcohol. Closing my eyes was as if I hadn't closed them at all; rather, I could see all the souls in eternal suffering right next to me, just like me, and I felt the roar of the beast down to my bones and heart, striking my heels with its tail and leaving me feeling hopeless, as if this were the end.  
I opened my eyes again and it was already night. I could see the beast in every small patch of darkness allowed in that room. Still motionless, I couldn't stop seeing it in absolutely everything. From one moment to the next, I finally returned to my conscious self, thinking it would be a relief or that it had been a bad dream, but the thought I had upon returning was, ""I am God,"" and I spoke it aloud. However, within my vast rationality, I immediately recanted, saying, ""Give a man a gun and he will think he is God,"" and I began to remember HIM, repenting from the bottom of my heart like a child again. At that moment, the darkness invading every cell of my body vanished, and I was able to find temporary peace because words of praise and blessing toward HIM wouldn't stop flowing from my mind and mouth—just like someone uttering uncontrollable filler words, or the curses and profanities that would normally leave my mouth, I was instead pronouncing everything that pleased HIM. Yet, when I tried to think of the things that used to bring me peace as a man, the beast would once again squeeze my heart with those heavy, thick wires, making me feel lost in the abyss. So, in His infinite mercy, HE quickly showed me the path that I already knew, but from which my proud human heart had distanced me. At that moment, I abandoned all my worries and entrusted them to HIM with a faith so fervent I had never felt before.  
In that instant, I thought of all the sins the malevolent beast had created in its infinite hatred for life—sins like pornography, wars, social media—since in their infinite egos and evils they believed themselves to be ""God,"" just as I had felt during that moment when I ceased to be a beast. However, I understood that it was the beast itself coercing man toward his own destruction. Just as it coerced me and steered me down the path of death using my environment or my capabilities as instruments, the beast, by utilizing a man with infinite resources, could easily destroy the life HE gave us to follow Him into paradise eternal.  
Suddenly, my phone rang. A friendly face called me, and I told him what happened. Still in the catharsis of the moment, I couldn't stop seeing the beast in his face, mocking me, shouting that this man was not my friend and that he would be capable of selling me out for a few simple coins created by the beast itself. However, my friend, in his own awakening, welcomed me to hell—but not before I asked him why, possessing the divine knowledge I had just acquired, he wouldn't draw closer to the light. He answered wisely that salvation is individual. To this moment, I still want to be in the light, and the blessings I had so proudly rejected in my past flowed from my mind during that time; I kept begging for salvation from HIM, as I couldn't stop seeing the beast in the darkness of the room. And then, the noises that were once common transformed into explosions, mocking laughter, incessant weeping, sounds of heavy machinery, gunshots, and the sound of chains dragging—until, using those very prayers I knew but refused to utter in my day-to-day life, I used them to communicate with HIM. Thus, it being 10 at night by the time I dared look at the clock again, I was finally able to fall asleep. Needless to say, every sound around me woke me up due to the deep dread I felt through my entire body, and I could still hear the explosions and the weeping, and I could feel the chains on my feet, as heavy as if I were truly wearing them.",1,1784418985.0,SpiritualAwakening,0,1.0,False
1v0b81j,https://www.reddit.com/r/pourover/comments/1v0b81j/new_to_coffee/,New to coffee,"New to pour over but really enjoyed drinking it so decided to start brewing my own!

Currently on the V60 switch + Timemore C3S. 

Any brew recipes to recommend? ",0,1784418820.0,pourover,6,0.5,False
1v0b7y1,https://www.reddit.com/r/Market76/comments/1v0b7y1/h20k_caps_wcoffee/,H:20k caps W:Coffee,,1,1784418812.0,Market76,1,1.0,False
1v0b7b9,https://www.reddit.com/gallery/1v0b7b9,More photos!,Sunrises and sunsets in Dillingham Alaska most of them are taken at Coffee Point from the last couple weeks and as of now its blowing about 40 and very heavy clouds with rain off and on and there hasn't been any nice sunsets or sunrises however im trying to get photos of the belugas as they pass by its kinda tricky cause they only surface for air for a short time before they dive back down ,1,1784418761.0,Casual_Photography,0,1.0,False
1v0b6y2,https://www.reddit.com/gallery/1v0b6y2,photo dump from dinner + world market :3,"1. they brought my coke in a plastic beer stein. cool. 9.69/10

2. me + my dad :3 (i dyed his hair, doesn't it look cool? 🤭)

3. chips n dip - 11/10 yum 🤤🤤

4. side salad. 7/10. the dressing was too acidic 😿😿

5. cajun shrimo pasta. considering the fact that i'm still alive and not still sweating, it's clearly not authentic cajun. 8/10.

6. saw gummy lunchables at world market. was confused but not surprised.

7. got a free sample of coffee. it was extremely bitter. 6/10

8. got boba from a shelf. too sweet. tummy ache. 6/10",4,1784418734.0,teenarazzi,6,1.0,False
1v0b6m3,https://www.reddit.com/r/Colombia/comments/1v0b6m3/i_have_narrowed_down_what_i_wish_to_visit_during/,"I have narrowed down what I wish to visit during an 8 day Colombia trip. The coffee region. But can you help plan out exactly what and where, how many days of each etc?","I have narrowed down what I wish to visit during an 8 day Colombia trip. The coffee region. But can you help plan out exactly what and where, how many days of each etc?

I am seeing a lot of different places in the coffee region and a lot of options of how to do this. 

So should I visit Medellin, guatape, cocora valley, salento, Filandia, Pereira?

It seems like a lot of different places for an 8 day trip. Practically what's the order to go about this? I've heard most flights land in Medellin so will I have to start and end trip there?",3,1784418707.0,Colombia,4,0.72,False
1v0b67f,https://www.reddit.com/r/traveladvice/comments/1v0b67f/i_have_narrowed_down_what_i_wish_to_visit_during/,"I have narrowed down what I wish to visit during an 8 day Colombia trip. The coffee region. But can you help plan out exactly what and where, how many days of each etc?","I have narrowed down what I wish to visit during an 8 day Colombia trip. The coffee region. But can you help plan out exactly what and where, how many days of each etc?

I am seeing a lot of different places in the coffee region and a lot of options of how to do this. 

So should I visit Medellin, guatape, cocora valley, salento, Filandia, Pereira?

It seems like a lot of different places for an 8 day trip. Practically what's the order to go about this? I've heard most flights land in Medellin so will I have to start and end trip there?",1,1784418676.0,traveladvice,1,1.0,False
