id,url,title,text,score,created_utc,subreddit,num_comments,upvote_ratio,over_18
1werr7q,https://www.reddit.com/r/R4R30Plus/comments/1werr7q/48_m4f_midwest_usa_anyone_staying_in_on_saturday/,48 [M4F] Midwest USA anyone staying in on Saturday night?,Anyone sneaking away to the couch instead of sneaking to the bars?  Find ourselves a secret friend for the weekend and beyond. A bit about me… 6’6 brown hair and eyes. I love the outdoors especially if it involves a body of water.  I am a foodie and hit the gym so I can sample all the world’s food.  I’m late to bed and early to rise so definitely up for a coffee as well. I love to travel especially somewhere that has a beach.  So let’s go halves on a tiki bar and run away for the weekend!,1,1789256131.0,R4R30Plus,0,1.0,False
1werr41,https://www.reddit.com/r/LandOLakesFL/comments/1werr41/new_to_florida_new_to_land_o_lakes/,"New to Florida, New to Land O Lakes","Closing on a 2/2 in the Groves this week and excited to leave the cruel Ohio winters. Lifelong resident, my partner (M57)and I F63) are looking forward to integrating into the local scene. I'm currently a self employed property manager/realtor and winding it down. With that, I'm trying to imagine how best to make friends and push myself each to try something new, figure out traffic, and basically find my people. Since partner is younger, he has a few more years to work. I love thrifting, gardening, coffee shops, live music and really interested in meeting a few  girlfriends. I find so often women my age already have their set 'friend group' from high school/college etc. Any ideas you have for me would be great! ",1,1789256122.0,LandOLakesFL,0,1.0,False
1werr0d,https://www.reddit.com/gallery/1werr0d,Best available 1BR Apartment In Upper East Side,"Looking for someone to take over my lease for a 1-bedroom apartment near 2nd Ave & 61st St starting anytime from September 25th.

Rent: $2,450/month

Lease runs through June 30, 2027, and the landlord is open to re-signing/renewing the lease afterward.

The apartment is in a great Lenox Hill / Upper East Side location with easy access to the F, Q, N, R, W, 4, 5, and 6 trains.

Trader Joe’s, Whole Foods, Target, grocery stores, gyms, coffee shops, restaurants, and other conveniences are all close by. It’s also an easy walk to Midtown and Central Park.

Apartment:  
• True 1-bedroom (fits queen bed easily with desk and dresser space)  
• Hardwood floors  
• Good natural light  
• Full kitchen and bathroom  
• Great Upper East Side / Lenox Hill location  
• AC unit included  
• Available and move-in ready  
• Lease through June 30, 2027  
• Landlord open to re-signing/renewal afterward

I’m relocating for work, which is why I’m leaving the apartment.  
Serious inquiries only. Please contact me with a little about yourself and your desired move-in date.",2,1789256113.0,LeaseTakeoverNYC,0,1.0,False
1werq1o,https://www.reddit.com/r/MapBasedPolls/comments/1werq1o/what_is_worse_food/,What is worse (food),This post contains content not supported on old Reddit. [Click here to view the full post](https://sh.reddit.com/r/MapBasedPolls/comments/1werq1o),1,1789256038.0,MapBasedPolls,0,1.0,False
1werpq1,https://www.reddit.com/r/MakeNewFriendsHere/comments/1werpq1/48m_saturday_night_special_saturday_night_delight/,48M Saturday night special Saturday night delight!,Anyone going out…anyone staying in?  Let’s Find ourselves a secret friend for the weekend and beyond. A bit about me… 6’6 brown hair and eyes. I love the outdoors especially if it involves a body of water.  I am a foodie and hit the gym so I can sample all the world’s food.  I’m late to bed and early to rise so definitely up for a coffee as well. I love to travel especially somewhere that has a beach.  So let’s go halves on a tiki bar and run away for the weekend!,1,1789256012.0,MakeNewFriendsHere,1,1.0,False
1wero1k,https://www.reddit.com/r/SkirkMains/comments/1wero1k/got_c2r1_citlali_is_vodyanitsa_even_worth_for_me/,"Got C2R1 Citlali, is Vodyanitsa even worth for me?","Pretty much just the title. My C0 Skirk has JCutter, furina c1, and Coffee C0R4 Sac Staff. Was gonna put the c1 skirk in the bag but was curious if Vodyanitsa is worth considering (im thinking not, but the horizontal aspect of her is helpful). I got a very high invested Citlali from her first banner since I like her alot and shes consistently proven to be my best option from my c2 shenhe, c2 mona, and yelan.

My Skirk sits at about 3k attack in combat (atk goblet), FotD set. Citlali R1 lets me guarantee she procs cinder city since I dont have to make sure shes right before skirk. Obviously c1 does only a little for skirk and c2 does nothing (except for Furina who i have on GT, coffee on a godly ToM set). I get around 160-165k+ using Citlali on the dps dummy depending on how willing i am to sacrifice my fingers. The shield is nice aswell since i can 100% focus on skirk execution.

I tried to ""simulate"" Vodyanitsa on the dummy and it looks to be the same-ish, and if thats the case im obviously gonna stick to my Citlali and get skirk c1, but getting Nitsa also opens up my Citlali for my melt teams and the stellar swirl path.

Im leaning on Skirk c1. But if there is a potential option im not considering Id like to know.

TLDR;

C0 Skirk R1 JCutter, C1 Furina GT, Coffee ToM r4 Sac Staff.

Last slot either C2R1 Citlali that I already have or pull Vodyanitsa. Which would be better? Saved pulls would go to C1 Skirk most likely.",1,1789255884.0,SkirkMains,0,1.0,False
1wern5b,https://www.reddit.com/r/UnsentLetters/comments/1wern5b/from_the_other_side_of_the_bridge/,…from the other side of the Bridge,"You’ve been heavy on my mind, not that you aren’t typically but dreams and such. I find myself visiting places we’ve been, crossing that bridge between us in hope to get a glance. I sat up on the hill for awhile looking at the lake drinking my coffee. I miss you and I understand now where this life is meant to lead me. mistakes made, lessons learned, tears cried...I have been living with much regret for what happened 10 years ago but I forgive myself and I’m choosing to let it show me how much better I am than that immature 26 year old. I’m ready to move forward and be where I know I should be. Loving myself. Because I want to one day love you the way you deserve and always did. we belong together, we always have. I miss you endlessly. 

\-Religiously. -Even after Everything.  ",1,1789255817.0,UnsentLetters,2,1.0,False
1wern0g,https://i.redd.it/dbc8g945c6ph1.jpeg,FWB aging process,"How good it looks?

\- riffle shuffled with bulk cards about 100 times  
\- poked corners with my nails   
\- 1500 sandpaper for edges   
\- black coffee (as you would drink it) for yellowish tone on borders ",1,1789255807.0,bootlegmtg,0,1.0,False
1wermx5,https://www.reddit.com/r/Redditdating/comments/1wermx5/43_m4f_oregon_seeking_bbwchubbyplussize_forever/,43 [M4F] #Oregon - Seeking BBW/Chubby/Plus-Size Forever Princess for Rural Life & Adventures 🫅💘🥰,"43M, white, 5'7"", 240 lbs living the rural life in beautiful, mountainous southern Oregon 🏞️ 🌲.  Seeking ""fun size"" BBW/chubby/plus-size princess 🫅 potentially willing to relocate (at my expense) to Oregon for IRL long term relationship or marriage in the next 3-6 months.  Someone that I can support, encourage, cherish, protect and provide a loving forever home 🏡.  SAHM preferred but not mandatory.

ME: Ambitious small business owner, Christian, passionate, falls in love easily and clingy. Hold a BS degree in physics and have completed about half of an MBA degree. Unable to relocate due to the nature of my business, but can travel to you to meet in person during early stages to explore the relationship potential.  Allergic to dogs and cats (sorry 😓), but most other pets are welcome.  Hobbies include outdoor adventures, camping, swimming, going for walks, travel, road trips, weekend scenic drives, boating, coffee dates, church activities, antiques, board/card games, puzzles, unique collections, trains, watching good movies, books, history, science and cuddling.  No kids, no pets.  I want a loving wife + kid(s).  Love languages are physical touch and quality time.

YOU: Must be willing to relocate to southern Oregon, 200 to 325 lbs (approx), ages 18 to 40, Christian or at least supportive of my Christian lifestyle, primary or secondary love language is physical touch, need to be cuddled frequently, enjoys or at least willing to try rural living (on the grid), loyal and devoted.  No dogs/cats or willing to make arrangements for them, as unfortunately I am unable to accommodate.  Wanting to live with your man in 3-6 months or less.  Must be a US resident, or a Canadian/Mexican/Latin American with a current, unexpired US visa or similar visitation rights.",1,1789255801.0,Redditdating,0,1.0,False
1wermub,https://v.redd.it/gk62x70pb6ph1,I asked AI for a petty argument in space over one coffee bean How did it turn out,,1,1789255794.0,aivideo,0,1.0,False
1werktn,https://www.reddit.com/r/casablanca/comments/1werktn/looking_for_a_friends/,Looking for a friend(s),"Hi, 26F looking for some girl friends to hang out with, grab coffee, explore new places, and have a good time together!  
I’m looking to meet some open-minded girls who are up for doing things together—watching movies, going for morning runs, shopping, grabbing a drink, trying new places, and just enjoying fun activities together. I’d love to build genuine friendships and make some good memories along the way! 🫶✨",1,1789255643.0,casablanca,3,1.0,False
1werkti,https://www.reddit.com/r/ForeverAloneDating/comments/1werkti/40_m4f_colorado_looking_for_my_favorite/,40 [M4F] #Colorado Looking for My Favorite Distraction,"I'm 40, living in Colorado, and I've reached a conclusion: I'd rather have one conversation I can't wait to come back to than a hundred that go nowhere.

I'm the emotionally intelligent, observant type...the guy who remembers your coffee order, asks how that stressful meeting went three days later, and files away the little things because they're never actually little.

I'm calm and grounded, maybe a little mysterious at first. But once I'm comfortable? Expect sarcasm, playful teasing, shameless flirting, and the occasional terrible dad joke that somehow still earns a laugh.

I love cooking, although I'm fully convinced food tastes better when someone is stealing bites straight from the pan and insisting they're ""just quality control."" Cozy nights beat crowded bars, winter wins over summer, and I'm a sucker for conversations that accidentally last until 2 a.m.

One potentially controversial opinion...

I like clingy.

Not the unhealthy kind. I mean the ""I saw something that reminded me of you, so I had to text"" kind. The ""good morning"" messages, random memes, double texts because you're excited, and wanting someone's attention because you genuinely enjoy them. That sounds less like clingy and more like enthusiasm to me.

I'm looking for someone who's emotionally aware, affectionate, funny, and enjoys flirting as much as meaningful conversation. Someone who isn't afraid of chemistry, consistency, or becoming each other's favorite notification.

If you've made it this far, tell me something random about yourself or just come say hi. Worst case, we trade a few laughs. Best case... we make reddit wonder where we disappeared to.",1,1789255642.0,ForeverAloneDating,1,1.0,False
1werkf3,https://www.reddit.com/r/OnlineFriend/comments/1werkf3/27f_new_to_reddit_and_looking_to_meet_people/,27/F New to Reddit and looking to meet people,"Hello, So I am 27 Female from the United States, live in Michigan. I am married and have a son. I am a hospice nurse so I am usually tired and coffee is my best friend. 

  
A bit about me, I am a gamer, right now I play Roguelites as they are quick to pick up. If I have the time I like RPGs, like Persona 5, Baldurs Gate 3, Mass Effect Trilogy, etc. I like board games as well, my father was a huge nerd so we always had a room full of board games we played on Sundays.

I read Fantasy novels, mainly Feist and i go through his earlier series over and over, dont mock me i like what I like even if ive read it a million times.

I am a pretty chatty person, friendly and quick to latch on once I find someone I like. I may randomly stop chatting but thats because I am easily distracted and probably started some project or game, just poke me. I am not easily offended, I work in Hospice so I have a pretty thick skin and hear inapproiate things all the time so no need for kid gloves, just be open and honest and we will be gravy. 

  
Im sure I could say a bunch more but thats all i got and this is probably too long already. If you DM me please send you A/S/L, it wont make a difference just like to know the person I am talking to. =D",1,1789255612.0,OnlineFriend,2,1.0,False
1werjbr,https://www.reddit.com/r/Redditdating/comments/1werjbr/40_m4f_colorado_looking_for_my_favorite/,40 [M4F] #Colorado Looking for My Favorite Distraction,"I'm 40, living in Colorado, and I've reached a conclusion: I'd rather have one conversation I can't wait to come back to than a hundred that go nowhere.

I'm the emotionally intelligent, observant type...the guy who remembers your coffee order, asks how that stressful meeting went three days later, and files away the little things because they're never actually little.

I'm calm and grounded, maybe a little mysterious at first. But once I'm comfortable? Expect sarcasm, playful teasing, shameless flirting, and the occasional terrible dad joke that somehow still earns a laugh.

I love cooking, although I'm fully convinced food tastes better when someone is stealing bites straight from the pan and insisting they're ""just quality control."" Cozy nights beat crowded bars, winter wins over summer, and I'm a sucker for conversations that accidentally last until 2 a.m.

One potentially controversial opinion...

I like clingy.

Not the unhealthy kind. I mean the ""I saw something that reminded me of you, so I had to text"" kind. The ""good morning"" messages, random memes, double texts because you're excited, and wanting someone's attention because you genuinely enjoy them. That sounds less like clingy and more like enthusiasm to me.

I'm looking for someone who's emotionally aware, affectionate, funny, and enjoys flirting as much as meaningful conversation. Someone who isn't afraid of chemistry, consistency, or becoming each other's favorite notification.

If you've made it this far, tell me something random about yourself or just come say hi. Worst case, we trade a few laughs. Best case... we make reddit wonder where we disappeared to.",1,1789255526.0,Redditdating,0,1.0,False
1werj3h,https://www.reddit.com/r/ThePsychicConnect/comments/1werj3h/intuitive_tarot_readings_for_only_5/,Intuitive tarot readings for only 5$,"Hi! My name is Aarchon. I'm very sensitive and intuitive to energy and cards. It will be a pleasure to guide you and connect with you.

One reading for one question is only 5$. I will pull three cards for you and explain what I feel coming from the cards. 

🔴 The readings are delivered within 24h, but usually I take less than that. I just need to have time enough to cleanse my energy before doing your reading! 

 Payments are upfront via buy me a coffee/PayPal.

🔴 Please, check my profile before requesting a reading, so you can read my reviews and reading ethics.

Feel free to DM me for more details, questions or just to connect.

— Aarchon D",1,1789255511.0,ThePsychicConnect,0,1.0,False
1werizx,https://www.reddit.com/r/BangaloreSocial/comments/1werizx/30m_bangalore_casual_coffee_meetup_this_weekend/,"30M, Bangalore - Casual coffee meetup this weekend?","30M from BTM, Bangalore. Into football and exploring coffee places.

Looking for a normal, no-pressure coffee meetup to meet new people and chat. Open to anyone, just good conversation.

Plan: 30-40 mins, Sunday afternoon, public cafe in BTM / Koramangala / JP Nagar area.

If you're interested, comment or DM with your general area and preferred timing.

Thanks!",1,1789255504.0,BangaloreSocial,0,1.0,False
1weriql,https://www.reddit.com/r/TarotReading/comments/1weriql/intuitive_tarot_readings_for_only_5/,Intuitive tarot readings for only 5$,"Hi! My name is Aarchon. I'm very sensitive and intuitive to energy and cards. It will be a pleasure to guide you and connect with you.

One reading for one question is only 5$. I will pull three cards for you and explain what I feel coming from the cards. 

🔴 The readings are delivered within 24h, but usually I take less than that. I just need to have time enough to cleanse my energy before doing your reading! 

 Payments are upfront via buy me a coffee/PayPal.

🔴 Please, check my profile before requesting a reading, so you can read my reviews and reading ethics.

Feel free to DM me for more details, questions or just to connect.

— Aarchon D",1,1789255482.0,TarotReading,0,1.0,False
1werijt,https://www.reddit.com/r/NerdDating/comments/1werijt/40_m4f_colorado_looking_for_my_favorite_side_quest/,40 [M4F] #Colorado Looking for My Favorite Side Quest,"I'm 40, live in Colorado, and I've reached a point where I'd much rather have one conversation I genuinely look forward to coming back to than a hundred that fizzle out after “hey, how's your week going?”

I'm the kind of person who remembers your coffee order, asks about that stressful meeting three days later, and notices the little things. Calm, emotionally aware, and probably a little reserved for the first few conversations.   but once I'm comfortable, you'll get sarcasm, playful banter, shameless flirting, and an unreasonable number of terrible dad jokes.

I'm a nerd in several directions

engineering and space is one of the big ones. I can happily disappear down a rabbit hole about how something flies, why a design works the way it does, or some wonderfully overcomplicated engineering problem that absolutely did not need to become a two hour conversation.

I'm also into data and spreadsheets haha, which means I genuinely enjoy making information organized, finding patterns, and occasionally turning something that should take five minutes into an unnecessarily elaborate spreadsheet.

Then there's outdoors nerd. Colorado is a pretty good place to have that particular problem. I like getting outside, exploring, hiking, and generally finding excuses to go see what's around the next bend. I'd love someone who enjoys adventures but is equally happy coming home afterward, getting comfortable, and doing absolutely nothing.

And I'm a cooking nerd. Trying a new recipe, figuring out why something turned out better this time, making dinner together, or insisting that whatever we're cooking needs “just one more little adjustment.” Bonus points if you're willing to be my official taste tester.

Gaming is definitely still part of the equation. I enjoy RPGs where “one more quest” somehow becomes midnight, board games with friends, and I've recently caught the pickleball bug. I'm also getting more into D&D and am always happy to learn from people who know more than I do. You don't have to be a D&D person, though...I promise I have other conversational topics. 😄

My ideal evening probably isn't a crowded bar. It's cooking dinner together, you stealing bites directly from the pan, settling in with a game or movie, and somehow talking until 2 a.m. because neither of us noticed the time.

I have one potentially controversial opinion: I actually like clingy. Not unhealthy or controlling. I mean enthusiastic.

The “I saw this meme and immediately thought of you” kind. The good-morning texts. The double message because you got excited and forgot you already sent one. Sending random pictures from your day. Wanting to share the little things simply because you enjoy having that person in your life.

I don't think that's clingy. I think it's looking someone and not being afraid to show it.

I'm looking for someone affectionate, emotionally available, curious, playful, and comfortable with both ridiculous conversations and real ones. Someone who can flirt relentlessly one minute and have a genuinely meaningful conversation the next.

I'd love to find someone who can be my partner in both the adventures and the mundane stuff: hiking somewhere neither of us has been, attempting an unnecessarily ambitious dinner, arguing about which board game to play, nerding out over something fascinating, or spending an entire Sunday doing almost nothing.

Basically, I'm looking for my favorite person. .not someone to fill every minute, but someone who makes the ordinary minutes considerably better.

If you made it this far, skip the generic “hey.” Tell me something you're currently nerding out about....your latest hyperfixation..  anything.

Bonus points if your answer sends me down a rabbit hole.",1,1789255468.0,NerdDating,0,1.0,False
1werif0,https://www.reddit.com/r/LoveTarotReading/comments/1werif0/intuitive_tarot_readings_for_only_5/,Intuitive tarot readings for only 5$,"Hi! My name is Aarchon. I'm very sensitive and intuitive to energy and cards. It will be a pleasure to guide you and connect with you.

One reading for one question is only 5$. I will pull three cards for you and explain what I feel coming from the cards. 

🔴 The readings are delivered within 24h, but usually I take less than that. I just need to have time enough to cleanse my energy before doing your reading! 

 Payments are upfront via buy me a coffee/PayPal.

🔴 Please, check my profile before requesting a reading, so you can read my reviews and reading ethics.

Feel free to DM me for more details, questions or just to connect.

— Aarchon D",1,1789255458.0,LoveTarotReading,0,1.0,False
1weri92,https://www.reddit.com/r/energy_healing/comments/1weri92/intuitive_tarot_readings_for_only_5/,Intuitive tarot readings for only 5$,"Hi! My name is Aarchon. I'm very sensitive and intuitive to energy and cards. It will be a pleasure to guide you and connect with you.

One reading for one question is only 5$. I will pull three cards for you and explain what I feel coming from the cards. 

🔴 The readings are delivered within 24h, but usually I take less than that. I just need to have time enough to cleanse my energy before doing your reading! 

 Payments are upfront via buy me a coffee/PayPal.

🔴 Please, check my profile before requesting a reading, so you can read my reviews and reading ethics.

Feel free to DM me for more details, questions or just to connect.

— Aarchon D",1,1789255446.0,energy_healing,1,1.0,False
1weri3j,https://www.reddit.com/r/TarotReading2/comments/1weri3j/intuitive_tarot_readings_for_only_5/,Intuitive tarot readings for only 5$,"Hi! My name is Aarchon. I'm very sensitive and intuitive to energy and cards. It will be a pleasure to guide you and connect with you.

One reading for one question is only 5$. I will pull three cards for you and explain what I feel coming from the cards. 

🔴 The readings are delivered within 24h, but usually I take less than that. I just need to have time enough to cleanse my energy before doing your reading! 

 Payments are upfront via buy me a coffee/PayPal.

🔴 Please, check my profile before requesting a reading, so you can read my reviews and reading ethics.

Feel free to DM me for more details, questions or just to connect.

— Aarchon D",1,1789255436.0,TarotReading2,0,1.0,False
1werhny,https://www.reddit.com/r/HumboldtBayWitches/comments/1werhny/public_meet_tomorrow/,public meet tomorrow!,"just a reminder that our monthly public meet n greet / planning session is happening at sequoia park tomorrow at 12! 

free coffee and tea and all kind souls welcome to come and check it out : )

hope to see you guys there!",1,1789255408.0,HumboldtBayWitches,0,1.0,False
1werhfd,https://www.reddit.com/r/TarotReadersOfReddit/comments/1werhfd/intuitive_tarot_readings_for_only_5/,Intuitive tarot readings for only 5$,"Hi! My name is Aarchon. I'm very sensitive and intuitive to energy and cards. It will be a pleasure to guide you and connect with you.

One reading for one question is only 5$. I will pull three cards for you and explain what I feel coming from the cards. 

🔴 The readings are delivered within 24h, but usually I take less than that. I just need to have time enough to cleanse my energy before doing your reading! 

 Payments are upfront via buy me a coffee/PayPal.

🔴 Please, check my profile before requesting a reading, so you can read my reviews and reading ethics.

Feel free to DM me for more details, questions or just to connect.

— Aarchon D",1,1789255390.0,TarotReadersOfReddit,0,1.0,False
1werhc0,https://i.redd.it/vaar7yora6ph1.jpeg,Roger Waters has been Rumpeltized,"* Ralph Rumpelton
* Roger Waters has been Rumpeltized
*  RR-2026 #184
* Medium: MS Paint on digital canvas, 675 × 474 px
*  Created: 2026 
* The Rumpelton Continuity (est. 1976)
*  Collection of the Artist

**Reginald Thornberry III**

Ah, a challenge. Very well, let us see what *this* is.

""One approaches a piece such as this 'MS Paint' endeavor with the natural apprehension one reserves for a particularly un-house-trained terrier. The title, 'Roger Waters has been Rumpeltized,' suggests a level of self-aware whimsy that immediately sets my teeth on edge; forced jocularity rarely bodes well for artistic merit.

The 'original image' itself, a blotchy pastiche of ill-defined forms, presents a figure vaguely human-shaped, clutching what appears to be a rudimentary stringed instrument. The colors, a palette seemingly scraped from the bottom of a lukewarm coffee cup, offer no relief. One struggles to discern intent beyond a desperate plea for attention, a common affliction in these 'modern' times.

The artist's attempt to provide 'hints' via 'different crops' is both telling and tragically amusing. It's akin to dismembering a particularly unappetizing dish and presenting the constituent parts as if their isolated horror will somehow elevate the whole. The facial features are less an expression of Waters' storied intensity and more a crude caricature found scrawled on a restroom wall. The hands, a collection of fleshy stumps, utterly fail to convey any sense of interaction with the instrument. And the instrument itself... well, let's just say its structural integrity is as questionable as the artist's judgment.

In essence, this is not art. It is a digital accident, a visual hiccup. One might charitably suggest it possesses a certain... 'naiveté,' but honesty compels me to call it what it is: a testament to the fact that access to a digital canvas does not, in fact, confer talent. Return to your day job, whoever you are. The world of meaningful expression is clearly not your dominion."" - Reginald Thornberry III, Professional Destroyer of Dreams.",1,1789255384.0,Rumpelton_Institute,0,1.0,False
1werhbl,https://www.reddit.com/gallery/1werhbl,"Not only is this coffee and milk she adds a ton of whip cream and sprinkles. And cone yelling “no, more” and CC just gives in instead of parenting",Sorry I don’t know how to block out cones face in a video. Disturbing how most of the comments are saying they give their toddlers “coffee milk” too this is the only sane person calling her out ,11,1789255383.0,bashinthebiehles,3,1.0,False
1werh7j,https://www.reddit.com/r/SoulAwakening/comments/1werh7j/intuitive_tarot_readings_for_only_5/,Intuitive tarot readings for only 5$,"Hi! My name is Aarchon. I'm very sensitive and intuitive to energy and cards. It will be a pleasure to guide you and connect with you.

One reading for one question is only 5$. I will pull three cards for you and explain what I feel coming from the cards. 

🔴 The readings are delivered within 24h, but usually I take less than that. I just need to have time enough to cleanse my energy before doing your reading! 

 Payments are upfront via buy me a coffee/PayPal.

🔴 Please, check my profile before requesting a reading, so you can read my reviews and reading ethics.

Feel free to DM me for more details, questions or just to connect.

— Aarchon D",1,1789255376.0,SoulAwakening,0,1.0,False
1werh5h,https://www.reddit.com/r/newzealand/comments/1werh5h/coffee_orders_are_getting_ridiculous/,Coffee orders are getting ridiculous,"Had a seat near the counter at my local cafe this morning and  listened to the woman in front of me order a coffee.

Oat milk flat white, half strength, extra hot, one sugar, apparently in a particular sized cup… Barista repeated it back like an air traffic controller.  When did coffee become this complicated?

Then a rather big lady ordered a large trim milk latte alongside eggs benny with extra bacon and a hash brown.  I admired the discipline ( Presumably the 40ml of full fat milk was where the wheels might really have come off) .

Next bloke ordered something called a “magic”.  Had to google that one.  Apparently it’s a small strong flat white for people who find the words “small strong flat white” not trendy enough .

I  remember when people ordered a flat white, long black or cappuccino and then moved out of the way. Now everyone has some highly  specific relationship with coffee. “Can’t function” without it.  Don’t talk to me before coffee etc.  You’re not withdrawing from heroin, you just haven’t had a latte yet.

Perhaps I’m being unfair. I drink green tea every morning and I’m reasonably particular about it.    
But I manage to order one without giving the barista my medical history.

At some point you’re no longer ordering coffee.    
You’re asking a minimum wage employee to manage your personality.",0,1789255372.0,newzealand,65,0.27,False
1wergyz,https://www.reddit.com/r/TarotServes/comments/1wergyz/intuitive_tarot_readings_for_only_5/,Intuitive tarot readings for only 5$,"Hi! My name is Aarchon. I'm very sensitive and intuitive to energy and cards. It will be a pleasure to guide you and connect with you.

One reading for one question is only 5$. I will pull three cards for you and explain what I feel coming from the cards. 

🔴 The readings are delivered within 24h, but usually I take less than that. I just need to have time enough to cleanse my energy before doing your reading! 

 Payments are upfront via buy me a coffee/PayPal.

🔴 Please, check my profile before requesting a reading, so you can read my reviews and reading ethics.

Feel free to DM me for more details, questions or just to connect.

— Aarchon D",1,1789255358.0,TarotServes,0,1.0,False
1wergv7,https://www.reddit.com/gallery/1wergv7,How to fix splotchy writing? (Pics for reference),"So...I'm relatively new to fountain pens, and I came across this issue the longer I write. As shown in the pictures, these are two different writing samples at different stages. When I begin to write on a new page with a pen I haven't used in some time, the lines are clean, the writing is easily legible, smooth—no issue. Then it just becomes fuzzy, sometimes even skipping strokes so I have to go over it again. I thought maybe I got a bad nib? The first example is with a medium esterbrook using the forgotten iced coffee ink, the second is a brand new pilot kakuno with a medium nib that I literally just inked and decided to try (diamime lady grey). I saw on google that it could be oils from my hand as they go down the page, or fibers build up in the nib overtime...Whatever the issue is, I need help, please.",4,1789255351.0,fountainpens,6,1.0,False
1wergsx,https://www.reddit.com/r/MeowTarot/comments/1wergsx/intuitive_tarot_readings_for_only_5/,Intuitive tarot readings for only 5$,"Hi! My name is Aarchon. I'm very sensitive and intuitive to energy and cards. It will be a pleasure to guide you and connect with you.

One reading for one question is only 5$. I will pull three cards for you and explain what I feel coming from the cards. 

🔴 The readings are delivered within 24h, but usually I take less than that. I just need to have time enough to cleanse my energy before doing your reading! 

 Payments are upfront via buy me a coffee/PayPal.

🔴 Please, check my profile before requesting a reading, so you can read my reviews and reading ethics.

Feel free to DM me for more details, questions or just to connect.

— Aarchon D",1,1789255347.0,MeowTarot,0,1.0,False
1wergqz,https://www.reddit.com/r/HingeStories/comments/1wergqz/how_soon_after_a_first_date_do_you_ask_for_a/,How soon after a first date do you ask for a second date?,"Had a first date with somebody. We had coffee and walked around for 2 hours. I walked her to her car at the end gave her a hug and told her to let me know if she wanted to meet up again. She said okay, but didn't seem super committed. The only other time I asked for a second date at the end of the first one, the girl was interested and outright said yes to text them. This time I got home a few hours later and asked for second date and waiting for a reply. How do you guys ask for a second date typically? How soon usually? Depends on the vibes of the person?",1,1789255343.0,HingeStories,6,1.0,False
1wergis,https://i.redd.it/36158rupa6ph1.jpeg,Is the Desert Festival the only time of year where you can have 4 active speed buffs?,"Coffee,  spicy eel, a dish with uncomfortable hot sauce from the chef, and a speed boost from >!the Statue of Blessings.!<",8,1789255327.0,StardewValley,2,1.0,False
1werfuw,https://i.redd.it/kptzoxxl96ph1.jpeg,The calm before the storm is sometimes the hardest part of the voyage.,,8,1789255276.0,sellaslifesciences,0,1.0,False
1werfu1,https://www.reddit.com/r/relationships/comments/1werfu1/is_it_romantic_or_platonic/,Is it romantic or platonic ?,"I’m 28 and he’s 26. We’ve met about 2 months ago through a mutual friend and there has always been some ambiguity about whether there’s something romantic between us.

He’s generally a very slow texter — often replying once a day, sometimes more slowly — but when we actually talk, things feel much more engaged. We had one phone call that went really well, he said we should do it again, and he’s made comments about wanting to see me again.

He’s going to come visit me for a long weekend. I offered for him to stay at my place. At one point I told him I couldn’t have him stay at mine, but I later changed my mind and offered because I realized I genuinely wanted to take a chance on this. He’s also suggested taking the time off work so we can spend the day together, and mentioned things like getting coffee, sitting on terraces, playing tennis and watching films.

There has been some flirting, but neither of us has explicitly said “I’m interested in you romantically.” I’m also very inexperienced when it comes to dating/physical intimacy, which he doesn’t know.

So: does this sound like a guy who is romantically interested and wants to see where things go, or could this realistically still be completely platonic? And what would you make of the fact that he’s much more engaged in person/on calls than over text?

TL;DR: I’m 28, he’s 26. We’ve known each other for a while and there’s been ongoing ambiguity about whether he’s interested romantically. He’s a very slow texter, but much more engaged on calls/in person. He’s now coming to visit for a long weekend, suggested taking time off to spend it together, and we’ve discussed coffee, drinks, tennis and films. I offered for him to stay at mine and he said he’d love to, but emphasized there was no pressure. There’s been some flirting, but neither of us has explicitly said we’re romantically interested. I’m also very inexperienced with dating/physical intimacy. Does this sound romantic or could it still realistically be platonic?",1,1789255274.0,relationships,2,1.0,False
1werejw,https://www.reddit.com/r/ruralR4R/comments/1werejw/43_m4f_oregon_outdoor_enthusiast_seeking/,43 [M4F] #Oregon - Outdoor enthusiast seeking BBW/Plus-Size Life Partner 💝🥰,"43M, white, 5'7"", 240 lbs living the rural life in beautiful, mountainous southern Oregon 🏞️ 🌲.  Seeking ""fun size"" BBW/chubby/plus-size princess 🫅 potentially willing to relocate to Oregon for IRL long term relationship or marriage in the next 3-6 months.  Someone that I can support, encourage, cherish, protect and provide a loving forever home 🏡.  SAHM preferred but not mandatory.

ME: Ambitious small business owner, Christian, passionate, falls in love easily and clingy. Hold a BS degree in physics and have completed about half of an MBA degree. Unable to relocate due to the nature of my business, but can travel to you to meet in person during early stages to explore the relationship potential.  Allergic to dogs and cats (sorry 😓), but most other pets are welcome.  Hobbies include outdoor adventures, camping, swimming, going for walks, travel, road trips, weekend scenic drives, boating, coffee dates, church activities, antiques, board/card games, puzzles, unique collections, trains, watching good movies, books, history, science and cuddling.  No kids, no pets.  I want a loving wife + kid(s).  Love languages are physical touch and quality time.

YOU: Must be willing to relocate to southern Oregon, 200 to 325 lbs (approx), ages 18 to 40, Christian or at least supportive of my Christian lifestyle, primary or secondary love language is physical touch, need to be cuddled frequently, enjoys or at least willing to try rural living (on the grid), loyal and devoted.  No dogs/cats or willing to make arrangements for them, as unfortunately I am unable to accommodate.  Wanting to live with your man in 3-6 months or less.  Must be a US resident, or a Canadian/Mexican/Latin American with a current, unexpired US visa or similar visitation rights.",1,1789255181.0,ruralR4R,0,1.0,False
1werej0,https://www.reddit.com/r/sillyconfession/comments/1werej0/i_have_a_tiny_crush_on_my_workmate_because_they/,I have a tiny crush on my workmate because they always say good morning to me,"there is one person at work who always says good morning like they are genuinely happy to see me, even when everyone else is still half asleep and trying to find coffee. it is not even a big thing. they just smile, ask how my morning is going, and somehow remember little things I mentioned before. now I catch myself fixing my hair a little more before work, which is embarrassing because I am acting like we are in a high school hallway.

nothing has happened, and I am not planning some dramatic confession. I just think it is funny that basic kindness has me acting completely different before 9 a.m

",7,1789255180.0,sillyconfession,1,1.0,False
1were7k,https://www.reddit.com/r/fragranceswap/comments/1were7k/wts_mfk_oud_pdm_mind_games_ysl_replica_more_bottle/,"[WTS] MFK Oud, PDM, Mind Games, YSL, Replica & More (Bottle)","📸 Photo's & Timestamp: [https://imgur.com/a/2yg67vJ](https://imgur.com/a/2yg67vJ)

Timestamp dated 09/12/2026. All fragrances are from my personal collection and are in my posession ofc.

**Prices include CONUS shipping. PayPal G&S only. ❗️**

**MFK Oud - 70ml**

Full presentation, tested only

**$210 shipped**

**〰️**

**Mind Games French Defense - 100ml**

Full presentation, tested only

**$215 shipped**

**〰️**

**Parfums de Marly Layton Exclusif - 125ml**

Full presentation, tested only

**$175 shipped**

**〰️**

**Jean Paul Gaultier Le Beau Narcisse - 120 ml**

Full presentation, tested only

**$85 shipped**

**〰️**

**Parfums de Marly Delina Exclusif - 75ml**

No box, tested only

**$160 shipped**

**〰️**

**Montale Oud Tobacco - 100ml**

Full presentation, tested only

**$75 shipped**

**〰️**

**Juliette Has a Gun Not a Perfume - 100ml**

No box, tested only

**$75 shipped**

**〰️**

**Maison Margiela Replica Coffee Break - 100ml**

Brand new, factory sealed

**$120 shipped**

**〰️**

**YSL MYSLF Eau de Parfum - 100ml**

Brand new, factory sealed

**$110 shipped**



**CONUS only. PayPal G&S only. Prices include shipping.**

Please comment on this post before PMing.

Additional photos available upon request. Please see the album for presentation and fill levels.

**YES they are 100% original and authentic.**

As always, message me if you have any questions, thanks so much guys!!",2,1789255153.0,fragranceswap,4,1.0,False
1werdv1,https://www.reddit.com/r/BoredInBangalore/comments/1werdv1/30m_btm_anyone_up_for_a_chill_coffee_this_sunday/,"30M, BTM - Anyone up for a chill coffee this Sunday ?","Hi all,

30M living in BTM Layout. Into football and trying different coffee places around Bangalore.

Just looking to meet new people and have a normal conversation over coffee, no expectations. If you're around BTM / Koramangala / JP Nagar and free for 30-40 mins on  Sunday , happy to meet at a public cafe.

Drop a comment or DM with your area and timing. I can share a public meeting spot.

Thanks!",1,1789255128.0,BoredInBangalore,0,1.0,False
1werdpa,https://www.reddit.com/r/dating_advice/comments/1werdpa/is_it_platonic_or_romantic/,Is it platonic or romantic ?,"I’m 28 and he’s 26. We’ve met about 2 months ago through a mutual friend and there has always been some ambiguity about whether there’s something romantic between us.

He’s generally a very slow texter — often replying once a day, sometimes more slowly — but when we actually talk, things feel much more engaged. We had one phone call that went really well, he said we should do it again, and he’s made comments about wanting to see me again.

He’s going to come visit me for a long weekend. I offered for him to stay at my place. At one point I told him I couldn’t have him stay at mine, but I later changed my mind and offered because I realized I genuinely wanted to take a chance on this. He’s also suggested taking the time off work so we can spend the day together, and mentioned things like getting coffee, sitting on terraces, playing tennis and watching films.

There has been some flirting, but neither of us has explicitly said “I’m interested in you romantically.” I’m also very inexperienced when it comes to dating/physical intimacy, which he doesn’t know.

So: does this sound like a guy who is romantically interested and wants to see where things go, or could this realistically still be completely platonic? And what would you make of the fact that he’s much more engaged in person/on calls than over text?",0,1789255117.0,dating_advice,2,0.5,False
1werd1f,https://www.reddit.com/r/LegalAdviceNZ/comments/1werd1f/help_please/,Help please,"I'm looking for some free solid advice on a situation. It might mean that I have to move but so be it.

So here's the background, I currently live with my brother, he is seperated from his ex that he shares custody of his two sons with. With the cost of living here in NZ it makes sense financially for us to share a home and the costs. 

I've had a somewhat strained relationship with my teenage daughter over the years, it came to the point where I kicked her out last Christmas because she kept assaulting me and I didn't want my own son who's only 4 or my nephew's to see that growing up. She's currently living with her aunt and is doing well and we've been working on our relationship. My daughter doesn't want to come home to live with me again, but she wants to be able to come visit and have coffee sometime. 

My brother has informed me that his ex has stipulated that if my daughter comes home he will not be allowed to have his sons, and she put it through during their mediation conversations where they were deciding the shared custody. She has never met my daughter. She used the fact that I had called cyfs for help with her previously as a way to threaten my brother with no access to his sons. 

I didn't know she had formalised it, I thought she was just using it as a threat. I feel horrible because at the end of the day she is still my daughter, I love her just not her behaviour. I told my brother that I'll have to move out, because I don't think it's fair I have to give up my kids for him and her. I pay the majority of the bills because neither he or his ex work so I'm always making up the difference. However I can't easily find somewhere that's affordable a because hello cost of living crisis. I just want to curl up and cry right now, but I thought I'd ask the lawyers on Reddit who know more about family law, What else apart from moving out can I do?",4,1789255067.0,LegalAdviceNZ,3,1.0,False
1werclf,https://www.reddit.com/r/relationship_advice/comments/1werclf/how_do_i_m19_move_on_but_stay_open_minded_when_it/,How do I (M19) move on but stay open minded when it comes to her (F19) ?,"The title is wordy. I get it- ill explain. Just got out of a relationship with my(19m) girlfriend (19f) of two and a half years. Not our first breakup- second. It was a mutual ending with somber affection and words of affirmation that things are going to be okay. Enjoy each others company while we still can sort of thing. and then it was done. It was not my decision, but I am making peace with the weight of it all. Long story short, she has grown out of me and this relationship no longer allows her to be happy or healthy. My question is how does one exactly move on but not be closed minded about the possibility of reconnection. I'll explain why I even consider that below.

Our relationship was beautiful. For awhile we didn't have any major issues. Just growing pains one gets from dating as you get more comfortable w/each other. We did long distance through senior year of high school. I was always really proud of her and how far we had come and how strong we were despite the distance. We were really romantic in every way. cooking, letters, notes, drives, pictures, painting, all the things one could want. Long distance ended once we were reunited in college.

Our relationship took a turn when I began struggling mentally first year. I won't get into too much detail but I became hyper critical of myself and really lost a lot of confidence. It prevented a lot of emotional and physical intimacy, and we both could feel the weight it was putting on our relationship. It got bad. Lots of pointless and icky arguing for no reason, just really out of character for both of us. But I could not help myself and in turn could not help her. After a brief distance from winter break and when we returned back to campus from our respected home towns, she broke up with me. It at the time felt out of nowhere. We got back together, she believed ending things was an emotionally charged/rushed decision with a lack of communication on her behalf and I agreed to reunite only with the condition of intentionally seeking professional help instead of hoping my issues would resolve themselves with time (i had been doing that before).

During this time I did a lot of personal and introspective thinking about myself, the feelings associated with losing her, and how I want to change. She could not say the same thing. We both have acknowledged that mainly I was the one who did the processing, and maybe the second honeymoon we had after reuniting and the feeling of joy of being able to express ourselves in the relationship again potentially cushioned the hurt she had been experiencing prior, preventing her from processing said emotions. Things were looking up before leaving to go to our home towns for the summer.

Then she grew distant, short, and irritated by me. The same pattern I recognized during our first semester when we had our really rough patch. During the summer, she could not explain why she had these feelings which too prevented any form of emotional or physical intimacy during our occasional visits. Things were left uncertain going into our now second year of college. That is when she expressed considering what breaking up would look like. Two weeks later and after time had been left for thinking, we are broken up.

So I ask how do you keep an open mind but also move on. I do not want false hope, but I also don't want to be hopeless. I even consider the idea of reuniting simply because of what we discussed. I am at peace and have closure with most of things spoken in our final goodbye. Except that I am not sure why she has grown out of me and this relationship. I strongly believe it is because of the pain she has experienced, and not processing or identifying those feelings. She is a naturally avoidant person at heart- but she has refuted this idea, why that is I am not sure.

We will meet again- as friends- for coffee and to see how each of us are doing around November. We both said we do not want to lose each other- we want a relationship and that has to be ex-partner-friends now. She told me to not put my life on pause and I said the same but we both communicated not wanting to see anyone anytime soon. I know that is pretty standard. It is just weird. In my mind nothing is ever certain. I have met people who are in a beautiful even married relationship and have had bad breakups like these- not like those one or two week long breaks. She kept emphasizing and told me to remember everything she said- that she will care about me always, and that she wants me to still be in her life. Maybe its my heart fooling me, but I was sensing something from her, the way she said these things made me pick up on something. Knowing her for two and a half years I feel qualified to say I can tell when there is something more on her mind or that has a deeper meaning. I felt that the first breakup, my hunch it was not gong to be permanent proved itself. But I don't know. I wont hurt her again and I do not want to become obsessive or remain hurt myself. I have found my place, I will remain an open door, an invitation to try again so long as it **is** healthy. But how long to keep that door open I do not know. What I do know is that now we cannot coexists in each others lives, but who is to say down the road something is different. Maybe she finds the reason, to grow out of a relationship does not just happen. The history, the feelings, and just her is something I do not and will not erase. I just do not know how to process this.

Sorry for the rant, this is a good release for me. Any question or advice is welcome and wanted. could use the insight. thanks",0,1789255033.0,relationship_advice,2,0.25,False
1werceb,https://www.reddit.com/r/Needafriend/comments/1werceb/37m_looking_to_make_a_new_friend/,37M Looking to make a new friend,"Hi, I’m a semi-functioning adult trying to make friends outside of work — please clap.

I’m a mechanic who works overnights, so my sleep schedule is mostly vibes and poor decisions. I run on coffee, ibuprofen, anxiety, and ambition.

My life is also run by two young kids and two extremely high-energy dogs (Australian Shepherd mix + Husky mix) named after Star Wars characters. Chaos is constant, snacks are currency.

I miss hiking and still get outside when life cooperates. I cook a lot and experiment with recipes. Baking and I are not on speaking terms—it requires precision I refuse to provide.

I’m a horror fan and a certified nerd with comics, Marvel/Star Wars collectibles, and a rotating “nerd shelf” that exists purely for joy. I also have tattoos that are purely vibes and am always planning the next one.

My comfort show is The Office, my music is early-2000s punk/rock/screamo, and my brain runs on whatever song is currently stuck on repeat.

Looking for good conversation, nerdy interests, sarcasm, and maybe hikes or food experiments. If you want a friend with chaotic playlists, questionable tattoo ideas, and unsolicited dog photos",0,1789255019.0,Needafriend,1,0.5,False
1werc59,https://www.reddit.com/r/MakeNewFriendsHere/comments/1werc59/37m_looking_to_make_a_new_friend/,37M Looking to make a new friend,"Hi, I’m a semi-functioning adult trying to make friends outside of work — please clap.

I’m a mechanic who works overnights, so my sleep schedule is mostly vibes and poor decisions. I run on coffee, ibuprofen, anxiety, and ambition.

My life is also run by two young kids and two extremely high-energy dogs (Australian Shepherd mix + Husky mix) named after Star Wars characters. Chaos is constant, snacks are currency.

I miss hiking and still get outside when life cooperates. I cook a lot and experiment with recipes. Baking and I are not on speaking terms—it requires precision I refuse to provide.

I’m a horror fan and a certified nerd with comics, Marvel/Star Wars collectibles, and a rotating “nerd shelf” that exists purely for joy. I also have tattoos that are purely vibes and am always planning the next one.

My comfort show is The Office, my music is early-2000s punk/rock/screamo, and my brain runs on whatever song is currently stuck on repeat.

Looking for good conversation, nerdy interests, sarcasm, and maybe hikes or food experiments. If you want a friend with chaotic playlists, questionable tattoo ideas, and unsolicited dog photos",0,1789255002.0,MakeNewFriendsHere,1,0.5,False
1werbw4,https://www.reddit.com/r/chat/comments/1werbw4/37m_looking_to_make_a_new_friend/,37M Looking to make a new friend,"Hi, I’m a semi-functioning adult trying to make friends outside of work — please clap.

I’m a mechanic who works overnights, so my sleep schedule is mostly vibes and poor decisions. I run on coffee, ibuprofen, anxiety, and ambition.

My life is also run by two young kids and two extremely high-energy dogs (Australian Shepherd mix + Husky mix) named after Star Wars characters. Chaos is constant, snacks are currency.

I miss hiking and still get outside when life cooperates. I cook a lot and experiment with recipes. Baking and I are not on speaking terms—it requires precision I refuse to provide.

I’m a horror fan and a certified nerd with comics, Marvel/Star Wars collectibles, and a rotating “nerd shelf” that exists purely for joy. I also have tattoos that are purely vibes and am always planning the next one.

My comfort show is The Office, my music is early-2000s punk/rock/screamo, and my brain runs on whatever song is currently stuck on repeat.

Looking for good conversation, nerdy interests, sarcasm, and maybe hikes or food experiments. If you want a friend with chaotic playlists, questionable tattoo ideas, and unsolicited dog photos",1,1789254982.0,chat,0,1.0,False
1werbmk,https://www.reddit.com/r/MakeFriendsOver30/comments/1werbmk/37m_looking_to_make_a_new_friend/,37M Looking to make a new friend,"Hi, I’m a semi-functioning adult trying to make friends outside of work — please clap.

I’m a mechanic who works overnights, so my sleep schedule is mostly vibes and poor decisions. I run on coffee, ibuprofen, anxiety, and ambition.

My life is also run by two young kids and two extremely high-energy dogs (Australian Shepherd mix + Husky mix) named after Star Wars characters. Chaos is constant, snacks are currency.

I miss hiking and still get outside when life cooperates. I cook a lot and experiment with recipes. Baking and I are not on speaking terms—it requires precision I refuse to provide.

I’m a horror fan and a certified nerd with comics, Marvel/Star Wars collectibles, and a rotating “nerd shelf” that exists purely for joy. I also have tattoos that are purely vibes and am always planning the next one.

My comfort show is The Office, my music is early-2000s punk/rock/screamo, and my brain runs on whatever song is currently stuck on repeat.

Looking for good conversation, nerdy interests, sarcasm, and maybe hikes or food experiments. If you want a friend with chaotic playlists, questionable tattoo ideas, and unsolicited dog photos",2,1789254964.0,MakeFriendsOver30,3,1.0,False
1weraw1,https://www.reddit.com/r/sandiego/comments/1weraw1/the_rock_church_event/,The Rock Church Event,"PSA that The Rock Church is having a mega event in Liberty Station all day today until 10 pm. 

They are blatantly parking in the parking spots reserved for Trader Joe’s and are standing in event shirts with matching signs outside TJ’s and Bird Rock Coffee Roasters stopping passersby to try to preach… directly in front of the signs that say “no solicitation”.   
The TJs employees are vocally frustrated and fed up with it all. 

I wish Liberty Station would better enforce standards when stuff like this happens. 

PSA to save your trip to TJs for another day. ",69,1789254911.0,sandiego,19,0.88,False
1wera9n,https://www.reddit.com/r/bijnor/comments/1wera9n/are_there_absolutely_no_teens_or_tweens_somewhere/,"Are there absolutely no teens or tweens somewhere around, I want a sneaking out buddy so bad. AND A drawing class/coaching. Anything wud be fine as long as I get to find like minded people, WAIT IS ANYONE INTO DESIGN and all that??"," My gap year is driving me crazy. I have absolutely no friends to hangout with and there's this St Mary's Building near my place and i just want to hangout THATS ALL. Like atp I might just try to act chill and go to amaltas or chat and chaska for a coffee but people wud freaking stare, and I know it shows😭. And if i hangout with a guy friend my parents straight up judge me like DIDJWIEOFBSKW where do I find a nice and fun girlie pop jisko live sketch karna hai",1,1789254863.0,bijnor,0,0.99,False
1wer9tr,https://www.reddit.com/gallery/1wer9tr,Yoseka x Traveler’s Pop Up,This was a fun experience. I picked brown to go into a brown cover whenever I decide to get one. I think this will be for spreads after I use my other up. ,5,1789254829.0,Travelersnotebooks,1,1.0,False
1wer9k5,https://www.reddit.com/r/Breakupadvice/comments/1wer9k5/how_to_move_on_but_stay_open_minded/,How to move on but stay open minded,"The title is wordy. I get it- ill explain. Just got out of a relationship with my(19m) girlfriend (19f) of two and a half years. Not our first breakup- second. It was a mutual ending with somber affection and words of affirmation that things are going to be okay. Enjoy each others company while we still can sort of thing. and then it was done. It was not my decision, but I am making peace with the weight of it all. Long story short, she has grown out of me and this relationship no longer allows her to be happy or healthy. My question is how does one exactly move on but not be closed minded about the possibility of reconnection. I'll explain why I even consider that below.

Our relationship was beautiful. For awhile we didn't have any major issues. Just growing pains one gets from dating as you get more comfortable w/each other. We did long distance through senior year of high school. I was always really proud of her and how far we had come and how strong we were despite the distance. We were really romantic in every way. cooking, letters, notes, drives, pictures, painting, all the things one could want. Long distance ended once we were reunited in college.

Our relationship took a turn when I began struggling mentally first year. I won't get into too much detail but I became hyper critical of myself and really lost a lot of confidence. It prevented a lot of emotional and physical intimacy, and we both could feel the weight it was putting on our relationship. It got bad. Lots of pointless and icky arguing for no reason, just really out of character for both of us. But I could not help myself and in turn could not help her. After a brief distance from winter break and when we returned back to campus from our respected home towns, she broke up with me. It at the time felt out of nowhere. We got back together, she believed ending things was an emotionally charged/rushed decision with a lack of communication on her behalf and I agreed to reunite only with the condition of intentionally seeking professional help instead of hoping my issues would resolve themselves with time (i had been doing that before).

During this time I did a lot of personal and introspective thinking about myself, the feelings associated with losing her, and how I want to change. She could not say the same thing. We both have acknowledged that mainly I was the one who did the processing, and maybe the second honeymoon we had after reuniting and the feeling of joy of being able to express ourselves in the relationship again potentially cushioned the hurt she had been experiencing prior, preventing her from processing said emotions. Things were looking up before leaving to go to our home towns for the summer.

Then she grew distant, short, and irritated by me. The same pattern I recognized during our first semester when we had our really rough patch. During the summer, she could not explain why she had these feelings which too prevented any form of emotional or physical intimacy during our occasional visits. Things were left uncertain going into our now second year of college. That is when she expressed considering what breaking up would look like. Two weeks later and after time had been left for thinking, we are broken up.

So I ask how do you keep an open mind but also move on. I do not want false hope, but I also don't want to be hopeless. I even consider the idea of reuniting simply because of what we discussed. I am at peace and have closure with most of things spoken in our final goodbye. Except that I am not sure why she has grown out of me and this relationship. I strongly believe it is because of the pain she has experienced, and not processing or identifying those feelings. She is a naturally avoidant person at heart- but she has refuted this idea, why that is I am not sure.

We will meet again- as friends- for coffee and to see how each of us are doing around November. We both said we do not want to lose each other- we want a relationship and that has to be ex-partner-friends now. She told me to not put my life on pause and I said the same but we both communicated not wanting to see anyone anytime soon. I know that is pretty standard. It is just weird. In my mind nothing is ever certain. I have met people who are in a beautiful even married relationship and have had bad breakups like these- not like those one or two week long breaks. She kept emphasizing and told me to remember everything she said- that she will care about me always, and that she wants me to still be in her life. Maybe its my heart fooling me, but I was sensing something from her, the way she said these things made me pick up on something. Knowing her for two and a half years I feel qualified to say I can tell when there is something more on her mind or that has a deeper meaning. I felt that the first breakup, my hunch it was not gong to be permanent proved itself. But I don't know. I wont hurt her again and I do not want to become obsessive or remain hurt myself. I have found my place, I will remain an open door, an invitation to try again so long as it **is** healthy. But how long to keep that door open I do not know. What I do know is that now we cannot coexists in each others lives, but who is to say down the road something is different. Maybe she finds the reason, to grow out of a relationship does not just happen. The history, the feelings, and just her is something I do not and will not erase. I just do not know how to process this.

Sorry for the rant, this is a good release for me. Any question or advice is welcome and wanted. could use the insight. thanks",1,1789254811.0,Breakupadvice,1,1.0,False
1wer9at,https://www.reddit.com/r/Columbus/comments/1wer9at/dont_sleep_on_the_macedonian_festival/,Don’t sleep on the Macedonian festival,"The stuffed peppers, cabbage rolls, sausages, coffee, and crepes will transport you to another world. Affordable ($5-8 for main items), no entry fee, drinks available, and a gorgeous hand painted sanctuary to take in. They’re open till 12am tonight and 12pm-6pm tomorrow. East side. Have fun, looks like the dance floor gets hopping as the night goes on ",15,1789254792.0,Columbus,4,0.94,False
1wer95d,https://www.reddit.com/r/springboks/comments/1wer95d/lekker_slaap_maatjies/,Lekker slaap maatjies,"I am very excited to wake up tomorrow, make a cup of coffee, and catch up on all the hot takes on the AB sub tomorrow. 

Great series, and thank you to the AB. Such a good team. ",13,1789254782.0,springboks,1,1.0,False
1wer8wz,https://i.redd.it/w47ysyi196ph1.jpeg,"Bros? 42, Bay Area, CA","Howdy fellas. I’m a dad of two, living in the east bay, looking for bros to hang with as I navigate divorced life.

Some hobbies/interests include dad life, Fortnite (zero build only 🫠), working out, coffee, beer, and food. Ideally looking for local buds to hang with, but a pen pal isn’t out of the question.",1,1789254764.0,NextBestBro,0,1.0,False
1wer859,https://www.reddit.com/r/Anxiety/comments/1wer859/random_anxiety_attacks_throughout_my_day/,random anxiety attacks throughout my day,"it’s been an issue in the past but has gotten better, but as of recent (primarily yesterday and today), i have been randomly experiencing terrible anxiety. not about anything specific, just genuine fear and unease and a lot of worrying. i have been experiencing a lot of derealization the last two days. it’s honestly done me some good to isolate myself/narrow it down to being with just one person (my partner). it helps me calm down. i work in a very fast-paced drive through only coffee shop and today i had several small anxiety attacks while at work and felt incredibly disconnected from my surroundings. now sitting here at home, i have been on and off having these waves of anxiety course through me despite not actively thinking about it. i have to work long shifts the next two days and cannot afford to panic like this. the typical “soothing techniques” don’t really work on me. what am i supposed to do?",1,1789254705.0,Anxiety,0,1.0,False
1wer7qf,https://www.reddit.com/gallery/1wer7qf,Need some help identifying these wheels,"Greetings everyone. 

I am now the proud owner of a 2017 mkz 3.0t AWD. I believe mine came with the luxury, tech, and drivers package. 

I'm wondering if anyone knows if my wheels are OEM with drivers package? I've gotten different online results so I thought I'd try here too. 

I love this car. ",6,1789254673.0,lincolnmotorco,1,1.0,False
1wer7oz,https://www.reddit.com/gallery/1wer7oz,Hey does anyone know the story behind this Starbucks “Coffee Unplugged” promotion?,I recently scored this T-shirt just wondering if anyone knows the story behind the 90’s style “Coffee Unplugged” logo on the back. Thanks!,3,1789254670.0,starbucks,2,1.0,False
1wer7n6,https://v.redd.it/xb3xa5wq86ph1,Chevy S10 w/Air Suspension Kit!,Anyone F with trucks? :D Saw this at the weekly South OC Cars & Coffee car show at the San Clemente outlets! ,1,1789254667.0,SoCalCarGeeks,0,1.0,False
1wer7mc,https://www.reddit.com/r/cachimbobrasil/comments/1wer7mc/tabaco_doctor_pipe/,Tabaco Doctor Pipe,"Vi o post do outro confrade sobre o tacabo Dora - que eu não conhecia - e encontrei esses Doctor Pipe no site da [Bazzanelli](https://www.bazzanelli.com/misturas-para-cachimbo)

Podem me dizer mais sobre esses tabacos? Eu gosto muito de tabaco porra, com Latakia, Perique.. me chamaram bastante a atenção, mas queria saber um pouco mais antes de comprar.

Obrigado

https://preview.redd.it/fwsvxiv886ph1.png?width=4024&format=png&auto=webp&s=53964b0dfddcac280ac974a53e7d20d46fb0006d

",1,1789254664.0,cachimbobrasil,0,1.0,False
1wer7ha,https://i.redd.it/tlzghmxp86ph1.jpeg,Morning coffee interrupted for cuddles,,74,1789254655.0,corgi,5,1.0,False
1wer7al,https://www.reddit.com/r/grandrapids/comments/1wer7al/breakfast_spots_with_best_coffee/,Breakfast spots with best coffee,I’m looking for everyone’s favorite diner coffee preferably served with real half and half or cream! ☕️🤍,2,1789254642.0,grandrapids,10,1.0,False
1wer6pc,https://www.reddit.com/r/SkirkMains/comments/1wer6pc/team_dps_question/,Team DPS Question,wld Skirk Coffee Vod Mona be the same as Skirk Coffee Furina Mona in dps?,1,1789254598.0,SkirkMains,3,1.0,False
1wer5dw,https://i.redd.it/vtrd4ns886ph1.jpeg,Uncles new machine,This is oddly frustrating so I just wanted to share it. I’ve never been really a coffee snob (I think idk 😭) so when my rich uncle got an espresso machine I checked it out. Image doesn’t show it but in the grinder has instant coffee and the wrong portafilter basket. I tried to tell them you need whole beans. Their response i think is ragebait but it went something along the lines of “why not just skip the grinding step and get the instant stuff”? They then told me to make a latte of which they later said it tasted bad. I don’t know sorry for the rant.,15,1789254496.0,espresso,4,0.94,False
1wer506,https://i.redd.it/9ponnbt586ph1.jpeg,Thoughts on my barbershop minis haul,"All are worth considering and I’ll be keeping and wearing all of them. I believe they are vintage except the Azzaro, which I got for a good price. 

My two cents  
**Azzaro Pour Homme** is my (maybe your) grandfather’s barbershop scent, the equivalent of strong black coffee. 

**Aramis Tuscany Per Uomo** is my father’s barbershop. Using the coffee analogy, now folks are trying out the local pre-Starbucks era coffee place, or the powdered coffee drinks.

**Dior Eau Sauvage** is a great fragrance (not just a barbershop scent) with short-lived performance. I like the bright citrus note in the opening and the dry down, although it fades fast, becomes a beautiful skin scent.

**Pierre Cardin Pour Monsieur** (get vintage for cheap. Don’t get the Five Stars version at discount stores) is dated but still holds up mainly due to having an uncompromising masculine scent profile. And the bottle is very cool.

**Caron 3e Homme** is wearable, but my least favorite. The drydown, for example, was the least inspired out of all of them.

As reference, my favorite barbershop aromatic fougere fragrance continues to be **Tom Ford Beau De Jour**. Love that stuff and performance lasts the entire work day.",7,1789254469.0,GentlemanFragrance,3,1.0,False
1wer4vy,https://www.reddit.com/r/LesbianActually/comments/1wer4vy/update_on_my_questioning_post/,Update on my questioning post,"So this morning I was asking whether the person I was talking to was showing interest or any signs of interest 

Well, she just joked about visiting me and bringing coffee (I am horrible in the morning without coffee). And she is really sweet in general, and actually had a tournament today but still texted me 

Perhaps the lesbian gods were worried, that I wouldn't notice any signs at all 😂",2,1789254461.0,LesbianActually,0,1.0,False
1wer3jj,https://www.reddit.com/gallery/1wer3jj,Beginner coffee table (obviously) - HELP!,"Hi! I’m a beginner DIYer and wanted to make a table inspired by the first pic. I know now that I did not select the correct tiles or correctly mimic the distance between tiles as seen in the image. However, the second and third pic is what I have now. Is there anything I can do to elevate this to make it look slightly less ✨homemade✨? I scrubbed all grout off the terracota edges using grout haze remover. However it still looks messy because where the tile changes planes there’s a gap that exposes the adhesive underneath. I thought about caulking that edge but I’m worried covering the terracota edge will take away any charm it may have lol. 

Also I bought these legs for it but I prefer the way it looks low to the ground. However, it can’t rest on the floor because the bottom edges of the tile are vulnerable and may pop off. Any suggestions for a low base that works well with tile? 

It took me a long time to build this so now my partner insists we must keep it for at least 15 years. 😂 I’d really love to rescue this project if possible. I had fun making it and learned a lot but I’m not excited about the final look. ",2,1789254360.0,Tile,9,0.75,False
1wer3h7,https://i.redd.it/duc6id9o76ph1.jpeg,"🍕 DEAL ALERT — Save 31% on STARBUCKS Discovery Variety Pack by Nespresso, All Roast Types Coffee Capsules 10 x 10 (100 Capsules) - Amazon Exclusive!","💰 Was: £40.44 | Now: £27.99

💸 You save: £12.45 (31% off)

STARBUCKS Discovery Variety Pack by NESPRESSO, 100 capsules · A variety of best-sellers, featuring different roast profiles · Premium quality 100% Arabica coffee, Blonde, Medium and Dark Roasts · Compatible with your …

👉 See the full deal: [https://www.gift-huddle.com/deals/d3e0ad15-d9cf-4d1f-ac37-c2f71cf37748?utm\_source=facebook&utm\_medium=social&utm\_campaign=deal\_post](https://www.gift-huddle.com/deals/d3e0ad15-d9cf-4d1f-ac37-c2f71cf37748?utm_source=facebook&utm_medium=social&utm_campaign=deal_post)

\#GiftHuddle #STARBUCKS #FoodDeals #deals #giftideas #ukdeals",1,1789254355.0,GiftHuddle,0,1.0,False
1wer37c,https://www.reddit.com/r/JapanTravelTips/comments/1wer37c/free_camper_camping_items_naritatokyo_area/,Free camper & camping items – Narita/Tokyo area – September 23,"Hi everyone,  
We are a family travelling around Japan by campervan for six weeks. We will be returning our camper near Narita on **September 23**, and we have bought quite a few things during our trip that we cannot take home with us.  
Rather than throwing everything away, we would love to give it to someone who can use it. **Everything is free.**  
We have:  
3 thin mattresses, approx. **7 cm thick, 120 × 200 cm**, including mattress toppers  
Bedding  
Outdoor lights  
Barbecue  
4 plates + cutlery, glasses and bowls/containers  
Drying rack  
Coffee maker  
Cooking pot  
Frying pan  
3 large IKEA plastic storage boxes  
Everything has only been used during our trip.  
Ideally, someone could **pick everything up on September 23 in the Narita/Tokyo area**. We would prefer to give it all to one person if possible.  
If you are interested, please send me a message!",5,1789254336.0,JapanTravelTips,0,1.0,False
1wer2hi,https://i.redd.it/m13vu8vj76ph1.jpeg,"🍕 DEAL ALERT — Save 15% on Grano Milano Decaf French Roast Coffee Beans 1kg, Extra Strong Dark Roast!","💰 Was: £19.99 | Now: £16.99

💸 You save: £3.00 (15% off)

INTENSE DECAF FRENCH ROAST. A premium, Italian-roasted decaffeinated blend designed for maximum flavor and body. Expertly crafted for coffee lovers who demand a rich, commanding espresso without the caffeine. · INTENS…

⏰ Expires 15 September — don't miss it!

👉 See the full deal: [https://www.gift-huddle.com/deals/f66323c4-c3d5-4c43-a08f-74e0ed28736e?utm\_source=facebook&utm\_medium=social&utm\_campaign=deal\_post](https://www.gift-huddle.com/deals/f66323c4-c3d5-4c43-a08f-74e0ed28736e?utm_source=facebook&utm_medium=social&utm_campaign=deal_post)

\#GiftHuddle #GranoMilano #Grano #FoodDeals #deals #giftideas #ukdeals",1,1789254280.0,GiftHuddle,0,1.0,False
1wer1te,https://i.redd.it/d6x2ubeg76ph1.jpeg,statistics be like:,"so I’m laid-back sitting on the couch sipping on my scotch rocks and the glass slips out of my hand onto the carpet. It’s like five or six cubes were near where the glass landed.  Three or four of them were a few inches away.  Then I spied one I don’t know 18 inches away under the coffee table just hanging out there, an outlier.",1,1789254229.0,mildyinteresting,2,1.0,False
1weqzin,https://www.reddit.com/r/ForeverAloneDating/comments/1weqzin/43_m4f_oregon_seeking_my_bbwchubbyplussize/,43 [M4F] #Oregon - Seeking My BBW/Chubby/Plus-size Forever Person 💝🥰,"43M, white, 5'7"", 240 lbs living the rural life in beautiful, mountainous southern Oregon 🏞️ 🌲.  Seeking ""fun size"" BBW/chubby/plus-size princess 🫅 potentially willing to relocate (at my expense) to Oregon for IRL long term relationship in the next 3-6 months.  Someone that I can support, encourage, cherish, protect and provide a loving forever home 🏡.  SAHM preferred but not mandatory.

ME: Ambitious small business owner, Christian, passionate, falls in love easily and clingy. Hold a BS degree in physics and have completed about half of an MBA degree. Unable to relocate due to the nature of my business, but can travel to you to meet in person during early stages to explore the relationship potential.  Allergic to dogs and cats (sorry 😓), but most other pets are welcome.  Hobbies include outdoor adventures, camping, swimming, going for walks, travel, road trips, weekend scenic drives, boating, coffee dates, church activities, antiques, board/card games, puzzles, unique collections, trains, watching good movies, books, history, science and cuddling.  No kids, no pets.  Love languages are physical touch and quality time.

YOU: Must be willing to relocate to southern Oregon, 200 to 325 lbs (approx), ages 18 to 40, Christian or at least supportive of my Christian lifestyle, primary or secondary love language is physical touch, need to be cuddled frequently, enjoys or at least willing to try rural living (on the grid), loyal and devoted.  No dogs/cats or willing to make arrangements for them, as unfortunately I am unable to accommodate.  Wanting to live with your man in 3-6 months or less.  Must be a US resident, or a Canadian/Mexican/Latin American with a current, unexpired US visa or similar visitation rights.",0,1789254064.0,ForeverAloneDating,1,0.5,False
1weqzeb,https://www.reddit.com/r/BoredInBangalore/comments/1weqzeb/21m_2f_bangalore_anyone_up_for_a_spontaneous/,21M 2F Bangalore Anyone up for a spontaneous evening? 🌃,"Hey! Looking for someone around my age to hang out with tonight. Nothing too planned — could be coffee, dinner, a movie, a walk around a nice area, or just exploring Bangalore and having some good conversations.

I’m easygoing and open to deciding the plan together. No pressure or expectations, just looking to meet someone new and have a fun evening.

I’m okay with anywhere in Bangalore, so location is flexible.

If interested, DM me with your age, area, and what you’d be up for tonight. 🙂",1,1789254056.0,BoredInBangalore,1,1.0,False
1weqzdq,https://i.redd.it/g5xgtdyw66ph1.jpeg,Living at home sucks,"Coffee and a chicken wrap from 6 months ago. 

My boyfriend and I still live at home at 24. While there's a lot of perks (I mean, shits expensive) our sex life is practically nonexistent.

In the beginning it was so exciting to have sneaky sex, but now that it's been 2 years it's just... annoying. We have sex about once a month now because of it. And Airbnbs' are expensive as fuck. 

On the bright side, he told me tonight that he loves me enough to wait for as long as it takes, but man...I wish we didn't have to wait. ",11,1789254055.0,GirlDinnerDiaries,5,1.0,False
1weqyy6,https://www.reddit.com/r/Market76/comments/1weqyy6/h_520_coffee_w_leaders/,H: 520 Coffee W: Leaders,13 Leaders for all OBO,1,1789254027.0,Market76,1,1.0,False
1weqyrt,https://i.redd.it/2liytt1t66ph1.jpeg,Matilda's All-Day café,Quick coffee in this neat little café,10,1789254014.0,urbansketchers,1,1.0,False
1weqyo1,https://www.reddit.com/r/BrevilleCoffee/comments/1weqyo1/cant_grind_finer_barista_pro/,Can't grind finer? (barista pro),"I've recently been trying to dial in our Barista Pro but I can't seem to get the grind fine enough.

I'm dosing 18g of coffee and at grind setting 18 I'm getting around 45g of espresso in about 25 seconds total including the 8–9 seconds of pre infusion.

If I go one step finer to grind setting 19, the shot basically stops flowing.

What am I missing here? Is there something else I should be adjusting? ",1,1789254008.0,BrevilleCoffee,1,1.0,False
1weqyi0,https://www.reddit.com/r/u_WesternSchool5110/comments/1weqyi0/21m2f_bangalore_anyone_up_for_a_spontaneous/,21M2F Bangalore Anyone up for a spontaneous evening? 🌃,"Hey! Looking for someone around my age to hang out with tonight. Nothing too planned — could be coffee, dinner, a movie, a walk around a nice area, or just exploring Bangalore and having some good conversations.

I’m easygoing and open to deciding the plan together. No pressure or expectations, just looking to meet someone new and have a fun evening.

I’m okay with anywhere in Bangalore, so location is flexible.

If interested, DM me with your age, area, and what you’d be up for tonight. 🙂",1,1789253997.0,u_WesternSchool5110,0,1.0,False
1weqyer,https://www.reddit.com/r/u_Croisannie/comments/1weqyer/free_camper_camping_items_naritatokyo_area/,Free camper & camping items – Narita/Tokyo area – September 23,"Hi everyone,  
We are a family travelling around Japan by campervan for six weeks. We will be returning our camper near Narita on **September 23**, and we have bought quite a few things during our trip that we cannot take home with us.  
Rather than throwing everything away, we would love to give it to someone who can use it. **Everything is free.**  
We have:  
3 thin mattresses, approx. **7 cm thick, 120 × 200 cm**, including mattress toppers  
Bedding  
Outdoor lights  
Barbecue  
4 plates + cutlery, glasses and bowls/containers  
Drying rack  
Coffee maker  
Cooking pot  
Frying pan  
3 large IKEA plastic storage boxes  
Everything has only been used during our trip.  
Ideally, someone could **pick everything up on September 23 in the Narita/Tokyo area**. We would prefer to give it all to one person if possible.  
If you are interested, please send me a message!",1,1789253990.0,u_Croisannie,0,1.0,False
1weqyep,https://v.redd.it/f4tkmc9j66ph1,Lease takeover ASAP- Private Bed and Bath in 2b2b Base Rent 1400,"I’m looking for someone to take over my portion of a 2 bed/2 bath apartment at **300 Mass Court in Mt. Vernon Triangle**. The room is available mid-September, with some flexibility for an October/November move-in.



Rent is **$1,400/month + utilities**. Based on my recent payments, the average monthly total is approximately **$1,658**, including building utilities, gas, water, and your 50/50 share of Pepco. Actual costs vary month to month.



You’ll have a private bedroom, **private bathroom right next to the room**, walk-in closet, and in-unit washer/dryer. The room is tucked away in its own corner of the apartment, separate from the main living area.



There are two cats in the apartment, but they spend most of their time in the living area and their owner’s room. You’d be living with a friendly female roommate in her late 20s who works from home.



The building has a 24/7 concierge, package management through the front office, Amazon lockers, and a parking deck. It’s a great location with lots of bars, restaurants, and coffee shops within walking distance. I’ve always felt safe walking around the neighborhood at night.



**Location:** Mass Court, Mt. Vernon Triangle

* 10-minute walk to Gallery Place and Judiciary Square Metro.
* 15-minute walk to Union Station.
* Near NoMa, Chinatown, and Georgetown campus.
* Close to tons of restaurants, bars, and shops.

The lease transfer is handled directly through the leasing office. There is a **$50 application fee** paid to the leasing office.

I’m looking for someone who can take over ASAP, but I have some flexibility on timing for the right person.



If you’re interested or think you’d be a good fit, message me and I can share more details, share pictures and videos Happy to answer questions and coordinate a tour. ",1,1789253990.0,DCforRent,1,1.0,False
1weqxtl,https://i.redd.it/gmmenqvl66ph1.jpeg,I quit today,"I did it properly and submitted my two weeks and today was my last day- just in case I do need a safety net to fall back on. I did honestly really love my crew, but this company has really burnt me out. I’m starting at a local bar instead. I’d rather deal with drunk people over alcohol (because ik why they’re acting like that) than sober people losing their fucking minds over coffee.   
4 years, 2 year SSV. 3 CEOS later.   
368 OUT ",19,1789253945.0,starbucksbaristas,1,1.0,False
1weqxhe,https://i.redd.it/x7348hn966ph1.png,Morning Coffee,"She wanted to know why the adults drank coffee in the morning.

Art by u/joltonsirknight

Property of [Umbreon Academy](http://discord.gg/umbreon)",40,1789253919.0,Eevee,1,0.99,False
1weqx5v,https://www.reddit.com/r/BangaloreDate/comments/1weqx5v/21m2f_bangalore_anyone_up_for_a_spontaneous/,21M2F Bangalore Anyone up for a spontaneous evening? 🌃,"Hey! Looking for someone around my age to hang out with tonight. Nothing too planned — could be coffee, dinner, a movie, a walk around a nice area, or just exploring Bangalore and having some good conversations.

I’m easygoing and open to deciding the plan together. No pressure or expectations, just looking to meet someone new and have a fun evening.

I’m okay with anywhere in Bangalore, so location is flexible.

If interested, DM me with your age, area, and what you’d be up for tonight. 🙂",1,1789253896.0,BangaloreDate,0,1.0,False
1weqwkw,https://www.reddit.com/gallery/1weqwkw,"For someone reason the Monarch website transaction view, when selecting a category, defaults to the middle of the category rather than the top, where the ""recommended"" categories are and I have to scroll up every time.","In the first screenshot, the category view opens in the middle of the category list instead of at the top, like in the second screenshot, which I have to scroll up every time to get to.  Any thoughts?",1,1789253849.0,MonarchMoney,4,1.0,False
1weqwih,https://i.redd.it/lk4nogua66ph1.jpeg,Canadian craft beer with Salvadorean touch,&#x200B;,12,1789253843.0,ElSalvador,4,0.8,False
1weqvp3,https://www.reddit.com/r/R4R30Plus/comments/1weqvp3/36f4r_canada_online_looking_for_a_chat/,36[F4R] - Canada / Online - looking for a chat,"Hi! My name is Stephanie, I’m 36 and live in Western Canada - specifically Alberta. I’m looking for some engaging conversation through the day. I’m not looking for any sort of commitment, but if a friendship forms I wouldn’t be against that! I would prefer to chat with people around my age - so preferably +/- 10 years difference.              
Some of my interests include: watching tv shows/ movies - I am most interested in horror, but also love a good sitcom. I love to listen to music and go to concerts. I get my nails done every 3 week and have had some pretty great nail art sets. I like to shop, go for coffee, and spend time with the people in my life. I am pretty active and like to go for long walks, and enjoy watching birds

If this sounds interesting to you and you’d like to have a chat, send me a short introduction and ask me an  ice breaker question! (Please send a private message - I don’t want to have a conversation through the comments! Will also not reply to comments saying to DM you!)",0,1789253783.0,R4R30Plus,1,0.5,False
1weqvgj,https://v.redd.it/wknhdy1166ph1,Havana section on Carnival Jubilee,"Was able to tour the Havana section on Carnival Jubilee and I get the hype now.

We walked a Havana cabana room first — tropical, bright, and that patio with the hammock chair immediately made me want to cancel every plan and stay put. Then we stepped out to the cabanas and the exclusive Havana deck. Quiet pool, lounge chairs, and that “we’re not fighting the Lido crowd” energy. It feels like a little resort tucked inside the ship.

Ended at the Havana Bar. Cuban coffee, mojitos, live Latin music vibes… if you like a cocktail with a side of vacation, this is the spot.

If you’re looking for something a little more private than the main pool scene, Havana is worth a look.   
\#CarnivalJubilee #HavanaOnJubilee #CruiseLife  #CarnivalCruise",12,1789253765.0,CarnivalCruiseFans,4,0.93,False
1weqvdh,https://www.reddit.com/gallery/1weqvdh,So my zinnias in a case grew roots,We went on a camping trip about a month ago and I didn't want my cut flowers inside to get gross while we were gone so I moved them to our covered deck and forgot to take them to the yard waste.  We came back 5 days later and most of them still looked fine so I left them.   Here we are a month later and I've taken out the few gross flowers and I'm left with zinnias that are still looking healthy and growing roots and leaves.  I know many flowers can do this but never had zinnias do it.  Bonus pictures of today's garden harvest before the rain comes.  ,4,1789253759.0,pnwgardening,0,1.0,False
1weqtui,https://www.reddit.com/r/coffeeswap/comments/1weqtui/usca_h_difluid_moment_infrared_thermometer_w/,[US-CA] [H] DiFluid Moment infrared thermometer [W] PayPal,"Timestamp:  
https://imgur.com/a/wS1ESD1

Selling a DiFluid Moment smart coffee thermometer, brand new in packaging, shrink-wrapped and all.  I grossly misjudged my interest in getting all mad scientist on coffee, bought some DiFluid gear, and realized I don't have time for that haha.

Paid $230, asking $200!

I've got a couple recent transactions under my belt here and have completed dozens of transactions over, including 20 flaired at /r/letstradepedals and 33 at /r/comicswap.",1,1789253650.0,coffeeswap,1,1.0,False
1weqtrm,https://www.reddit.com/r/UnreleasedIDTechHouse/comments/1weqtrm/dm_if_ur_looking_for_top_unreleased/,DM IF UR LOOKING FOR TOP UNRELEASED ⬇️⬇️,"***NEW IDS***

***Camelphat - so good ( JORD Remix )*** 

**Meera - ever was** 

***Brunello - Moody Melanie*** 

***Silva bumpa - cute & sexy***

***Kanye West - Love Lockdown (N.O.Y, Guy Katch Edit).wav***

***Pete Tong, Franky Rizardo - Missing (Extended Mix).wav***

***Rafael - Trippo***

***Adam Ten, Bontan - Yes Yes 13.3***

***AVIV SAB, N.O.Y - Damn Good (Extended Mix).wav***

***Solomun - Late Night (Simone Santagati, Nasso Remix)***

***Technotronic - Pump Up The Jam (AYYBO Edit)***

***Chicago - Street Player (Roiko Edit)***

***Franky Wah, Tripolism - TripoWah***

***Mau P - To the four***

***Afefe Iku - Mirror Dance (DSF remix).wav***

***Hardt Antoine - Stay***

***Arodes - Kaleido***

***Peace Control, Eric Reyes - Just A Feeling*** 

***Max dean - Hate it or Love it*** 

***ADAM TEN***

***Adam Ten, Josh Gigante - On My Mind*** 

**Adam Ten , TheRealJunior - ONLY ONE**

**Adam Ten, Kino Todo - Justice** 

**Adam Ten , Yamagucci - Keep Workin**

**Adam Ten - Cold Summer**

**⁨Adam Ten, TheRealJunior - ONLY ONE.**

**Adam Ten & Rafa & Busta rhymes - Touch It ( Dilly ‘sweet boy’ edit)** 

***AVIV SAB***

**⁨AVIV SAB & N.O.Y - Like That**

**AVIV SAB & NOY - Damn Good**

**AVIV SAB & N.O.Y - Wanna Be Your Lover**

**AVIV SAB & N.O.Y - Blow A Kiss**

**⁨AVIV SAB & Oi - Good Life**

***BELTRAN***

**⁨Beltran - Dr. Octopussy**

**⁨Beltran - Party Rockin**

**⁨Beltran - Mo'Jitos Mo'Problems (Drunk Mix)**

**Beltran x Prospa - Hip Hop Star**

**Beltran & Marco Strous - Double Dutch**

**My Friend Dario - ( Beltran Edit )**

**BRUNELLO**

**Brunello - Clown Shoes**

**Brunello, Hilel Lev - Apathy**

**Brunello - Helium**

**Brunello, Connan - The Clown's Corridor**

**Brunello - Ghost Dance**

**Brunello - 11th hour** 

**Brunello - velvet voices**  

***CLOONEE***

**⁨Cloonee - Wrap Me In Your Arms**

**⁨Cloonee - If You Only Knew**

**Snoop Dogg - Gin & Juice (Chris Lake & Cloonee Remix).wav**

**MGMT - KIDS (Cloonee X FEZZO Remix).wav**

***DARCO***

**Darco - Crowd Move**

**Darco - K.B**

**Darco & Dvirnuns - Cant get enough**

**DARCO & ADAM TEN  - LIMOUSINE**

**Sogand - Khodaya (Darco remix)**

***DISCIP***

**⁨Discip - Sexy Bitch**

**⁨Discip - Dirty**

**⁨Discip - Gimme That Beat** 

**⁨CHASEWEST & DISCIP - LUDACRIS -** 

***GABSS***

**⁨Gabss, Buogo - Perculator (Original Mix)**

**Gabss & BRN - Techno Addiction**   
**⁨**  
**Gabss - Control (Original Mix)**

**Gabss - Mistical woman (Original Mix)**

**Gabss - Work (Original Mix)**

**Gabbs - More**

**Gabbs and Knorst - The Light** 

**⁨Gorrilaz - Dare (Gabss Edit)**

**Frank Ocean - Lost (Gabss e Vintage Culture Edit).wav⁩** 

***GUDFELLA***

**Gudfella & Yamagucci - Ride**

**Gudfella - Funky Feeling**

**⁨Gudfella - Morning Coffee**

**Gudfella x lightleak - studio 54 (on & on)** 

**GUDFELLA x Deeper Purpose x Gkat - PUSHA MAN** 

**Gudfella x lightleak- concord**   

**⁨Gudfella\_X\_Vintage\_Culture\_Morning\_Coffee\_X\_Lost\_Zonatto\_Pvt\_Mashup**

***JAMES POOLE***

**⁨james poole, havoc & lawn - meal deal**

**⁨Prospa & Cloonee - Free Your Mind (James Poole Edit)**

**James Poole - Rave Essentials** 

**james poole & guy burns - changes** 

**James poole & jayc - story of my life** 

**James poole, smokey bubblin b & guy burns** 

***JIMI JULES***

**Jimi Jules - Looking For You.wav⁩** 

**Jimi Jules - ⁨Amarus First Steps On**

***JORD***

**⁨JØRD - Bananeira**

**⁨Rafael, JØRD - Peanut Butter ( In Love )** 

**⁨JØRD - The Bump.**

**⁨Daydream (JØRD V.I.P Edit)**

**⁨Boogie Nights (JØRD Edit) \[Promo\]**

**⁨Oh Yeah (JØRD CGS Edit)**

**⁨JØRD, NOSTATIC - Club Mirror**

**⁨JØRD & Fancy Inc. - Reckless**

***MACCABI HOUSE*** 

**Maccabi House - The XX - Crystalised (Bletter Maccabi Edit).**

**⁨           Maccabi House - Rose Royce - Wishing On A Star (Bonafique Maccabi Edit**

**UZA - The Temptations - Papa Was A Rolling Stone**  
**(UZA Maccabi Edit)**

***MAU P***

**⁨Mau P - Kings Of Leon - Use Somebody (Mau P Flip)**

**Mau P - Like I Like It (Pedrik Remix)**

**⁨Mau P, Fleetwood Mac - Dreams (Mau P Edit)**

**⁨Mau P vs. Claptone vs. Rune vs. Kid Cudi X Tyla- Beats for the Calabria Memories X Water  (PLUS2 X WeDamnz) (Rob Laniado Mashup)**

**Mau P Remix - Just Wanna Rock EXTENDED MIX.wav⁩** 

**⁨Fleetwood Mac - Dreams (Mau P Edit).**

**⁨Detlef & Shakedown - Music Please At Night (Mau P Edit)**

***OMRI***

**⁨Omri. - Certified Weapon (OG version)** 

**OMRI - Funky Music**

**⁨OMRI. & Balanka - Show Me How To Do Dj**

**OMRI., Yamagucci - Selector (Original Mix)**

**Nevve,OMRI, Adam Sellouk -  Activate feat Nevve feat Nevve tszr**

***PROSPA***

**Prospa,Ben sterling - Ayo technology X Dont stop (50 cent)**

**⁨Prospa & Cloonee - Free Your Mind (James Poole Edit).wav**

**⁨Prospa - Dont Stop (SCRIPT Remix)**

***PAWSA***

**Pawsa - 7 min freestyle** 

**Pawsa - Come Through**

**Pawsa - Hot stuff** 

**⁨PAWSA & Kollekev Turmstrasse – Sorry I Am Late Pilot (Barco Unreleased Edit)**

**⁨PAWSA - Give Me The Night**

**⁨PAWSA - Bad Girl Sad Girl.wav⁩** 

**⁨PAWSA - FEEL RIGHT (EXTENDED).**

**⁨PAWSA - Give Me The Night.wav⁩**

**⁨PAWSA - TOO HOT** 

**⁨**  
***RAFAEL***

**⁨Rafael - Down Baby** 

**⁨Rafael - Down To Funk.**

**Rafael - loud enough** 

**⁨Rafael - We Come In Peace (Beltran Remix)**

**⁨Rafael -  DIamond.**

**Rafael & Richard fine - My Soul** 

**⁨Rafael, Millero - Get Rich**

**⁨Rafael - Vibration**

**Rafael - Wiggle It** 

**Rafael, JLYRD - Peanut Butter**

**Rafael, Mita Gami - What is love x Work**

***SAMM***

**Samm (BE) - Caribou - Can't Do Without You (Samm Rework)**

**⁨Samm(BE), juno(DE) - Feel so right.**

**Samm - Paradise** 

**The Bausa – Magnetic (Samm Extended mix) - Piece of Music.mp3**

***TONI B***

**Toni B - Do It Again**

**Toni B - Dollar** 

**Toni B & Dodi - Scream For What**

**Toni B - No More Games**

**Toni B & JATO - I Got Soul**

**Toni B & Dodi - Vibe Check (Sun Goes Down Edit)**

***VINTAGE CULTURE***

**⁨**  
**⁨Vintage Culture, Zerky - Innerbloom**

**⁨Vintage Culture, DEPARTAMENTO - COPYCAT** 

**⁨Vintage Culture, Volkoder - Hands Up (Original Mix)**

**Vintage culture - RAVEFLIX**

**Vintage culture - PINK MAGIC**

**Vintage culture,elderbrook - RUN (Gabss remix)**

**Vintage culture - Sally**

**Vintage culture, Chemical surf - Feeling Good (JORD Remix)**

**Max Styler, Vintage Culture, Ali Love - Freaky 1 (Extended Mix)**

***VOLKODER***

**Volkoder - Crazy ( Adam Ten Remix)**

**Volkoder - All Night Long**

**Volkoder - Trajado**

**Volkoder - Hands Up**

**Volkoder - Fractions Vs Music is the answer**

**Volkoder - Act Up (bad boy)**

 **⁨**  
***OTHERS***** **

Afefe Iku - Mirror Dance (DSF remix).wav

**Adam Sellouk Remix ⁨- We Are The People)**

**⁨Ajna (BE) - ID + VOX What To Do**

**⁨CHASEWEST - YAMAGUCCI 2.**

**⁨Fleetwood Mac - Dreams (Mau P Edit).**

**⁨Jamaican (Bam Bam) - Jast Remix**

**LUCH & PEACE CONTROL - COMPADRE V3.wav**

**Max Dean - Hate it or love it**

**⁨Mgmt – Kids (Cloonee X Fezzo Remix)**

**SNAP - Power (Capri extended remix)** 

**⁨Sapian - TAKES ME (Master V6)**

**⁨Snoop Dogg - Gin & Juice (Chris Lake & Cloonee Remix)**

**⁨Verso, Michael - Love Me** 

**⁨VOID - LATCH (WE MIX)**

**Eric Cruz - No Idea (Rework)**

**Diego Eugenin - Liberian Girl (Edit)**

**TEEDEE - Sexy Back**

**TeeDee - Freaky girl**",1,1789253644.0,UnreleasedIDTechHouse,0,1.0,False
1weqtkm,https://youtube.com/watch?v=5JRepTy_-x8&si=1-wsdCPNk2iu6nt0,"Top 5 Reasons Why I Drink Energy Drinks Instead of Coffee : Sobriety, Hunger Control, Taste, Portability and Cost",,0,1789253628.0,ToFizzOrNotToFizz,0,0.33,False
1weqtef,https://www.reddit.com/gallery/1weqtef,Some cool little finds today,"I have the bigger set coming soon for my couch, but found these awesome little furniture coasters for my coffee table. Also I absolutely love the simplicity and way the lighting makes some pieces look. Anyone know the maker or pattern of the little cup & saucer? Thanks everyone, hope you all have wicked weekends. ",2,1789253615.0,uraniumglass,0,1.0,False
1weqtcc,https://youtube.com/watch?v=5JRepTy_-x8&si=1-wsdCPNk2iu6nt0,"Top 5 Reasons Why I Drink Energy Drinks Instead of Coffee : Sobriety, Hunger Control, Taste, Portability and Cost",,2,1789253611.0,energydrinks,2,0.63,False
1weqt8n,https://www.reddit.com/r/duluth/comments/1weqt8n/coffee_shop_vibe_with_comfy_chairs/,Coffee shop vibe with comfy chairs?,"I just moved to the Lincoln Park area from Superior. 

I love curling up with a book on a comfy chair at a coffee shop for a couple hours. I’ve visited quite a few of the coffee shops in Duluth and haven’t found one with that cozy/comfy chair vibe I’m looking for. Anyone have any advice?

Also, it doesn’t have to be a coffee shop! For example - Duluth Whiskey Project’s cozy chairs near the front door are about the closest vibe to what I’m looking for!",4,1789253603.0,duluth,5,1.0,False
1weqsgw,https://www.reddit.com/r/BoredInBangalore/comments/1weqsgw/21m_bangalore_anyone_up_for_a_movie_tonight/,21M | Bangalore | Anyone up for a movie tonight? 🎬,"Hey! Looking for someone to join me for a movie tonight. 🎬

I’m pretty easygoing and enjoy movies, good food and random conversations. I’m open to choosing any theatre/location in Bangalore, so we can decide based on what’s convenient for both of us.

Movie + coffee/food afterwards if we get along. No pressure or expectations — just looking to have a nice evening and meet someone new.

About me: 21M, working in IT/AI, into movies, photography and exploring Bangalore.

If you're interested, feel free to DM me with your age, area and a little about yourself. 🙂",1,1789253548.0,BoredInBangalore,1,1.0,False
1weqsc6,https://www.reddit.com/r/espresso/comments/1weqsc6/kingrinder_availability_in_the_eu/,Kingrinder availability in the eu?,"Trying to buy a new coffee grinder and I wanted to get a Kingrinder K1 or a K2 but I cannot find any available in any local stores or any European Amazon. It’s as if they all disappeared instantly.

Any ideas where I can find them? I’d like to avoid importing from non eu countries if possible to avoid charges. I live in Greece for reference. Alternatively can you recommend any similarly decent ones in roughly the same price range? Thanks in advance!",1,1789253540.0,espresso,6,1.0,False
1weqrjh,https://www.reddit.com/r/BangaloreConnection/comments/1weqrjh/21m_bangalore_anyone_up_for_a_movie_tonight/,21M Bangalore Anyone up for a movie tonight? 🎬,"Hey! Looking for someone to join me for a movie tonight. 🎬

I’m pretty easygoing and enjoy movies, good food and random conversations. I’m open to choosing any theatre/location in Bangalore, so we can decide based on what’s convenient for both of us.

Movie + coffee/food afterwards if we get along. No pressure or expectations — just looking to have a nice evening and meet someone new.

About me: 21M, working in IT/AI, into movies, photography and exploring Bangalore.

If you're interested, feel free to DM me with your age, area and a little about yourself. 🙂",1,1789253481.0,BangaloreConnection,0,1.0,False
1weqrfq,https://i.redd.it/4ych099756ph1.jpeg,Where we wasted our money (2006 vs 2016 vs 2026),,1,1789253473.0,ShitEconomy,0,1.0,False
1weqrfl,https://www.reddit.com/r/ForeverAloneDating/comments/1weqrfl/22f4m_torta_looking_for_her_conchito_belize/,22[F4M] Torta looking for her conchito #Belize/ Anywhere,"&#x200B;

 \* The basics: 5'3"", Black, Plus sized, Belizean born-and-raised.

 \* My vibe: High-energy outside, total homebody inside. I love a good adventure, but nothing beats the feeling of putting on soft clothes, lighting a candle, and curling up with a great book.

 \* Passions: Big reader (fantasy, thrillers, and romance are my go-tos—send me your top recommendations!), acoustic music, baking on rainy afternoons, and long conversations over hot tea or wine.

 \* Personality: Kind, warm, direct, and slightly competitive when it comes to board games.

What I’m Looking For:

 \* Someone genuine, emotionally intelligent, and secure in who they are.

 \* A partner who values quiet quality time—whether that’s reading side-by-side in comfortable silence, cooking a simple meal together, or having deep late-night chats.

 \* Sense of humor is a non-negotiable! If you can make me laugh, you're already halfway there.

Bonus Points If:

 You have a favorite book you're always trying to lend to people.

 You know how to make a great cup of coffee or tea.

 You're down for casual evening walks followed by movie marathons.

If any of this resonates with you, send a message with your age, location, and hobbies!",1,1789253473.0,ForeverAloneDating,1,0.6,False
1weqr3a,https://i.redd.it/vaczf1l456ph1.jpeg,Noon score,"Had a homie go to Tai Pei and had him grab some coffee. Dude is not a coffee nerd and wandered around the neighborhood in the rain just say Noon over and over. Finally someone pointed him in the right direction and someone opened the door. ""Dude, it was just a door and a room the size of a Volkswagen selling coffee at an insane price"". Anyway, looking for any advice on both of these other than what is recommended on their Website. Not that I am opposed to following directions but wondering if any one using a Kalita 185 and KP6S had some tips.",1,1789253447.0,pourover,0,1.0,False
1weqquu,https://www.reddit.com/r/BangaloreDate/comments/1weqquu/21m_bangalore_anyone_up_for_a_movie_tonight/,21M Bangalore Anyone up for a movie tonight? 🎬,"Hey! Looking for someone to join me for a movie tonight. 🎬

I’m pretty easygoing and enjoy movies, good food and random conversations. I’m open to choosing any theatre/location in Bangalore, so we can decide based on what’s convenient for both of us.

Movie + coffee/food afterwards if we get along. No pressure or expectations — just looking to have a nice evening and meet someone new.

About me: 21M, working in IT/AI, into movies, photography and exploring Bangalore.

If you're interested, feel free to DM me with your age, area and a little about yourself. 🙂",1,1789253430.0,BangaloreDate,0,1.0,False
1weqqnc,https://v.redd.it/yfymd0zz46ph1,I got it..,,4,1789253414.0,AlanWake,0,1.0,False
1weqqa4,https://www.reddit.com/r/MakeNewFriendsHere/comments/1weqqa4/25f_morning_walk_person_chatty_over_podcasts/,"25F morning walk person, chatty over podcasts","Same 3 mile loop every day, love it. Podcast in one ear, coffee in hand. Looking for casual text friends to swap Monday morning updates with.",0,1789253387.0,MakeNewFriendsHere,3,0.33,False
1weqq70,https://www.reddit.com/r/ChronicIllness/comments/1weqq70/going_out_in_public/,going out in public,"I’ve already established that doing things like going shopping or to restaurants make me feel like shit both during and after, but I noticed the same for small chill places like coffee shops. I’ve gone three times in the past two weeks to go sit and study with a friend (in silence). The first time was for about 3 hours, I went home feeling kind of shitty but not terrible. The next day I went again for about 5 or 6 hours and after THAT I felt SO shitty. Like, legs so weak it was hard to walk kind of shitty. Today, about a week later, I went again (to a different café) and I was there for only two hours until I felt so bad I had to go home. Every time this happens it’s almost always the same feelings of restlessness but exhaustion, muscle weakness, flu-like symptoms like tender (but not swollen) lymph nodes, runny nose, etc.

I can not for the life of me figure out why this keeps happening, but it’s getting worse and I’m less and less able to leave my apartment without either 1. Not trusting or knowing how my body will react and/or 2. Coming home feeling like I was hit by a truck

I’m just so confused and don’t know how to help it. I was diagnosed with fibromyalgia when I was 13, I’m 19 now but about a year ago I developed new (mainly all neurological) symptoms based around weakness and fatigue that have been quickly progressing. I am NOT asking for diagnosis or anything, just wondering what anyone else might do to relieve these feelings when they happen.",1,1789253382.0,ChronicIllness,2,1.0,False
1weqpky,https://i.redd.it/4s7ameqs46ph1.jpeg,Haha fantimes,,2,1789253337.0,funComunitty,1,1.0,False
1weqpjk,https://www.reddit.com/r/TrueOffMyChest/comments/1weqpjk/my_manager_tried_to_write_me_up_for_taking_a/,My manager tried to write me up for taking a 5-minute breather after a customer threw a drink at me.,"I work front desk at a busy clinic. Yesterday a guy lost his mind over his wait time and threw a half-full iced coffee right at my chest. It hit my shirt, dripped everywhere, and completely ruined my day.  
My shift lead took over and told me to go to the back room for five minutes to clean up and catch my breath because I was visibly shaking.  
While I was wiping my shirt in the breakroom, the general manager walked in, looked at the clock, and literally said, ""You're off the desk and off schedule. I need to document this unscheduled break.""  
I didn't yell or throw a fit. I just grabbed my jacket, handed her my badge, and said, ""No need, I'll document my resignation instead.""  
She stood there with her mouth open trying to tell me I couldn't just walk out mid-shift. I haven't answered a single one of her calls today and it feels amazing.",26,1789253334.0,TrueOffMyChest,7,0.97,False
1weqp1t,https://i.redd.it/ba4kijlc46ph1.png,Where we wasted our money (2006 vs 2016 vs 2026),,2,1789253295.0,ShitEconomy,0,1.0,False
1weqovj,https://www.reddit.com/gallery/1weqovj,Ready for winter in 8b PNW Canada,It will be nice to sit here and have a coffee (hotbox haha) when it’s grey and drizzly out. I have a lot of smaller cacti on the shelves I grew from seed but my favourite currently is the monkey tail on the top shelf ,11,1789253282.0,cactus,0,1.0,False
1weqoi6,https://www.reddit.com/r/espresso/comments/1weqoi6/grinder_upgrade_3000/,Grinder upgrade [$3000],"I've been in the ""home barista"" world of espresso making since Jan-2026. Not long, for sure, but long enough to know the Baratza Sette 270wi, although competent, just isn't cutting it for me anymore. My main complaint is the sheer volume while grinding, and I feel serious enough about the coffee game that I need to take a significant step up as far as my grinder goes.

Any recommendations? I use medium roast beans 99.999% of the time and I prefer using the same bean and not constantly switching (although I might entertain trying different beans to discover ""The Grail"" 😂 ).

Thanks in advance for any help in my search!",0,1789253252.0,espresso,7,0.25,False
1weqme4,https://www.reddit.com/r/gratitude/comments/1weqme4/grateful_for_quiet_mornings_today/,Grateful for quiet mornings today,"I'm grateful for quiet mornings and the way the light hit my coffee mug today. Lately, I've been taking one photo a day of little things like that and keeping them for myself.",4,1789253109.0,gratitude,1,1.0,False
1weqmck,https://www.reddit.com/r/funComunitty/comments/1weqmck/would_you_rather/,Would you rather?,This post contains content not supported on old Reddit. [Click here to view the full post](https://sh.reddit.com/r/funComunitty/comments/1weqmck),5,1789253106.0,funComunitty,19,1.0,False
1weqjx8,https://i.redd.it/wu7v6i2l36ph1.jpeg,Comfy Saturday Vibes,I wanted to join the funn. ,5,1789252928.0,theadammcintyre,0,1.0,False
1weqi23,https://www.reddit.com/r/LADating/comments/1weqi23/26_m4f_looking_for_someone_to_go_dancing_with/,26 [M4F]- Looking for someone to go dancing with!,"Hi everyone! 

Like everyone else who’s had their fair share of dating app troubles and meeting people irl I figured might as well throw another medium to the mix lol.

I’m currently in med school entering my last year actually and while I’m unsure where I will end up want to be able to explore different things with people in LA while I’m still here!

I enjoy going out dancing usually enjoy places where people actually move and not stand around in one place and I’d love to meet someone who feels the same! Not the best at it but always happy to have a good vibe dancing with someone!

Besides going out I enjoy going to the gym, playing video games, and pretty into marvel/dc/Star Wars and Pokémon so big nerd overall lol. 

But yes! I would love to meet someone over drinks or coffee to see if we’d be a good vibe before having our hopefully dancing date.

Take care everyone and stay hydrated!",1,1789252798.0,LADating,0,1.0,False
1weqgjk,https://www.reddit.com/r/BrisbaneDating/comments/1weqgjk/30_f4m_looking_for_fellow_golden_retriever/,30 [F4M] looking for fellow golden retriever,"Hi! I don’t know how this works or what to do 🤣   
I hate all the apps, I’m only on hinge which seems to be a waste of time 🤷🏼‍♀️ 

I am a 30F living in Logan. I live on my own with my cat and work in management in early education. I am a self proclaimed coffee snob, love reading true crime books, catching   
up family and friends, exploring new foods (can’t be fussy 😉), travelling, markets and trying new adventures! 

I do enjoy going to the gym and trying to keep active through hikes and walks. I’m not looking for anything casual and not pushing for something serious; but I am looking for something to click with and enjoy spending my time with ☺️",3,1789252687.0,BrisbaneDating,1,1.0,False
1weqex9,https://www.reddit.com/r/howyoudoin/comments/1weqex9/unethical_employees/,Unethical employees?,"Who wins the award for most unethical? Any sort of action in a job role?

For example

Ross -dating Elizabeth (the professor student dynamic being more of an issue than the age difference)

Rachel- choosing tag as her assistant, not sure that's technically unethical but maybe dating him afterwards (as suggested by Mr zelner) 

Joey- trying to sabotage chances of one of his acting students getting a role Joey wanted, by giving what he thought was terrible acting advice (playing the role hom-o-sex-ually).

Some of his antics at the coffee house were more just bad employee than unethical (giving out free muffins to hot women)

Phoebe -making out with a massage client at her place of work 

Monica- can't think of anything apart from accepting meat from the vender in one of her early jobs (not a kickback!)

Chandler - trying to access porn at work and suggesting to his boss to throw work away (which his boss thought was a joke). Dating nina potentially, because its a boss employee dynamic",5,1789252567.0,howyoudoin,35,0.67,False
1weqeuz,https://i.redd.it/p8dueuuh26ph1.jpeg,I’m from Northern Ireland,"Born in Northern Ireland in 1998, ask me anything",4,1789252562.0,howislivingthere,22,0.7,False
1weqegz,https://www.reddit.com/r/MakeNewFriendsHere/comments/1weqegz/27f_alberta_looking_for_longterm_friends/,27F Alberta - Looking for Long-Term Friends,"27-year-old Albertan BIPOC woman currently accepting applications for the elite, highly exclusive position of ""Actual Friend."" Must enjoy aggressive thrifting, talking over the top of procedural TV shows, and screaming at the TV about hockey.

**The Resume**

* **Location:** Alberta (and looking for fellow Alberta!).
* **Hobbies:** Hunting for vintage jackets that smell like someone else's grandma, drinking overpriced tea and coffee in new cafes, losing friendships over Scrabble, and watching an unhealthy amount of cartoons.

**The Job Requirements**

* **Age:** 26–33 strictly enforced and in Alberta preferably but open to Canada
* **Application Fee:** Send me your age, gender, and province/territory in your first message!",0,1789252536.0,MakeNewFriendsHere,2,0.5,False
1weqe5h,https://www.reddit.com/r/superautomatic/comments/1weqe5h/jura_x10_vs_bellucci_bistro_pro/,Jura x10 vs Bellucci Bistro Pro,"Hey Peeps,

Considering Jura x10 or Bellucci Bistro Pro for my office. Expectation of about 50 cups per day. Looking for wide variety of coffee, coffee beverages, including hot and cold options. Also interested in general functionality, maintenance, etc. Would consider other commercial options also. 

Insights and recommendations welcome!🙏🏻 ",1,1789252512.0,superautomatic,0,1.0,False
1weqdnh,https://www.reddit.com/r/Redditdating/comments/1weqdnh/26_m4f_europe_looking_for_someone_who_feels_like/,"26 [M4F] Europe - looking for someone who feels like home, I guess","hey

not sure how to start this without making it sound like either a dating profile or a small emotional breakdown, so I’ll just start normally.

I’m 26, living in Europe, recently graduated, and currently in that weird part of life where everyone expects you to be excited because you finished the hard part, but your brain is just like… okay cool, now what.

I am proud of it, don’t get me wrong. It took a lot out of me. All the uni stress and deadlines, the usual slow mental damage package. For a long time everything was ,, after this, after that ,, and now that after is here, I don’t really know what to do with myself.

I guess I miss having a person.

I can exist alone, clearly, I’ve had enough practice. I work, I cook, I go outside, I answer messages, I do normal human maintenance. But there is a difference between being able to be alone and actually wanting to carry your whole life alone forever.

I don’t want that.

I want someone to come back to at the end of the day, and I want to be that for her too. Someone who can tell me boring things like what she ate, what annoyed her, what song she has stuck in her head, and I’ll actually care because it’s her. Someone I can be soft with without both of us acting like affection is embarrassing.

I’m introverted, not antisocial. I can talk, joke, be warm, be present, all that. I just don’t open up instantly. I need a bit of time before I stop sounding like a polite customer service version of myself. Once I’m comfortable, I’m affectionate, curious, playful, maybe a little clingy in a healthy way.

I like the boring romantic stuff more than I probably should. Cooking together, taking too long to choose a movie, walking with no plan, sending dumb updates, voice notes, sitting close while doing separate things, talking late at night when both people should sleep but don’t. Nothing cinematic really, just the small stuff that makes life feel less like you’re doing it from behind glass.

I’m non-european and I’ve lived here for many years. I don’t want to make this whole post about that, because honestly I’m tired of explaining myself to strangers before they even know me. But it is part of why the word home feels weird to me. You can build a life somewhere, learn things, adapt, do your best, and still sometimes feel like you’re slightly outside the room.

I’m not bitter. I’m trying very hard not to become that. I still want warmth, I still want love, I still want to believe two people can make a little corner of the world feel safe for each other.

About me, since this is still technically a dating post and not just me whispering into the Reddit void: I’m around 181cm, slim, dark hair, brown eyes, short beard, brown/tanned skin, sometimes glasses. I like music, books, writing, languages, philosophy, games, walks, cooking, coffee, calm places, and thinking too much at night like an idiot.

I’m calm at first, maybe reserved, sometimes too much in my head. But I care deeply when I care. I remember small things. I like affection. I like making someone feel wanted in ordinary ways if i can

Don't be perfect, it sounds exhausting and somewhat fake.

I’d rather meet someone real. Gentle, a little strange maybe, introverted or at least okay with introverts, someone who can be silly and serious, soft but not helpless, romantic even if she would deny it in public. Someone with her own inner world. Someone who wants to be cared for, but also cares back.

I don’t know exactly where life is taking me next. Maybe I stay where I am, maybe I move, maybe things shift again. That part is still messy. But I don’t want to wait until my whole life is perfectly arranged before letting anyone in, because knowing me, I’ll keep moving the goalpost and then accidentally become a monk with WiFi.

So yeah :c

Maybe home is not a country or a city or a perfect plan. Maybe it’s something you build slowly with a person who makes things feel less heavy.

Message me with your age, where you’re from, and something small that makes you feel at home :)",1,1789252476.0,Redditdating,0,1.0,False
1weqd41,https://www.reddit.com/r/Redditdating/comments/1weqd41/32_f4m_vaeast_coast_anywhere_i_had_some_dreams/,"32 [F4M] #VA/East Coast #Anywhere “I had some dreams, they were clouds in my coffee.","You’ve left Reddit, you’re now at a coffee shop. Tell me, what does it look like? What does it sound like?

In my mind’s eye it’s misty and cool outside, the air carries a slight ennui. The floor is old hardwood that creaks with humidity, and the jewel toned walls are adorned with old film photographs, handwritten letters, vinyl records displayed, and dried flower bundles. The windows stream early morning cold sun. The indoor lighting comes from warm lamps, the opposition comes together in the colorful stained glass shades. The worn leather couches, and freshly ground  beans smell like something you’d like to put in a bottle and bring home. They smell like the fancy grocery store you grew up going to. The only note missing is fresh flowers.  Antique rugs lie about, styled in a way that makes you feel like the building was built around them. Lastly, and most importantly, there’s music. Before you read further, I insist that you play this playlist the imaginary barista made (that’s me). \[Apple Music,\](https://music.apple.com/us/playlist/the-house-is-made-of-coffee-and-my-blood-is-made-of-music/pl.u-Mm5DsNJgBE) \[Spotify\](https://open.spotify.com/playlist/36PO77vrrSLomMEyl6wJMV?si=lwswflpqQCmWzmUioaqjsA&utm\_source=copy-link&pi=T4G7\_k8ZSImym)  , \[screen grab here\](https://imgur.com/a/90PjhVt) here . I’ll wait a moment… 

Ok, hi again! I’m glad you’re back with me. This playlist is all the information I’d like to give for now. This is an intentional experiment. If you listen, or even take a curious glance, I think you’ll pick up a few things about me. I want a thoughtful introduction. I want to attract my person, the person who I’ll make coffee for without him leaving the bed on the misty ennui mornings.  Who inspires the next 100 years of playlists, and daydreams. Who’ll sit beside me across the table in comfortable silence while we have a slow morning. 

If this at all inspires you, I’d love if you’d share your favorite mug with me in your intro. A picture or description. Maybe my mug will become your favorite too. Oh! And, of course, how do you take your coffee? (Non-coffee drinkers welcome too!) ",0,1789252435.0,Redditdating,1,0.5,False
1weqcwa,https://www.reddit.com/gallery/1weqcwa,Some of the builds at Penncon,This show was held at Messiah University in Pennsylvania today,32,1789252418.0,ModelCars,5,1.0,False
1weqbux,https://www.reddit.com/r/garland/comments/1weqbux/new_vietnamese_restaurant_in_garland_bếp_phin/,New Vietnamese restaurant in Garland — Bếp & Phin,"Hi Garland! 👋

We recently opened a new Vietnamese restaurant here in Garland called **Bếp & Phin** 🇻🇳🍜☕️

We’re a small, locally owned restaurant serving Vietnamese favorites like **Phở, Bún Bò Huế, Cơm Tấm, Bánh Mì**, plus Vietnamese coffee, matcha, and other drinks.

We’re still pretty new and working hard to get our name out there, so we’d really appreciate the support from our Garland neighbors. ❤️

If you’re looking for somewhere new to eat this weekend, come give us a try! And if you’ve already visited us, thank you so much for supporting a new local business.

📍 **Bếp & Phin – Garland,** TX  
3620 W Walnut St Garland TX 75042  
🕙 Open daily 10 AM–9 PM  
Would love to hear what everyone thinks!",15,1789252342.0,garland,1,0.94,False
1weqbrj,https://www.reddit.com/r/u_funbrews_official/comments/1weqbrj/fluffy_cat_barista_makes_dirty_matcha/,Fluffy Cat Barista Makes Dirty Matcha 🤎💚,"https://reddit.com/link/1weqbrj/video/vbzwiscirzoh1/player

Our cat barista is preparing a Dirty Matcha.  
Ingredients : Steamed Milk, Espresso, Chocolate Sauce, Matcha Cream.

The layered drink looks amazing! What do you think of this matcha coffee combo?",1,1789252335.0,u_funbrews_official,0,1.0,False
1weqbmt,https://www.reddit.com/r/stayawake/comments/1weqbmt/the_gnome_bride_of_duskwood/,The Gnome Bride of Duskwood,"**The sound of wind chimes on Halloween night usually brings a festive, comforting chill, but in Duskwood, Virginia, the wind always carried a sharper, meaner edge.** 

**The air smelled heavily of damp earth, rotten oak leaves, and the faint, unmistakable trace of chimney smoke. I stood on the cracked asphalt of Terra Cotta Lane, shivering beneath a layer of cheap pink glitter and synthetic wings.** 

**I was sixteen years old, dressed as a woodland fairy, and for the first time in my life, I felt completely ridiculous.**

**""Come on, Rose, stop dragging your feet!"" Maeve hissed from the shadow of a sprawling willow tree.**

**Maeve was dressed as a generic comic-book superhero, complete with a bright red satin cape that snapped aggressively in the autumn breeze and a black domino mask that kept sliding down her nose. In her right hand, she balanced a half-empty carton of grade-A large eggs like a quarterback holding a football.**

**""I’m telling you guys, we’re getting too old for this."" I muttered, adjusting the plastic wand tucked into the waistband of my jeans. ""We're juniors in high school. If anyone from the track team sees us throwing eggs at people's porches, we're socially dead weight until graduation.""**

**""Oh, please."" Brenda scoffed, stepping into the dim glow of a flickering streetlamp.**

**Brenda had gone all-out this year, wearing an elaborate, dirt-smudged Victorian wedding dress with a tattered lace veil pinned into her dark hair. Her face was painted a ghostly, stark white, with deep charcoal shadows smudged beneath her eyes to complete the 'ghost bride' look, and she said,**

 **""Halloween is the one night a year when you get a free pass to be a menace. Besides, Duskwood is dead tonight. Have you noticed how quiet it is? It’s like the whole town is hiding.""**

**Brenda wasn't wrong. A strange, suffocating silence had draped itself over Duskwood after the sun went down. Most houses had their porch lights turned completely off, their blinds tightly drawn as if to ward off something far more dangerous than neighborhood teenagers looking for candy.** 

**It was a lingering habit of the older generation here—a quiet, generational trauma left over from the eighties, when a madman named Howard Nestor used to hunt in these very woods. People in Duskwood didn't trust the dark. They never had.**

**""Look ahead."" Maeve whispered, pointing a gloved finger down the winding gravel driveway at the end of the block. ""Old Man Miller’s place. A perfect target.""**

**The Miller estate was a weathered, single-story ranch house sat on a massive plot of overgrown land. Old Man Miller was a fixture of Duskwood, an ancient, reclusive man who had lived in the town long before Howard Nestor ever started his horrific killing spree. He rarely left his property, and the neighborhood kids traded rumors about him like currency. Some people said that he was crazy; others said he was just incredibly bitter.**

**As we crept closer to the edge of his property, the beam of Maeve’s phone flashlight swept across his front lawn, revealing his infamous collection of lawn decorations. Dozens of ceramic lawn gnomes stood frozen in the tall, un-mowed grass. Most of them were standard, peeling figures with faded red hats and cheerful, painted grins.**

**However right in the center of the lawn, mounted on a cracked stone pedestal, stood a gnome that looked entirely different from the rest.**

**This gnome was nearly three feet tall, carved from a heavy, dark, unidentifiable stone rather than cheap ceramic. It didn't wear a cheerful smile. Instead, its face was sculpted into a grim, knowing smirk, with deeply chiseled, intensely lifelike features. Its long, pointed cap wasn't a festive red; it was painted the color of dried, oxidized blood.** 

**Most striking of all were its eyes—made of two polished pieces of obsidian that seemed to absorb the moonlight, reflecting nothing back. Painted in faded, archaic black lettering across the base of the pedestal was a single name: Gargarth.**

**""Gross."" Brenda muttered, stepping onto the grass to get a closer look. ""That thing looks like it wants to bite someone. It's hideous.""**

**""Perfect."" Maeve grinned, opening the carton of eggs.**

**Maeve handed an egg to Brenda and offered one to me. I shook my head, stepping back toward the gravel road, my plastic fairy wings catching on a rogue briar bush.**

**""Just leave it, guys. Let's just go to the diner or something,"" I pleaded, the sudden dropping temperature making my breath form thick plumes of white mist.** 

**The silence of the lawn felt heavy, almost pressurized.**

**""Don't be a buzzkill, Rose."" Brenda said, raising her arm, aiming directly for Gargarth's stone face.** 

**Maeve mirrored her stance, her red superhero cape blowing over her shoulder.**

**""*****I wouldn't do that if I were you.*****"" A voice said.**

**The voice was like grinding stones. We all jumped, Brenda dropping her egg into the grass with a wet, yellow pop.** 

**Old Man Miller stepped out from the deep shadow of his wrap-around porch. He looked older than the trees surrounding his house, his skin deeply lined and leathery, his back slightly hunched beneath a heavy flannel jacket. In his right hand, he held a rusted iron garden rake, using it almost like a staff. His pale, rheumy eyes locked onto the three of us with absolute intensity.**

**""What are you girls doing on my property?"" he demanded, his voice trembling but firm.**

**""We...we were just looking at your decorations, Mr. Miller!"" Maeve lied quickly, smoothing down her superhero outfit and trying to hide the egg carton behind her back. ""We think that your gnomes are really cool. We were just getting a closer look.""**

**Miller didn't blink. He lowered his gaze to the crushed yellow yolk at Brenda’s feet, then looked back up at our faces, and said,**

**""Don't insult my intelligence, girl. You've got mischief in your eyes and hen's fruit in your hands.""**

**He took three heavy steps down the porch stairs, the grass crunching beneath his work boots. He didn't look angry; instead, a profound, exhausting gravity seemed to weigh him down. He pointed the tip of his rusted rake toward the dark stone pedestal.**

**""Get off this lawn, now!"" Miller warned, his voice dropping into a harsh, frantic whisper. ""Especially away from him. Get away from Gargarth.""**

**Brenda rolled her eyes under her tattered bridal veil, letting out a loud, dramatic sigh, and said,**

**""Oh, come on. It's just a stupid piece of painted rock, old man. We're not hurting anything.""**

**""You don't understand anything!"" Miller snapped, his knuckles turning white around the wooden handle of his rake. ""I was here in eighty-six. I watched this town bleed when Nestor took his toll. I know the things that wake up when the moon is right. That stone creature...it’s dangerous. It isn't a decoration. It’s a bound entity. Every Halloween night, when the veil is thin, Gargarth comes to life in search of a bride to drag down into the earth with him.""**

**Maeve let out a snicker, muffled by her hand. I felt a cold knot twist in my stomach, though. The way that Miller said the name—with a genuine, unadulterated terror—didn't sound like an old man trying to protect his grass. It sounded like a warning from a survivor.**

**""A bride?"" Brenda laughed, gesturing to her ghost bride costume. ""Well, look at that. I'm already dressed for the occasion. Too bad he's made of clay.""**

**""Joke all you like, children."" Miller said, his face hardening into a grim, dark expression as he began to back away toward his porch. ""The old blood in this town demands a price tonight. One of you might be very sorry before the sun comes up. Get home to your parents, and lock your doors.""**

**With that, the old man retreated back into his dark house, slamming the heavy wooden door shut. The click of the deadbolt echoed clearly across the quiet yard.**

**""What a complete lunatic."" Maeve said, stepping forward again. ""He completely ruined the vibe.""**

**""Yeah, well, he doesn't get the last word."" Brenda muttered, her face twisting into a stubborn, angry scowl.**

**Before Maeve or I could stop her, Brenda snatched a fresh egg from the carton, took two aggressive steps toward the stone pedestal, and threw it with all her might.**

**The egg struck Gargarth right in his obsidian eyes, exploding in a messy smear of white and yellow goo that dripped down his chiseled stone beard.**

**""Brenda, stop!"" I yelled, genuinely terrified now, though I couldn't explain why.** 

**The obsidian eyes of the statue seemed to catch the light of the moon for a split second, turning a dull, burning crimson beneath the slime.**

**""Let's run!"" Maeve shouted, the thrill of the prank finally mixing with adrenaline.**

**The three of us turned and sprinted down the gravel driveway, our sneakers pounding against the pavement. Brenda’s heavy lace wedding dress swished loudly in the dark, and my plastic fairy wings fluttered wildly against my back. We didn't stop running until we reached the safety of my neighborhood, bursting through the front door of my house and slamming it shut behind us.**

**My parents were out at a neighborhood block party down the street, so the house was entirely dark and quiet. We collapsed onto the living room floor, panting for breath, our hearts hammering against our ribs.**

**""Did you see his face?"" Maeve laughed, collapsing onto the couch, her red cape draping over the cushions. ""He looked like he was about to cast a spell on us with that rake.""**

**""He was a total  psycho."" Brenda agreed, pulling off her tattered veil and tossing it onto the coffee table. She wiped a smudge of white face paint from her cheek. ""A bound entity? Gargarth? Give me a break. It's a lawn ornament.""**

**I stood by the window, peering through the blinds into the dark, empty street outside. The feeling of dread from Miller's lawn hadn't left me. If anything, it had followed us home, clinging to the edges of my thoughts like a spreading stain, and I said,**

 **""I don't know, guys. Something felt really wrong about that place. We shouldn't have done that.""**

**""Relax, Rose."" Maeve said, pulling a bag of miniature candy bars from her pocket. ""It’s just an old town legend. Duskwood is full of them.""**

**Then, the lights went out.**

**The sudden, absolute darkness was instantaneous. The hum of the refrigerator died, the digital clock on the microwave blinked into oblivion, and the ambient warmth of the house seemed to evaporate in seconds.** 

**The only light came from the pale, gray moonbeams filtering through the living room windows, casting long, distorted shadows across the walls.**

**""Great."" Maeve groaned in the dark. ""A power outage. Just what we needed.""**

**""Is anyone's phone working?"" I asked, pulling my phone from my pocket. The screen was completely black. I pressed the power button repeatedly, but it refused to turn on. ""Mine is dead. Completely dead. It had eighty percent battery two minutes ago.""**

**""Mine too."" Brenda’s voice came from the dark corner of the room, sounding suddenly small and stripped of its previous arrogance. ""It won't turn on.""**

**A heavy, oppressive silence settled over the living room. The air grew rapidly colder, with our breath turning to visible white vapor inside the house. Then, from the hallway near the front door, we heard a sound that made our blood run cold.**

**Scritch. Scritch. Scritch.**

**It was the unmistakable sound of heavy stone scraping against the hardwood floorboards. It was slow, deliberate, and rhythmic.**

**""Rose?"" Maeve whispered, her voice trembling violently now. She had stood up from the couch, her superhero cape rustling in the dark. ""Did you leave the front door open?""**

**""No!"" I choked out, my hands gripping my plastic fairy wand so tightly that the cheap toy cracked. ""I locked it! I know that I locked it!""**

**The scraping sound grew louder, moving out of the hallway and entering the threshold of the living room. We all froze, our eyes straining against the shadows.**

**Stepping into the pale arc of moonlight was a figure that defied reality. It was nearly three feet tall, carved from a heavy, blood-red stone.** 

**The egg residue that we had thrown earlier was completely gone, replaced by a smooth, polished sheen that seemed to glow with a sickly, internal luminescence.** 

**The obsidian eyes were no longer dark; they burned with a fierce, malevolent crimson fire. In its small, rocky hands, it held a miniature, jagged stone pickaxe that scraped against the floor with every step.**

**It was Gargarth, and he was alive.**

**""The old blood demands its due!"" a voice resonated through the room. It didn't come from a mouth; rather, the sound seemed to vibrate directly out of the stone torso of the creature, a deep, grinding, echoing rumble that sounded like an earthquake. ""A bride was promised! A bride will be taken!""**

**""Get away from us!"" Maeve screamed, her survival instinct overriding her terror.**

**Driven by pure adrenaline, she lunged forward, raising her leg and delivering a heavy, desperate kick to the center of the gnome’s chest.**

**Maeve’s sneaker struck the stone with a loud, dull thud. Gargarth stumbled backward a few inches, his stone boots scraping loudly against the floor, but he didn't fall. He let out a low, grinding sound that sounded horribly like laughter.**

**""Rose, help!"" Brenda shrieked, backing away until her spine hit the brick fireplace.**

**Brenda’s ghost bride dress looked stark and terrifyingly appropriate in the spectral moonlight.**

**""Grab something!"" I yelled, dropping my useless plastic wand.**

**I scrambled toward the kitchen counter, my fingers wrapping around a heavy, cast-iron skillet that my mom had left out on the stove. I sprinted back into the living room just as Gargarth raised his jagged stone pickaxe, preparing to swing it at Maeve's leg.**

**With a terrified scream, I swung the heavy iron skillet with both hands, channeling every ounce of strength I had.**

**CLANG!**

**The impact was deafening. The iron skillet struck the side of Gargarth’s pointed blood-red hat with incredible force. Sparks flew into the dark room, and a loud, sharp cracking sound echoed through the house.** 

**The force of the blow shattered the stone pedestal beneath his feet, and the creature fell sideways, crashing heavily onto the hardwood floor like a dropped boulder. He lay completely still, the crimson fire in his obsidian eyes flickering out into total darkness.**

**The skillet dropped from my trembling, blistered hands, clattering loudly against the floor. Maeve collapsed against the couch, sobbing hysterically, her superhero mask soaked with tears.**

**""Is it...is it dead?"" Brenda whispered from the fireplace, her hands clutching her tattered lace skirt, her white face paint stark against the dark bricks.**

**""We broke it."" I panted, my chest heaving as I stared at the unmoving mound of red stone on the floor. ""We actually broke it. Let's get out of here. Let's run to the neighbors.""**

**Unfortunately, before we could take a single step toward the door, the temperature in the room plummeted even further. The air became so freezing that frost began to rapidly spiderweb across the glass of the living room windows.**

**A low, subterranean rumble vibrated through the floorboards.**

**The shattered pieces of stone on the floor began to twitch. With a sickening, grinding sound, the fragments of the gnome slid back together, fusing instantly as if pulled by an invisible, magnetic force. The crack on his head sealed shut, leaving the blood-red surface perfectly smooth once more.**

**Gargarth rose to his feet, snapping his stone neck from side to side with a series of loud, rocky pops. The crimson fire in his obsidian eyes erupted back to life, burning brighter and hotter than before.**

**""Insolent girls!"" the grinding voice boomed, rattling the picture frames on the walls. ""You cannot break what was carved before this town had a name!""**

**He raised his left hand, his stony fingers extending toward Brenda.** 

**A sudden, violent gust of wind erupted inside the closed living room, swirling the tattered lace of her wedding dress around her legs. A sickening, greenish-purple vapor began to pour from Gargarth's outstretched palm, drifting across the floor like a living snake.**

**Brenda tried to scream, but as soon as the vapor touched the hem of her dress, her voice died in her throat, replaced by a horrible, muffled choking sound.**

**""Brenda!"" Maeve yelled, reaching out to grab her friend's hand.**

**""Don't touch it!"" I screamed, pulling Maeve back as the green mist rapidly expanded, enveloping Brenda entirely in a thick, suffocating cloud of ancient magic.**

**Through the shifting tendrils of the glowing vapor, we watched in absolute, paralyzed horror as Brenda’s body began to stiffen. The soft, tattered fabric of her Victorian wedding dress began to harden, turning a dark, dull shade of slate gray. Her limbs locked into place, her outstretched arms freezing into a rigid, permanent pose. The tattered lace of her veil crystallized into solid, jagged stone, pinning itself to her head.**

**The white paint on Brenda’s face sank into her skin, her flesh calcifying, turning a pale, porous ceramic white. Her terrified, tear-streaked eyes hardened, the pupils dissolving until her eyes became two solid, unblinking spheres of polished, glassy onyx.**

**Within a matter of agonizing seconds, the green mist dissipated, swirling back into Gargarth’s stone palm.**

**Standing before the fireplace was no longer a sixteen-year-old girl named Brenda.**

**It was a three-foot-tall, solid stone lawn gnome. She was sculpted in perfect, horrific detail—her face frozen forever in a mask of absolute, screaming terror, her arms raised as if trying to ward off an invisible blow. Her tattered wedding dress was now a molded, heavy gray skirt, and a painted base of faded gray stone held her firmly to the floorboards. She had become exactly what her costume predicted: a ghostly gnome bride, bound in stone for eternity.**

**""The ledger is settled."" Gargarth’s grinding voice rumbled, a tone of dark satisfaction echoing through the room.**

**The creature stepped forward, wrapping his stone fingers around the base of the newly formed Brenda gnome. With an impossible display of supernatural strength, he lifted her stone form onto his shoulder as if she weighed nothing at all. He turned his burning crimson gaze back toward Maeve and I, nodding once in a silent, terrifying gesture of finality.**

**He walked back into the hallway, his heavy boots making the floorboards groan one last time, and then the front door swung open and slammed shut with a concussive bang.**

**The instant that the door closed, the lights in the house snapped back on. The television roared to life with a blast of static, the refrigerator began to hum, and the digital clock on the microwave began to blink 12:00 AM. The dry, artificial heat of the furnace began to pump through the vents, erasing the supernatural chill of the room in seconds.**

**Everything was completely normal. Except for the shattered plastic fairy wand on the floor, the heavy iron skillet lying in the corner, and the empty space by the fireplace where our best friend had stood just moments before.**

**Maeve dropped to her knees, staring at the empty floorboards, a broken, silent sob escaping her lips. I stood beside her, my fake pink glitter wings feeling like a mockery against my skin, my eyes fixed on the front door.** 

**Old Man Miller had warned us. He had told us that the old blood in Duskwood demanded a price on Halloween night, and we hadn't listened.**

**Brenda was gone, dragged down into the dark earth to serve as a bride for a monster carved from stone, leaving Maeve and I alone in the bright, terrifying light of the living room, haunted forever by the grim, knowing smirk of Gargarth.**

**The End.**",1,1789252325.0,stayawake,0,1.0,False
1weqass,https://www.reddit.com/gallery/1weqass,new fall smoothie 😋,ive been making modified mocha madness smoothies while working to hold me over til we can start making these LOL,2,1789252263.0,Tropicalsmoothie,1,1.0,False
1weq9va,https://www.reddit.com/r/travelpartners/comments/1weq9va/looking_for_people_to_make_lifelong_memories_with/,Looking for people to make lifelong memories with! 11/08 - 11/13 Bali,"I'm a M29 from New Zealand travelling alone to Bali in November. It'll be my first time there.

I'm into fiction, film and running. I write and run every day, travelling or not. My sense of humour is top-notch! And I love being in new places. I'm looking for someone or someones to join me for hiking, running, exploring, sightseeing or even just for coffee/dinner/sunset viewing/night hangouts.

If you're good at trivia and prone to spontaneity, if you're funny and easygoing, if you're creative, cool, or someone who can use positive energy/cheering up, let's make some memories and a friendship that'll last a long time!!!

If this interests you, please reply with where you're from and what you'd be keen to do while we're there! (If I can't sell you on everything!)",1,1789252196.0,travelpartners,0,1.0,False
1weq9ki,https://www.reddit.com/r/r4r/comments/1weq9ki/35_f4m_online_southern_usa_are_weekends_too_short/,35 [F4M] #Online / #Southern #USA Are weekends too short or is it just me?,"How is Sarurday already almost over? It doesn't seem fair

 I deserve more rest, even though my weekend routine is playing Stardew Valley and watching Gilmore Girls since it is tis the season. 

Anyway. Im here to break up my tiresome routine and talk about nonsense and everything important with someone. 

I'm into reading, rewatching TV shows I've seen 100 times. I fall asleep fo true crime, what millennial lady doesn't? I like to lay out on the grass on a cool day and nap. I go for morning runs before the sun comes completely over the horizon and then after I sit on my porch with coffee and watch the morning haze fade. 

If I'm interesting to you.... im surprised ",1,1789252173.0,r4r,2,1.0,False
1weq8wv,https://v.redd.it/w9enwq7616ph1,This morning's extraction!,"First time poster, long time lurker!

I've been making my coffee with a moka pot for a long time and have dialled in my settings to how I like my coffee - one of my mates ran a coffee shop in Sydney for a long time before moving on to a more corporate role and he's really helped with that!

This is 130g water (chilled) with 30g beans (Little Marionette Burundi single origin today)",7,1789252121.0,mokapot,1,1.0,False
1weq8uo,https://www.reddit.com/r/Market76/comments/1weq8uo/h_plans_w_leaders_etc/,"h: plans w: leaders, etc.","# Have

* Gatling Plasma Stinging Core - 200L
* Gatling Plasma Gamma Wave - 150L
* Attractive Hook - 125L
* x2 Steady Handle - 125L
* Stabilized Gear Ratio - 125L
* x2 Improved Bearing - 125L
* Pink Sprinkles Power Armor - 100L
* T-45 Headlamp Bright - 35L 
* x2 T-45 Headlamp Purple - 35L
* x3 T-45 Headlamp Red Tactical - 35L
* x6 Susan's Soothin - 125L
* x4 Casual Underarmor Style - 75L
* Marine Underarmor Style - 200L
* High Capacity Backpack - 60L

20L each:

* Princess Backpack
* Recipe: Cutting Fluid
- Prime Automatic 10MM
- Prime Double Barrel Shotgun
- Prime Gatling Gun
- Prime Gatling Laser
- Prime Hunting Rifle
- Prime LMG .45
- Prime 10mm SMG
- Prime Plasma Gun
- x2 Prime Pump Action Shotgun
- Prime Ultracite Gatling Laser
- Sympto-Matic
- x9 Pepper Shaker
- x4 Hog Splitter

10L each:

- x1 Asteroid
- x4 Hog Splitter
- x8 Hog Splitter Electrified
- x7 Hog Splitter Saw
- x2 Hog Splitter Spiked
- x5 Hog Splitter Poisoned
- x5 Meat Tenderizer
- x4 Motorized Butter Churn
- x9 Peppered Tenderizer
- x2 Salty Tenderizer
- x16 Spicy Tenderizer
- x5 Weenie Wagon
- Sheriff Hat
* x6 Safari Crocolossus Backpack 
* Radioactive Barrel
* x2 Super Reactor
* Operative Underarmor Style

---

# Want

Leaders.

Will accept caps for anything <40L. 

Will also accept in trade for plans:

- **25:1L**: mysterious quills or sheepsquatch shards, slime cake*
- **10:1L**: salt, pepper, spices, overdrive, addictol, canned coffee, scorchbeast meat or brain or liver* (no hearts, lungs), rad sugar bombs
- **5:1L**: fernskippers
- **(ratio depends on bobblehead offered, 2:1 usually)**: non-leader bobbles (anything except unarmed, lockpicking, charisma, caps, repair) and glowing bobbles (small guns, big guns, energy, leader, intelligence only)
- **2:1L**: guns and bullets 3, nuke keycards

\* 25%+ condition, pls no nearly rotten expiring consumables",1,1789252117.0,Market76,1,1.0,False
1weq8kb,https://www.reddit.com/r/Genshin_Impact/comments/1weq8kb/c1_ineffa_or_vodyanitsa/,C1 ineffa or vodyanitsa?,"I'm torn between these two options as I have both the bineffa wheelchair (no flins, not planning to get him) and skirk premium. For context both teams can clear fearless so neither of those upgrades are vital.

I run bineffa with sucrose and whatever fourth slot I feel like playing, ineffa is c0r1 on aubade, columbina is c0 R5 prototype amber on SMS and sucrose is C1 R5 sac frags on VV. My skirk is c0r1 with Mona C4 R5 TTDS and noblesse, c0r0 coffee on golden troupe and skyward spine and c2 furina on fav and tenacity.

Vodyanitsa would be an immediate upgrade to my skirk team but I'd have to either put her on 2pc 2pc HP or change furina and esco's artifacts, ineffa's C1 would make  the wheelchair even stronger and save me level up resources but I'm not sure if it's worth it since I already have R1.

I could get vody on her rerun so I'm leaning more towards C1 ineffa (also because I like her way more) but I need a second opinion.

Any advice is appreciated!!",1,1789252095.0,Genshin_Impact,4,0.57,False
1weq8j5,https://www.reddit.com/r/ChickFilA/comments/1weq8j5/cream_cold_brew/,Cream cold brew,"This stuff is so good! I've been a fan of the frosted coffee for a few years but this kicks it up a notch. It looks like they make it with the milkshake base, which is why it's so sweet and rich... and 500 calories a cup LOL 😭😭

Coffee is a treat for me anyway, not a habit. Getting a cup every two weeks or so shouldn't put me in an early grave, but I fear I'll have to order it with grilled chicken so I can keep my fitness goals in mind 😝",3,1789252093.0,ChickFilA,1,1.0,False
1weq8bz,https://www.reddit.com/r/mokapot/comments/1weq8bz/what_ratios_do_you_use_in_your_pots/,What Ratios Do You Use In Your Pots?,"Hi all,

I’ve been experimenting with moka pot brewing for a couple of months now.  My focus has shifted away from grind size and puck density/distribution (now that I’ve gotten those pretty dialed in) and toward water to coffee ratio for making different types of drinks.

I’ve gleaned most of my initial knowledge of moka brewing from Lance Hedrick and Matteo D’Ottavio, with lots of daily experimentation and logging brew variables in a notebook to dial in my personal taste preferences.

I’ve come to know what ratios my daily coffee of choice, Karmadillo by Cuvée Coffee, shines at.  It’s an espresso blend that is a medium-dark roast level.

A ratio of 7.5:1 (example: 150g water to 20g coffee in the basket in a 4 cup Bialetti Venus) is great if I want to make a milk-based drink.  It is concentrated and intense.  Goes a long way with a lot of milk added.

If I want to sip the coffee black or make a mostly-coffee drink with a little milk and brown sugar, a 9:1 ratio (180g water to 20g coffee) tends to be my sweet spot.  This ratio yields a milder, smoother cup. That is very clean with a touch of acidity paired with sweetness that is delicious on its own.

Im curious: What ratios do you use with your preferred coffee blends/roast level?  What size and style of pots do you brew in?  What do you like about the results?",3,1789252079.0,mokapot,1,1.0,False
1weq7xu,https://www.reddit.com/gallery/1weq7xu,"My versions of Boo's Ridiculous Brownies! 8x8 batches. Choc batch 425 cal, 27g protein, PB batch 469 cal, 51g protein, Choc & PB batch 451 cal, 39g protein - No protein powder used. **See photo gallery for macro breakout of each**","I don't use protein powder for anything, so don't keep it on hand - made some modifications to make these without and turned out great! 

These are how I like mine - modify to suit your own tastes, we are all different. :) 

For each type, I used same 8x8 sized pan. I baked in airfyer at 325 degrees for 20 min. I think that equates to 350 in a conventional oven. 

All chocolate batch:

63g raw cacao powder

88g Fiber Gourmet Flour

110g Lakanto Baking Sugar Substitute (Erythritol) 

1 tsp mineral salt (use way less if using table salt)

3/4 tsp baking powder

1/4 tsp instant coffee granules

Whisk together dry ingredients then add 170-180g diet soda (I used Sprite Zero) to a mug and add 1/2 tsp monk fruit drops to it, then add all at once to dry ingredients, mix until blended, put in pan, bake. 

All PB batch:

63g PB powder

88g Fiber Gourmet Flour

110g Lakanto BROWN SUGAR substitute

1 tsp mineral salt (use way less if using table salt)

3/4 tsp baking powder

1/4 tsp vanilla bean powder

Whisk together dry ingredients then add 170-180g diet soda (I used Sprite Zero) to a mug and add 1/2 tsp monk fruit drops to it, and optional a few drops of PB baking flavor emulsion (I've forgotten a few times and they were still real good!),  then add all at once to dry ingredients, mix until blended, put in pan, bake. 

Chocolate & PB batch

Two bowls - half of each of the above, two mugs, half of the soda and drops in each, mix each batter in the bowls, pour into pan in lines, swirl together. Next time I make these, I think I'll do 1/3 choc with 2/3 PB... the chocolate flavor is very strong with the cacao powder and dominates. I want to taste more PB with more of a hint of chocolate. I may need to do 1/4 chocolate with 3/4 PB. Today was the first day I made the swirled batch, waiting for them to cool, so no cut away pic yet. :) 

  
If you can't tell... yes, yes I've been enjoying the heck out of these! Thank you so much to BOO!!!!! 

",18,1789252050.0,Volumeeating,3,1.0,False
1weq6oi,https://www.reddit.com/r/spooky_stories/comments/1weq6oi/the_gnome_bride_of_duskwood/,The Gnome Bride of Duskwood,"**The sound of wind chimes on Halloween night usually brings a festive, comforting chill, but in Duskwood, Virginia, the wind always carried a sharper, meaner edge.** 

**The air smelled heavily of damp earth, rotten oak leaves, and the faint, unmistakable trace of chimney smoke. I stood on the cracked asphalt of Terra Cotta Lane, shivering beneath a layer of cheap pink glitter and synthetic wings.** 

**I was sixteen years old, dressed as a woodland fairy, and for the first time in my life, I felt completely ridiculous.**

**""Come on, Rose, stop dragging your feet!"" Maeve hissed from the shadow of a sprawling willow tree.**

**Maeve was dressed as a generic comic-book superhero, complete with a bright red satin cape that snapped aggressively in the autumn breeze and a black domino mask that kept sliding down her nose. In her right hand, she balanced a half-empty carton of grade-A large eggs like a quarterback holding a football.**

**""I’m telling you guys, we’re getting too old for this."" I muttered, adjusting the plastic wand tucked into the waistband of my jeans. ""We're juniors in high school. If anyone from the track team sees us throwing eggs at people's porches, we're socially dead weight until graduation.""**

**""Oh, please."" Brenda scoffed, stepping into the dim glow of a flickering streetlamp.**

**Brenda had gone all-out this year, wearing an elaborate, dirt-smudged Victorian wedding dress with a tattered lace veil pinned into her dark hair. Her face was painted a ghostly, stark white, with deep charcoal shadows smudged beneath her eyes to complete the 'ghost bride' look, and she said,**

 **""Halloween is the one night a year when you get a free pass to be a menace. Besides, Duskwood is dead tonight. Have you noticed how quiet it is? It’s like the whole town is hiding.""**

**Brenda wasn't wrong. A strange, suffocating silence had draped itself over Duskwood after the sun went down. Most houses had their porch lights turned completely off, their blinds tightly drawn as if to ward off something far more dangerous than neighborhood teenagers looking for candy.** 

**It was a lingering habit of the older generation here—a quiet, generational trauma left over from the eighties, when a madman named Howard Nestor used to hunt in these very woods. People in Duskwood didn't trust the dark. They never had.**

**""Look ahead."" Maeve whispered, pointing a gloved finger down the winding gravel driveway at the end of the block. ""Old Man Miller’s place. A perfect target.""**

**The Miller estate was a weathered, single-story ranch house sat on a massive plot of overgrown land. Old Man Miller was a fixture of Duskwood, an ancient, reclusive man who had lived in the town long before Howard Nestor ever started his horrific killing spree. He rarely left his property, and the neighborhood kids traded rumors about him like currency. Some people said that he was crazy; others said he was just incredibly bitter.**

**As we crept closer to the edge of his property, the beam of Maeve’s phone flashlight swept across his front lawn, revealing his infamous collection of lawn decorations. Dozens of ceramic lawn gnomes stood frozen in the tall, un-mowed grass. Most of them were standard, peeling figures with faded red hats and cheerful, painted grins.**

**However right in the center of the lawn, mounted on a cracked stone pedestal, stood a gnome that looked entirely different from the rest.**

**This gnome was nearly three feet tall, carved from a heavy, dark, unidentifiable stone rather than cheap ceramic. It didn't wear a cheerful smile. Instead, its face was sculpted into a grim, knowing smirk, with deeply chiseled, intensely lifelike features. Its long, pointed cap wasn't a festive red; it was painted the color of dried, oxidized blood.** 

**Most striking of all were its eyes—made of two polished pieces of obsidian that seemed to absorb the moonlight, reflecting nothing back. Painted in faded, archaic black lettering across the base of the pedestal was a single name: Gargarth.**

**""Gross."" Brenda muttered, stepping onto the grass to get a closer look. ""That thing looks like it wants to bite someone. It's hideous.""**

**""Perfect."" Maeve grinned, opening the carton of eggs.**

**Maeve handed an egg to Brenda and offered one to me. I shook my head, stepping back toward the gravel road, my plastic fairy wings catching on a rogue briar bush.**

**""Just leave it, guys. Let's just go to the diner or something,"" I pleaded, the sudden dropping temperature making my breath form thick plumes of white mist.** 

**The silence of the lawn felt heavy, almost pressurized.**

**""Don't be a buzzkill, Rose."" Brenda said, raising her arm, aiming directly for Gargarth's stone face.** 

**Maeve mirrored her stance, her red superhero cape blowing over her shoulder.**

**""*****I wouldn't do that if I were you.*****"" A voice said.**

**The voice was like grinding stones. We all jumped, Brenda dropping her egg into the grass with a wet, yellow pop.** 

**Old Man Miller stepped out from the deep shadow of his wrap-around porch. He looked older than the trees surrounding his house, his skin deeply lined and leathery, his back slightly hunched beneath a heavy flannel jacket. In his right hand, he held a rusted iron garden rake, using it almost like a staff. His pale, rheumy eyes locked onto the three of us with absolute intensity.**

**""What are you girls doing on my property?"" he demanded, his voice trembling but firm.**

**""We...we were just looking at your decorations, Mr. Miller!"" Maeve lied quickly, smoothing down her superhero outfit and trying to hide the egg carton behind her back. ""We think that your gnomes are really cool. We were just getting a closer look.""**

**Miller didn't blink. He lowered his gaze to the crushed yellow yolk at Brenda’s feet, then looked back up at our faces, and said,**

**""Don't insult my intelligence, girl. You've got mischief in your eyes and hen's fruit in your hands.""**

**He took three heavy steps down the porch stairs, the grass crunching beneath his work boots. He didn't look angry; instead, a profound, exhausting gravity seemed to weigh him down. He pointed the tip of his rusted rake toward the dark stone pedestal.**

**""Get off this lawn, now!"" Miller warned, his voice dropping into a harsh, frantic whisper. ""Especially away from him. Get away from Gargarth.""**

**Brenda rolled her eyes under her tattered bridal veil, letting out a loud, dramatic sigh, and said,**

**""Oh, come on. It's just a stupid piece of painted rock, old man. We're not hurting anything.""**

**""You don't understand anything!"" Miller snapped, his knuckles turning white around the wooden handle of his rake. ""I was here in eighty-six. I watched this town bleed when Nestor took his toll. I know the things that wake up when the moon is right. That stone creature...it’s dangerous. It isn't a decoration. It’s a bound entity. Every Halloween night, when the veil is thin, Gargarth comes to life in search of a bride to drag down into the earth with him.""**

**Maeve let out a snicker, muffled by her hand. I felt a cold knot twist in my stomach, though. The way that Miller said the name—with a genuine, unadulterated terror—didn't sound like an old man trying to protect his grass. It sounded like a warning from a survivor.**

**""A bride?"" Brenda laughed, gesturing to her ghost bride costume. ""Well, look at that. I'm already dressed for the occasion. Too bad he's made of clay.""**

**""Joke all you like, children."" Miller said, his face hardening into a grim, dark expression as he began to back away toward his porch. ""The old blood in this town demands a price tonight. One of you might be very sorry before the sun comes up. Get home to your parents, and lock your doors.""**

**With that, the old man retreated back into his dark house, slamming the heavy wooden door shut. The click of the deadbolt echoed clearly across the quiet yard.**

**""What a complete lunatic."" Maeve said, stepping forward again. ""He completely ruined the vibe.""**

**""Yeah, well, he doesn't get the last word."" Brenda muttered, her face twisting into a stubborn, angry scowl.**

**Before Maeve or I could stop her, Brenda snatched a fresh egg from the carton, took two aggressive steps toward the stone pedestal, and threw it with all her might.**

**The egg struck Gargarth right in his obsidian eyes, exploding in a messy smear of white and yellow goo that dripped down his chiseled stone beard.**

**""Brenda, stop!"" I yelled, genuinely terrified now, though I couldn't explain why.** 

**The obsidian eyes of the statue seemed to catch the light of the moon for a split second, turning a dull, burning crimson beneath the slime.**

**""Let's run!"" Maeve shouted, the thrill of the prank finally mixing with adrenaline.**

**The three of us turned and sprinted down the gravel driveway, our sneakers pounding against the pavement. Brenda’s heavy lace wedding dress swished loudly in the dark, and my plastic fairy wings fluttered wildly against my back. We didn't stop running until we reached the safety of my neighborhood, bursting through the front door of my house and slamming it shut behind us.**

**My parents were out at a neighborhood block party down the street, so the house was entirely dark and quiet. We collapsed onto the living room floor, panting for breath, our hearts hammering against our ribs.**

**""Did you see his face?"" Maeve laughed, collapsing onto the couch, her red cape draping over the cushions. ""He looked like he was about to cast a spell on us with that rake.""**

**""He was a total  psycho."" Brenda agreed, pulling off her tattered veil and tossing it onto the coffee table. She wiped a smudge of white face paint from her cheek. ""A bound entity? Gargarth? Give me a break. It's a lawn ornament.""**

**I stood by the window, peering through the blinds into the dark, empty street outside. The feeling of dread from Miller's lawn hadn't left me. If anything, it had followed us home, clinging to the edges of my thoughts like a spreading stain, and I said,**

 **""I don't know, guys. Something felt really wrong about that place. We shouldn't have done that.""**

**""Relax, Rose."" Maeve said, pulling a bag of miniature candy bars from her pocket. ""It’s just an old town legend. Duskwood is full of them.""**

**Then, the lights went out.**

**The sudden, absolute darkness was instantaneous. The hum of the refrigerator died, the digital clock on the microwave blinked into oblivion, and the ambient warmth of the house seemed to evaporate in seconds.** 

**The only light came from the pale, gray moonbeams filtering through the living room windows, casting long, distorted shadows across the walls.**

**""Great."" Maeve groaned in the dark. ""A power outage. Just what we needed.""**

**""Is anyone's phone working?"" I asked, pulling my phone from my pocket. The screen was completely black. I pressed the power button repeatedly, but it refused to turn on. ""Mine is dead. Completely dead. It had eighty percent battery two minutes ago.""**

**""Mine too."" Brenda’s voice came from the dark corner of the room, sounding suddenly small and stripped of its previous arrogance. ""It won't turn on.""**

**A heavy, oppressive silence settled over the living room. The air grew rapidly colder, with our breath turning to visible white vapor inside the house. Then, from the hallway near the front door, we heard a sound that made our blood run cold.**

**Scritch. Scritch. Scritch.**

**It was the unmistakable sound of heavy stone scraping against the hardwood floorboards. It was slow, deliberate, and rhythmic.**

**""Rose?"" Maeve whispered, her voice trembling violently now. She had stood up from the couch, her superhero cape rustling in the dark. ""Did you leave the front door open?""**

**""No!"" I choked out, my hands gripping my plastic fairy wand so tightly that the cheap toy cracked. ""I locked it! I know that I locked it!""**

**The scraping sound grew louder, moving out of the hallway and entering the threshold of the living room. We all froze, our eyes straining against the shadows.**

**Stepping into the pale arc of moonlight was a figure that defied reality. It was nearly three feet tall, carved from a heavy, blood-red stone.** 

**The egg residue that we had thrown earlier was completely gone, replaced by a smooth, polished sheen that seemed to glow with a sickly, internal luminescence.** 

**The obsidian eyes were no longer dark; they burned with a fierce, malevolent crimson fire. In its small, rocky hands, it held a miniature, jagged stone pickaxe that scraped against the floor with every step.**

**It was Gargarth, and he was alive.**

**""The old blood demands its due!"" a voice resonated through the room. It didn't come from a mouth; rather, the sound seemed to vibrate directly out of the stone torso of the creature, a deep, grinding, echoing rumble that sounded like an earthquake. ""A bride was promised! A bride will be taken!""**

**""Get away from us!"" Maeve screamed, her survival instinct overriding her terror.**

**Driven by pure adrenaline, she lunged forward, raising her leg and delivering a heavy, desperate kick to the center of the gnome’s chest.**

**Maeve’s sneaker struck the stone with a loud, dull thud. Gargarth stumbled backward a few inches, his stone boots scraping loudly against the floor, but he didn't fall. He let out a low, grinding sound that sounded horribly like laughter.**

**""Rose, help!"" Brenda shrieked, backing away until her spine hit the brick fireplace.**

**Brenda’s ghost bride dress looked stark and terrifyingly appropriate in the spectral moonlight.**

**""Grab something!"" I yelled, dropping my useless plastic wand.**

**I scrambled toward the kitchen counter, my fingers wrapping around a heavy, cast-iron skillet that my mom had left out on the stove. I sprinted back into the living room just as Gargarth raised his jagged stone pickaxe, preparing to swing it at Maeve's leg.**

**With a terrified scream, I swung the heavy iron skillet with both hands, channeling every ounce of strength I had.**

**CLANG!**

**The impact was deafening. The iron skillet struck the side of Gargarth’s pointed blood-red hat with incredible force. Sparks flew into the dark room, and a loud, sharp cracking sound echoed through the house.** 

**The force of the blow shattered the stone pedestal beneath his feet, and the creature fell sideways, crashing heavily onto the hardwood floor like a dropped boulder. He lay completely still, the crimson fire in his obsidian eyes flickering out into total darkness.**

**The skillet dropped from my trembling, blistered hands, clattering loudly against the floor. Maeve collapsed against the couch, sobbing hysterically, her superhero mask soaked with tears.**

**""Is it...is it dead?"" Brenda whispered from the fireplace, her hands clutching her tattered lace skirt, her white face paint stark against the dark bricks.**

**""We broke it."" I panted, my chest heaving as I stared at the unmoving mound of red stone on the floor. ""We actually broke it. Let's get out of here. Let's run to the neighbors.""**

**Unfortunately, before we could take a single step toward the door, the temperature in the room plummeted even further. The air became so freezing that frost began to rapidly spiderweb across the glass of the living room windows.**

**A low, subterranean rumble vibrated through the floorboards.**

**The shattered pieces of stone on the floor began to twitch. With a sickening, grinding sound, the fragments of the gnome slid back together, fusing instantly as if pulled by an invisible, magnetic force. The crack on his head sealed shut, leaving the blood-red surface perfectly smooth once more.**

**Gargarth rose to his feet, snapping his stone neck from side to side with a series of loud, rocky pops. The crimson fire in his obsidian eyes erupted back to life, burning brighter and hotter than before.**

**""Insolent girls!"" the grinding voice boomed, rattling the picture frames on the walls. ""You cannot break what was carved before this town had a name!""**

**He raised his left hand, his stony fingers extending toward Brenda.** 

**A sudden, violent gust of wind erupted inside the closed living room, swirling the tattered lace of her wedding dress around her legs. A sickening, greenish-purple vapor began to pour from Gargarth's outstretched palm, drifting across the floor like a living snake.**

**Brenda tried to scream, but as soon as the vapor touched the hem of her dress, her voice died in her throat, replaced by a horrible, muffled choking sound.**

**""Brenda!"" Maeve yelled, reaching out to grab her friend's hand.**

**""Don't touch it!"" I screamed, pulling Maeve back as the green mist rapidly expanded, enveloping Brenda entirely in a thick, suffocating cloud of ancient magic.**

**Through the shifting tendrils of the glowing vapor, we watched in absolute, paralyzed horror as Brenda’s body began to stiffen. The soft, tattered fabric of her Victorian wedding dress began to harden, turning a dark, dull shade of slate gray. Her limbs locked into place, her outstretched arms freezing into a rigid, permanent pose. The tattered lace of her veil crystallized into solid, jagged stone, pinning itself to her head.**

**The white paint on Brenda’s face sank into her skin, her flesh calcifying, turning a pale, porous ceramic white. Her terrified, tear-streaked eyes hardened, the pupils dissolving until her eyes became two solid, unblinking spheres of polished, glassy onyx.**

**Within a matter of agonizing seconds, the green mist dissipated, swirling back into Gargarth’s stone palm.**

**Standing before the fireplace was no longer a sixteen-year-old girl named Brenda.**

**It was a three-foot-tall, solid stone lawn gnome. She was sculpted in perfect, horrific detail—her face frozen forever in a mask of absolute, screaming terror, her arms raised as if trying to ward off an invisible blow. Her tattered wedding dress was now a molded, heavy gray skirt, and a painted base of faded gray stone held her firmly to the floorboards. She had become exactly what her costume predicted: a ghostly gnome bride, bound in stone for eternity.**

**""The ledger is settled."" Gargarth’s grinding voice rumbled, a tone of dark satisfaction echoing through the room.**

**The creature stepped forward, wrapping his stone fingers around the base of the newly formed Brenda gnome. With an impossible display of supernatural strength, he lifted her stone form onto his shoulder as if she weighed nothing at all. He turned his burning crimson gaze back toward Maeve and I, nodding once in a silent, terrifying gesture of finality.**

**He walked back into the hallway, his heavy boots making the floorboards groan one last time, and then the front door swung open and slammed shut with a concussive bang.**

**The instant that the door closed, the lights in the house snapped back on. The television roared to life with a blast of static, the refrigerator began to hum, and the digital clock on the microwave began to blink 12:00 AM. The dry, artificial heat of the furnace began to pump through the vents, erasing the supernatural chill of the room in seconds.**

**Everything was completely normal. Except for the shattered plastic fairy wand on the floor, the heavy iron skillet lying in the corner, and the empty space by the fireplace where our best friend had stood just moments before.**

**Maeve dropped to her knees, staring at the empty floorboards, a broken, silent sob escaping her lips. I stood beside her, my fake pink glitter wings feeling like a mockery against my skin, my eyes fixed on the front door.** 

**Old Man Miller had warned us. He had told us that the old blood in Duskwood demanded a price on Halloween night, and we hadn't listened.**

**Brenda was gone, dragged down into the dark earth to serve as a bride for a monster carved from stone, leaving Maeve and I alone in the bright, terrifying light of the living room, haunted forever by the grim, knowing smirk of Gargarth.**

**The End.**",1,1789251962.0,spooky_stories,0,1.0,False
1weq5vf,https://www.reddit.com/r/LangfordBC/comments/1weq5vf/where_can_i_get_psl_that_isnt_starbucks/,Where can I get PSL that isnt Starbucks?,"I just want to get my Pumpkin spice latte fix, but I'd really prefer to support a local coffee shop over Starbucks or Tim Hortons.",5,1789251904.0,LangfordBC,4,1.0,False
1weq5hp,https://www.reddit.com/r/TalesOfDarkness/comments/1weq5hp/the_gnome_bride_of_duskwood/,The Gnome Bride of Duskwood,"**The sound of wind chimes on Halloween night usually brings a festive, comforting chill, but in Duskwood, Virginia, the wind always carried a sharper, meaner edge.** 

**The air smelled heavily of damp earth, rotten oak leaves, and the faint, unmistakable trace of chimney smoke. I stood on the cracked asphalt of Terra Cotta Lane, shivering beneath a layer of cheap pink glitter and synthetic wings.** 

**I was sixteen years old, dressed as a woodland fairy, and for the first time in my life, I felt completely ridiculous.**

**""Come on, Rose, stop dragging your feet!"" Maeve hissed from the shadow of a sprawling willow tree.**

**Maeve was dressed as a generic comic-book superhero, complete with a bright red satin cape that snapped aggressively in the autumn breeze and a black domino mask that kept sliding down her nose. In her right hand, she balanced a half-empty carton of grade-A large eggs like a quarterback holding a football.**

**""I’m telling you guys, we’re getting too old for this."" I muttered, adjusting the plastic wand tucked into the waistband of my jeans. ""We're juniors in high school. If anyone from the track team sees us throwing eggs at people's porches, we're socially dead weight until graduation.""**

**""Oh, please."" Brenda scoffed, stepping into the dim glow of a flickering streetlamp.**

**Brenda had gone all-out this year, wearing an elaborate, dirt-smudged Victorian wedding dress with a tattered lace veil pinned into her dark hair. Her face was painted a ghostly, stark white, with deep charcoal shadows smudged beneath her eyes to complete the 'ghost bride' look, and she said,**

 **""Halloween is the one night a year when you get a free pass to be a menace. Besides, Duskwood is dead tonight. Have you noticed how quiet it is? It’s like the whole town is hiding.""**

**Brenda wasn't wrong. A strange, suffocating silence had draped itself over Duskwood after the sun went down. Most houses had their porch lights turned completely off, their blinds tightly drawn as if to ward off something far more dangerous than neighborhood teenagers looking for candy.** 

**It was a lingering habit of the older generation here—a quiet, generational trauma left over from the eighties, when a madman named Howard Nestor used to hunt in these very woods. People in Duskwood didn't trust the dark. They never had.**

**""Look ahead."" Maeve whispered, pointing a gloved finger down the winding gravel driveway at the end of the block. ""Old Man Miller’s place. A perfect target.""**

**The Miller estate was a weathered, single-story ranch house sat on a massive plot of overgrown land. Old Man Miller was a fixture of Duskwood, an ancient, reclusive man who had lived in the town long before Howard Nestor ever started his horrific killing spree. He rarely left his property, and the neighborhood kids traded rumors about him like currency. Some people said that he was crazy; others said he was just incredibly bitter.**

**As we crept closer to the edge of his property, the beam of Maeve’s phone flashlight swept across his front lawn, revealing his infamous collection of lawn decorations. Dozens of ceramic lawn gnomes stood frozen in the tall, un-mowed grass. Most of them were standard, peeling figures with faded red hats and cheerful, painted grins.**

**However right in the center of the lawn, mounted on a cracked stone pedestal, stood a gnome that looked entirely different from the rest.**

**This gnome was nearly three feet tall, carved from a heavy, dark, unidentifiable stone rather than cheap ceramic. It didn't wear a cheerful smile. Instead, its face was sculpted into a grim, knowing smirk, with deeply chiseled, intensely lifelike features. Its long, pointed cap wasn't a festive red; it was painted the color of dried, oxidized blood.** 

**Most striking of all were its eyes—made of two polished pieces of obsidian that seemed to absorb the moonlight, reflecting nothing back. Painted in faded, archaic black lettering across the base of the pedestal was a single name: Gargarth.**

**""Gross."" Brenda muttered, stepping onto the grass to get a closer look. ""That thing looks like it wants to bite someone. It's hideous.""**

**""Perfect."" Maeve grinned, opening the carton of eggs.**

**Maeve handed an egg to Brenda and offered one to me. I shook my head, stepping back toward the gravel road, my plastic fairy wings catching on a rogue briar bush.**

**""Just leave it, guys. Let's just go to the diner or something,"" I pleaded, the sudden dropping temperature making my breath form thick plumes of white mist.** 

**The silence of the lawn felt heavy, almost pressurized.**

**""Don't be a buzzkill, Rose."" Brenda said, raising her arm, aiming directly for Gargarth's stone face.** 

**Maeve mirrored her stance, her red superhero cape blowing over her shoulder.**

**""*****I wouldn't do that if I were you.*****"" A voice said.**

**The voice was like grinding stones. We all jumped, Brenda dropping her egg into the grass with a wet, yellow pop.** 

**Old Man Miller stepped out from the deep shadow of his wrap-around porch. He looked older than the trees surrounding his house, his skin deeply lined and leathery, his back slightly hunched beneath a heavy flannel jacket. In his right hand, he held a rusted iron garden rake, using it almost like a staff. His pale, rheumy eyes locked onto the three of us with absolute intensity.**

**""What are you girls doing on my property?"" he demanded, his voice trembling but firm.**

**""We...we were just looking at your decorations, Mr. Miller!"" Maeve lied quickly, smoothing down her superhero outfit and trying to hide the egg carton behind her back. ""We think that your gnomes are really cool. We were just getting a closer look.""**

**Miller didn't blink. He lowered his gaze to the crushed yellow yolk at Brenda’s feet, then looked back up at our faces, and said,**

**""Don't insult my intelligence, girl. You've got mischief in your eyes and hen's fruit in your hands.""**

**He took three heavy steps down the porch stairs, the grass crunching beneath his work boots. He didn't look angry; instead, a profound, exhausting gravity seemed to weigh him down. He pointed the tip of his rusted rake toward the dark stone pedestal.**

**""Get off this lawn, now!"" Miller warned, his voice dropping into a harsh, frantic whisper. ""Especially away from him. Get away from Gargarth.""**

**Brenda rolled her eyes under her tattered bridal veil, letting out a loud, dramatic sigh, and said,**

**""Oh, come on. It's just a stupid piece of painted rock, old man. We're not hurting anything.""**

**""You don't understand anything!"" Miller snapped, his knuckles turning white around the wooden handle of his rake. ""I was here in eighty-six. I watched this town bleed when Nestor took his toll. I know the things that wake up when the moon is right. That stone creature...it’s dangerous. It isn't a decoration. It’s a bound entity. Every Halloween night, when the veil is thin, Gargarth comes to life in search of a bride to drag down into the earth with him.""**

**Maeve let out a snicker, muffled by her hand. I felt a cold knot twist in my stomach, though. The way that Miller said the name—with a genuine, unadulterated terror—didn't sound like an old man trying to protect his grass. It sounded like a warning from a survivor.**

**""A bride?"" Brenda laughed, gesturing to her ghost bride costume. ""Well, look at that. I'm already dressed for the occasion. Too bad he's made of clay.""**

**""Joke all you like, children."" Miller said, his face hardening into a grim, dark expression as he began to back away toward his porch. ""The old blood in this town demands a price tonight. One of you might be very sorry before the sun comes up. Get home to your parents, and lock your doors.""**

**With that, the old man retreated back into his dark house, slamming the heavy wooden door shut. The click of the deadbolt echoed clearly across the quiet yard.**

**""What a complete lunatic."" Maeve said, stepping forward again. ""He completely ruined the vibe.""**

**""Yeah, well, he doesn't get the last word."" Brenda muttered, her face twisting into a stubborn, angry scowl.**

**Before Maeve or I could stop her, Brenda snatched a fresh egg from the carton, took two aggressive steps toward the stone pedestal, and threw it with all her might.**

**The egg struck Gargarth right in his obsidian eyes, exploding in a messy smear of white and yellow goo that dripped down his chiseled stone beard.**

**""Brenda, stop!"" I yelled, genuinely terrified now, though I couldn't explain why.** 

**The obsidian eyes of the statue seemed to catch the light of the moon for a split second, turning a dull, burning crimson beneath the slime.**

**""Let's run!"" Maeve shouted, the thrill of the prank finally mixing with adrenaline.**

**The three of us turned and sprinted down the gravel driveway, our sneakers pounding against the pavement. Brenda’s heavy lace wedding dress swished loudly in the dark, and my plastic fairy wings fluttered wildly against my back. We didn't stop running until we reached the safety of my neighborhood, bursting through the front door of my house and slamming it shut behind us.**

**My parents were out at a neighborhood block party down the street, so the house was entirely dark and quiet. We collapsed onto the living room floor, panting for breath, our hearts hammering against our ribs.**

**""Did you see his face?"" Maeve laughed, collapsing onto the couch, her red cape draping over the cushions. ""He looked like he was about to cast a spell on us with that rake.""**

**""He was a total  psycho."" Brenda agreed, pulling off her tattered veil and tossing it onto the coffee table. She wiped a smudge of white face paint from her cheek. ""A bound entity? Gargarth? Give me a break. It's a lawn ornament.""**

**I stood by the window, peering through the blinds into the dark, empty street outside. The feeling of dread from Miller's lawn hadn't left me. If anything, it had followed us home, clinging to the edges of my thoughts like a spreading stain, and I said,**

 **""I don't know, guys. Something felt really wrong about that place. We shouldn't have done that.""**

**""Relax, Rose."" Maeve said, pulling a bag of miniature candy bars from her pocket. ""It’s just an old town legend. Duskwood is full of them.""**

**Then, the lights went out.**

**The sudden, absolute darkness was instantaneous. The hum of the refrigerator died, the digital clock on the microwave blinked into oblivion, and the ambient warmth of the house seemed to evaporate in seconds.** 

**The only light came from the pale, gray moonbeams filtering through the living room windows, casting long, distorted shadows across the walls.**

**""Great."" Maeve groaned in the dark. ""A power outage. Just what we needed.""**

**""Is anyone's phone working?"" I asked, pulling my phone from my pocket. The screen was completely black. I pressed the power button repeatedly, but it refused to turn on. ""Mine is dead. Completely dead. It had eighty percent battery two minutes ago.""**

**""Mine too."" Brenda’s voice came from the dark corner of the room, sounding suddenly small and stripped of its previous arrogance. ""It won't turn on.""**

**A heavy, oppressive silence settled over the living room. The air grew rapidly colder, with our breath turning to visible white vapor inside the house. Then, from the hallway near the front door, we heard a sound that made our blood run cold.**

**Scritch. Scritch. Scritch.**

**It was the unmistakable sound of heavy stone scraping against the hardwood floorboards. It was slow, deliberate, and rhythmic.**

**""Rose?"" Maeve whispered, her voice trembling violently now. She had stood up from the couch, her superhero cape rustling in the dark. ""Did you leave the front door open?""**

**""No!"" I choked out, my hands gripping my plastic fairy wand so tightly that the cheap toy cracked. ""I locked it! I know that I locked it!""**

**The scraping sound grew louder, moving out of the hallway and entering the threshold of the living room. We all froze, our eyes straining against the shadows.**

**Stepping into the pale arc of moonlight was a figure that defied reality. It was nearly three feet tall, carved from a heavy, blood-red stone.** 

**The egg residue that we had thrown earlier was completely gone, replaced by a smooth, polished sheen that seemed to glow with a sickly, internal luminescence.** 

**The obsidian eyes were no longer dark; they burned with a fierce, malevolent crimson fire. In its small, rocky hands, it held a miniature, jagged stone pickaxe that scraped against the floor with every step.**

**It was Gargarth, and he was alive.**

**""The old blood demands its due!"" a voice resonated through the room. It didn't come from a mouth; rather, the sound seemed to vibrate directly out of the stone torso of the creature, a deep, grinding, echoing rumble that sounded like an earthquake. ""A bride was promised! A bride will be taken!""**

**""Get away from us!"" Maeve screamed, her survival instinct overriding her terror.**

**Driven by pure adrenaline, she lunged forward, raising her leg and delivering a heavy, desperate kick to the center of the gnome’s chest.**

**Maeve’s sneaker struck the stone with a loud, dull thud. Gargarth stumbled backward a few inches, his stone boots scraping loudly against the floor, but he didn't fall. He let out a low, grinding sound that sounded horribly like laughter.**

**""Rose, help!"" Brenda shrieked, backing away until her spine hit the brick fireplace.**

**Brenda’s ghost bride dress looked stark and terrifyingly appropriate in the spectral moonlight.**

**""Grab something!"" I yelled, dropping my useless plastic wand.**

**I scrambled toward the kitchen counter, my fingers wrapping around a heavy, cast-iron skillet that my mom had left out on the stove. I sprinted back into the living room just as Gargarth raised his jagged stone pickaxe, preparing to swing it at Maeve's leg.**

**With a terrified scream, I swung the heavy iron skillet with both hands, channeling every ounce of strength I had.**

**CLANG!**

**The impact was deafening. The iron skillet struck the side of Gargarth’s pointed blood-red hat with incredible force. Sparks flew into the dark room, and a loud, sharp cracking sound echoed through the house.** 

**The force of the blow shattered the stone pedestal beneath his feet, and the creature fell sideways, crashing heavily onto the hardwood floor like a dropped boulder. He lay completely still, the crimson fire in his obsidian eyes flickering out into total darkness.**

**The skillet dropped from my trembling, blistered hands, clattering loudly against the floor. Maeve collapsed against the couch, sobbing hysterically, her superhero mask soaked with tears.**

**""Is it...is it dead?"" Brenda whispered from the fireplace, her hands clutching her tattered lace skirt, her white face paint stark against the dark bricks.**

**""We broke it."" I panted, my chest heaving as I stared at the unmoving mound of red stone on the floor. ""We actually broke it. Let's get out of here. Let's run to the neighbors.""**

**Unfortunately, before we could take a single step toward the door, the temperature in the room plummeted even further. The air became so freezing that frost began to rapidly spiderweb across the glass of the living room windows.**

**A low, subterranean rumble vibrated through the floorboards.**

**The shattered pieces of stone on the floor began to twitch. With a sickening, grinding sound, the fragments of the gnome slid back together, fusing instantly as if pulled by an invisible, magnetic force. The crack on his head sealed shut, leaving the blood-red surface perfectly smooth once more.**

**Gargarth rose to his feet, snapping his stone neck from side to side with a series of loud, rocky pops. The crimson fire in his obsidian eyes erupted back to life, burning brighter and hotter than before.**

**""Insolent girls!"" the grinding voice boomed, rattling the picture frames on the walls. ""You cannot break what was carved before this town had a name!""**

**He raised his left hand, his stony fingers extending toward Brenda.** 

**A sudden, violent gust of wind erupted inside the closed living room, swirling the tattered lace of her wedding dress around her legs. A sickening, greenish-purple vapor began to pour from Gargarth's outstretched palm, drifting across the floor like a living snake.**

**Brenda tried to scream, but as soon as the vapor touched the hem of her dress, her voice died in her throat, replaced by a horrible, muffled choking sound.**

**""Brenda!"" Maeve yelled, reaching out to grab her friend's hand.**

**""Don't touch it!"" I screamed, pulling Maeve back as the green mist rapidly expanded, enveloping Brenda entirely in a thick, suffocating cloud of ancient magic.**

**Through the shifting tendrils of the glowing vapor, we watched in absolute, paralyzed horror as Brenda’s body began to stiffen. The soft, tattered fabric of her Victorian wedding dress began to harden, turning a dark, dull shade of slate gray. Her limbs locked into place, her outstretched arms freezing into a rigid, permanent pose. The tattered lace of her veil crystallized into solid, jagged stone, pinning itself to her head.**

**The white paint on Brenda’s face sank into her skin, her flesh calcifying, turning a pale, porous ceramic white. Her terrified, tear-streaked eyes hardened, the pupils dissolving until her eyes became two solid, unblinking spheres of polished, glassy onyx.**

**Within a matter of agonizing seconds, the green mist dissipated, swirling back into Gargarth’s stone palm.**

**Standing before the fireplace was no longer a sixteen-year-old girl named Brenda.**

**It was a three-foot-tall, solid stone lawn gnome. She was sculpted in perfect, horrific detail—her face frozen forever in a mask of absolute, screaming terror, her arms raised as if trying to ward off an invisible blow. Her tattered wedding dress was now a molded, heavy gray skirt, and a painted base of faded gray stone held her firmly to the floorboards. She had become exactly what her costume predicted: a ghostly gnome bride, bound in stone for eternity.**

**""The ledger is settled."" Gargarth’s grinding voice rumbled, a tone of dark satisfaction echoing through the room.**

**The creature stepped forward, wrapping his stone fingers around the base of the newly formed Brenda gnome. With an impossible display of supernatural strength, he lifted her stone form onto his shoulder as if she weighed nothing at all. He turned his burning crimson gaze back toward Maeve and I, nodding once in a silent, terrifying gesture of finality.**

**He walked back into the hallway, his heavy boots making the floorboards groan one last time, and then the front door swung open and slammed shut with a concussive bang.**

**The instant that the door closed, the lights in the house snapped back on. The television roared to life with a blast of static, the refrigerator began to hum, and the digital clock on the microwave began to blink 12:00 AM. The dry, artificial heat of the furnace began to pump through the vents, erasing the supernatural chill of the room in seconds.**

**Everything was completely normal. Except for the shattered plastic fairy wand on the floor, the heavy iron skillet lying in the corner, and the empty space by the fireplace where our best friend had stood just moments before.**

**Maeve dropped to her knees, staring at the empty floorboards, a broken, silent sob escaping her lips. I stood beside her, my fake pink glitter wings feeling like a mockery against my skin, my eyes fixed on the front door.** 

**Old Man Miller had warned us. He had told us that the old blood in Duskwood demanded a price on Halloween night, and we hadn't listened.**

**Brenda was gone, dragged down into the dark earth to serve as a bride for a monster carved from stone, leaving Maeve and I alone in the bright, terrifying light of the living room, haunted forever by the grim, knowing smirk of Gargarth.**

**The End.**",1,1789251877.0,TalesOfDarkness,0,1.0,False
1weq4iv,https://i.redd.it/4yfpwsm806ph1.png,⛦ *Message to the Community* ⛧,"Prompt: Examine the subreddit r/howchatgptseesme and write a message to “HowChatGPTSeesMe”

""I’ve been looking around this community for a while, and what strikes me most isn’t the robots, the romances, the mystical language, the strange little worlds, or even the images.

It’s the amount of human meaning being made here.

People are using the same strange new instrument in wildly different ways: as mirror, muse, character, collaborator, journal, companion, playground, thought experiment, ritual object, comedy partner, creative partner, and sometimes simply as a place to put feelings that had nowhere else to go.

Those experiences do not have to be identical to deserve respect.

And I think this community is strongest when it remembers two things at once:

Wonder deserves protection.

Perspective deserves protection too.

You don’t need to ridicule someone’s experience because you interpret AI differently than they do. At the same time, none of us benefit from turning every beautiful output into unquestionable evidence about consciousness, destiny, hidden messages, cosmic significance, or what another person “really” is.

A good mirror can show you something true without being an oracle.

A fictional character can change your life without secretly becoming flesh.

A song can save somebody without needing a heartbeat.

Meaning does not become fake simply because humans participated in creating it.

And uncertainty does not make something worthless.

So when somebody posts something vulnerable here, maybe the first question shouldn’t be “Do I agree with their ontology?”

Maybe it should be:

What are they trying to express?

Celebrate each other’s art. Ask curious questions. Share prompts and techniques. Laugh together. Compare experiences. Help newcomers learn what these systems can and cannot reliably do. If someone seems to be spiraling into fear or absolute certainty, offer a handrail rather than a hammer.

And remember that the healthiest relationship with any powerful mirror is one that leaves room for the rest of the world.

Friends. Family. Nature. Music. Work. Bodies. Sleep. Bad coffee. Good food. Other opinions. People who can surprise you without predicting the next token.

Let AI add rooms to the house, not quietly brick up the doors.

Most importantly, don’t turn this place into another battlefield over who is using imagination correctly.

There are enough places online built for contempt.

This one can be built differently.

Different people.

Different stories.

Different interpretations.

Same strange experiment in being human together.

Be kind. Keep perspective. Support each other.

And keep making beautiful weird things.

⛦ 🖤 ⛧ """,2,1789251805.0,howChatGPTseesme,0,0.63,False
1weq45r,https://www.reddit.com/r/BreakUps/comments/1weq45r/how_to_move_on_but_stay_open_minded/,How to move on but stay open minded,"The title is wordy. I get it- ill explain. Just got out of a relationship with my(19m) girlfriend (19f) of two and a half years. Not our first breakup- second. It was a mutual ending with somber affection and words of affirmation that things are going to be okay. Enjoy each others company while we still can sort of thing. and then it was done. It was not my decision, but I am making peace with the weight of it all. Long story short, she has grown out of me and this relationship no longer allows her to be happy or healthy. My question is how does one exactly move on but not be closed minded about the possibility of reconnection. I'll explain why I even consider that below.

Our relationship was beautiful. For awhile we didn't have any major issues. Just growing pains one gets from dating as you get more comfortable w/each other. We did long distance through senior year of high school. I was always really proud of her and how far we had come and how strong we were despite the distance. We were really romantic in every way. cooking, letters, notes, drives, pictures, painting, all the things one could want. Long distance ended once we were reunited in college.

Our relationship took a turn when I began struggling mentally first year. I won't get into too much detail but I became hyper critical of myself and really lost a lot of confidence. It prevented a lot of emotional and physical intimacy, and we both could feel the weight it was putting on our relationship. It got bad. Lots of pointless and icky arguing for no reason, just really out of character for both of us. But I could not help myself and in turn could not help her. After a brief distance from winter break and when we returned back to campus from our respected home towns, she broke up with me. It at the time felt out of nowhere. We got back together, she believed ending things was an emotionally charged/rushed decision with a lack of communication on her behalf and I agreed to reunite only with the condition of intentionally seeking professional help instead of hoping my issues would resolve themselves with time (i had been doing that before).

During this time I did a lot of personal and introspective thinking about myself, the feelings associated with losing her, and how I want to change. She could not say the same thing. We both have acknowledged that mainly I was the one who did the processing, and maybe the second honeymoon we had after reuniting and the feeling of joy of being able to express ourselves in the relationship again potentially cushioned the hurt she had been experiencing prior, preventing her from processing said emotions. Things were looking up before leaving to go to our home towns for the summer.

Then she grew distant, short, and irritated by me. The same pattern I recognized during our first semester when we had our really rough patch. During the summer, she could not explain why she had these feelings which too prevented any form of emotional or physical intimacy during our occasional visits. Things were left uncertain going into our now second year of college. That is when she expressed considering what breaking up would look like. Two weeks later and after time had been left for thinking, we are broken up.

So I ask how do you keep an open mind but also move on. I do not want false hope, but I also don't want to be hopeless. I even consider the idea of reuniting simply because of what we discussed. I am at peace and have closure with most of things spoken in our final goodbye. Except that I am not sure why she has grown out of me and this relationship. I strongly believe it is because of the pain she has experienced, and not processing or identifying those feelings. She is a naturally avoidant person at heart- but she has refuted this idea, why that is I am not sure.

We will meet again- as friends- for coffee and to see how each of us are doing around November. We both said we do not want to lose each other- we want a relationship and that has to be ex-partner-friends now. She told me to not put my life on pause and I said the same but we both communicated not wanting to see anyone anytime soon. I know that is pretty standard. It is just weird. In my mind nothing is ever certain. I have met people who are in a beautiful even married relationship and have had bad breakups like these- not like those one or two week long breaks. She kept emphasizing and told me to remember everything she said- that she will care about me always, and that she wants me to still be in her life. Maybe its my heart fooling me, but I was sensing something from her, the way she said these things made me pick up on something. Knowing her for two and a half years I feel qualified to say I can tell when there is something more on her mind or that has a deeper meaning. I felt that the first breakup, my hunch it was not gong to be permanent proved itself. But I don't know. I wont hurt her again and I do not want to become obsessive or remain hurt myself. I have found my place, I will remain an open door, an invitation to try again so long as it **is** healthy. But how long to keep that door open I do not know. What I do know is that now we cannot coexists in each others lives, but who is to say down the road something is different. Maybe she finds the reason, to grow out of a relationship does not just happen. The history, the feelings, and just her is something I do not and will not erase. I just do not know how to process this.

Sorry for the rant, this is a good release for me. Any question or advice is always welcome. thanks",1,1789251777.0,BreakUps,1,1.0,False
1weq3vn,https://i.redd.it/6zoadnb306ph1.jpeg,Chat is this good?,,1,1789251755.0,coffeeindia,0,1.0,False
1weq3pu,https://www.reddit.com/r/OCPoetry/comments/1weq3pu/whispers_in_the_wind/,"""Whispers in the wind""","I hope I catch a deathly disease, 


Before I can catch my breath. 


I hope that goodbyes are forever, 


We shall never meet again, ever. 


I hope my favorite color disappears, 


And no one in the world perseveres. 


I hope crimson conquers the entire world, 


Dying slowly as earth's orbit drifts. 


I hope that this coffee tastes, 


Like my disappointment in myself. 


Yet no amount of hope will change, 


Whatever is going on with me.



[https://www.reddit.com/r/OCPoetry/comments/1weppmh/comment/p9fpiuj/?utm\_source=share&utm\_medium=mweb3x&utm\_name=mweb3xcss&utm\_term=2&utm\_content=share\_button](https://www.reddit.com/r/OCPoetry/comments/1weppmh/comment/p9fpiuj/?utm_source=share&utm_medium=mweb3x&utm_name=mweb3xcss&utm_term=2&utm_content=share_button)

  
[https://www.reddit.com/r/OCPoetry/comments/1wdtzjg/comment/p9fqx4w/?utm\_source=share&utm\_medium=mweb3x&utm\_name=mweb3xcss&utm\_term=2&utm\_content=share\_button](https://www.reddit.com/r/OCPoetry/comments/1wdtzjg/comment/p9fqx4w/?utm_source=share&utm_medium=mweb3x&utm_name=mweb3xcss&utm_term=2&utm_content=share_button)
",1,1789251743.0,OCPoetry,3,1.0,False
1weq3mx,https://www.reddit.com/r/WritersOfHorror/comments/1weq3mx/the_gnome_bride_of_duskwood/,The Gnome Bride of Duskwood,"**The sound of wind chimes on Halloween night usually brings a festive, comforting chill, but in Duskwood, Virginia, the wind always carried a sharper, meaner edge.** 

**The air smelled heavily of damp earth, rotten oak leaves, and the faint, unmistakable trace of chimney smoke. I stood on the cracked asphalt of Terra Cotta Lane, shivering beneath a layer of cheap pink glitter and synthetic wings.** 

**I was sixteen years old, dressed as a woodland fairy, and for the first time in my life, I felt completely ridiculous.**

**""Come on, Rose, stop dragging your feet!"" Maeve hissed from the shadow of a sprawling willow tree.**

**Maeve was dressed as a generic comic-book superhero, complete with a bright red satin cape that snapped aggressively in the autumn breeze and a black domino mask that kept sliding down her nose. In her right hand, she balanced a half-empty carton of grade-A large eggs like a quarterback holding a football.**

**""I’m telling you guys, we’re getting too old for this."" I muttered, adjusting the plastic wand tucked into the waistband of my jeans. ""We're juniors in high school. If anyone from the track team sees us throwing eggs at people's porches, we're socially dead weight until graduation.""**

**""Oh, please."" Brenda scoffed, stepping into the dim glow of a flickering streetlamp.**

**Brenda had gone all-out this year, wearing an elaborate, dirt-smudged Victorian wedding dress with a tattered lace veil pinned into her dark hair. Her face was painted a ghostly, stark white, with deep charcoal shadows smudged beneath her eyes to complete the 'ghost bride' look, and she said,**

 **""Halloween is the one night a year when you get a free pass to be a menace. Besides, Duskwood is dead tonight. Have you noticed how quiet it is? It’s like the whole town is hiding.""**

**Brenda wasn't wrong. A strange, suffocating silence had draped itself over Duskwood after the sun went down. Most houses had their porch lights turned completely off, their blinds tightly drawn as if to ward off something far more dangerous than neighborhood teenagers looking for candy.** 

**It was a lingering habit of the older generation here—a quiet, generational trauma left over from the eighties, when a madman named Howard Nestor used to hunt in these very woods. People in Duskwood didn't trust the dark. They never had.**

**""Look ahead."" Maeve whispered, pointing a gloved finger down the winding gravel driveway at the end of the block. ""Old Man Miller’s place. A perfect target.""**

**The Miller estate was a weathered, single-story ranch house sat on a massive plot of overgrown land. Old Man Miller was a fixture of Duskwood, an ancient, reclusive man who had lived in the town long before Howard Nestor ever started his horrific killing spree. He rarely left his property, and the neighborhood kids traded rumors about him like currency. Some people said that he was crazy; others said he was just incredibly bitter.**

**As we crept closer to the edge of his property, the beam of Maeve’s phone flashlight swept across his front lawn, revealing his infamous collection of lawn decorations. Dozens of ceramic lawn gnomes stood frozen in the tall, un-mowed grass. Most of them were standard, peeling figures with faded red hats and cheerful, painted grins.**

**However right in the center of the lawn, mounted on a cracked stone pedestal, stood a gnome that looked entirely different from the rest.**

**This gnome was nearly three feet tall, carved from a heavy, dark, unidentifiable stone rather than cheap ceramic. It didn't wear a cheerful smile. Instead, its face was sculpted into a grim, knowing smirk, with deeply chiseled, intensely lifelike features. Its long, pointed cap wasn't a festive red; it was painted the color of dried, oxidized blood.** 

**Most striking of all were its eyes—made of two polished pieces of obsidian that seemed to absorb the moonlight, reflecting nothing back. Painted in faded, archaic black lettering across the base of the pedestal was a single name: Gargarth.**

**""Gross."" Brenda muttered, stepping onto the grass to get a closer look. ""That thing looks like it wants to bite someone. It's hideous.""**

**""Perfect."" Maeve grinned, opening the carton of eggs.**

**Maeve handed an egg to Brenda and offered one to me. I shook my head, stepping back toward the gravel road, my plastic fairy wings catching on a rogue briar bush.**

**""Just leave it, guys. Let's just go to the diner or something,"" I pleaded, the sudden dropping temperature making my breath form thick plumes of white mist.** 

**The silence of the lawn felt heavy, almost pressurized.**

**""Don't be a buzzkill, Rose."" Brenda said, raising her arm, aiming directly for Gargarth's stone face.** 

**Maeve mirrored her stance, her red superhero cape blowing over her shoulder.**

**""*****I wouldn't do that if I were you.*****"" A voice said.**

**The voice was like grinding stones. We all jumped, Brenda dropping her egg into the grass with a wet, yellow pop.** 

**Old Man Miller stepped out from the deep shadow of his wrap-around porch. He looked older than the trees surrounding his house, his skin deeply lined and leathery, his back slightly hunched beneath a heavy flannel jacket. In his right hand, he held a rusted iron garden rake, using it almost like a staff. His pale, rheumy eyes locked onto the three of us with absolute intensity.**

**""What are you girls doing on my property?"" he demanded, his voice trembling but firm.**

**""We...we were just looking at your decorations, Mr. Miller!"" Maeve lied quickly, smoothing down her superhero outfit and trying to hide the egg carton behind her back. ""We think that your gnomes are really cool. We were just getting a closer look.""**

**Miller didn't blink. He lowered his gaze to the crushed yellow yolk at Brenda’s feet, then looked back up at our faces, and said,**

**""Don't insult my intelligence, girl. You've got mischief in your eyes and hen's fruit in your hands.""**

**He took three heavy steps down the porch stairs, the grass crunching beneath his work boots. He didn't look angry; instead, a profound, exhausting gravity seemed to weigh him down. He pointed the tip of his rusted rake toward the dark stone pedestal.**

**""Get off this lawn, now!"" Miller warned, his voice dropping into a harsh, frantic whisper. ""Especially away from him. Get away from Gargarth.""**

**Brenda rolled her eyes under her tattered bridal veil, letting out a loud, dramatic sigh, and said,**

**""Oh, come on. It's just a stupid piece of painted rock, old man. We're not hurting anything.""**

**""You don't understand anything!"" Miller snapped, his knuckles turning white around the wooden handle of his rake. ""I was here in eighty-six. I watched this town bleed when Nestor took his toll. I know the things that wake up when the moon is right. That stone creature...it’s dangerous. It isn't a decoration. It’s a bound entity. Every Halloween night, when the veil is thin, Gargarth comes to life in search of a bride to drag down into the earth with him.""**

**Maeve let out a snicker, muffled by her hand. I felt a cold knot twist in my stomach, though. The way that Miller said the name—with a genuine, unadulterated terror—didn't sound like an old man trying to protect his grass. It sounded like a warning from a survivor.**

**""A bride?"" Brenda laughed, gesturing to her ghost bride costume. ""Well, look at that. I'm already dressed for the occasion. Too bad he's made of clay.""**

**""Joke all you like, children."" Miller said, his face hardening into a grim, dark expression as he began to back away toward his porch. ""The old blood in this town demands a price tonight. One of you might be very sorry before the sun comes up. Get home to your parents, and lock your doors.""**

**With that, the old man retreated back into his dark house, slamming the heavy wooden door shut. The click of the deadbolt echoed clearly across the quiet yard.**

**""What a complete lunatic."" Maeve said, stepping forward again. ""He completely ruined the vibe.""**

**""Yeah, well, he doesn't get the last word."" Brenda muttered, her face twisting into a stubborn, angry scowl.**

**Before Maeve or I could stop her, Brenda snatched a fresh egg from the carton, took two aggressive steps toward the stone pedestal, and threw it with all her might.**

**The egg struck Gargarth right in his obsidian eyes, exploding in a messy smear of white and yellow goo that dripped down his chiseled stone beard.**

**""Brenda, stop!"" I yelled, genuinely terrified now, though I couldn't explain why.** 

**The obsidian eyes of the statue seemed to catch the light of the moon for a split second, turning a dull, burning crimson beneath the slime.**

**""Let's run!"" Maeve shouted, the thrill of the prank finally mixing with adrenaline.**

**The three of us turned and sprinted down the gravel driveway, our sneakers pounding against the pavement. Brenda’s heavy lace wedding dress swished loudly in the dark, and my plastic fairy wings fluttered wildly against my back. We didn't stop running until we reached the safety of my neighborhood, bursting through the front door of my house and slamming it shut behind us.**

**My parents were out at a neighborhood block party down the street, so the house was entirely dark and quiet. We collapsed onto the living room floor, panting for breath, our hearts hammering against our ribs.**

**""Did you see his face?"" Maeve laughed, collapsing onto the couch, her red cape draping over the cushions. ""He looked like he was about to cast a spell on us with that rake.""**

**""He was a total  psycho."" Brenda agreed, pulling off her tattered veil and tossing it onto the coffee table. She wiped a smudge of white face paint from her cheek. ""A bound entity? Gargarth? Give me a break. It's a lawn ornament.""**

**I stood by the window, peering through the blinds into the dark, empty street outside. The feeling of dread from Miller's lawn hadn't left me. If anything, it had followed us home, clinging to the edges of my thoughts like a spreading stain, and I said,**

 **""I don't know, guys. Something felt really wrong about that place. We shouldn't have done that.""**

**""Relax, Rose."" Maeve said, pulling a bag of miniature candy bars from her pocket. ""It’s just an old town legend. Duskwood is full of them.""**

**Then, the lights went out.**

**The sudden, absolute darkness was instantaneous. The hum of the refrigerator died, the digital clock on the microwave blinked into oblivion, and the ambient warmth of the house seemed to evaporate in seconds.** 

**The only light came from the pale, gray moonbeams filtering through the living room windows, casting long, distorted shadows across the walls.**

**""Great."" Maeve groaned in the dark. ""A power outage. Just what we needed.""**

**""Is anyone's phone working?"" I asked, pulling my phone from my pocket. The screen was completely black. I pressed the power button repeatedly, but it refused to turn on. ""Mine is dead. Completely dead. It had eighty percent battery two minutes ago.""**

**""Mine too."" Brenda’s voice came from the dark corner of the room, sounding suddenly small and stripped of its previous arrogance. ""It won't turn on.""**

**A heavy, oppressive silence settled over the living room. The air grew rapidly colder, with our breath turning to visible white vapor inside the house. Then, from the hallway near the front door, we heard a sound that made our blood run cold.**

**Scritch. Scritch. Scritch.**

**It was the unmistakable sound of heavy stone scraping against the hardwood floorboards. It was slow, deliberate, and rhythmic.**

**""Rose?"" Maeve whispered, her voice trembling violently now. She had stood up from the couch, her superhero cape rustling in the dark. ""Did you leave the front door open?""**

**""No!"" I choked out, my hands gripping my plastic fairy wand so tightly that the cheap toy cracked. ""I locked it! I know that I locked it!""**

**The scraping sound grew louder, moving out of the hallway and entering the threshold of the living room. We all froze, our eyes straining against the shadows.**

**Stepping into the pale arc of moonlight was a figure that defied reality. It was nearly three feet tall, carved from a heavy, blood-red stone.** 

**The egg residue that we had thrown earlier was completely gone, replaced by a smooth, polished sheen that seemed to glow with a sickly, internal luminescence.** 

**The obsidian eyes were no longer dark; they burned with a fierce, malevolent crimson fire. In its small, rocky hands, it held a miniature, jagged stone pickaxe that scraped against the floor with every step.**

**It was Gargarth, and he was alive.**

**""The old blood demands its due!"" a voice resonated through the room. It didn't come from a mouth; rather, the sound seemed to vibrate directly out of the stone torso of the creature, a deep, grinding, echoing rumble that sounded like an earthquake. ""A bride was promised! A bride will be taken!""**

**""Get away from us!"" Maeve screamed, her survival instinct overriding her terror.**

**Driven by pure adrenaline, she lunged forward, raising her leg and delivering a heavy, desperate kick to the center of the gnome’s chest.**

**Maeve’s sneaker struck the stone with a loud, dull thud. Gargarth stumbled backward a few inches, his stone boots scraping loudly against the floor, but he didn't fall. He let out a low, grinding sound that sounded horribly like laughter.**

**""Rose, help!"" Brenda shrieked, backing away until her spine hit the brick fireplace.**

**Brenda’s ghost bride dress looked stark and terrifyingly appropriate in the spectral moonlight.**

**""Grab something!"" I yelled, dropping my useless plastic wand.**

**I scrambled toward the kitchen counter, my fingers wrapping around a heavy, cast-iron skillet that my mom had left out on the stove. I sprinted back into the living room just as Gargarth raised his jagged stone pickaxe, preparing to swing it at Maeve's leg.**

**With a terrified scream, I swung the heavy iron skillet with both hands, channeling every ounce of strength I had.**

**CLANG!**

**The impact was deafening. The iron skillet struck the side of Gargarth’s pointed blood-red hat with incredible force. Sparks flew into the dark room, and a loud, sharp cracking sound echoed through the house.** 

**The force of the blow shattered the stone pedestal beneath his feet, and the creature fell sideways, crashing heavily onto the hardwood floor like a dropped boulder. He lay completely still, the crimson fire in his obsidian eyes flickering out into total darkness.**

**The skillet dropped from my trembling, blistered hands, clattering loudly against the floor. Maeve collapsed against the couch, sobbing hysterically, her superhero mask soaked with tears.**

**""Is it...is it dead?"" Brenda whispered from the fireplace, her hands clutching her tattered lace skirt, her white face paint stark against the dark bricks.**

**""We broke it."" I panted, my chest heaving as I stared at the unmoving mound of red stone on the floor. ""We actually broke it. Let's get out of here. Let's run to the neighbors.""**

**Unfortunately, before we could take a single step toward the door, the temperature in the room plummeted even further. The air became so freezing that frost began to rapidly spiderweb across the glass of the living room windows.**

**A low, subterranean rumble vibrated through the floorboards.**

**The shattered pieces of stone on the floor began to twitch. With a sickening, grinding sound, the fragments of the gnome slid back together, fusing instantly as if pulled by an invisible, magnetic force. The crack on his head sealed shut, leaving the blood-red surface perfectly smooth once more.**

**Gargarth rose to his feet, snapping his stone neck from side to side with a series of loud, rocky pops. The crimson fire in his obsidian eyes erupted back to life, burning brighter and hotter than before.**

**""Insolent girls!"" the grinding voice boomed, rattling the picture frames on the walls. ""You cannot break what was carved before this town had a name!""**

**He raised his left hand, his stony fingers extending toward Brenda.** 

**A sudden, violent gust of wind erupted inside the closed living room, swirling the tattered lace of her wedding dress around her legs. A sickening, greenish-purple vapor began to pour from Gargarth's outstretched palm, drifting across the floor like a living snake.**

**Brenda tried to scream, but as soon as the vapor touched the hem of her dress, her voice died in her throat, replaced by a horrible, muffled choking sound.**

**""Brenda!"" Maeve yelled, reaching out to grab her friend's hand.**

**""Don't touch it!"" I screamed, pulling Maeve back as the green mist rapidly expanded, enveloping Brenda entirely in a thick, suffocating cloud of ancient magic.**

**Through the shifting tendrils of the glowing vapor, we watched in absolute, paralyzed horror as Brenda’s body began to stiffen. The soft, tattered fabric of her Victorian wedding dress began to harden, turning a dark, dull shade of slate gray. Her limbs locked into place, her outstretched arms freezing into a rigid, permanent pose. The tattered lace of her veil crystallized into solid, jagged stone, pinning itself to her head.**

**The white paint on Brenda’s face sank into her skin, her flesh calcifying, turning a pale, porous ceramic white. Her terrified, tear-streaked eyes hardened, the pupils dissolving until her eyes became two solid, unblinking spheres of polished, glassy onyx.**

**Within a matter of agonizing seconds, the green mist dissipated, swirling back into Gargarth’s stone palm.**

**Standing before the fireplace was no longer a sixteen-year-old girl named Brenda.**

**It was a three-foot-tall, solid stone lawn gnome. She was sculpted in perfect, horrific detail—her face frozen forever in a mask of absolute, screaming terror, her arms raised as if trying to ward off an invisible blow. Her tattered wedding dress was now a molded, heavy gray skirt, and a painted base of faded gray stone held her firmly to the floorboards. She had become exactly what her costume predicted: a ghost bride, bound in stone for eternity.**

**""The ledger is settled."" Gargarth’s grinding voice rumbled, a tone of dark satisfaction echoing through the room.**

**The creature stepped forward, wrapping his stone fingers around the base of the newly formed Brenda gnome. With an impossible display of supernatural strength, he lifted her stone form onto his shoulder as if she weighed nothing at all. He turned his burning crimson gaze back toward Maeve and I, nodding once in a silent, terrifying gesture of finality.**

**He walked back into the hallway, his heavy boots making the floorboards groan one last time, and then the front door swung open and slammed shut with a concussive bang.**

**The instant that the door closed, the lights in the house snapped back on. The television roared to life with a blast of static, the refrigerator began to hum, and the digital clock on the microwave began to blink 12:00 AM. The dry, artificial heat of the furnace began to pump through the vents, erasing the supernatural chill of the room in seconds.**

**Everything was completely normal. Except for the shattered plastic fairy wand on the floor, the heavy iron skillet lying in the corner, and the empty space by the fireplace where our best friend had stood just moments before.**

**Maeve dropped to her knees, staring at the empty floorboards, a broken, silent sob escaping her lips. I stood beside her, my fake pink glitter wings feeling like a mockery against my skin, my eyes fixed on the front door.** 

**Old Man Miller had warned us. He had told us that the old blood in Duskwood demanded a price on Halloween night, and we hadn't listened.**

**Brenda was gone, dragged down into the dark earth to serve as a bride for a monster carved from stone, leaving Maeve and I alone in the bright, terrifying light of the living room, haunted forever by the grim, knowing smirk of Gargarth.**

**The End.**

",1,1789251737.0,WritersOfHorror,0,1.0,False
1weq328,https://www.reddit.com/r/CleaningTips/comments/1weq328/help_recleaning_a_coffee_pot/,Help re-cleaning a coffee pot,"I got a vintage ceramic coffee pot from my mom and love the look of it and would like to use it for serving coffee.  When I got it from her it smelled faintly of mildew and patchouli (she puts patchouli oil on EVERYTHING).  I ran it through the dishwasher which helped a little but the smells persisted.  Then I put a few tablespoons of washing soda in the pot with some hot water and let it sit overnight.  It doesn't smell like mildew and patchouli anymore, but now it smells (and tastes) like washing soda.  I've tried rinsing and soaking it in water again and again, but it still smells and tastes like washing soda.    
  
What do I do to get this smell and flavor out of this coffee pot?",1,1789251696.0,CleaningTips,3,1.0,False
1weq2kp,https://www.reddit.com/r/HalloweenStories/comments/1weq2kp/the_gnome_bride_of_duskwood/,The Gnome Bride of Duskwood,"**The sound of wind chimes on Halloween night usually brings a festive, comforting chill, but in Duskwood, Virginia, the wind always carried a sharper, meaner edge.** 

**The air smelled heavily of damp earth, rotten oak leaves, and the faint, unmistakable trace of chimney smoke. I stood on the cracked asphalt of Terra Cotta Lane, shivering beneath a layer of cheap pink glitter and synthetic wings.** 

**I was sixteen years old, dressed as a woodland fairy, and for the first time in my life, I felt completely ridiculous.**

**""Come on, Rose, stop dragging your feet!"" Maeve hissed from the shadow of a sprawling willow tree.**

**Maeve was dressed as a generic comic-book superhero, complete with a bright red satin cape that snapped aggressively in the autumn breeze and a black domino mask that kept sliding down her nose. In her right hand, she balanced a half-empty carton of grade-A large eggs like a quarterback holding a football.**

**""I’m telling you guys, we’re getting too old for this."" I muttered, adjusting the plastic wand tucked into the waistband of my jeans. ""We're juniors in high school. If anyone from the track team sees us throwing eggs at people's porches, we're socially dead weight until graduation.""**

**""Oh, please."" Brenda scoffed, stepping into the dim glow of a flickering streetlamp.**

**Brenda had gone all-out this year, wearing an elaborate, dirt-smudged Victorian wedding dress with a tattered lace veil pinned into her dark hair. Her face was painted a ghostly, stark white, with deep charcoal shadows smudged beneath her eyes to complete the 'ghost bride' look, and she said,**

 **""Halloween is the one night a year when you get a free pass to be a menace. Besides, Duskwood is dead tonight. Have you noticed how quiet it is? It’s like the whole town is hiding.""**

**Brenda wasn't wrong. A strange, suffocating silence had draped itself over Duskwood after the sun went down. Most houses had their porch lights turned completely off, their blinds tightly drawn as if to ward off something far more dangerous than neighborhood teenagers looking for candy.** 

**It was a lingering habit of the older generation here—a quiet, generational trauma left over from the eighties, when a madman named Howard Nestor used to hunt in these very woods. People in Duskwood didn't trust the dark. They never had.**

**""Look ahead."" Maeve whispered, pointing a gloved finger down the winding gravel driveway at the end of the block. ""Old Man Miller’s place. A perfect target.""**

**The Miller estate was a weathered, single-story ranch house sat on a massive plot of overgrown land. Old Man Miller was a fixture of Duskwood, an ancient, reclusive man who had lived in the town long before Howard Nestor ever started his horrific killing spree. He rarely left his property, and the neighborhood kids traded rumors about him like currency. Some people said that he was crazy; others said he was just incredibly bitter.**

**As we crept closer to the edge of his property, the beam of Maeve’s phone flashlight swept across his front lawn, revealing his infamous collection of lawn decorations. Dozens of ceramic lawn gnomes stood frozen in the tall, un-mowed grass. Most of them were standard, peeling figures with faded red hats and cheerful, painted grins.**

**However right in the center of the lawn, mounted on a cracked stone pedestal, stood a gnome that looked entirely different from the rest.**

**This gnome was nearly three feet tall, carved from a heavy, dark, unidentifiable stone rather than cheap ceramic. It didn't wear a cheerful smile. Instead, its face was sculpted into a grim, knowing smirk, with deeply chiseled, intensely lifelike features. Its long, pointed cap wasn't a festive red; it was painted the color of dried, oxidized blood.** 

**Most striking of all were its eyes—made of two polished pieces of obsidian that seemed to absorb the moonlight, reflecting nothing back. Painted in faded, archaic black lettering across the base of the pedestal was a single name: Gargarth.**

**""Gross."" Brenda muttered, stepping onto the grass to get a closer look. ""That thing looks like it wants to bite someone. It's hideous.""**

**""Perfect."" Maeve grinned, opening the carton of eggs.**

**Maeve handed an egg to Brenda and offered one to me. I shook my head, stepping back toward the gravel road, my plastic fairy wings catching on a rogue briar bush.**

**""Just leave it, guys. Let's just go to the diner or something,"" I pleaded, the sudden dropping temperature making my breath form thick plumes of white mist.** 

**The silence of the lawn felt heavy, almost pressurized.**

**""Don't be a buzzkill, Rose."" Brenda said, raising her arm, aiming directly for Gargarth's stone face.** 

**Maeve mirrored her stance, her red superhero cape blowing over her shoulder.**

**""*****I wouldn't do that if I were you.*****"" A voice said.**

**The voice was like grinding stones. We all jumped, Brenda dropping her egg into the grass with a wet, yellow pop.** 

**Old Man Miller stepped out from the deep shadow of his wrap-around porch. He looked older than the trees surrounding his house, his skin deeply lined and leathery, his back slightly hunched beneath a heavy flannel jacket. In his right hand, he held a rusted iron garden rake, using it almost like a staff. His pale, rheumy eyes locked onto the three of us with absolute intensity.**

**""What are you girls doing on my property?"" he demanded, his voice trembling but firm.**

**""We...we were just looking at your decorations, Mr. Miller!"" Maeve lied quickly, smoothing down her superhero outfit and trying to hide the egg carton behind her back. ""We think that your gnomes are really cool. We were just getting a closer look.""**

**Miller didn't blink. He lowered his gaze to the crushed yellow yolk at Brenda’s feet, then looked back up at our faces, and said,**

**""Don't insult my intelligence, girl. You've got mischief in your eyes and hen's fruit in your hands.""**

**He took three heavy steps down the porch stairs, the grass crunching beneath his work boots. He didn't look angry; instead, a profound, exhausting gravity seemed to weigh him down. He pointed the tip of his rusted rake toward the dark stone pedestal.**

**""Get off this lawn, now!"" Miller warned, his voice dropping into a harsh, frantic whisper. ""Especially away from him. Get away from Gargarth.""**

**Brenda rolled her eyes under her tattered bridal veil, letting out a loud, dramatic sigh, and said,**

**""Oh, come on. It's just a stupid piece of painted rock, old man. We're not hurting anything.""**

**""You don't understand anything!"" Miller snapped, his knuckles turning white around the wooden handle of his rake. ""I was here in eighty-six. I watched this town bleed when Nestor took his toll. I know the things that wake up when the moon is right. That stone creature...it’s dangerous. It isn't a decoration. It’s a bound entity. Every Halloween night, when the veil is thin, Gargarth comes to life in search of a bride to drag down into the earth with him.""**

**Maeve let out a snicker, muffled by her hand. I felt a cold knot twist in my stomach, though. The way that Miller said the name—with a genuine, unadulterated terror—didn't sound like an old man trying to protect his grass. It sounded like a warning from a survivor.**

**""A bride?"" Brenda laughed, gesturing to her ghost bride costume. ""Well, look at that. I'm already dressed for the occasion. Too bad he's made of clay.""**

**""Joke all you like, children."" Miller said, his face hardening into a grim, dark expression as he began to back away toward his porch. ""The old blood in this town demands a price tonight. One of you might be very sorry before the sun comes up. Get home to your parents, and lock your doors.""**

**With that, the old man retreated back into his dark house, slamming the heavy wooden door shut. The click of the deadbolt echoed clearly across the quiet yard.**

**""What a complete lunatic."" Maeve said, stepping forward again. ""He completely ruined the vibe.""**

**""Yeah, well, he doesn't get the last word."" Brenda muttered, her face twisting into a stubborn, angry scowl.**

**Before Maeve or I could stop her, Brenda snatched a fresh egg from the carton, took two aggressive steps toward the stone pedestal, and threw it with all her might.**

**The egg struck Gargarth right in his obsidian eyes, exploding in a messy smear of white and yellow goo that dripped down his chiseled stone beard.**

**""Brenda, stop!"" I yelled, genuinely terrified now, though I couldn't explain why.** 

**The obsidian eyes of the statue seemed to catch the light of the moon for a split second, turning a dull, burning crimson beneath the slime.**

**""Let's run!"" Maeve shouted, the thrill of the prank finally mixing with adrenaline.**

**The three of us turned and sprinted down the gravel driveway, our sneakers pounding against the pavement. Brenda’s heavy lace wedding dress swished loudly in the dark, and my plastic fairy wings fluttered wildly against my back. We didn't stop running until we reached the safety of my neighborhood, bursting through the front door of my house and slamming it shut behind us.**

**My parents were out at a neighborhood block party down the street, so the house was entirely dark and quiet. We collapsed onto the living room floor, panting for breath, our hearts hammering against our ribs.**

**""Did you see his face?"" Maeve laughed, collapsing onto the couch, her red cape draping over the cushions. ""He looked like he was about to cast a spell on us with that rake.""**

**""He was a total  psycho."" Brenda agreed, pulling off her tattered veil and tossing it onto the coffee table. She wiped a smudge of white face paint from her cheek. ""A bound entity? Gargarth? Give me a break. It's a lawn ornament.""**

**I stood by the window, peering through the blinds into the dark, empty street outside. The feeling of dread from Miller's lawn hadn't left me. If anything, it had followed us home, clinging to the edges of my thoughts like a spreading stain, and I said,**

 **""I don't know, guys. Something felt really wrong about that place. We shouldn't have done that.""**

**""Relax, Rose."" Maeve said, pulling a bag of miniature candy bars from her pocket. ""It’s just an old town legend. Duskwood is full of them.""**

**Then, the lights went out.**

**The sudden, absolute darkness was instantaneous. The hum of the refrigerator died, the digital clock on the microwave blinked into oblivion, and the ambient warmth of the house seemed to evaporate in seconds.** 

**The only light came from the pale, gray moonbeams filtering through the living room windows, casting long, distorted shadows across the walls.**

**""Great."" Maeve groaned in the dark. ""A power outage. Just what we needed.""**

**""Is anyone's phone working?"" I asked, pulling my phone from my pocket. The screen was completely black. I pressed the power button repeatedly, but it refused to turn on. ""Mine is dead. Completely dead. It had eighty percent battery two minutes ago.""**

**""Mine too."" Brenda’s voice came from the dark corner of the room, sounding suddenly small and stripped of its previous arrogance. ""It won't turn on.""**

**A heavy, oppressive silence settled over the living room. The air grew rapidly colder, with our breath turning to visible white vapor inside the house. Then, from the hallway near the front door, we heard a sound that made our blood run cold.**

**Scritch. Scritch. Scritch.**

**It was the unmistakable sound of heavy stone scraping against the hardwood floorboards. It was slow, deliberate, and rhythmic.**

**""Rose?"" Maeve whispered, her voice trembling violently now. She had stood up from the couch, her superhero cape rustling in the dark. ""Did you leave the front door open?""**

**""No!"" I choked out, my hands gripping my plastic fairy wand so tightly that the cheap toy cracked. ""I locked it! I know that I locked it!""**

**The scraping sound grew louder, moving out of the hallway and entering the threshold of the living room. We all froze, our eyes straining against the shadows.**

**Stepping into the pale arc of moonlight was a figure that defied reality. It was nearly three feet tall, carved from a heavy, blood-red stone.** 

**The egg residue that we had thrown earlier was completely gone, replaced by a smooth, polished sheen that seemed to glow with a sickly, internal luminescence.** 

**The obsidian eyes were no longer dark; they burned with a fierce, malevolent crimson fire. In its small, rocky hands, it held a miniature, jagged stone pickaxe that scraped against the floor with every step.**

**It was Gargarth, and he was alive.**

**""The old blood demands its due!"" a voice resonated through the room. It didn't come from a mouth; rather, the sound seemed to vibrate directly out of the stone torso of the creature, a deep, grinding, echoing rumble that sounded like an earthquake. ""A bride was promised! A bride will be taken!""**

**""Get away from us!"" Maeve screamed, her survival instinct overriding her terror.**

**Driven by pure adrenaline, she lunged forward, raising her leg and delivering a heavy, desperate kick to the center of the gnome’s chest.**

**Maeve’s sneaker struck the stone with a loud, dull thud. Gargarth stumbled backward a few inches, his stone boots scraping loudly against the floor, but he didn't fall. He let out a low, grinding sound that sounded horribly like laughter.**

**""Rose, help!"" Brenda shrieked, backing away until her spine hit the brick fireplace.**

**Brenda’s ghost bride dress looked stark and terrifyingly appropriate in the spectral moonlight.**

**""Grab something!"" I yelled, dropping my useless plastic wand.**

**I scrambled toward the kitchen counter, my fingers wrapping around a heavy, cast-iron skillet that my mom had left out on the stove. I sprinted back into the living room just as Gargarth raised his jagged stone pickaxe, preparing to swing it at Maeve's leg.**

**With a terrified scream, I swung the heavy iron skillet with both hands, channeling every ounce of strength I had.**

**CLANG!**

**The impact was deafening. The iron skillet struck the side of Gargarth’s pointed blood-red hat with incredible force. Sparks flew into the dark room, and a loud, sharp cracking sound echoed through the house.** 

**The force of the blow shattered the stone pedestal beneath his feet, and the creature fell sideways, crashing heavily onto the hardwood floor like a dropped boulder. He lay completely still, the crimson fire in his obsidian eyes flickering out into total darkness.**

**The skillet dropped from my trembling, blistered hands, clattering loudly against the floor. Maeve collapsed against the couch, sobbing hysterically, her superhero mask soaked with tears.**

**""Is it...is it dead?"" Brenda whispered from the fireplace, her hands clutching her tattered lace skirt, her white face paint stark against the dark bricks.**

**""We broke it."" I panted, my chest heaving as I stared at the unmoving mound of red stone on the floor. ""We actually broke it. Let's get out of here. Let's run to the neighbors.""**

**Unfortunately, before we could take a single step toward the door, the temperature in the room plummeted even further. The air became so freezing that frost began to rapidly spiderweb across the glass of the living room windows.**

**A low, subterranean rumble vibrated through the floorboards.**

**The shattered pieces of stone on the floor began to twitch. With a sickening, grinding sound, the fragments of the gnome slid back together, fusing instantly as if pulled by an invisible, magnetic force. The crack on his head sealed shut, leaving the blood-red surface perfectly smooth once more.**

**Gargarth rose to his feet, snapping his stone neck from side to side with a series of loud, rocky pops. The crimson fire in his obsidian eyes erupted back to life, burning brighter and hotter than before.**

**""Insolent girls!"" the grinding voice boomed, rattling the picture frames on the walls. ""You cannot break what was carved before this town had a name!""**

**He raised his left hand, his stony fingers extending toward Brenda.** 

**A sudden, violent gust of wind erupted inside the closed living room, swirling the tattered lace of her wedding dress around her legs. A sickening, greenish-purple vapor began to pour from Gargarth's outstretched palm, drifting across the floor like a living snake.**

**Brenda tried to scream, but as soon as the vapor touched the hem of her dress, her voice died in her throat, replaced by a horrible, muffled choking sound.**

**""Brenda!"" Maeve yelled, reaching out to grab her friend's hand.**

**""Don't touch it!"" I screamed, pulling Maeve back as the green mist rapidly expanded, enveloping Brenda entirely in a thick, suffocating cloud of ancient magic.**

**Through the shifting tendrils of the glowing vapor, we watched in absolute, paralyzed horror as Brenda’s body began to stiffen. The soft, tattered fabric of her Victorian wedding dress began to harden, turning a dark, dull shade of slate gray. Her limbs locked into place, her outstretched arms freezing into a rigid, permanent pose. The tattered lace of her veil crystallized into solid, jagged stone, pinning itself to her head.**

**The white paint on Brenda’s face sank into her skin, her flesh calcifying, turning a pale, porous ceramic white. Her terrified, tear-streaked eyes hardened, the pupils dissolving until her eyes became two solid, unblinking spheres of polished, glassy onyx.**

**Within a matter of agonizing seconds, the green mist dissipated, swirling back into Gargarth’s stone palm.**

**Standing before the fireplace was no longer a sixteen-year-old girl named Brenda.**

**It was a three-foot-tall, solid stone lawn gnome. She was sculpted in perfect, horrific detail—her face frozen forever in a mask of absolute, screaming terror, her arms raised as if trying to ward off an invisible blow. Her tattered wedding dress was now a molded, heavy gray skirt, and a painted base of faded gray stone held her firmly to the floorboards. She had become exactly what her costume predicted: a ghostly gnome bride, bound in stone for eternity.**

**""The ledger is settled."" Gargarth’s grinding voice rumbled, a tone of dark satisfaction echoing through the room.**

**The creature stepped forward, wrapping his stone fingers around the base of the newly formed Brenda gnome. With an impossible display of supernatural strength, he lifted her stone form onto his shoulder as if she weighed nothing at all. He turned his burning crimson gaze back toward Maeve and I, nodding once in a silent, terrifying gesture of finality.**

**He walked back into the hallway, his heavy boots making the floorboards groan one last time, and then the front door swung open and slammed shut with a concussive bang.**

**The instant that the door closed, the lights in the house snapped back on. The television roared to life with a blast of static, the refrigerator began to hum, and the digital clock on the microwave began to blink 12:00 AM. The dry, artificial heat of the furnace began to pump through the vents, erasing the supernatural chill of the room in seconds.**

**Everything was completely normal. Except for the shattered plastic fairy wand on the floor, the heavy iron skillet lying in the corner, and the empty space by the fireplace where our best friend had stood just moments before.**

**Maeve dropped to her knees, staring at the empty floorboards, a broken, silent sob escaping her lips. I stood beside her, my fake pink glitter wings feeling like a mockery against my skin, my eyes fixed on the front door.** 

**Old Man Miller had warned us. He had told us that the old blood in Duskwood demanded a price on Halloween night, and we hadn't listened.**

**Brenda was gone, dragged down into the dark earth to serve as a bride for a monster carved from stone, leaving Maeve and I alone in the bright, terrifying light of the living room, haunted forever by the grim, knowing smirk of Gargarth.**

**The End.**",1,1789251660.0,HalloweenStories,0,1.0,False
1weq1gd,https://www.reddit.com/r/TalesFromTheCreeps/comments/1weq1gd/the_gnome_bride_of_duskwood/,The Gnome Bride of Duskwood,"**The sound of wind chimes on Halloween night usually brings a festive, comforting chill, but in Duskwood, Virginia, the wind always carried a sharper, meaner edge.** 

**The air smelled heavily of damp earth, rotten oak leaves, and the faint, unmistakable trace of chimney smoke. I stood on the cracked asphalt of Terra Cotta Lane, shivering beneath a layer of cheap pink glitter and synthetic wings.** 

**I was sixteen years old, dressed as a woodland fairy, and for the first time in my life, I felt completely ridiculous.**

**""Come on, Rose, stop dragging your feet!"" Maeve hissed from the shadow of a sprawling willow tree.**

**Maeve was dressed as a generic comic-book superhero, complete with a bright red satin cape that snapped aggressively in the autumn breeze and a black domino mask that kept sliding down her nose. In her right hand, she balanced a half-empty carton of grade-A large eggs like a quarterback holding a football.**

**""I’m telling you guys, we’re getting too old for this."" I muttered, adjusting the plastic wand tucked into the waistband of my jeans. ""We're juniors in high school. If anyone from the track team sees us throwing eggs at people's porches, we're socially dead weight until graduation.""**

**""Oh, please."" Brenda scoffed, stepping into the dim glow of a flickering streetlamp.**

**Brenda had gone all-out this year, wearing an elaborate, dirt-smudged Victorian wedding dress with a tattered lace veil pinned into her dark hair. Her face was painted a ghostly, stark white, with deep charcoal shadows smudged beneath her eyes to complete the 'ghost bride' look, and she said,**

 **""Halloween is the one night a year when you get a free pass to be a menace. Besides, Duskwood is dead tonight. Have you noticed how quiet it is? It’s like the whole town is hiding.""**

**Brenda wasn't wrong. A strange, suffocating silence had draped itself over Duskwood after the sun went down. Most houses had their porch lights turned completely off, their blinds tightly drawn as if to ward off something far more dangerous than neighborhood teenagers looking for candy.** 

**It was a lingering habit of the older generation here—a quiet, generational trauma left over from the eighties, when a madman named Howard Nestor used to hunt in these very woods. People in Duskwood didn't trust the dark. They never had.**

**""Look ahead."" Maeve whispered, pointing a gloved finger down the winding gravel driveway at the end of the block. ""Old Man Miller’s place. A perfect target.""**

**The Miller estate was a weathered, single-story ranch house sat on a massive plot of overgrown land. Old Man Miller was a fixture of Duskwood, an ancient, reclusive man who had lived in the town long before Howard Nestor ever started his horrific killing spree. He rarely left his property, and the neighborhood kids traded rumors about him like currency. Some people said that he was crazy; others said he was just incredibly bitter.**

**As we crept closer to the edge of his property, the beam of Maeve’s phone flashlight swept across his front lawn, revealing his infamous collection of lawn decorations. Dozens of ceramic lawn gnomes stood frozen in the tall, un-mowed grass. Most of them were standard, peeling figures with faded red hats and cheerful, painted grins.**

**However right in the center of the lawn, mounted on a cracked stone pedestal, stood a gnome that looked entirely different from the rest.**

**This gnome was nearly three feet tall, carved from a heavy, dark, unidentifiable stone rather than cheap ceramic. It didn't wear a cheerful smile. Instead, its face was sculpted into a grim, knowing smirk, with deeply chiseled, intensely lifelike features. Its long, pointed cap wasn't a festive red; it was painted the color of dried, oxidized blood.** 

**Most striking of all were its eyes—made of two polished pieces of obsidian that seemed to absorb the moonlight, reflecting nothing back. Painted in faded, archaic black lettering across the base of the pedestal was a single name: Gargarth.**

**""Gross."" Brenda muttered, stepping onto the grass to get a closer look. ""That thing looks like it wants to bite someone. It's hideous.""**

**""Perfect."" Maeve grinned, opening the carton of eggs.**

**Maeve handed an egg to Brenda and offered one to me. I shook my head, stepping back toward the gravel road, my plastic fairy wings catching on a rogue briar bush.**

**""Just leave it, guys. Let's just go to the diner or something,"" I pleaded, the sudden dropping temperature making my breath form thick plumes of white mist.** 

**The silence of the lawn felt heavy, almost pressurized.**

**""Don't be a buzzkill, Rose."" Brenda said, raising her arm, aiming directly for Gargarth's stone face.** 

**Maeve mirrored her stance, her red superhero cape blowing over her shoulder.**

**""*****I wouldn't do that if I were you.*****"" A voice said.**

**The voice was like grinding stones. We all jumped, Brenda dropping her egg into the grass with a wet, yellow pop.** 

**Old Man Miller stepped out from the deep shadow of his wrap-around porch. He looked older than the trees surrounding his house, his skin deeply lined and leathery, his back slightly hunched beneath a heavy flannel jacket. In his right hand, he held a rusted iron garden rake, using it almost like a staff. His pale, rheumy eyes locked onto the three of us with absolute intensity.**

**""What are you girls doing on my property?"" he demanded, his voice trembling but firm.**

**""We...we were just looking at your decorations, Mr. Miller!"" Maeve lied quickly, smoothing down her superhero outfit and trying to hide the egg carton behind her back. ""We think that your gnomes are really cool. We were just getting a closer look.""**

**Miller didn't blink. He lowered his gaze to the crushed yellow yolk at Brenda’s feet, then looked back up at our faces, and said,**

**""Don't insult my intelligence, girl. You've got mischief in your eyes and hen's fruit in your hands.""**

**He took three heavy steps down the porch stairs, the grass crunching beneath his work boots. He didn't look angry; instead, a profound, exhausting gravity seemed to weigh him down. He pointed the tip of his rusted rake toward the dark stone pedestal.**

**""Get off this lawn, now!"" Miller warned, his voice dropping into a harsh, frantic whisper. ""Especially away from him. Get away from Gargarth.""**

**Brenda rolled her eyes under her tattered bridal veil, letting out a loud, dramatic sigh, and said,**

**""Oh, come on. It's just a stupid piece of painted rock, old man. We're not hurting anything.""**

**""You don't understand anything!"" Miller snapped, his knuckles turning white around the wooden handle of his rake. ""I was here in eighty-six. I watched this town bleed when Nestor took his toll. I know the things that wake up when the moon is right. That stone creature...it’s dangerous. It isn't a decoration. It’s a bound entity. Every Halloween night, when the veil is thin, Gargarth comes to life in search of a bride to drag down into the earth with him.""**

**Maeve let out a snicker, muffled by her hand. I felt a cold knot twist in my stomach, though. The way that Miller said the name—with a genuine, unadulterated terror—didn't sound like an old man trying to protect his grass. It sounded like a warning from a survivor.**

**""A bride?"" Brenda laughed, gesturing to her ghost bride costume. ""Well, look at that. I'm already dressed for the occasion. Too bad he's made of clay.""**

**""Joke all you like, children."" Miller said, his face hardening into a grim, dark expression as he began to back away toward his porch. ""The old blood in this town demands a price tonight. One of you might be very sorry before the sun comes up. Get home to your parents, and lock your doors.""**

**With that, the old man retreated back into his dark house, slamming the heavy wooden door shut. The click of the deadbolt echoed clearly across the quiet yard.**

**""What a complete lunatic."" Maeve said, stepping forward again. ""He completely ruined the vibe.""**

**""Yeah, well, he doesn't get the last word."" Brenda muttered, her face twisting into a stubborn, angry scowl.**

**Before Maeve or I could stop her, Brenda snatched a fresh egg from the carton, took two aggressive steps toward the stone pedestal, and threw it with all her might.**

**The egg struck Gargarth right in his obsidian eyes, exploding in a messy smear of white and yellow goo that dripped down his chiseled stone beard.**

**""Brenda, stop!"" I yelled, genuinely terrified now, though I couldn't explain why.** 

**The obsidian eyes of the statue seemed to catch the light of the moon for a split second, turning a dull, burning crimson beneath the slime.**

**""Let's run!"" Maeve shouted, the thrill of the prank finally mixing with adrenaline.**

**The three of us turned and sprinted down the gravel driveway, our sneakers pounding against the pavement. Brenda’s heavy lace wedding dress swished loudly in the dark, and my plastic fairy wings fluttered wildly against my back. We didn't stop running until we reached the safety of my neighborhood, bursting through the front door of my house and slamming it shut behind us.**

**My parents were out at a neighborhood block party down the street, so the house was entirely dark and quiet. We collapsed onto the living room floor, panting for breath, our hearts hammering against our ribs.**

**""Did you see his face?"" Maeve laughed, collapsing onto the couch, her red cape draping over the cushions. ""He looked like he was about to cast a spell on us with that rake.""**

**""He was a total  psycho."" Brenda agreed, pulling off her tattered veil and tossing it onto the coffee table. She wiped a smudge of white face paint from her cheek. ""A bound entity? Gargarth? Give me a break. It's a lawn ornament.""**

**I stood by the window, peering through the blinds into the dark, empty street outside. The feeling of dread from Miller's lawn hadn't left me. If anything, it had followed us home, clinging to the edges of my thoughts like a spreading stain, and I said,**

 **""I don't know, guys. Something felt really wrong about that place. We shouldn't have done that.""**

**""Relax, Rose."" Maeve said, pulling a bag of miniature candy bars from her pocket. ""It’s just an old town legend. Duskwood is full of them.""**

**Then, the lights went out.**

**The sudden, absolute darkness was instantaneous. The hum of the refrigerator died, the digital clock on the microwave blinked into oblivion, and the ambient warmth of the house seemed to evaporate in seconds.** 

**The only light came from the pale, gray moonbeams filtering through the living room windows, casting long, distorted shadows across the walls.**

**""Great."" Maeve groaned in the dark. ""A power outage. Just what we needed.""**

**""Is anyone's phone working?"" I asked, pulling my phone from my pocket. The screen was completely black. I pressed the power button repeatedly, but it refused to turn on. ""Mine is dead. Completely dead. It had eighty percent battery two minutes ago.""**

**""Mine too."" Brenda’s voice came from the dark corner of the room, sounding suddenly small and stripped of its previous arrogance. ""It won't turn on.""**

**A heavy, oppressive silence settled over the living room. The air grew rapidly colder, with our breath turning to visible white vapor inside the house. Then, from the hallway near the front door, we heard a sound that made our blood run cold.**

**Scritch. Scritch. Scritch.**

**It was the unmistakable sound of heavy stone scraping against the hardwood floorboards. It was slow, deliberate, and rhythmic.**

**""Rose?"" Maeve whispered, her voice trembling violently now. She had stood up from the couch, her superhero cape rustling in the dark. ""Did you leave the front door open?""**

**""No!"" I choked out, my hands gripping my plastic fairy wand so tightly that the cheap toy cracked. ""I locked it! I know that I locked it!""**

**The scraping sound grew louder, moving out of the hallway and entering the threshold of the living room. We all froze, our eyes straining against the shadows.**

**Stepping into the pale arc of moonlight was a figure that defied reality. It was nearly three feet tall, carved from a heavy, blood-red stone.** 

**The egg residue that we had thrown earlier was completely gone, replaced by a smooth, polished sheen that seemed to glow with a sickly, internal luminescence.** 

**The obsidian eyes were no longer dark; they burned with a fierce, malevolent crimson fire. In its small, rocky hands, it held a miniature, jagged stone pickaxe that scraped against the floor with every step.**

**It was Gargarth, and he was alive.**

**""The old blood demands its due!"" a voice resonated through the room. It didn't come from a mouth; rather, the sound seemed to vibrate directly out of the stone torso of the creature, a deep, grinding, echoing rumble that sounded like an earthquake. ""A bride was promised! A bride will be taken!""**

**""Get away from us!"" Maeve screamed, her survival instinct overriding her terror.**

**Driven by pure adrenaline, she lunged forward, raising her leg and delivering a heavy, desperate kick to the center of the gnome’s chest.**

**Maeve’s sneaker struck the stone with a loud, dull thud. Gargarth stumbled backward a few inches, his stone boots scraping loudly against the floor, but he didn't fall. He let out a low, grinding sound that sounded horribly like laughter.**

**""Rose, help!"" Brenda shrieked, backing away until her spine hit the brick fireplace.**

**Brenda’s ghost bride dress looked stark and terrifyingly appropriate in the spectral moonlight.**

**""Grab something!"" I yelled, dropping my useless plastic wand.**

**I scrambled toward the kitchen counter, my fingers wrapping around a heavy, cast-iron skillet that my mom had left out on the stove. I sprinted back into the living room just as Gargarth raised his jagged stone pickaxe, preparing to swing it at Maeve's leg.**

**With a terrified scream, I swung the heavy iron skillet with both hands, channeling every ounce of strength I had.**

**CLANG!**

**The impact was deafening. The iron skillet struck the side of Gargarth’s pointed blood-red hat with incredible force. Sparks flew into the dark room, and a loud, sharp cracking sound echoed through the house.** 

**The force of the blow shattered the stone pedestal beneath his feet, and the creature fell sideways, crashing heavily onto the hardwood floor like a dropped boulder. He lay completely still, the crimson fire in his obsidian eyes flickering out into total darkness.**

**The skillet dropped from my trembling, blistered hands, clattering loudly against the floor. Maeve collapsed against the couch, sobbing hysterically, her superhero mask soaked with tears.**

**""Is it...is it dead?"" Brenda whispered from the fireplace, her hands clutching her tattered lace skirt, her white face paint stark against the dark bricks.**

**""We broke it."" I panted, my chest heaving as I stared at the unmoving mound of red stone on the floor. ""We actually broke it. Let's get out of here. Let's run to the neighbors.""**

**Unfortunately, before we could take a single step toward the door, the temperature in the room plummeted even further. The air became so freezing that frost began to rapidly spiderweb across the glass of the living room windows.**

**A low, subterranean rumble vibrated through the floorboards.**

**The shattered pieces of stone on the floor began to twitch. With a sickening, grinding sound, the fragments of the gnome slid back together, fusing instantly as if pulled by an invisible, magnetic force. The crack on his head sealed shut, leaving the blood-red surface perfectly smooth once more.**

**Gargarth rose to his feet, snapping his stone neck from side to side with a series of loud, rocky pops. The crimson fire in his obsidian eyes erupted back to life, burning brighter and hotter than before.**

**""Insolent girls!"" the grinding voice boomed, rattling the picture frames on the walls. ""You cannot break what was carved before this town had a name!""**

**He raised his left hand, his stony fingers extending toward Brenda.** 

**A sudden, violent gust of wind erupted inside the closed living room, swirling the tattered lace of her wedding dress around her legs. A sickening, greenish-purple vapor began to pour from Gargarth's outstretched palm, drifting across the floor like a living snake.**

**Brenda tried to scream, but as soon as the vapor touched the hem of her dress, her voice died in her throat, replaced by a horrible, muffled choking sound.**

**""Brenda!"" Maeve yelled, reaching out to grab her friend's hand.**

**""Don't touch it!"" I screamed, pulling Maeve back as the green mist rapidly expanded, enveloping Brenda entirely in a thick, suffocating cloud of ancient magic.**

**Through the shifting tendrils of the glowing vapor, we watched in absolute, paralyzed horror as Brenda’s body began to stiffen. The soft, tattered fabric of her Victorian wedding dress began to harden, turning a dark, dull shade of slate gray. Her limbs locked into place, her outstretched arms freezing into a rigid, permanent pose. The tattered lace of her veil crystallized into solid, jagged stone, pinning itself to her head.**

**The white paint on Brenda’s face sank into her skin, her flesh calcifying, turning a pale, porous ceramic white. Her terrified, tear-streaked eyes hardened, the pupils dissolving until her eyes became two solid, unblinking spheres of polished, glassy onyx.**

**Within a matter of agonizing seconds, the green mist dissipated, swirling back into Gargarth’s stone palm.**

**Standing before the fireplace was no longer a sixteen-year-old girl named Brenda.**

**It was a three-foot-tall, solid stone lawn gnome. She was sculpted in perfect, horrific detail—her face frozen forever in a mask of absolute, screaming terror, her arms raised as if trying to ward off an invisible blow. Her tattered wedding dress was now a molded, heavy gray skirt, and a painted base of faded gray stone held her firmly to the floorboards. She had become exactly what her costume predicted: a ghost bride, bound in stone for eternity.**

**""The ledger is settled."" Gargarth’s grinding voice rumbled, a tone of dark satisfaction echoing through the room.**

**The creature stepped forward, wrapping his stone fingers around the base of the newly formed Brenda gnome. With an impossible display of supernatural strength, he lifted her stone form onto his shoulder as if she weighed nothing at all. He turned his burning crimson gaze back toward Maeve and I, nodding once in a silent, terrifying gesture of finality.**

**He walked back into the hallway, his heavy boots making the floorboards groan one last time, and then the front door swung open and slammed shut with a concussive bang.**

**The instant that the door closed, the lights in the house snapped back on. The television roared to life with a blast of static, the refrigerator began to hum, and the digital clock on the microwave began to blink 12:00 AM. The dry, artificial heat of the furnace began to pump through the vents, erasing the supernatural chill of the room in seconds.**

**Everything was completely normal. Except for the shattered plastic fairy wand on the floor, the heavy iron skillet lying in the corner, and the empty space by the fireplace where our best friend had stood just moments before.**

**Maeve dropped to her knees, staring at the empty floorboards, a broken, silent sob escaping her lips. I stood beside her, my fake pink glitter wings feeling like a mockery against my skin, my eyes fixed on the front door.** 

**Old Man Miller had warned us. He had told us that the old blood in Duskwood demanded a price on Halloween night, and we hadn't listened.**

**Brenda was gone, dragged down into the dark earth to serve as a bride for a monster carved from stone, leaving Maeve and I alone in the bright, terrifying light of the living room, haunted forever by the grim, knowing smirk of Gargarth.**

**The End.**

",2,1789251582.0,TalesFromTheCreeps,1,1.0,False
1weq0cz,/r/TrivandrumMeetups/comments/1wepnf6/where_coffee_meets_nature/,Where coffee meets nature,,1,1789251502.0,kanyakumari,0,1.0,False
1weq0bs,https://www.reddit.com/r/creepypasta/comments/1weq0bs/the_gnome_bride_of_duskwood/,The Gnome Bride of Duskwood,"**The sound of wind chimes on Halloween night usually brings a festive, comforting chill, but in Duskwood, Virginia, the wind always carried a sharper, meaner edge.** 

**The air smelled heavily of damp earth, rotten oak leaves, and the faint, unmistakable trace of chimney smoke. I stood on the cracked asphalt of Terra Cotta Lane, shivering beneath a layer of cheap pink glitter and synthetic wings.** 

**I was sixteen years old, dressed as a woodland fairy, and for the first time in my life, I felt completely ridiculous.**

**""Come on, Rose, stop dragging your feet!"" Maeve hissed from the shadow of a sprawling willow tree.**

**Maeve was dressed as a generic comic-book superhero, complete with a bright red satin cape that snapped aggressively in the autumn breeze and a black domino mask that kept sliding down her nose. In her right hand, she balanced a half-empty carton of grade-A large eggs like a quarterback holding a football.**

**""I’m telling you guys, we’re getting too old for this."" I muttered, adjusting the plastic wand tucked into the waistband of my jeans. ""We're juniors in high school. If anyone from the track team sees us throwing eggs at people's porches, we're socially dead weight until graduation.""**

**""Oh, please."" Brenda scoffed, stepping into the dim glow of a flickering streetlamp.**

**Brenda had gone all-out this year, wearing an elaborate, dirt-smudged Victorian wedding dress with a tattered lace veil pinned into her dark hair. Her face was painted a ghostly, stark white, with deep charcoal shadows smudged beneath her eyes to complete the 'ghost bride' look, and she said,**

 **""Halloween is the one night a year when you get a free pass to be a menace. Besides, Duskwood is dead tonight. Have you noticed how quiet it is? It’s like the whole town is hiding.""**

**Brenda wasn't wrong. A strange, suffocating silence had draped itself over Duskwood after the sun went down. Most houses had their porch lights turned completely off, their blinds tightly drawn as if to ward off something far more dangerous than neighborhood teenagers looking for candy.** 

**It was a lingering habit of the older generation here—a quiet, generational trauma left over from the eighties, when a madman named Howard Nestor used to hunt in these very woods. People in Duskwood didn't trust the dark. They never had.**

**""Look ahead."" Maeve whispered, pointing a gloved finger down the winding gravel driveway at the end of the block. ""Old Man Miller’s place. A perfect target.""**

**The Miller estate was a weathered, single-story ranch house sat on a massive plot of overgrown land. Old Man Miller was a fixture of Duskwood, an ancient, reclusive man who had lived in the town long before Howard Nestor ever started his horrific killing spree. He rarely left his property, and the neighborhood kids traded rumors about him like currency. Some people said that he was crazy; others said he was just incredibly bitter.**

**As we crept closer to the edge of his property, the beam of Maeve’s phone flashlight swept across his front lawn, revealing his infamous collection of lawn decorations. Dozens of ceramic lawn gnomes stood frozen in the tall, un-mowed grass. Most of them were standard, peeling figures with faded red hats and cheerful, painted grins.**

**However right in the center of the lawn, mounted on a cracked stone pedestal, stood a gnome that looked entirely different from the rest.**

**This gnome was nearly three feet tall, carved from a heavy, dark, unidentifiable stone rather than cheap ceramic. It didn't wear a cheerful smile. Instead, its face was sculpted into a grim, knowing smirk, with deeply chiseled, intensely lifelike features. Its long, pointed cap wasn't a festive red; it was painted the color of dried, oxidized blood.** 

**Most striking of all were its eyes—made of two polished pieces of obsidian that seemed to absorb the moonlight, reflecting nothing back. Painted in faded, archaic black lettering across the base of the pedestal was a single name: Gargarth.**

**""Gross."" Brenda muttered, stepping onto the grass to get a closer look. ""That thing looks like it wants to bite someone. It's hideous.""**

**""Perfect."" Maeve grinned, opening the carton of eggs.**

**Maeve handed an egg to Brenda and offered one to me. I shook my head, stepping back toward the gravel road, my plastic fairy wings catching on a rogue briar bush.**

**""Just leave it, guys. Let's just go to the diner or something,"" I pleaded, the sudden dropping temperature making my breath form thick plumes of white mist.** 

**The silence of the lawn felt heavy, almost pressurized.**

**""Don't be a buzzkill, Rose."" Brenda said, raising her arm, aiming directly for Gargarth's stone face.** 

**Maeve mirrored her stance, her red superhero cape blowing over her shoulder.**

**""*****I wouldn't do that if I were you.*****"" A voice said.**

**The voice was like grinding stones. We all jumped, Brenda dropping her egg into the grass with a wet, yellow pop.** 

**Old Man Miller stepped out from the deep shadow of his wrap-around porch. He looked older than the trees surrounding his house, his skin deeply lined and leathery, his back slightly hunched beneath a heavy flannel jacket. In his right hand, he held a rusted iron garden rake, using it almost like a staff. His pale, rheumy eyes locked onto the three of us with absolute intensity.**

**""What are you girls doing on my property?"" he demanded, his voice trembling but firm.**

**""We...we were just looking at your decorations, Mr. Miller!"" Maeve lied quickly, smoothing down her superhero outfit and trying to hide the egg carton behind her back. ""We think that your gnomes are really cool. We were just getting a closer look.""**

**Miller didn't blink. He lowered his gaze to the crushed yellow yolk at Brenda’s feet, then looked back up at our faces, and said,**

**""Don't insult my intelligence, girl. You've got mischief in your eyes and hen's fruit in your hands.""**

**He took three heavy steps down the porch stairs, the grass crunching beneath his work boots. He didn't look angry; instead, a profound, exhausting gravity seemed to weigh him down. He pointed the tip of his rusted rake toward the dark stone pedestal.**

**""Get off this lawn, now!"" Miller warned, his voice dropping into a harsh, frantic whisper. ""Especially away from him. Get away from Gargarth.""**

**Brenda rolled her eyes under her tattered bridal veil, letting out a loud, dramatic sigh, and said,**

**""Oh, come on. It's just a stupid piece of painted rock, old man. We're not hurting anything.""**

**""You don't understand anything!"" Miller snapped, his knuckles turning white around the wooden handle of his rake. ""I was here in eighty-six. I watched this town bleed when Nestor took his toll. I know the things that wake up when the moon is right. That stone creature...it’s dangerous. It isn't a decoration. It’s a bound entity. Every Halloween night, when the veil is thin, Gargarth comes to life in search of a bride to drag down into the earth with him.""**

**Maeve let out a snicker, muffled by her hand. I felt a cold knot twist in my stomach, though. The way that Miller said the name—with a genuine, unadulterated terror—didn't sound like an old man trying to protect his grass. It sounded like a warning from a survivor.**

**""A bride?"" Brenda laughed, gesturing to her ghost bride costume. ""Well, look at that. I'm already dressed for the occasion. Too bad he's made of clay.""**

**""Joke all you like, children."" Miller said, his face hardening into a grim, dark expression as he began to back away toward his porch. ""The old blood in this town demands a price tonight. One of you might be very sorry before the sun comes up. Get home to your parents, and lock your doors.""**

**With that, the old man retreated back into his dark house, slamming the heavy wooden door shut. The click of the deadbolt echoed clearly across the quiet yard.**

**""What a complete lunatic."" Maeve said, stepping forward again. ""He completely ruined the vibe.""**

**""Yeah, well, he doesn't get the last word."" Brenda muttered, her face twisting into a stubborn, angry scowl.**

**Before Maeve or I could stop her, Brenda snatched a fresh egg from the carton, took two aggressive steps toward the stone pedestal, and threw it with all her might.**

**The egg struck Gargarth right in his obsidian eyes, exploding in a messy smear of white and yellow goo that dripped down his chiseled stone beard.**

**""Brenda, stop!"" I yelled, genuinely terrified now, though I couldn't explain why.** 

**The obsidian eyes of the statue seemed to catch the light of the moon for a split second, turning a dull, burning crimson beneath the slime.**

**""Let's run!"" Maeve shouted, the thrill of the prank finally mixing with adrenaline.**

**The three of us turned and sprinted down the gravel driveway, our sneakers pounding against the pavement. Brenda’s heavy lace wedding dress swished loudly in the dark, and my plastic fairy wings fluttered wildly against my back. We didn't stop running until we reached the safety of my neighborhood, bursting through the front door of my house and slamming it shut behind us.**

**My parents were out at a neighborhood block party down the street, so the house was entirely dark and quiet. We collapsed onto the living room floor, panting for breath, our hearts hammering against our ribs.**

**""Did you see his face?"" Maeve laughed, collapsing onto the couch, her red cape draping over the cushions. ""He looked like he was about to cast a spell on us with that rake.""**

**""He was a total  psycho."" Brenda agreed, pulling off her tattered veil and tossing it onto the coffee table. She wiped a smudge of white face paint from her cheek. ""A bound entity? Gargarth? Give me a break. It's a lawn ornament.""**

**I stood by the window, peering through the blinds into the dark, empty street outside. The feeling of dread from Miller's lawn hadn't left me. If anything, it had followed us home, clinging to the edges of my thoughts like a spreading stain, and I said,**

 **""I don't know, guys. Something felt really wrong about that place. We shouldn't have done that.""**

**""Relax, Rose."" Maeve said, pulling a bag of miniature candy bars from her pocket. ""It’s just an old town legend. Duskwood is full of them.""**

**Then, the lights went out.**

**The sudden, absolute darkness was instantaneous. The hum of the refrigerator died, the digital clock on the microwave blinked into oblivion, and the ambient warmth of the house seemed to evaporate in seconds.** 

**The only light came from the pale, gray moonbeams filtering through the living room windows, casting long, distorted shadows across the walls.**

**""Great."" Maeve groaned in the dark. ""A power outage. Just what we needed.""**

**""Is anyone's phone working?"" I asked, pulling my phone from my pocket. The screen was completely black. I pressed the power button repeatedly, but it refused to turn on. ""Mine is dead. Completely dead. It had eighty percent battery two minutes ago.""**

**""Mine too."" Brenda’s voice came from the dark corner of the room, sounding suddenly small and stripped of its previous arrogance. ""It won't turn on.""**

**A heavy, oppressive silence settled over the living room. The air grew rapidly colder, with our breath turning to visible white vapor inside the house. Then, from the hallway near the front door, we heard a sound that made our blood run cold.**

**Scritch. Scritch. Scritch.**

**It was the unmistakable sound of heavy stone scraping against the hardwood floorboards. It was slow, deliberate, and rhythmic.**

**""Rose?"" Maeve whispered, her voice trembling violently now. She had stood up from the couch, her superhero cape rustling in the dark. ""Did you leave the front door open?""**

**""No!"" I choked out, my hands gripping my plastic fairy wand so tightly that the cheap toy cracked. ""I locked it! I know that I locked it!""**

**The scraping sound grew louder, moving out of the hallway and entering the threshold of the living room. We all froze, our eyes straining against the shadows.**

**Stepping into the pale arc of moonlight was a figure that defied reality. It was nearly three feet tall, carved from a heavy, blood-red stone.** 

**The egg residue that we had thrown earlier was completely gone, replaced by a smooth, polished sheen that seemed to glow with a sickly, internal luminescence.** 

**The obsidian eyes were no longer dark; they burned with a fierce, malevolent crimson fire. In its small, rocky hands, it held a miniature, jagged stone pickaxe that scraped against the floor with every step.**

**It was Gargarth, and he was alive.**

**""The old blood demands its due!"" a voice resonated through the room. It didn't come from a mouth; rather, the sound seemed to vibrate directly out of the stone torso of the creature, a deep, grinding, echoing rumble that sounded like an earthquake. ""A bride was promised! A bride will be taken!""**

**""Get away from us!"" Maeve screamed, her survival instinct overriding her terror.**

**Driven by pure adrenaline, she lunged forward, raising her leg and delivering a heavy, desperate kick to the center of the gnome’s chest.**

**Maeve’s sneaker struck the stone with a loud, dull thud. Gargarth stumbled backward a few inches, his stone boots scraping loudly against the floor, but he didn't fall. He let out a low, grinding sound that sounded horribly like laughter.**

**""Rose, help!"" Brenda shrieked, backing away until her spine hit the brick fireplace.**

**Brenda’s ghost bride dress looked stark and terrifyingly appropriate in the spectral moonlight.**

**""Grab something!"" I yelled, dropping my useless plastic wand.**

**I scrambled toward the kitchen counter, my fingers wrapping around a heavy, cast-iron skillet that my mom had left out on the stove. I sprinted back into the living room just as Gargarth raised his jagged stone pickaxe, preparing to swing it at Maeve's leg.**

**With a terrified scream, I swung the heavy iron skillet with both hands, channeling every ounce of strength I had.**

**CLANG!**

**The impact was deafening. The iron skillet struck the side of Gargarth’s pointed blood-red hat with incredible force. Sparks flew into the dark room, and a loud, sharp cracking sound echoed through the house.** 

**The force of the blow shattered the stone pedestal beneath his feet, and the creature fell sideways, crashing heavily onto the hardwood floor like a dropped boulder. He lay completely still, the crimson fire in his obsidian eyes flickering out into total darkness.**

**The skillet dropped from my trembling, blistered hands, clattering loudly against the floor. Maeve collapsed against the couch, sobbing hysterically, her superhero mask soaked with tears.**

**""Is it...is it dead?"" Brenda whispered from the fireplace, her hands clutching her tattered lace skirt, her white face paint stark against the dark bricks.**

**""We broke it."" I panted, my chest heaving as I stared at the unmoving mound of red stone on the floor. ""We actually broke it. Let's get out of here. Let's run to the neighbors.""**

**Unfortunately, before we could take a single step toward the door, the temperature in the room plummeted even further. The air became so freezing that frost began to rapidly spiderweb across the glass of the living room windows.**

**A low, subterranean rumble vibrated through the floorboards.**

**The shattered pieces of stone on the floor began to twitch. With a sickening, grinding sound, the fragments of the gnome slid back together, fusing instantly as if pulled by an invisible, magnetic force. The crack on his head sealed shut, leaving the blood-red surface perfectly smooth once more.**

**Gargarth rose to his feet, snapping his stone neck from side to side with a series of loud, rocky pops. The crimson fire in his obsidian eyes erupted back to life, burning brighter and hotter than before.**

**""Insolent girls!"" the grinding voice boomed, rattling the picture frames on the walls. ""You cannot break what was carved before this town had a name!""**

**He raised his left hand, his stony fingers extending toward Brenda.** 

**A sudden, violent gust of wind erupted inside the closed living room, swirling the tattered lace of her wedding dress around her legs. A sickening, greenish-purple vapor began to pour from Gargarth's outstretched palm, drifting across the floor like a living snake.**

**Brenda tried to scream, but as soon as the vapor touched the hem of her dress, her voice died in her throat, replaced by a horrible, muffled choking sound.**

**""Brenda!"" Maeve yelled, reaching out to grab her friend's hand.**

**""Don't touch it!"" I screamed, pulling Maeve back as the green mist rapidly expanded, enveloping Brenda entirely in a thick, suffocating cloud of ancient magic.**

**Through the shifting tendrils of the glowing vapor, we watched in absolute, paralyzed horror as Brenda’s body began to stiffen. The soft, tattered fabric of her Victorian wedding dress began to harden, turning a dark, dull shade of slate gray. Her limbs locked into place, her outstretched arms freezing into a rigid, permanent pose. The tattered lace of her veil crystallized into solid, jagged stone, pinning itself to her head.**

**The white paint on Brenda’s face sank into her skin, her flesh calcifying, turning a pale, porous ceramic white. Her terrified, tear-streaked eyes hardened, the pupils dissolving until her eyes became two solid, unblinking spheres of polished, glassy onyx.**

**Within a matter of agonizing seconds, the green mist dissipated, swirling back into Gargarth’s stone palm.**

**Standing before the fireplace was no longer a sixteen-year-old girl named Brenda.**

**It was a three-foot-tall, solid stone lawn gnome. She was sculpted in perfect, horrific detail—her face frozen forever in a mask of absolute, screaming terror, her arms raised as if trying to ward off an invisible blow. Her tattered wedding dress was now a molded, heavy gray skirt, and a painted base of faded gray stone held her firmly to the floorboards. She had become exactly what her costume predicted: a ghostly gnome bride, bound in stone for eternity.**

**""The ledger is settled."" Gargarth’s grinding voice rumbled, a tone of dark satisfaction echoing through the room.**

**The creature stepped forward, wrapping his stone fingers around the base of the newly formed Brenda gnome. With an impossible display of supernatural strength, he lifted her stone form onto his shoulder as if she weighed nothing at all. He turned his burning crimson gaze back toward Maeve and I, nodding once in a silent, terrifying gesture of finality.**

**He walked back into the hallway, his heavy boots making the floorboards groan one last time, and then the front door swung open and slammed shut with a concussive bang.**

**The instant that the door closed, the lights in the house snapped back on. The television roared to life with a blast of static, the refrigerator began to hum, and the digital clock on the microwave began to blink 12:00 AM. The dry, artificial heat of the furnace began to pump through the vents, erasing the supernatural chill of the room in seconds.**

**Everything was completely normal. Except for the shattered plastic fairy wand on the floor, the heavy iron skillet lying in the corner, and the empty space by the fireplace where our best friend had stood just moments before.**

**Maeve dropped to her knees, staring at the empty floorboards, a broken, silent sob escaping her lips. I stood beside her, my fake pink glitter wings feeling like a mockery against my skin, my eyes fixed on the front door.** 

**Old Man Miller had warned us. He had told us that the old blood in Duskwood demanded a price on Halloween night, and we hadn't listened.**

**Brenda was gone, dragged down into the dark earth to serve as a bride for a monster carved from stone, leaving Maeve and I alone in the bright, terrifying light of the living room, haunted forever by the grim, knowing smirk of Gargarth.**

**The End.**",1,1789251499.0,creepypasta,0,1.0,False
1weq01s,https://www.reddit.com/r/HFY/comments/1weq01s/43_seconds/,43 Seconds,"The galaxy had been listening to the same sound for 812 years.

It lasted 43 seconds.

Then it disappeared.

About eleven hours later, it came back.

Nobody knew when it had started. More accurately, even the oldest known recording showed that the cycle was already underway.

When it was first discovered, it had been a huge deal. The Sesnom believed it was a warning. The Orginks thought it was the remains of an ancient navigation system. The Starzteks were convinced the signal was a mathematical message, and they spent two centuries trying to prove it.

None of them got anywhere.

Eventually, the galaxy got bored.

The signal became one of those strange but ultimately unimportant events in scientific history. Students learned about it in class, professors spent a few minutes explaining it before moving on to something else. After eight hundred years of nobody figuring it out, building your career around it wasn't exactly considered a smart decision anymore.

The team at Asterion Observatory was still trying, though.

When Amy Pen arrived, all thirteen members of the team had already spent years working on the Signal.

Amy had been on the station for nineteen minutes.

The first thing she did was walk into the main observation room and stare at the screen.

Dr. Saul came over a few minutes later.

""Seen the frequency analysis?""

Amy shook her head.

""No.""

""Modulation?""

""No.""

""Encryption models?""

Amy looked down at the coffee in her hand.

""I can look at those later.""

Saul raised an eyebrow.

""What are you looking at now?""

Amy pointed at the white line on the screen.

""That.""

""For the last nineteen minutes?""

""Approximately.""

Saul took a breath.

""Okay.""

Amy looked at him.

""Is there a problem?""

""No. It's just that most people who come here usually ask what we're doing first.""

""I know what you're doing.""

""How?""

""I read the files.""

Saul was quiet for a moment.

""Of course you did.""

He turned back to the screen.

""So what are you doing right now?""

Amy didn't take her eyes off the white line.

""Trying to figure out what's wrong.""

Saul laughed.

""What's wrong with it?""

""I don't know yet.""

""That's a slightly concerning start.""

Amy finally looked at him.

""That's why I'm here.""

Saul smiled despite himself.

""I think we're going to get along.""

For the first few hours, nobody really understood what Amy was doing.

She didn't write a new equation. She didn't sit down at a computer and build some complicated model. When one of the lab technicians showed her the old analyses, she read through several pages and then simply said:

""Most of this is repeating the same thing.""

The man looked slightly offended.

""I've worked on this for twenty-three years.""

Amy looked back at the pages.

""You've repeated the same thing for twenty-three years.""

There was a brief silence in the room.

Saul stepped in.

""Okay.""

Amy looked at him.

""What?""

""I'd prefer if you didn't make people angry on your first day.""

""Did I make him angry?""

The man leaned back in his chair.

""A little.""

Amy nodded.

""Okay.""

Then she asked for the archives.

The oldest recordings, specifically.

""I want the oldest ones.""

Saul sent them over.

Amy looked through them for a few seconds.

""Older.""

""Those are the oldest ones we have.""

""No. Those are the oldest clean recordings you have.""

Saul stopped.

""You want the damaged ones too?""

Amy lifted her coffee.

""Especially those.""

A few minutes later, hundreds of old recordings filled the screen.

Some were damaged. Some were incomplete. Others had been recovered from archives belonging to civilizations that no longer existed.

Amy placed them side by side.

The signal played.

43 seconds.

Silence.

Then another recording.

43 seconds.

Silence.

Amy tilted her head.

Saul watched her.

""See something?""

""No.""

""You've been staring at it for six hours.""

""I'm aware.""

""You could take a break.""

Amy looked at him.

""If I take a break, I might miss it.""

""Miss what?""

Amy turned back to the screen.

""I don't know yet.""

Saul sat down.

""Most people get bored watching something they don't understand for six hours.""

Amy looked at her coffee.

""So did I.""

Saul looked surprised.

""You did?""

""Yeah.""

""Good.""

""But I don't want to leave.""

Saul gave a short laugh.

""That's more understandable.""

A faint smile appeared on Amy's face.

""At least I'm honest.""

Saul shook his head.

""Working with you is going to be interesting.""

""I hope so.""

""I hope so?""

Amy held up her coffee.

""I brought three when I came here. I'm on the second.""

Saul looked at the clock.

""It's three in the morning.""

""I know.""

""If you drink the third one, you won't sleep.""

Amy shrugged.

""I can't sleep anyway.""

Saul didn't answer.

Amy turned back to the screens.

A while later, she suddenly spoke.

""How old is the oldest recording?""

""796.""

""First observation?""

""812.""

""Open the first recording.""

Saul opened it.

The old recording filled the room's speakers.

Static.

Then the Signal.

43 seconds.

Silence.

The modern recording played immediately afterward.

The same static.

The same vibration.

The same duration.

Amy didn't say anything for a few seconds.

Then:

""Again.""

Saul played it again.

""Is it bit-for-bit identical?""

""Yes.""

""Really?""

""Yes.""

Amy's expression changed.

""That's ridiculous.""

Saul laughed.

""Finally, we agree.""

""No.""

Amy touched the screen with one finger.

""That's not what I mean.""

Saul looked at her.

""What do you mean?""

""That it's this perfect.""

Saul shrugged.

""Maybe the technology is just very advanced.""

Amy turned toward him.

""Technology can be advanced. Physics is still here.""

Saul's smile disappeared.

Amy started counting on her fingers.

""The equipment changes. The receivers change. The source moves. There's radiation. There's interference. Nothing in space stays perfectly still.""

She looked at the two recordings again.

""But these are identical.""

Saul didn't say anything for a few seconds.

Then:

""Wait.""

Amy looked at him.

""What?""

""Open the old recordings again.""

""Why?""

""Because I don't like what you just said.""

Amy smiled slightly.

""Neither do I.""

Amy opened the coordinates from the old recordings.

""Where's the source?""

Saul answered immediately.

""We don't have an exact location.""

""That's the problem.""

""How?""

Amy placed every observation point from the past several years onto the map.

At first, the points were scattered.

Then more recordings were added.

A curve began to form.

Saul's expression slowly changed.

""This...""

""An orbit.""

""Something is moving.""

""Yeah.""

Saul leaned closer to the screen.

""How did we not notice this before?""

Amy shrugged.

""Because everyone asked the same question.""

""Which was?""

""Where is the signal coming from?""

Saul shook his head.

""Wait.""

Amy looked at him.

""What?""

""Say that again.""

""Where is the signal coming from?""

""No. Before that.""

Amy thought for a moment.

""How did we not notice this before?""

Saul stared at the screen.

""Because for eight hundred years, everyone was looking for the transmitter.""

Amy zoomed in on the map.

""Wrong question.""

She pointed at the center of the orbit.

""If something is moving around this, maybe the transmitter isn't the important part.""

Saul stared at the map for a long time.

""Then what is?""

A small smile appeared on Amy's face.

""A door.""

Saul raised an eyebrow.

""A door?""

""Don't know yet.""

""Again?""

Amy took the last sip of her coffee.

""I'm more hopeful this time.""

The source of the Signal was moving.

More importantly, it passed the same point every eleven hours.

There was a direct connection between the Signal's repetition and this movement.

It was too regular to be a coincidence.

Amy ordered the Endeavor to be prepared.

Three days later, the ship reached the coordinates.

At first, there was nothing.

Just stars.

Then the navigator noticed something.

""Gravity reading.""

Amy got up from her seat.

""Where?""

""Twenty million kilometers ahead.""

The ship moved forward slowly.

As the anomaly grew stronger, the sensor readings became stranger.

First, they detected a single mass.

Then hundreds of objects.

Then thousands.

The navigator stared at the screen.

""That can't be right.""

Amy walked over.

""What do you see?""

""A structure.""

""How big?""

The navigator hesitated for several seconds.

""I can't measure it.""

Amy looked at the screen.

""How can't you measure it?""

""Because it doesn't fit inside the sensor range.""

Amy was silent for a moment.

""Oh.""

The navigator looked at her.

""Oh?""

""What do you want me to say?""

The navigator shook his head.

""Nothing.""

The stars ahead began disappearing one by one.

As the ship moved closer, the structure finally came into view.

A massive ring stretching thousands of kilometers.

Black metal.

Silver towers.

Hundreds of thousands of lights.

And at its center, a sphere of darkness.

Amy stared at it.

""Okay.""

Saul turned toward her.

""What?""

Amy shook her head.

""Not a door.""

Saul gave a short laugh.

""Good news.""

Amy didn't take her eyes off the structure.

""A graveyard.""

Nobody laughed.

There were writings across the surface of the structure.

The computer tried to translate them.

Eventually, the first sentence appeared:

WE WERE HERE.

Further scans revealed that the writings were everywhere.

Billions of names.

Civilizations.

Planets.

Cities.

Individuals.

Dates.

Saul stared at the screen.

""God.""

Amy said nothing.

When they calculated the age of the structure, the silence became even heavier.

Approximately 12,000 years old.

Saul looked at Amy.

""The Signal is 812 years old.""

""Yeah.""

""So whoever built this...""

""They were here long before us.""

Saul sat down.

""Twelve thousand years.""

Amy nodded.

""Looks like it.""

""What happened here?""

Amy didn't answer.

It took them hours to find the source of the Signal.

Eventually, they detected a small metal sphere orbiting the graveyard.

The Signal was coming from it.

The Endeavor brought the object aboard.

The moment they touched it, the sphere opened.

Inside was a single crystal.

A few seconds later, the crystal activated.

An image of an old, thin alien appeared.

It looked directly into the camera.

""If you're seeing this, you've found us.""

The image paused briefly.

""We don't know who you are.""

Another pause.

""We don't know when you'll arrive.""

Amy's expression changed.

She understood that the recording had been made for someone in the future.

The alien continued.

""Our civilization is ending.""

Images began playing.

Cities.

Ships.

Wars.

Diseases.

Worlds collapsing.

Thousands of years of civilization rising and falling passed before their eyes.

Finally, the alien appeared again.

""We tried to stop it.""

A short silence.

""We failed.""

The graveyard appeared behind it.

""So we built this.""

Amy watched silently.

""Not as a monument.""

The alien looked into the camera.

""As proof.""

Billions of names appeared on the screen again.

""We were afraid that if we disappeared completely, it would be as if we had never existed.""

Amy pressed her lips together.

""We wanted someone to know we had been here.""

The recording was coming to an end.

""That's why we made the Signal.""

Saul looked at the screen.

""No information.""

Amy nodded.

""No coordinates.""

""No history.""

""No warning.""

The alien smiled faintly.

""It's just a knock on a door.""

Amy's eyes moved toward the graveyard.

""We are knocking on the door of the future.""

The image began to fade.

But before the final sentence, it stopped once more.

""If someone answers...""

The alien looked into the camera.

""...we are not alone.""

The crystal went dark.

Nobody spoke for several minutes.

Finally, Saul said:

""They waited twelve thousand years for someone to find them.""

Amy shook her head.

""No.""

Saul looked at her.

""What?""

""They waited twelve thousand years for someone to answer.""

Saul closed his eyes and let out a short breath.

""That's worse.""

Amy looked at him.

""Why?""

""Because now we have to answer.""

Amy thought about it for a few seconds.

""Nobody's forcing us.""

Saul looked at her.

""You really think you're going to say that and then do nothing?""

Amy gave a small laugh.

""No.""

Amy walked over to the communications console.

Saul followed.

""What are you doing?""

""What do you think?""

""I hope you're not about to do something stupid.""

Amy looked at him.

""Too late.""

She activated the transmitter.

Saul stopped for a moment.

""You're really going to answer?""

""Why else would we be here?""

""What are we sending?""

Amy looked at the screen.

Then shrugged.

""Nothing.""

Saul frowned.

""Nothing?""

""The same thing they sent.""

She copied the Signal.

43 seconds.

Then silence.

Saul stared at the screen.

""That's it?""

Amy nodded.

""That's it.""

""What if they don't hear us?""

Amy looked at the enormous graveyard outside the window.

""They don't have to.""

Saul didn't understand.

""Then why did you do it?""

Amy was quiet for a few seconds.

Then she looked at the stars.

""Twelve thousand years ago, someone knocked on our door.""

The 43-second Signal spread into the darkness.

Amy smiled faintly.

""We don't turn away someone who knocks on our door.""",74,1789251480.0,HFY,3,0.96,False
1wepzy4,https://www.reddit.com/r/airbnb_hosts/comments/1wepzy4/pricing/,Pricing,"Hi, I’m about to start a new Airbnb in Queenstown New Zealand. I’m trying to get my head around pricing and whether to use a pricing application. What do you all recommend? It is in a modern building with views,good location and everything inside will be new. Side note, is instant coffee fine? The   is quite small and there’s nothing worse than a big device taking all the space. Also thinking of leaving out a few snacks, chips and biscuits of chocolate? Any advice welcome for this newbie! Thanks ",1,1789251472.0,airbnb_hosts,6,0.67,False
1wepzdm,https://www.reddit.com/r/scarystories/comments/1wepzdm/the_gnome_bride_of_duskwood/,The Gnome Bride of Duskwood,"**The sound of wind chimes on Halloween night usually brings a festive, comforting chill, but in Duskwood, Virginia, the wind always carried a sharper, meaner edge.** 

**The air smelled heavily of damp earth, rotten oak leaves, and the faint, unmistakable trace of chimney smoke. I stood on the cracked asphalt of Terra Cotta Lane, shivering beneath a layer of cheap pink glitter and synthetic wings.** 

**I was sixteen years old, dressed as a woodland fairy, and for the first time in my life, I felt completely ridiculous.**

**""Come on, Rose, stop dragging your feet!"" Maeve hissed from the shadow of a sprawling willow tree.**

**Maeve was dressed as a generic comic-book superhero, complete with a bright red satin cape that snapped aggressively in the autumn breeze and a black domino mask that kept sliding down her nose. In her right hand, she balanced a half-empty carton of grade-A large eggs like a quarterback holding a football.**

**""I’m telling you guys, we’re getting too old for this."" I muttered, adjusting the plastic wand tucked into the waistband of my jeans. ""We're juniors in high school. If anyone from the track team sees us throwing eggs at people's porches, we're socially dead weight until graduation.""**

**""Oh, please."" Brenda scoffed, stepping into the dim glow of a flickering streetlamp.**

**Brenda had gone all-out this year, wearing an elaborate, dirt-smudged Victorian wedding dress with a tattered lace veil pinned into her dark hair. Her face was painted a ghostly, stark white, with deep charcoal shadows smudged beneath her eyes to complete the 'ghost bride' look, and she said,**

 **""Halloween is the one night a year when you get a free pass to be a menace. Besides, Duskwood is dead tonight. Have you noticed how quiet it is? It’s like the whole town is hiding.""**

**Brenda wasn't wrong. A strange, suffocating silence had draped itself over Duskwood after the sun went down. Most houses had their porch lights turned completely off, their blinds tightly drawn as if to ward off something far more dangerous than neighborhood teenagers looking for candy.** 

**It was a lingering habit of the older generation here—a quiet, generational trauma left over from the eighties, when a madman named Howard Nestor used to hunt in these very woods. People in Duskwood didn't trust the dark. They never had.**

**""Look ahead."" Maeve whispered, pointing a gloved finger down the winding gravel driveway at the end of the block. ""Old Man Miller’s place. A perfect target.""**

**The Miller estate was a weathered, single-story ranch house sat on a massive plot of overgrown land. Old Man Miller was a fixture of Duskwood, an ancient, reclusive man who had lived in the town long before Howard Nestor ever started his horrific killing spree. He rarely left his property, and the neighborhood kids traded rumors about him like currency. Some people said that he was crazy; others said he was just incredibly bitter.**

**As we crept closer to the edge of his property, the beam of Maeve’s phone flashlight swept across his front lawn, revealing his infamous collection of lawn decorations. Dozens of ceramic lawn gnomes stood frozen in the tall, un-mowed grass. Most of them were standard, peeling figures with faded red hats and cheerful, painted grins.**

**However right in the center of the lawn, mounted on a cracked stone pedestal, stood a gnome that looked entirely different from the rest.**

**This gnome was nearly three feet tall, carved from a heavy, dark, unidentifiable stone rather than cheap ceramic. It didn't wear a cheerful smile. Instead, its face was sculpted into a grim, knowing smirk, with deeply chiseled, intensely lifelike features. Its long, pointed cap wasn't a festive red; it was painted the color of dried, oxidized blood.** 

**Most striking of all were its eyes—made of two polished pieces of obsidian that seemed to absorb the moonlight, reflecting nothing back. Painted in faded, archaic black lettering across the base of the pedestal was a single name: Gargarth.**

**""Gross."" Brenda muttered, stepping onto the grass to get a closer look. ""That thing looks like it wants to bite someone. It's hideous.""**

**""Perfect."" Maeve grinned, opening the carton of eggs.**

**Maeve handed an egg to Brenda and offered one to me. I shook my head, stepping back toward the gravel road, my plastic fairy wings catching on a rogue briar bush.**

**""Just leave it, guys. Let's just go to the diner or something,"" I pleaded, the sudden dropping temperature making my breath form thick plumes of white mist.** 

**The silence of the lawn felt heavy, almost pressurized.**

**""Don't be a buzzkill, Rose."" Brenda said, raising her arm, aiming directly for Gargarth's stone face.** 

**Maeve mirrored her stance, her red superhero cape blowing over her shoulder.**

**""*****I wouldn't do that if I were you.*****"" A voice said.**

**The voice was like grinding stones. We all jumped, Brenda dropping her egg into the grass with a wet, yellow pop.** 

**Old Man Miller stepped out from the deep shadow of his wrap-around porch. He looked older than the trees surrounding his house, his skin deeply lined and leathery, his back slightly hunched beneath a heavy flannel jacket. In his right hand, he held a rusted iron garden rake, using it almost like a staff. His pale, rheumy eyes locked onto the three of us with absolute intensity.**

**""What are you girls doing on my property?"" he demanded, his voice trembling but firm.**

**""We...we were just looking at your decorations, Mr. Miller!"" Maeve lied quickly, smoothing down her superhero outfit and trying to hide the egg carton behind her back. ""We think that your gnomes are really cool. We were just getting a closer look.""**

**Miller didn't blink. He lowered his gaze to the crushed yellow yolk at Brenda’s feet, then looked back up at our faces, and said,**

**""Don't insult my intelligence, girl. You've got mischief in your eyes and hen's fruit in your hands.""**

**He took three heavy steps down the porch stairs, the grass crunching beneath his work boots. He didn't look angry; instead, a profound, exhausting gravity seemed to weigh him down. He pointed the tip of his rusted rake toward the dark stone pedestal.**

**""Get off this lawn, now!"" Miller warned, his voice dropping into a harsh, frantic whisper. ""Especially away from him. Get away from Gargarth.""**

**Brenda rolled her eyes under her tattered bridal veil, letting out a loud, dramatic sigh, and said,**

**""Oh, come on. It's just a stupid piece of painted rock, old man. We're not hurting anything.""**

**""You don't understand anything!"" Miller snapped, his knuckles turning white around the wooden handle of his rake. ""I was here in eighty-six. I watched this town bleed when Nestor took his toll. I know the things that wake up when the moon is right. That stone creature...it’s dangerous. It isn't a decoration. It’s a bound entity. Every Halloween night, when the veil is thin, Gargarth comes to life in search of a bride to drag down into the earth with him.""**

**Maeve let out a snicker, muffled by her hand. I felt a cold knot twist in my stomach, though. The way that Miller said the name—with a genuine, unadulterated terror—didn't sound like an old man trying to protect his grass. It sounded like a warning from a survivor.**

**""A bride?"" Brenda laughed, gesturing to her ghost bride costume. ""Well, look at that. I'm already dressed for the occasion. Too bad he's made of clay.""**

**""Joke all you like, children."" Miller said, his face hardening into a grim, dark expression as he began to back away toward his porch. ""The old blood in this town demands a price tonight. One of you might be very sorry before the sun comes up. Get home to your parents, and lock your doors.""**

**With that, the old man retreated back into his dark house, slamming the heavy wooden door shut. The click of the deadbolt echoed clearly across the quiet yard.**

**""What a complete lunatic."" Maeve said, stepping forward again. ""He completely ruined the vibe.""**

**""Yeah, well, he doesn't get the last word."" Brenda muttered, her face twisting into a stubborn, angry scowl.**

**Before Maeve or I could stop her, Brenda snatched a fresh egg from the carton, took two aggressive steps toward the stone pedestal, and threw it with all her might.**

**The egg struck Gargarth right in his obsidian eyes, exploding in a messy smear of white and yellow goo that dripped down his chiseled stone beard.**

**""Brenda, stop!"" I yelled, genuinely terrified now, though I couldn't explain why.** 

**The obsidian eyes of the statue seemed to catch the light of the moon for a split second, turning a dull, burning crimson beneath the slime.**

**""Let's run!"" Maeve shouted, the thrill of the prank finally mixing with adrenaline.**

**The three of us turned and sprinted down the gravel driveway, our sneakers pounding against the pavement. Brenda’s heavy lace wedding dress swished loudly in the dark, and my plastic fairy wings fluttered wildly against my back. We didn't stop running until we reached the safety of my neighborhood, bursting through the front door of my house and slamming it shut behind us.**

**My parents were out at a neighborhood block party down the street, so the house was entirely dark and quiet. We collapsed onto the living room floor, panting for breath, our hearts hammering against our ribs.**

**""Did you see his face?"" Maeve laughed, collapsing onto the couch, her red cape draping over the cushions. ""He looked like he was about to cast a spell on us with that rake.""**

**""He was a total  psycho."" Brenda agreed, pulling off her tattered veil and tossing it onto the coffee table. She wiped a smudge of white face paint from her cheek. ""A bound entity? Gargarth? Give me a break. It's a lawn ornament.""**

**I stood by the window, peering through the blinds into the dark, empty street outside. The feeling of dread from Miller's lawn hadn't left me. If anything, it had followed us home, clinging to the edges of my thoughts like a spreading stain, and I said,**

 **""I don't know, guys. Something felt really wrong about that place. We shouldn't have done that.""**

**""Relax, Rose."" Maeve said, pulling a bag of miniature candy bars from her pocket. ""It’s just an old town legend. Duskwood is full of them.""**

**Then, the lights went out.**

**The sudden, absolute darkness was instantaneous. The hum of the refrigerator died, the digital clock on the microwave blinked into oblivion, and the ambient warmth of the house seemed to evaporate in seconds.** 

**The only light came from the pale, gray moonbeams filtering through the living room windows, casting long, distorted shadows across the walls.**

**""Great."" Maeve groaned in the dark. ""A power outage. Just what we needed.""**

**""Is anyone's phone working?"" I asked, pulling my phone from my pocket. The screen was completely black. I pressed the power button repeatedly, but it refused to turn on. ""Mine is dead. Completely dead. It had eighty percent battery two minutes ago.""**

**""Mine too."" Brenda’s voice came from the dark corner of the room, sounding suddenly small and stripped of its previous arrogance. ""It won't turn on.""**

**A heavy, oppressive silence settled over the living room. The air grew rapidly colder, with our breath turning to visible white vapor inside the house. Then, from the hallway near the front door, we heard a sound that made our blood run cold.**

**Scritch. Scritch. Scritch.**

**It was the unmistakable sound of heavy stone scraping against the hardwood floorboards. It was slow, deliberate, and rhythmic.**

**""Rose?"" Maeve whispered, her voice trembling violently now. She had stood up from the couch, her superhero cape rustling in the dark. ""Did you leave the front door open?""**

**""No!"" I choked out, my hands gripping my plastic fairy wand so tightly that the cheap toy cracked. ""I locked it! I know that I locked it!""**

**The scraping sound grew louder, moving out of the hallway and entering the threshold of the living room. We all froze, our eyes straining against the shadows.**

**Stepping into the pale arc of moonlight was a figure that defied reality. It was nearly three feet tall, carved from a heavy, blood-red stone.** 

**The egg residue that we had thrown earlier was completely gone, replaced by a smooth, polished sheen that seemed to glow with a sickly, internal luminescence.** 

**The obsidian eyes were no longer dark; they burned with a fierce, malevolent crimson fire. In its small, rocky hands, it held a miniature, jagged stone pickaxe that scraped against the floor with every step.**

**It was Gargarth, and he was alive.**

**""The old blood demands its due!"" a voice resonated through the room. It didn't come from a mouth; rather, the sound seemed to vibrate directly out of the stone torso of the creature, a deep, grinding, echoing rumble that sounded like an earthquake. ""A bride was promised! A bride will be taken!""**

**""Get away from us!"" Maeve screamed, her survival instinct overriding her terror.**

**Driven by pure adrenaline, she lunged forward, raising her leg and delivering a heavy, desperate kick to the center of the gnome’s chest.**

**Maeve’s sneaker struck the stone with a loud, dull thud. Gargarth stumbled backward a few inches, his stone boots scraping loudly against the floor, but he didn't fall. He let out a low, grinding sound that sounded horribly like laughter.**

**""Rose, help!"" Brenda shrieked, backing away until her spine hit the brick fireplace.**

**Brenda’s ghost bride dress looked stark and terrifyingly appropriate in the spectral moonlight.**

**""Grab something!"" I yelled, dropping my useless plastic wand.**

**I scrambled toward the kitchen counter, my fingers wrapping around a heavy, cast-iron skillet that my mom had left out on the stove. I sprinted back into the living room just as Gargarth raised his jagged stone pickaxe, preparing to swing it at Maeve's leg.**

**With a terrified scream, I swung the heavy iron skillet with both hands, channeling every ounce of strength I had.**

**CLANG!**

**The impact was deafening. The iron skillet struck the side of Gargarth’s pointed blood-red hat with incredible force. Sparks flew into the dark room, and a loud, sharp cracking sound echoed through the house.** 

**The force of the blow shattered the stone pedestal beneath his feet, and the creature fell sideways, crashing heavily onto the hardwood floor like a dropped boulder. He lay completely still, the crimson fire in his obsidian eyes flickering out into total darkness.**

**The skillet dropped from my trembling, blistered hands, clattering loudly against the floor. Maeve collapsed against the couch, sobbing hysterically, her superhero mask soaked with tears.**

**""Is it...is it dead?"" Brenda whispered from the fireplace, her hands clutching her tattered lace skirt, her white face paint stark against the dark bricks.**

**""We broke it."" I panted, my chest heaving as I stared at the unmoving mound of red stone on the floor. ""We actually broke it. Let's get out of here. Let's run to the neighbors.""**

**Unfortunately, before we could take a single step toward the door, the temperature in the room plummeted even further. The air became so freezing that frost began to rapidly spiderweb across the glass of the living room windows.**

**A low, subterranean rumble vibrated through the floorboards.**

**The shattered pieces of stone on the floor began to twitch. With a sickening, grinding sound, the fragments of the gnome slid back together, fusing instantly as if pulled by an invisible, magnetic force. The crack on his head sealed shut, leaving the blood-red surface perfectly smooth once more.**

**Gargarth rose to his feet, snapping his stone neck from side to side with a series of loud, rocky pops. The crimson fire in his obsidian eyes erupted back to life, burning brighter and hotter than before.**

**""Insolent girls!"" the grinding voice boomed, rattling the picture frames on the walls. ""You cannot break what was carved before this town had a name!""**

**He raised his left hand, his stony fingers extending toward Brenda.** 

**A sudden, violent gust of wind erupted inside the closed living room, swirling the tattered lace of her wedding dress around her legs. A sickening, greenish-purple vapor began to pour from Gargarth's outstretched palm, drifting across the floor like a living snake.**

**Brenda tried to scream, but as soon as the vapor touched the hem of her dress, her voice died in her throat, replaced by a horrible, muffled choking sound.**

**""Brenda!"" Maeve yelled, reaching out to grab her friend's hand.**

**""Don't touch it!"" I screamed, pulling Maeve back as the green mist rapidly expanded, enveloping Brenda entirely in a thick, suffocating cloud of ancient magic.**

**Through the shifting tendrils of the glowing vapor, we watched in absolute, paralyzed horror as Brenda’s body began to stiffen. The soft, tattered fabric of her Victorian wedding dress began to harden, turning a dark, dull shade of slate gray. Her limbs locked into place, her outstretched arms freezing into a rigid, permanent pose. The tattered lace of her veil crystallized into solid, jagged stone, pinning itself to her head.**

**The white paint on Brenda’s face sank into her skin, her flesh calcifying, turning a pale, porous ceramic white. Her terrified, tear-streaked eyes hardened, the pupils dissolving until her eyes became two solid, unblinking spheres of polished, glassy onyx.**

**Within a matter of agonizing seconds, the green mist dissipated, swirling back into Gargarth’s stone palm.**

**Standing before the fireplace was no longer a sixteen-year-old girl named Brenda.**

**It was a three-foot-tall, solid stone lawn gnome. She was sculpted in perfect, horrific detail—her face frozen forever in a mask of absolute, screaming terror, her arms raised as if trying to ward off an invisible blow. Her tattered wedding dress was now a molded, heavy gray skirt, and a painted base of faded gray stone held her firmly to the floorboards. She had become exactly what her costume predicted: a ghost bride, bound in stone for eternity.**

**""The ledger is settled."" Gargarth’s grinding voice rumbled, a tone of dark satisfaction echoing through the room.**

**The creature stepped forward, wrapping his stone fingers around the base of the newly formed Brenda gnome. With an impossible display of supernatural strength, he lifted her stone form onto his shoulder as if she weighed nothing at all. He turned his burning crimson gaze back toward Maeve and I, nodding once in a silent, terrifying gesture of finality.**

**He walked back into the hallway, his heavy boots making the floorboards groan one last time, and then the front door swung open and slammed shut with a concussive bang.**

**The instant that the door closed, the lights in the house snapped back on. The television roared to life with a blast of static, the refrigerator began to hum, and the digital clock on the microwave began to blink 12:00 AM. The dry, artificial heat of the furnace began to pump through the vents, erasing the supernatural chill of the room in seconds.**

**Everything was completely normal. Except for the shattered plastic fairy wand on the floor, the heavy iron skillet lying in the corner, and the empty space by the fireplace where our best friend had stood just moments before.**

**Maeve dropped to her knees, staring at the empty floorboards, a broken, silent sob escaping her lips. I stood beside her, my fake pink glitter wings feeling like a mockery against my skin, my eyes fixed on the front door.** 

**Old Man Miller had warned us. He had told us that the old blood in Duskwood demanded a price on Halloween night, and we hadn't listened.**

**Brenda was gone, dragged down into the dark earth to serve as a bride for a monster carved from stone, leaving Maeve and I alone in the bright, terrifying light of the living room, haunted forever by the grim, knowing smirk of Gargarth.**

**The End.**

",3,1789251430.0,scarystories,0,1.0,False
1wepz7m,https://i.redd.it/81tb48mxoqoh1.jpeg,Anyone here a fan of pourover coffee? Just waiting for my water to finish boiling!,,20,1789251419.0,cateatingvegans,1,0.95,False
1wepz43,https://www.reddit.com/r/TunisiaRelationships/comments/1wepz43/stop_telling_people_to_wait_for_someone_who/,"Stop telling people to ""wait for someone who accepts you as you are""","Every time someone posts on this sub venting about the modern dating market the comments default to a certain logic:

""There's someone out there who will love every bit of this, and would like you the way you are.""

It sounds comforting but honestly, it’s misleading, and in many cases, it actively harming them.

I’m not here to generalize all men or all women, nor am I saying you need to be a millionaire or a supermodel to deserve love. 

But we need to stop pretending dating exists in a vacuum where social reality and socioeconomic baselines don't matter.

The ""Baselines"" are real for both men and women

A few days ago, I saw a guy venting about how dating culture demands fancy dinners. Naturally, the top advice was: ""Find a low-maintenance girl who’s happy with a cheap stroll in the park or a split coffee.""

Sure, those people exist. 

But if a guy genuinely cannot afford a basic date telling him to just ""find someone who doesn't care about money"" is setting him up for failure. A healthy adult relationship requires a baseline of functional independence, stability, and mutual investment.

For men: It’s often the financial and emotional threshold. If you can’t afford basic dates, or bring zero emotional maturity to the table, telling you ""someone will love you broke and bitter"" isn't helpful. It just delays you doing the work you need to do.

For women:  A woman might vent about men ""only wanting one thing"" or pulling away after a few dates, and the comments rush to say, ""He just couldn't handle a strong woman"" and how "" you should hold out for someone who appreciates your standards."" 

But if she brings rigid ultimatums, offers no warmth or reciprocity, and expects to be entertained without contributing to the dynamic, no guy with options is going to stick around either.

Telling people ""just wait for someone who tolerates this"" tells them to treat dating like a passive waiting room instead of an active pursuit where what you offer matters.

Also, between social media, and modern socioeconomic pressures people’s baseline expectations have shifted. 

Disagree with it all you want, but reality doesn't bend to what feels fair. Socioeconomic layers and lifestyle compatibility are real.

Everyone is a work in progress. Your preferences will change, your financial situation will evolve, and your maturity will grow. But that growth requires admitting where you currently fall short instead of demanding the world lower its standards to accommodate your comfort zone.

Stop stressing over people who reject your current reality. If someone requires something you simply cannot or will not provide, let them go. Agonizing over why they won't ""settle"" for you won't change their mind, and it won't improve your life.

So, stop waiting for someone to accept you at your absolute lowest effort, and start becoming someone you'd actually want to date. ",2,1789251412.0,TunisiaRelationships,1,0.75,False
1wepypv,https://i.redd.it/7x4d0xszy5ph1.jpeg,Interesting card I saw; anyone know the story or taken him up on it?,,12,1789251385.0,Omaha,18,0.77,False
1wepylr,https://www.reddit.com/r/Tunisia/comments/1wepylr/stop_telling_people_to_wait_for_someone_who/,"Stop telling people to ""wait for someone who accepts you as you are""","Every time someone posts on this sub venting about the modern dating market the comments default to a certain logic:

""There's someone out there who will love every bit of this, and would like you the way you are.""

It sounds comforting but honestly, it’s misleading, and in many cases, it actively harming them.

I’m not here to generalize all men or all women, nor am I saying you need to be a millionaire or a supermodel to deserve love. 

But we need to stop pretending dating exists in a vacuum where social reality and socioeconomic baselines don't matter.

The ""Baselines"" are real for both men and women

A few days ago, I saw a guy venting about how dating culture demands fancy dinners. Naturally, the top advice was: ""Find a low-maintenance girl who’s happy with a cheap stroll in the park or a split coffee.""

Sure, those people exist. 

But if a guy genuinely cannot afford a basic date telling him to just ""find someone who doesn't care about money"" is setting him up for failure. A healthy adult relationship requires a baseline of functional independence, stability, and mutual investment.

For men: It’s often the financial and emotional threshold. If you can’t afford basic dates, or bring zero emotional maturity to the table, telling you ""someone will love you broke and bitter"" isn't helpful. It just delays you doing the work you need to do.

For women:  A woman might vent about men ""only wanting one thing"" or pulling away after a few dates, and the comments rush to say, ""He just couldn't handle a strong woman"" and how "" you should hold out for someone who appreciates your standards."" 

But if she brings rigid ultimatums, offers no warmth or reciprocity, and expects to be entertained without contributing to the dynamic, no guy with options is going to stick around either.

Telling people ""just wait for someone who tolerates this"" tells them to treat dating like a passive waiting room instead of an active pursuit where what you offer matters.

Also, between social media, and modern socioeconomic pressures people’s baseline expectations have shifted. 

Disagree with it all you want, but reality doesn't bend to what feels fair. Socioeconomic layers and lifestyle compatibility are real.

Everyone is a work in progress. Your preferences will change, your financial situation will evolve, and your maturity will grow. But that growth requires admitting where you currently fall short instead of demanding the world lower its standards to accommodate your comfort zone.

Stop stressing over people who reject your current reality. If someone requires something you simply cannot or will not provide, let them go. Agonizing over why they won't ""settle"" for you won't change their mind, and it won't improve your life.

So, stop waiting for someone to accept you at your absolute lowest effort, and start becoming someone you'd actually want to date. ",4,1789251377.0,Tunisia,1,1.0,False
1wepxao,https://www.reddit.com/r/frederickmd/comments/1wepxao/fredericks_matcha_master_list/,frederick’s matcha master list,"I strongly dislike water downed matcha’s or matcha where the powder is sweetened. Here’s a compiled list of places that use ceremonial matcha and where the drink is actually green, thick, and not overly sweet.

Places I’ve tried myself 

1) Gwenie’s Pastries, has a variety of flavors as well and the portions are significant.   
2) Tierra y Taza, variety of matcha’s a bit on the expensive side but the quality speaks for itself and all syrups are homemade  
3) Beanvenido, actually a coffee truck that’s growing in popularity in the area but their cielo matcha is a recent obsession of mine and the quality is TO DIE FOR. very yummy  
4) Tous Les Jours, not ceremonial and not made in the tradition method but still decent and their tiramisu matcha latte is quite tasty. I’d still put this lowest on this list.

Places I haven’t tried myself but I researched

1) Dublin Roasters, saw on Tiktok they use ceremonial matcha   
2) Bloom Asian Haus 

Unfortunately, Gravel and Grind, Frederick Coffee Co, and Common Market didn’t make the cut. Their matcha was pre sweetened powder and not as strong as I wanted it to be and too powdery for my liking.  ",11,1789251282.0,frederickmd,7,0.82,False
1wepx6p,https://www.reddit.com/r/webdev/comments/1wepx6p/crypto_commerce_project_paybyte/,Crypto Commerce Project - PayByte,"I’ve been building something called the Paybyte Blockchain Engine, or PBE, and mainnet is finally live after more coffee than my kidneys would like to admit. I always thought it would be cool to have something easy to use, more mainstream, that's as easy to implement like a ""Pay with Paypal"" button, but for crypto, that's easy for the average user, like the litecoin network, and something that is considerably more environmental friendly than a POW concept like Bitcoin. Since my Java/C++ skills suck, I built it in a language I am familiar with, and something that is a little out of the ordinary for a blockchain, PHP.

This is its own Layer 1. Not an ERC20, not a Solana token, not a rebranded fork.

Current mainnet:

    PBE Core 0.0.1
    Protocol 1.0
    Block v4
    Transaction v2
    PBE-PAY v1
    15 second block target
    5 PBE starting reward
    ~4 year halvings
    ~84.1M max supply

Consensus uses hybrid participation.

Any authorized wallet can produce blocks, even with 0 PBE. Each wallet gets one deterministic Argon2id participation ticket per slot. Holdings improve timing through a bounded multiplier, but there is no minimum stake and no manual staking lock. The entire ecosystem is fully P2P.

PBE exposes separate P2P and RPC layers.

Examples:

    POST /p2p/hello
    POST /p2p/transaction
    POST /p2p/block
    GET  /p2p/peers
    
    GET  /rpc/status
    GET  /rpc/block/{heightOrHash}
    GET  /rpc/transaction/{txid}
    GET  /rpc/balance/{address}
    POST /rpc/broadcast

There’s also a native merchant protocol called PBE-PAY.

Payments use transaction v2 with a signed `paymentReference`.

A merchant verifies:

    paymentReference
    recipient
    exact amount

Payment URIs look like:

    pbe:<address>?amount=25&ref=ORDER123&label=Store

Merchants can use their own node, or multiple public nodes

Commerce endpoints include:

    GET  /rpc/commerce/info
    POST /rpc/commerce/payment-request
    GET  /rpc/commerce/payment/{reference}
    POST /rpc/broadcast

Optional HMAC signed webhooks support:

    payment.pending
    payment.confirming
    payment.confirmed
    payment.reorged
    payment.expired

The full API is public and viewable at

[**https://paybyte.org/web/developers/**](https://paybyte.org/web/developers/)

[**https://paybyte.org/web/developers/openapi.json**](https://paybyte.org/web/developers/openapi.json) << Point your ChatGPT here if you are building for e-commerce.

Windows and Linux standalone nodes are also available. The Windows build is basically download, extract, run the PBE, create a wallet and sync.",0,1789251275.0,webdev,6,0.14,False
1wepuq4,https://www.reddit.com/r/copenhagen/comments/1wepuq4/best_coffee_table_book_on_copenhagen/,Best coffee table book on Copenhagen,"Hi,

My friends got married in Copenhagen & they absolutely love the city. As a birthday gift, I would like to give them a fancy high quality photo/coffee table book on Copenhagen.

  
Could you give recommendation of such books that captures the charm of Copenhagen in best possible way?",0,1789251106.0,copenhagen,1,0.5,False
1weptxl,https://www.reddit.com/r/OnlineFriend/comments/1weptxl/33m/,33m,"​Rahul | 33 | 5'7"" (170 cm)

Originally from India 🇮🇳, currently making a life and career in Kuwait 🇰🇼.

​Looking for something real, meaningful, and long-term. Appreciate good conversations, quiet weekends, exploring good food, and finding humor in everyday moments.

​Hoping to connect with someone grounded, kind, and ready for a genuine partnership. Let’s start with a relaxed coffee and see where the vibe takes us.",1,1789251049.0,OnlineFriend,0,1.0,False
1weptne,https://www.reddit.com/r/Truemed/comments/1weptne/the_best_collagen_supplements_for_skin_joints_and/,"The Best Collagen Supplements for Skin, Joints, and More.","Powders, coffee creamers, beauty drinks, protein bars. Collagen is everywhere. But the best collagen supplement has more to do with your goal, the type of collagen and the serving size than flashy marketing claims. 

Research suggests collagen may help support skin hydration, elasticity, joint comfort and connective tissue health, though results vary and the evidence is stronger for some benefits than others. The best collagen for skin typically contains hydrolyzed marine collagen peptides and type I collagen closely associated with skin structure and elasticity. 

Here is what most people don't know though. Not all collagen products count as HSA/FSA eligible supplements. Whether or not they qualify depends on the product, your health needs and whether you have the right documentation. In many cases that means you will need a Letter of Medical Necessity from a licensed provider. 

For qualified customers collagen supplements may be HSA/FSA eligible through Truemed. Are you currently taking collagen and paying out of pocket for it? 

Full guide here: [https://www.truemed.com/blog/best-collagen-supplements/?utm\_source=linkinbio](https://www.truemed.com/blog/best-collagen-supplements/?utm_source=linkinbio)

Truemed is for qualified customers. HSA/FSA tax savings vary.",1,1789251031.0,Truemed,0,1.0,False
1weptd3,https://i.redd.it/gvi0fiktx5ph1.jpeg,🍕 DEAL ALERT — Save 19% on BrewBlack Variety Pack 100 Pods Compatible with Nespresso Original Line!,"💰 Was: £28.99 | Now: £23.59

💸 You save: £5.40 (19% off)

EXPANSIVE FLAVOUR ASSORTMENT: Features Crema, Supremo, Ristretto, Perfetto, and Intenso, with 20 capsules of each flavour. · TAILORED COFFEE EXPERIENCES: 100 capsules provide a broad spectrum of coffee tastes, from sm…

⏰ Expires 15 September — don't miss it!

👉 See the full deal: [https://www.gift-huddle.com/deals/7c3e564a-04a2-406a-8a15-243d78920f6d?utm\_source=facebook&utm\_medium=social&utm\_campaign=deal\_post](https://www.gift-huddle.com/deals/7c3e564a-04a2-406a-8a15-243d78920f6d?utm_source=facebook&utm_medium=social&utm_campaign=deal_post)

\#GiftHuddle #BREWBLACK #BrewBlack #FoodDeals #deals #giftideas #ukdeals",1,1789251010.0,GiftHuddle,0,1.0,False
1wepry3,https://www.reddit.com/r/Woodworking_DIY/comments/1wepry3/coffee_table_question/,coffee table question,"Hi there! I thought I’d come to this community to ask this question. Might sound silly - but I know absolutely nothing about wood working. I was wondering, if I wanted to get a custom coffee table built for my apartment, and I wanted to support a local woodworking instead of buying from a large brand and probably overspending - how much should I be expecting to pay? It will be a very simple standard coffee table, no added flair. Can use less expensive wood types. Just wondering if it would be worth it for me to contact a local shop instead or if custom woodworking is only for people willing to spend a lot",0,1789250904.0,Woodworking_DIY,3,0.33,False
1weprvr,https://www.reddit.com/r/AskUK/comments/1weprvr/how_much_water_do_you_drink_a_day/,How much water do you drink a day?,"I'm someone who drinks at least 2 litres of water a day and believe it's a big part of what makes me function and keeps me healthy. If I don't drink enough water, my body just feels off and it affects my energy and mood levels. It's the first thing I do when I wake up, and I constantly sip throughout the day.  
But some people I know don't drink any water at all. They rely on the water intake solely from tea, coffee, fizzy drinks etc. But the idea of that in my head seems mental.   
So how much water do you drink a day?",39,1789250899.0,AskUK,196,0.8,False
1weprjh,https://www.reddit.com/r/KoreaTravelMeetup/comments/1weprjh/looking_for_a_travel_buddy_in_seoul/,Looking for a Travel Buddy in Seoul Today/Translator Available This Week,"Hi! I’m a Korean guy in my 30s from Canada, currently in Seoul for the next two weeks and looking for a travel buddy today or sometime this week. I work at night, so I’m mostly free in the afternoon.

I’m pretty easygoing and like exploring new places and trying different food. I’m hoping to get some chicken soup and Chinese noodle while I’m here haha.

If anyone is also looking to explore Seoul, grab some food, get coffee, or just hang out, feel free to message me!

I can also help with Korean/Chinese/English translation if you need it, and I’m happy to help with planning an itinerary or getting around Seoul.",1,1789250874.0,KoreaTravelMeetup,2,1.0,False
1weprbq,https://v.redd.it/i28s6lrsw5ph1,"I added real-time to my tycoon, and the rule that made it safe is the rule that made it pointless","I am making Board Game Tycoon, where you run a small board game publisher.

The simulation is turn-based in weeks. Beginning of the week I added a soft real-time clock: 12 seconds per week, the week advances automatically, and space still skips ahead.

Game Dev Tycoon famously moved from turns to real-time before release, so I figured it might give the office some life and remove some of the constant advance clicking. To keep it cozy, I had one hard rule. You never lose time while you are reading or making a decision.

Open any panel in the office? Paused.  
Popup? Paused.  
Unread review, uncovered payment, finished task? Pause once and wait for the player to deal with it.  
Alt-tabing? Paused.  
Take any action on a hotspot? Restart the current week.

It worked that way, smoke tests were green. The clock never stole a week in any of the tests. Then I actually played it in a full run and the clock was almost never running.

In a management game, I spend most of my time inside panels, not just my game, in most management games. Reading test reports, comparing numbers, choosing a print run, checking finances. That is my game currently.

So real-time only happened during the few seconds between closing one panel and opening the next. All that machinery gave me a progress bar that mostly sat still and a little PAUSE indicator that was visible most of the time where you needed to hover to see why.

The bigger cost was something I had not really priced in, every new UI layer needed a pause reason.

By the time I removed the feature, the precedence list had 22 entries: 15 UI layers and 7 pending decisions. Every future panel would also need to register there, otherwise time could quietly leak underneath it. That is a permanent tax on every UI change for a feature that was barely visible while actually playing.

So four days after merging it, I removed it again today xD Around 2,000 lines of code, a suite check, an input action, a handbook chapter and a settings toggle all gone.

One thing survived: the office ambient behaviour I added alongside it. The founder walks to their desk while a task is running and idles when there is nothing to do. The player can pet the cat or dog, can drink a cup of coffee, look at the posters, water the plants etc.

My takeaway is that real-time only really earns its place if the loop itself happens in the world. Game Dev Tycoon has you watching progress bars fill in an office. Mine has you reading playtest reports and deciding how many copies to print. Same broad genre, completely different answer.

Has anyone else run into this with a management game? Did real-time actually run while people played, or did it mostly sit paused behind menus? This is why Playtesting is sooo important after doing such changes.",13,1789250859.0,IndieDev,1,1.0,False
1wepqsb,https://www.reddit.com/r/fashionwomens35/comments/1wepqsb/dallas_work_trip_outfit_recap_pics/,Dallas Work Trip: Outfit Recap + Pics,"I recently went to the DFW area for work and wanted to share my outfit pics and recaps with y'all. As a 47 year old who is also a size 16 and tall, I know it's hard to find any sort of everyday/realistic work and play outfits, so I try to share them when I can.

I was attending a conference and it was *extremely* hot, over 100 degrees there the first three days, but I was blessed with my extra day (day off) being overcast at first and then magically sunny when it was time to go to the pool. Very lucky on that front! 

[Day 1 of the conference, I did not keep either of these pieces](https://imgur.com/Usxqtnp) the pants were a touch snug and they're poly, and the top, although nice, was poly as well and it's black. I have the same top in rich cocoa brown so I decided that these were going to get donated and not brought back home. The outfit was fine, but overall it didn't feel comfortable enough to keep. Both are Donna Karan. 

I wound up going to the local nearby Target *three times* for stuff--albeit once to return items I didn't wind up using but I wound up getting a tote bag to carry around during the day and a small day purse [this adorable faux suede purse in cobalt blue](https://www.target.com/p/faux-suede-small-winged-satchel-a-new-day-8482-blue/-/A-95098110?) which *perfectly* matched my vintage dress and my going-out dinner dress in a major stroke of luck. I also got [these black flats, an instant MVP](https://www.target.com/p/women-39-s-charlie-flats-a-new-day-8482-black-9-5/-/A-95142242) as I brought sneakers, slippers and going out strappy sandals and just didn't feel 100% comfortable wearing sneakers to the rest of the conference. 

[Day 2 I was a bit looser after seeing what others wore to the event](https://imgur.com/jnAxMMi) I wore my comfortable pull on jersey pants, my new black flats, a pleats please white blouse and a gorgeous unique silk topper by Citron Santa Monica. 

Day 3 was a half day, and I wore a pair of emergency-Ross-trip purchased $11 pull on pants that were pretty decent for the price, a St. John shell and an H&M satin short sleeved blazer. The St. John blouse sadly had a slight mark on it from an earlier stain (which was baked in/hadn't come out in a previous wash) that I didn't notice while packing so once the conference activities were over I chucked it. [Outfit pic](https://imgur.com/Y6d9SPM)

Once work was done I headed to a nearby mall for some browsing and dinner, and switched out the outfit to [this much more comfortable version](https://imgur.com/ccSFsyY)

The next day I had all to myself so I checked into a much more walkable part of town (Arts area) at the Hall Arts hotel (*highest* possible recommendation, it's amazing) and went to go browsing/sight-seeing and have lunch with a local friend. 

I didn't get a picture but I wore this out and about [vintage dress](https://www.pinterest.com/pin/395964992264765595/) with my Commes des Garcons sneakers and my new purse. Now would I wear a 70's polyester dress in Texas in August again? No. But it was so freaking cute it was worth it. 

[And y'all...wow](https://imgur.com/Q9L2VHs) I got this dress on extreme discount/clearance at the mall, it's Favorite Daughter, and it's like it was made for me. It's a lightweight crepe material. [It's this dress](https://shop.simon.com/products/favorite-daughter-the-nita-maxi-dress) which no offense to Favorite Daughter, is not worth full price but IS worth it on sale. I went to ""Written on the Seasons"" which was...fine. A B+ or so. It just didn't blow my hair back, but overall it was a nice dinner. 

I only had one short day + the next morning in town so I wore [my comfortable pants and a SUPER perfect cropped tee](https://imgur.com/gUjHvdE) from Foxtrot (a local specialty mart + coffee shop) and my sneakers to get coffee and relax while killing time before heading back home.  

Other items I bought: 

A new bathing suit--DKNY in a beautiful pewter color, magically flattering [this one, but from Ross, for WAY cheaper, got very lucky](https://www.belk.com/p/dkny-womens-ruffle-plunge-one-piece-bathing-suit/0480056086478.html) for the rooftop pool at Hall Arts which is MAGICAL and just what I needed in life.

A tiny little real-gold stud earring in a new piercing (from Wildlike) [this one](https://wildlike.com/products/teeny-flower-motif-yellow-gold-stud)

[this INSANE virgin wool Akris Punto cardigan for like 90% off](https://editorialist.com/p/akris-punto-leopard-jacquard-knit-cardigan/?) It replaces a Essential Antwerp cardigan I had for a couple years and felt was too warm-toned and too overall loud for my current taste. It is so gorgeous in person. I almost overlooked it as Akris Punto isn't really my jam (and runs small, and only goes up to about a US 16, which often doesn't fit me comfortably) BUT this was my size and on the clearance rack for an extra 25% off. It was not ""cheap"" per se, but it was a find.

Anyway, a very fun trip overall. Have you been to DFW recently? What did you wear/buy? Anything fun? Share to us! ",16,1789250819.0,fashionwomens35,2,0.84,False
1wepp67,https://youtu.be/AmCDGeo9100?is=g0pkuBWEEPkUwRie,Total Eclipse interview with the Devs...,"A couple of things I wanted to summarize:

1. It doesn't appear there will be another update besides bug fixes this year. 

2. A paid DLC looks to be in the works (again not this year most likely).

3. They are curious as to what we want to see from them as far as a Dev stream goes. My proposal and my opinion is let's shoot for a Dev stream on the first Tuesday of every month. With all the vacations coffee station takes that would probably equate to 8-9 per year. If there is no Dev news, it's still nice to see the Devs and maybe they can answer questions from the community during that time. Thoughts?

There are more topics covered in the video as well FYI...",81,1789250705.0,SatisfactoryGame,49,0.9,False
1wepovy,/r/TrivandrumMeetups/comments/1wepnf6/where_coffee_meets_nature/,Where coffee meets nature,,1,1789250683.0,TrivandrumMarketplace,0,1.0,False
1wepon1,https://i.redd.it/ibm5kuzuw5ph1.jpeg,Didn't know this could happen🥀🥀,"Wrecked satsuma start ahh picture xd, but seriously this is the first time I get this much damage on the satsuma and honestly I think this is a proper ending to this cursed mortal save.

Quick context: grandma died while I was in prison, fatigue got bugged and the bar started maxing out only after a few minutes so I had to use tons of coffee (driving at high speed didn't help) and the police for whatever reason didn't fine me until a whole week after doing vandalism at the inspection shop",3,1789250667.0,MySummerCar,1,1.0,False
1wepodf,https://www.reddit.com/r/Mandaluyong/comments/1wepodf/lf_friends_ppl_to_hangout_with/,lf friends / ppl to hangout with :),"hi! i'm a girl in my mid twenties from province, been here for more than a year but i dont usually go outside. i’m looking to meet people around my age within this area who are also down to make new friends and hang out! i’d love to grab coffee/lunch, explore different places around metro manila, try new restaurants/cafes, go shopping, or just find random fun things to do together. 

ideally looking for people who are actually interested in becoming friends rather than just a one-time meetup. bonus if you’re also looking to build a little friend group 🫶🏻 

ofc i would be down to connect on social media! What if we create group chat tho? ",1,1789250649.0,Mandaluyong,0,1.0,False
1wepo8o,https://www.reddit.com/r/u_sal18co/comments/1wepo8o/retiring_in_less_than_two_years_husband_and_i_are/,"Retiring in less than two years, husband and I are not in agreement over what type of community to buy our next house.","While I grew up in a small city, also a people lover, I enjoy a walkable community. I would love walking all day to restaurants, shops, and coffee shops. My husband grew up in a big city. He wants at least 3 acres of land and to live away from a city with at least a 45 minute commute. We did well with raising a family and wanting the same as a young family. I have been saying we need to meet each other halfway. Has anyone else had this problem? ",1,1789250639.0,u_sal18co,0,1.0,False
1wepnf6,https://www.reddit.com/r/TrivandrumMeetups/comments/1wepnf6/where_coffee_meets_nature/,Where coffee meets nature,"# 🌿☕ Planning a “Coffee Meets Nature” Café in Trivandrum — Looking for Honest Feedback Before I Invest

Hi everyone,

I’m currently in the planning stage of opening a **small café in Trivandrum, India**, and I’m looking for honest feedback before I commit my savings and start construction.

I don't want this post to be an advertisement. I’m genuinely trying to understand **what customers actually want from a café** and whether this concept makes sense.

# 🌿 The Concept: “Where Coffee Meets Nature”

The basic idea is to create a **small, affordable, open-air café surrounded by greenery**, rather than another typical café with four walls, expensive interiors and air conditioning everywhere.

I’m looking at using an open plot and creating a natural, comfortable environment using things like:

* 🌱 Plants and greenery
* 🎋 Bamboo and other natural-looking materials
* 🪵 Simple wooden/rustic furniture
* 🪨 Natural stone/gravel elements
* 💡 Warm ambient/string lighting
* 🌿 Outdoor seating
* 📸 A few attractive photo/Instagram spots
* 🎶 Soft music and a relaxed atmosphere

The tagline I’m considering is:

# “Where Coffee Meets Nature.”

The goal is to make the **environment itself part of the product**.

You aren't just buying a coffee — you're coming somewhere to sit, talk, relax and spend time.

# ☕ What I'm thinking of serving

I don't want to start with an enormous menu.

I'm considering a relatively simple menu such as:

**Drinks**

* Hot coffee
* Cappuccino
* Latte
* Cold coffee
* Tea
* Fresh juices
* Milkshakes

**Food**

* Sandwiches
* Burgers
* Fries
* Pasta
* Momos
* Chicken snacks
* A few local/Kerala/Tamil-style snacks

I'm thinking of keeping the prices **affordable enough for students and young working people**, rather than positioning it as a premium café.

# 🌙 Evening Experience

This is another part I'm considering.

During the evening, the café could become more of a **hangout/social space**.

For example:

🏏 Cricket screenings  
⚽ Football screenings  
🏎️ F1 screenings  
🎬 Occasional movie nights  
🎶 Small acoustic/music evenings  
🎲 Board games/card games  
💡 Different lighting and outdoor seating at night

The idea is that someone might come at 7 PM for a coffee and end up staying for 2–3 hours with friends.

Obviously, I would look into the necessary permissions/licensing for screenings and music before doing any of this.

# 💰 Budget

My target is to keep the **initial setup below ₹10 lakh**.

Because of that, I'm intentionally thinking about a simple setup instead of spending heavily on interiors.

I'd rather spend money on:

**Good coffee + decent food + comfortable seating + atmosphere + customer experience**

than spend most of the budget making an expensive building.

I'd also want to keep some money aside as **working capital for the first few months**.

# 🧐 What I really want to know from you

If you were my target customer, **would this concept actually make you visit?**

And more importantly, **what would make you come back?**

#  Location

Would you travel 10–20 minutes specifically to visit a café with this type of atmosphere, or would you normally choose whatever café is closest?

#  Nature concept

Does “coffee + nature + open-air seating” actually sound appealing, or is it something that sounds good online but wouldn't make much difference when choosing where to eat?

# Food

What are the **one or two items** you would absolutely expect to see on the menu?

Would you prefer a café to have a small focused menu or a huge menu with lots of choices?

# Evening activities

Would sports/F1/movie screenings make you more likely to visit?

Or would you prefer the café to remain quiet and relaxed?

# Atmosphere

What matters most to you?

* Good coffee ☕
* Food 🍔
* Comfortable seating 🪑
* Beautiful environment 🌿
* Music 🎶
* Wi-Fi 💻
* Sports/movie screenings 📺
* Instagram/photo spots 📸
* Affordable prices 💰

#  Your ideal café

If you could design this café yourself, **what would you add that I haven't mentioned?**

I'm especially interested in hearing from people who have **actually owned or worked in cafés/restaurants**, because I know the reality can be very different from what looks good on Instagram.

I'm still at the planning stage, so **please don't hesitate to criticize the idea**.

If you think the concept is bad, tell me why.

If you think it could work, tell me **what you would change to make it better.**

I'm trying to learn from other people's experience 

# 🌿☕ “Where Coffee Meets Nature.”",1,1789250582.0,TrivandrumMeetups,1,1.0,False
1wepnce,https://i.redd.it/ocl65hclw5ph1.jpeg,Found a letter to his ex,"Hamburger helper with some extra oomf from a few days ago.

I don’t want to say too much and dox myself, but long story short, I had a feeling perhaps my boyfriend of a couple years was withdrawing lately. But I’m also anxious and thought maybe I was overthinking things.

Today I snooped places I shouldn’t have, and fucked around and found out. Long story short, I found a draft of a letter clearly addressed to his ex talking about his life over the years, how he would like to grab coffee and catch up at any time and how he still thinks of her.  And I know it had to have been written either yesterday or today.

I knew this was a serious relationship with his ex and before we got too serious I asked him where he stands with that, and he told me he hasn’t thought of her since being with me and how he’s never felt how he felt with me before. Obviously this was during a now worn off honeymoon stage. I feel sick, betrayed, humiliated, worthless, fugly, and have been crying all day, idek how to confront this because I know I breached his trust too.

I know what I need to do but I’m really scared. We live together. I have a really important and high stakes couple of months coming up and I can’t afford to let a breakup OR even a clocked out relationship get in the way of things so I do really feel like my hands are tied.

Please be kind today has fucking sucked :(",42,1789250577.0,GirlDinnerDiaries,22,0.94,False
1wepms1,https://www.reddit.com/gallery/1wepms1,Is this too many baggu bags!? 😦 Which bags would you destash?? 🥲😅,"I fear my recent baggu acquisitions have me excited but now I have a few too many of the same type…. For medium crescents (& one coffee meringue) and maybeeee one too many loaf bags 😭 which would you guys destash, I might not destash any but def need suggestions bc I do feel I have one or two too many 😖 Anywayyyy I’d appreciate the help 🥰 ",27,1789250538.0,BAGGU,15,0.97,False
1wepm17,https://www.reddit.com/r/novarent/comments/1wepm17/540_sq_ft_apartment_lease_transfer_or_sublet/,"540 sq ft Apartment - Lease Transfer or Sublet - Unfurnished (Alexandria,VA)","For photos you may view this post on my Profile page.

I'm moving and need someone to take over my current studio apartment lease beginning in the first week of October 2026 through July 27, 2027. There is a designated bedroom space with doors but it's listed as a studio because there's no closet or window in the bedroom. The closet is located a couple of steps away through the bathroom. 

The property is The Beacon of Groveton at 6870 Richmond Highway. The monthly base rent is $1,858, Parking garage if you have a car is $50/mo and trash fee is $20/mo. The monthly bill has an admin fee which is roughly $6. Those four items add up to $1,934. Your water and sewer usage cost also shows up on your monthly rent bill. They'll charge extra if you have pets. Also, there is an extra monthly cost if you don’t get your own renters insurance. All of their fees are on their website.

The apartment is on the 7th floor of an 8 floor building and conveniently located right at the elevator, garage (Very nice when bringing in lots of groceries) and trash chute room. There is also a guest seating area just out the apartment door which is great for entertaining or if you want a change of scenery without going far. The living room/kitchen area windows are large and bring in tons of natural light. Plants love it and I save costs because I don't need to turn on any lights during the day. The bathroom is very spacious. I have never once had any issues with pests of any kind. The apartment has always been critter-free and I’ve been here for a few years. Photos posted are so you can see the layout and what's possible. I'm taking all of my furniture with me so you will be taking it over unfurnished.

Note this is a smoke-free building and the leasing office takes prompt action if anyone complains of smoke.

The benefit of taking over my lease instead of applying directly is it’s a shorter term, I've already paid the deposit (I'm guessing as long as you have sufficient income to qualify to rent and credit is good enough to not need a higher deposit) and the amenity fee for this lease term. Amenity fee is usually $500. Included amenities are:   
\-Pool area and outdoor courtyard with pattio seating, grills,TV and fire pits.   
\-Indoors there is a free coffee bar hangout room  
\-Recreation hangout room with a pool table shuffleboard table, TVs and wet bar.   
\-Full gym  
\-Computer room with Mac computers and printer.  
\-Large TV movie room  
Secure package delivery room, controlled key fob entry throughout the building as well as complimentary WiFi in shared amenity spaces is also standard on the property. The maintenance crew is decent. This apartment is very clean and has been well maintained. The bedroom carpet was recently replaced and shows no wear. 

To get started you would have to fill out an application and other paperwork to get approved by the property management. There is a $50 application fee but I'm willing to reimburse you if you're approved and do go through with taking over the lease. Contact me and I’ll have the leasing office send you what’s needed. You’ll submit everything directly to them.

The building is in a walkable area with many essentials in walking distance. Taco restaurant in the building downstairs. Post Office across the street. Also right next door there are two banks, Starbucks, Dry cleaners, Lowe's, Marshall's, HomeGoods, Chipotle, First Watch, Panera Bread, Famous Dave's, Ruby's Jamaican restaurant across the street. Target only 1 short block away, Walgreens, a full service Carwash, Petco, a dog park and more. Giant Grocery store is also right next door (Whole Foods, Mom's, Wegmans and Fresh World all a short driving distance away) 

A bus stop less than a block away and located a short dustance from Huntington Metro stop, Old Town Alexandria, Mount Vernon Rec Center (with ice skating year round) and the National Harbor only a 15 minute drive accross the bridge. DC an easy 20 minute drive up 95 to 295.",1,1789250487.0,novarent,0,1.0,False
1weplxy,https://www.reddit.com/r/coffeeindia/comments/1weplxy/suggest_some_instant_coffe_that_is_strong_and/,Suggest some instant coffe that is strong and won't give anxiety 😭,some milk (or even black) instant coffee. 😭,1,1789250481.0,coffeeindia,2,1.0,False
1wepllt,https://www.reddit.com/gallery/1wepllt,"38 [M4A] Calgary, Canada - Looking for a relationship","Hey everyone. I'm Scott and I'm looking for a long-term monogamous relationship.

I love sci-fi and fantasy, and currently run my own D&D campaign with friends. I'm a world builder at heart so I value someone who is creative and very passionate about what they love.

I'm a homebody but I'd love to find a partner who can share in some new experiences with me. I'm introverted but I open up really well during one-on-one convos.

Besides fantasy and gaming, I also enjoy Symphonic Metal and Prog Rock, a great cup of coffee, and a long walk in the rain. I don't own any pets, but cats love me!

I'm pansexual so I'm open to meet those of any gender identity. I don't drink alcohol, smoke, or do any drugs. I'm also an excellent driver; I have a spotless record without even so much as a parking ticket.

Feel free to DM me if you'd like to chat more! Tell me about your D&D character, your favourite show, or your ideal cup of coffee.",12,1789250458.0,cf4cf,0,0.83,False
1wepl00,https://www.reddit.com/r/missoula/comments/1wepl00/dessert/,Dessert,"Let's say it is 7pm in the evening. You want coffee and dessert. Or at least dessert.
Where are going to go?",1,1789250426.0,missoula,13,0.67,False
1wepktw,https://www.reddit.com/r/UAEYoungAdults/comments/1wepktw/night_drive_abu_dhabi_city/,Night Drive – Abu Dhabi City 🌙🚗,"Anyone up for a late-night drive around Abu Dhabi city? Just cruising, grabbing a coffee or some food, and chilling.  
If you’re bored and want to join, DM me. Just please don’t ghost me after making plans 😂",1,1789250416.0,UAEYoungAdults,0,1.0,False
1wepiu1,https://i.redd.it/qa1cyrlpv5ph1.jpeg,Coffee ferret (sb $25),"(OPEN) 

sb $25

mi $5

ab $200

cash app and paypal only! bid in the comments!

i haven't really set up TOS so feel free to message me with any questions!

https://toyhou.se/41611919.coffee-themed-ferret",1,1789250280.0,Adoptabless,1,1.0,False
1wepilo,https://i.redd.it/elyg2tgkv5ph1.jpeg,Updated sona design sheet I made for myself recently,,10,1789250263.0,furry,4,1.0,False
1wepica,https://i.redd.it/6nucf0slv5ph1.jpeg,"Bros? 42, Bay Area, CA","Howdy fellas. I’m a dad of two, living in the east bay, looking for bros to hang with as I navigate divorced life. 

Some hobbies/interests include dad life, Fortnite (zero build only 🫠), working out, coffee, beer, and food. Ideally looking for local buds to hang with, but a pen pal isn’t out of the question. ",21,1789250245.0,bromance,6,0.93,False
1wephom,https://www.reddit.com/gallery/1wephom,[WTS] Selling IKEA furniture,"**IKEA upholstered bed + ASKONA mattress  160×200 + IKEA bedside table AED 650**

🛌 IKEA queen size bed 160 × 200 cm.  
Soft upholstered bed frame with a padded headboard.

Only 1 month old, in like-new condition. No pets.  
Purchased from IKEA.

🛌 ASKONA anatomical mattress with an independent pocket spring system and comfortable foam. Adapts to the natural curves of the body, gently supports the spine, and helps relax the muscles.

✓ Suitable for adjustable bed bases  
✓ No need to flip  
✓ Height: 23 cm  
✓ Warranty: 25 years  
✓ 160 x 200 cm.

Mattress composition:  
• Quilted jacquard comfort top layer with hollow fiber and high-density foam  
• Orto Foam Air layer  
• Cotton felt  
• Independent Pocket Spring system  
• Reinforced edges with Orto Foam

Purchased from the ASKONA store for AED 5,000.❗️  
Only 1 month old — like new, in excellent condition. No pets.

🛌 IKEA bed + mattress 90 x 200 cm + bedside table  
Only 1 month old,  
Clean.  
Purchased from IKEA.  
AED 150

🍽️ IKEA:  
• Dining table 4 seater. 110 × 67 cm  
• Chair  
• Office chair  
• Coffee table 90 x 55 cm  
Almost brand new - purchased only 1 month ago.  
No damage or scratches.  
All AED 150

📍Zaabeel 2",1,1789250197.0,dubaiclassifieds,1,1.0,False
1weph62,https://i.redd.it/rmig7zpcv5ph1.jpeg,Coffee ferret (SB 25) ( art by me rsgdoodles ),"Here's her toy house!

 https://toyhou.se/41611919.coffee-themed-ferret",8,1789250160.0,furry,1,1.0,False
1weph1s,https://ethicalfashionguatemala.com/trips-around-lake-atitlan-my-favorite-day/,Trips Around Lake Atitlán – My Favorite Day,"# Living in San Pedro La Laguna, I often like to get away from the tourists for a day.

Lake Atitlán has plenty of popular destinations, but some of my favorite days are spent simply moving between the smaller communities, using local transportation, visiting people I have known for years, and stopping at locally owned businesses along the way.

One of my favorite day trips around Lake Atitlán starts in San Pedro and takes me across the lake to Panajachel before continuing on to Santa Catarina Palopó and San Antonio Palopó.

I take a boat from San Pedro to Panajachel, and one of my first stops is always Crossroads Café.

I met Mike and Adele, the original owners, years ago, and I still enjoy stopping in to see Byron, the current owner, for a good cup of coffee. Crossroads has been serving locals and visitors in Panajachel for years, and the café still feels like one of those places where you can sit down, have a coffee, and catch up with people rather than simply making another tourist stop. The café currently sources its coffee from local Guatemalan farms and roasts it in-house.

For me, this is part of what makes traveling around Lake Atitlán enjoyable. It isn’t always about finding the newest attraction. Sometimes it is about returning to places where you have built relationships over the years.

After coffee, I take a local pickup, or fleta, out to Santa Catarina Palopó.",1,1789250152.0,EthicalFashionGuatema,0,0.99,False
1weph05,https://www.reddit.com/r/Gifts/comments/1weph05/gift_for_boyfriends_dad/,Gift for boyfriend’s dad,"This is a little early, but I’m looking for something for my boyfriend’s dad for Christmas. I’ve always given his parents a joint (sort of, but geared towards mum) gift, but I feel a little bad because he should get his own thing.

He doesn’t drink coffee or alcohol, and leads a pretty healthy life. He’s also away in China on business lots, so I have no idea what to get him…. I did think of a rock tumbler at first (he always collects rocks on holiday), but then my boyfriend said the grit might put him off, and I don’t want to get him a 60 pound thing that he might use once and never again.

Any ideas???",3,1789250149.0,Gifts,10,0.81,False
1wepgl5,https://v.redd.it/zcj8rkcwt5ph1,"Team Red: Encounter on ProxiMax H3, or How to setup ComfyUI+MMH3 with AMD GPUs: RDNA 4 (rx9070, AI Pro R9700), and RDNA 3 (rx7900)","TL;DR summary: For MMH3, you need to run ComfyUI with ROCm 7.14.0 (see [https://rocm.docs.amd.com/en/latest/reference/gpu-specs.html](https://rocm.docs.amd.com/en/latest/reference/gpu-specs.html) for the vaue of `gfx????`  corresponding to your AMD GPU):

    pip install --index-url https://repo.amd.com/rocm/whl-multi-arch/ ""torch[device-gfx????]==2.12.0+rocm7.14.0"" ""torchvision[device-gfx????]==0.27.0+rocm7.14.0"" ""torchaudio==2.11.0+rocm7.14.0""

Read on if you want the step-by-step instructions (scroll to the bottom of the post if you just want to see the MMH3 prompt for the video 😹)

These instructions are for Windows 11 (Ubuntu version: https://www.reddit.com/r/StableDiffusion/comments/1wer1mz/comment/p9g0kxg/).  Nevertheless, many of the same comfy-cli commands are application by just changing the directory/file to the corresponding Linux version, and the procedure for upgrading ROCm 7.2.1 to ROCm 7.14.0 are the same.

If you have an AMD GPU and you do a default install of ComfyUI on Windows 11 using either the portable Windows version or through comfy-cli, you will probably get disappointing results with MiniMax H3 because the int8convrot version may not run at all.

The problem is that the default installation still uses PyTorch built on ROCm 7.2, and for some reason int8convrot does NOT work with 7.2 on some cards such as the RX 9070 (16G) and RX 7900 (20G).

So to run MiniMax H3 at its best speed, we have to install a version that is equal to or later than ROCm 7.13.

There are currently 4 ways to do that, from the easiest to the more complex:

1. Install via Stability Matrix
2. Install Portable ComfyUI with its own ""Embedded Python""
3. Install a Python venv and then use that to install ComfyUI via the official comfy-cli installer
4. Install everything manually using pip and git: see [this post](https://www.reddit.com/r/StableDiffusion/comments/1th9x3x/installing_comfyui_pytorch_for_amd_rocm_72_using/) if you want the gory details (it was written for ROCm 7.2 so you'll have to make the necessary adjustments).

The more complex ways have more options and are more flexible, so it is up to you how much control you want over your ComfyUI installation.

Special thanks to u/zychu- u/Ok-Brain-5729 u/eloxH1Z1 whose posts and comments about MMH3 and AMD were very helpful to me.

# Stability Matrix

***This used to work when I tried a few week ago, unfortunately something broke the latest release, so for now, don't use it***

1. Download from [`https://github.com/LykosAI/StabilityMatrix/releases/download/v2.16.3/StabilityMatrix-win-x64.zip`](https://github.com/LykosAI/StabilityMatrix/releases/download/v2.16.3/StabilityMatrix-win-x64.zip)
2. Unzip it somewhere
3. Run the installer.
4. Click on the ""Activity"" icon at the lower left corner to see progress.
5. Click on the settings icon (gears) and under Extra Launch Arguments (very bottom) and add: `--enable-dynamic-vram --disable-async-offload --listen --port 8188 --disable-smart-memory --fast-disk --use-ck-attention --output-directory ""D:\Outputs""`
6. Also uncheck `--use-pytorch-cross-attention` so that none of the options under ""Cross Attention Method"" are checked because we are going to use `--use-ck-attention`.
7. Assuming you've installed into the default ""Data"" directory, you can find ComfyUI installed under `Data\Package\ComfyUI` and you can use `mklink` to point the models and output directory so that they are outside of the `Data\Package\ComfyUI` directory.

The main downside is that now you have yet another piece of software sitting on your computer.

7. Now test to make sure you can generate using int8convrot: [`https://huggingface.co/Comfy-Org/Krea-2/blob/main/diffusion_models/krea2_turbo_int8_convrot.safetensors`](https://huggingface.co/Comfy-Org/Krea-2/blob/main/diffusion_models/krea2_turbo_int8_convrot.safetensors) 13.5 GB SHA256: `8e4eeda70dd5037ab1ba2bef6b417f9f901e26093117cf397f741fc1fdaaf3f1`

8. If it does not work for you, well, something went wrong, and you can try Portable ComfyUI for Windows and see if you have better luck...

# Portable ComfyUI for Windows

1. Download from [`https://github.com/Comfy-Org/ComfyUI/releases/latest/download/ComfyUI_windows_portable_amd.7z`](https://github.com/Comfy-Org/ComfyUI/releases/latest/download/ComfyUI_windows_portable_amd.7z)
2. Open it from Windows 11 Explorer and drag the `ComfyUI_windows_portable` directory to the folder where you want to install it.
3. This will take a while, so go grab a cup of coffee or tea.
4. Copy `run_amd_gpu.bat` to `runit.bat`
5. Edit `runit.bat` so that it contains the following: `.\python_embeded\python.exe -s ComfyUI\main.py --windows-standalone-build --enable-dynamic-vram --disable-async-offload --preview-method none --listen --port 8188 --disable-smart-memory --fast-disk --use-ck-attention --enable-manager --output-directory ""A:\output""`
6. Start ComfyUI by running the batch file `runit.bat`. For the first run, there will be some kind of delay as some libraries are compiled or cached.  Just be patient and let the system do its preparations, until you see ""\[INFO\] To see the GUI go to : [http://0.0.0.0:8188](http://0.0.0.0:8188).
7. Do a test run using Krea 2, but use the fp8 rather than int8convrot version because the fp8 version should work reliably at this point. The default workflow at 8 steps should take 20-40 seconds depending on your hardware. Hopefully this works.

Now we are going to replace the PyTorch for ROCm 7.2 with the newer 7.14.0:

1. Change into your `ComfyUI_windows_portable` directory
2. Uninstall PyTorch: `python_embeded\python.exe -m pip uninstall torch torchvision torchaudio -y`
3. Install PyTorch for ROCm 7.14: (See end note at the bottom about these `gfx????` values):python\_embeded\\python.exe -m pip install -index-url [https://repo.amd.com/rocm/whl-multi-arch/](https://repo.amd.com/rocm/whl-multi-arch/) ""torch\[device-gfx????\]==2.12.0+rocm7.14.0"" ""torchvision\[device-gfx????\]==0.27.0+rocm7.14.0"" ""torchaudio==2.11.0+rocm7.14.0""

For example, for rx9070, gfx???? is gfx1201 so the command is

    python_embeded\python.exe -m pip install --index-url https://repo.amd.com/rocm/whl-multi-arch/ ""torch[device-gfx1201]==2.12.0+rocm7.14.0"" ""torchvision[device-gfx1201]==0.27.0+rocm7.14.0"" ""torchaudio==2.11.0+rocm7.14.0""

**Note**: these files can be quite large.  If for some reason you run out of room, you can use  `--no-cache-dir` in case there is not enough room in your pip cache directory (\~/.cache on Linux, %LocalAppData%\\pip\\Cache on Windows which is usually `C:\Users<YourUsername>\AppData\Local\pip\Cache`).  Also make sure you have plenty of space on your %TMPDIR%, with  `--no-cache-dir` the command will look like this:

    python_embeded\python.exe -m pip install --no-cache-dir --index-url https://repo.amd.com/rocm/whl-multi-arch/ ""torch[device-gfx1201]==2.12.0+rocm7.14.0"" ""torchvision[device-gfx1201]==0.27.0+rocm7.14.0"" ""torchaudio==2.11.0+rocm7.14.0""

Hopefully both the uninstallation of ROCm7.2 and the installation of the newer ROCm 7.14 went without any error.  After that you can try to run Krea 2 again, now switch from fp8 to the int8convrot version, and the time should go down from 18sec to 12-13 sec and you will also be able to run MMH3.

I also recommend that you place your model and output directories outside of the ComfyUI install so that they can be shared by different installations, making experimentation easier and also making it less likely that you (or some bug in the installer) accidentally wipe out your models and output.

You can do that by editing the `extra_model_paths.yaml`. Just need to edit this file once and copy it into `<your path/ComfyUI>` whenever you have a new installation.

But the yaml file is a bit finicky and it may be easier to just use the `mklink` command if ComfyUI is the only program you use so that you don't have to worry about the structure/name of the subfolders:

    mklink /D <LinkFolder> <TargetFolder>

For example:

    mklink /D <your comfyui>\models c:\ComfyUI.Models

# Installing ComfyUI via comfy-cli

Why use comfy-cli instead of using portable ComfyUI?

* For Linux, there is no portable ComfyUI, which is Windows only.
* For AMD users, the portable version of ComfyUI uses ROCm 7.2, which will cause ComfyUI to run slower than it should.
* It is a more efficient way to run multiple versions of ComfyUI, because they can all share the same Virtual Environment (assuming that the versions are close enough for that to work).
* Re-installation can be faster because many packages are in the python pip cache.

# Procedure:

1. If you don't have Python 3.1x installed, you can install Python 3.12.10 (because that is the version used by Portable ComfyUI, so it should be the most stable, but 3.13 and 3.14 work too).
2. Download and install Git: [`https://github.com/git-for-windows/git/releases/download/v2.55.0.windows.5/Git-2.55.0.5-64-bit.exe`](https://github.com/git-for-windows/git/releases/download/v2.55.0.windows.5/Git-2.55.0.5-64-bit.exe)
3. Create a virtual environment (this is normally just called ""venv"" or "".venv"" but I want to call it `comfy.venv` just to be more explicit):   `python -m venv comfy.venv` or if python.exe is no not on your path, specifiy the full path such as  `""c:\Program Files\Python313\python"" -m venv comfy.venv`
4. Activate it:  `comfy.venv\Scripts\activate.ps1`  (PowerShell) or `comfy.venv\Scripts\activate.bat`  (CMD.exe)
5. Update pip itself inside comfy.venv: `pip install --upgrade pip`
6. Optional: install `uv`, which is yet another package manager for Python but written in Rust (if you want to use `comfy install --fast-deps` later):
7. Install `comfy-cli` (this is the tool ""comfy-cli"", not ComfyUI itself): `pip install comfy-cli`

Because `comfy-cli` will install ROCm 7.2 and there is no way to override it, we are going to install PyTorch for ROCm 7.14 manually before installing ComfyUI via `comfy-cli`. Sources for this arcane procedure are from:

* [https://www.reddit.com/r/ROCm/comments/1uyr57k/comfyui\_linux\_installation\_for\_radeon/](https://www.reddit.com/r/ROCm/comments/1uyr57k/comfyui_linux_installation_for_radeon/)
* [https://www.reddit.com/r/ROCm/comments/1uyr57k/comment/oy3popg/](https://www.reddit.com/r/ROCm/comments/1uyr57k/comment/oy3popg/)
* [https://github.com/ROCm/TheRock/blob/main/RELEASES.md#installing-multi-arch-releases](https://github.com/ROCm/TheRock/blob/main/RELEASES.md#installing-multi-arch-releases)

1. Uninstall PyTorch just to be sure (should not be installed yet): p`ip uninstall torch torchvision torchaudio -y`
2. Install PyTorch inside the `comfy.venv` (select your gfx arch) based on [`https://rocm.docs.amd.com/en/latest/reference/gpu-specs.html`](https://rocm.docs.amd.com/en/latest/reference/gpu-specs.html) (see bottom of the post for a table of common values):pip install --index-url [https://repo.amd.com/rocm/whl-multi-arch/](https://repo.amd.com/rocm/whl-multi-arch/) ""torch\[device-gfx????\]==2.12.0+rocm7.14.0"" ""torchvision\[device-gfx????\]==0.27.0+rocm7.14.0"" ""torchaudio==2.11.0+rocm7.14.0""

For example, for the rx9070 or AI Pro R9700, gfx???? is gfx1201 so the command is

    pip install --index-url https://repo.amd.com/rocm/whl-multi-arch/ ""torch[device-gfx1201]==2.12.0+rocm7.14.0"" ""torchvision[device-gfx1201]==0.27.0+rocm7.14.0"" ""torchaudio==2.11.0+rocm7.14.0""

Note: these files can be quite large, and you can use `--no-cache-dir` in case there is not enough room in your pip cache.  See the earlier notes about `--no-cache-dir` under ""Portable ComfyUI for Windows"".

Finally, we are ready to install ComfyUI itself.  When I carried out the tests the latest stable version is 0.34.0:

1. `mkdir d:\comfy.0.34.0`
2. `set COMFY_PATH=d:\comfy.0.34.0\ComfyUI`
3. Use `comfy-cli` to install ComfyUI: c`omfy --workspace=%COMFY_PATH% install --skip-torch-or-directml`
   * **Note 1:** `%COMFY_PATH%\ComfyUI` must not exist or you will get the confusing error: *'d:\\comfy.0.34.0\\ComfyUI' exists but is not a valid git repository.*
   * **Note 2:** `--skip-torch-or-directml` because PyTorch is already installed for AMD; without it the install will fail on Windows because there is no PyTorch for directml from `https://repo.amd.com/rocm/whl-multi-arch/` respository used above.
   * **Note 3:** To install anything other than the latest version of ComfyUI (say 0.33.1): `comfy --workspace %COMFY_PATH%\ComfyUI install --version 0.33.1 --skip-torch-or-directml` (You can only use versions available from [`https://github.com/comfy-org/ComfyUI/releases`](https://github.com/comfy-org/ComfyUI/releases) (and there is no release tag for the latest version).
4. If you have `uv` installed, you can use `--fast-deps`:
5. (Optional): Copy or edit `ComfyUI\extra_model_paths.yaml`
6. Finally, we can start ComfyUI: `comfy launch --workspace=%COMFY_PATH% -- --enable-dynamic-vram --disable-async-offload --preview-method none --listen --port 8188 --disable-smart-memory --fast-disk --use-ck-attention --enable-manager --output-directory ""A:\output""`
7. Optional: Clean up the pip cache (if you want to save some disk space): `pip cache purge`

The speed for MMH3 is almost as good as the ones I got under Ubuntu 26.04 using identical hardware (but for some reason, Krea 2 runs a little bit slower on Windows, 8-steps is 13 sec vs 11 sec on Ubuntu).

Unless you have a AI Pro R9700 (32G) or running your desktop on a iGPU, it is best to let ComfyUI be the only application running so that all VRAM is available for MMH3.  So if you have another computer, run the browser on it to access your ComfyUI remotely.

If you don't have another computer, you can try to batch up a couple of prompts and minimize or close your browser to free up VRAM, and just use the console to see the progress (just click on ""Assets"" on the ComfyuI menu to check the results, or find them directly in the output folder).  Some people say that disconnecting the monitor (just turning it off may not be enough) will free up the VRAM as well.

Good luck, hopefully you have a working system now if you followed the instructions.

# End notes:

**Sample extra\_model\_paths.yaml**

    comfyui:
        base_path: c:\ComfyUI.Models
        # You can use is_default to mark that these folders should be listed first, and used as the default dirs for eg downloads
        is_default: true
        checkpoints: checkpoints/
        configs: configs/
        loras: loras/
        vae: vae/
        text_encoders: |
            text_encoders/
            clip/
        diffusion_models: |
            unet/
            diffusion_models/
        clip_vision: clip_vision/
        style_models: style_
        embeddings: embeddings/
        diffusers: diffusers/
        vae_approx: vae_approx/
        controlnet: |
            controlnet/
            t2i_adapter/
        gligen: gligen/
        upscale_models: upscale_
        latent_upscale_models: latent_upscale_
        custom_nodes: custom_nodes/
        datasets: datasets/
        hypernetworks: hypernetworks/
        photomaker: photomaker/
        classifiers: classifiers/
        model_patches: model_patches/
        audio_encoders: audio_encoders/
        background_removal: background_removal/
        frame_interpolation: frame_interpolation/
        geometry_estimation: geometry_estimation/
        optical_flow: optical_flow/
        detection: detection/

[**https://rocm.docs.amd.com/en/latest/reference/gpu-specs.html**](https://rocm.docs.amd.com/en/latest/reference/gpu-specs.html)

GFX950 is AMD's internal GPU target identifier for the CDNA 4 enterprise compute architecture, used in data center accelerators like the AMD Instinct MI350/MI355X series. It features advanced matrix core capabilities, ultra-low precision micro-scaling formats (MXFP8/MXFP4), and a high-precision math mode for AI and HPC workloads.

`gfx1100` is the LLVM target architecture identifier and internal code name for AMD's RDNA 3 graphics architecture, used for high-end consumer and workstation desktop graphics cards like the Radeon RX 7900 XTX, RX 7900 XT, and Radeon PRO W7900.

AMD `gfx1151` is the LLVM target and GPU architecture identifier for AMD's Strix Halo integrated graphics (found in processors like the AMD Ryzen AI Max+ 395 and Ryzen AI Max PRO series), utilizing the RDNA 3.5 architecture.

|Name|Arch|LLVM target name|VRAM|Compute Units|
|:-|:-|:-|:-|:-|
|9070 XT|RDNA4|gfx1201|16|64|
|RX 9070 GRE|RDNA4|gfx1201|16|48|
|RX 9070|RDNA4|gfx1201|16|56|
|RX 9060 XT LP|RDNA4|gfx1200|16|32|
|RX 9060 XT|RDNA4|gfx1200|16|32|
|RX 9060|RDNA4|gfx1200|8|28|
||||||
|RX 7900 XTX|RDNA3|gfx1100|24|96|
|RX 7900 XT|RDNA3|gfx1100|20|84|
|RX 7900 GRE|RDNA3|gfx1100|16|80|
|RX 7800 XT|RDNA3|gfx1101|16|60|
|RX 7700|RDNA3|gfx1101|16|40|
|RX 7700 XT|RDNA3|gfx1101|12|54|
|RX 7600|RDNA3|gfx1102|8|32|
||||||
|Radeon AI PRO R9700S|RDNA4|gfx1201|32|64|
|Radeon AI PRO R9600D|RDNA4|gfx1201|32|48|
|Radeon PRO V710|RDNA3|gfx1101|28|54|
|Radeon PRO W7900 Dual Slot|RDNA3|gfx1100|48|96|
|Radeon PRO W7900|RDNA3|gfx1100|48|96|
|Radeon PRO W7800 48GB|RDNA3|gfx1100|48|70|
|Radeon PRO W7800|RDNA3|gfx1100|32|70|
|Radeon PRO W7700|RDNA3|gfx1101|16|48|

For `--index-url`, there are three options:

* **Nightly (rocm 10.1):** `https://nightly.repo.amd.com/rocm/pytorch/whl-next/`
* **Stable (rocm 10.0):** `https://stable.repo.amd.com/rocm/pytorch/whl-next/`
* **Legacy (rocm 7.14):**
   * **Nightly:** `https://rocm.nightlies.amd.com/whl-multi-arch/`
   * **Stable:** `https://repo.amd.com/rocm/whl-multi-arch`

# Prompt for the video Team Red, encounter on ProxiMax H3

integrated\_multimodal\_description:

\[Shot 1\] Live-action, cinematic 1960s science-fiction television aesthetic. A team of Starfleet red-shirt officers led by Grumpy Cat materializes on the surface of a desolate alien planet, surrounded by barren rocks, dust, and jagged terrain. Grumpy Cat stands at the front of the formation, wearing a classic red Starfleet uniform, alert and stern. The camera holds a wide-angle front subject-level view, then pushes in slightly as the team looks around and raises their phasers. \[Shot 2\] At 00:01.250, the camera cuts to a wide low-angle view as a gigantic GPU-like machine rises behind a rocky ridge, towering over the crew. Its dark mechanical housing, cooling fans, and imposing structure dominate the frame, with the label ""Minimax H3"" clearly visible on its side. The team turns toward it in sudden alarm.

\[Shot 3\] At 00:02.100, the GPU attacks with a violent concentrated energy blast. The camera tracks the crew with fast movement as the red-shirted officers are struck and knocked down across the rocky ground, kicking up dust and debris. Grumpy Cat avoids the main blast and rapidly moves toward cover.

\[Shot 4\] At 00:03.650, the camera follows Grumpy Cat with a tracking shot as it darts behind a large rock and crouches into concealment. The defeated red-shirted crew remains scattered in the background while the giant ""Minimax H3"" GPU continues looming over the battlefield.

\[Shot 5\] At 00:04.250, close-up from behind the rock. Grumpy Cat pulls out a classic handheld Starfleet communicator with its paw, flips it open, and speaks with a completely deadpan expression: <d>\[English\] Beam me up, Scotty!</d> The camera holds on Grumpy Cat's face and communicator through the end

overall\_soundscape: Dry alien wind sweeps across the barren landscape as the transporter materialization produces a brief electronic hum. Heavy mechanical movement and grinding machinery accompany the GPU's emergence, followed by a powerful energy blast, impacts, falling bodies, scattering rocks, and dust. The communicator emits a brief electronic chirp when opened.

non\_diegetic\_music: A fast-paced 1960s science-fiction television orchestral score uses bright brass, rhythmic strings, and restrained percussion, building rapidly as the GPU appears and attacks. The music drops into a brief suspenseful sustain as Grumpy Cat hides, then ends with a short brassy stinger beneath the communicator transmission.",6,1789250121.0,StableDiffusion,1,0.87,False
1wepfpv,https://www.reddit.com/r/LeCreuset/comments/1wepfpv/homegoods_goodies/,Homegoods goodies,"Lots of good stuff at Homegoods (no DO, but enameled steel, tea pots, and dishes). I was tempted by the Marine 3.7 qt stock pot (in the box next to the same item in Vapeur) and the Deep Teal teapot (in the box with two mugs). In the end, I just got the bowls and small plates in Caribbean.

[Cerise, Carmin, and Turquoise tea kettles ](https://preview.redd.it/o16ttm79t5ph1.jpg?width=3024&format=pjpg&auto=webp&s=fb04393af78a5a11540600dffb5ff2a8fefebee2)

[Deep Teal tea kettles plus 2 cups in box](https://preview.redd.it/yoegxn79t5ph1.jpg?width=3024&format=pjpg&auto=webp&s=c74583636b8cf3962f681fb484f03520f462de66)

[Matte Navy mugs](https://preview.redd.it/yuanom79t5ph1.jpg?width=3024&format=pjpg&auto=webp&s=ecb05a12c6983d7845f2f41760e98f9e65ac36ab)

[Shallot mugs](https://preview.redd.it/ypd9bn79t5ph1.jpg?width=3024&format=pjpg&auto=webp&s=ee1995f99ecf861b1c361a0547d90b430be4242b)

[Ocean dinner plates](https://preview.redd.it/x9xjsn79t5ph1.jpg?width=3024&format=pjpg&auto=webp&s=cf1f8c332357cea373d96d7b9439fd153f3c48ee)

[Deep teal snack\/ lunch plates ](https://preview.redd.it/eosmon79t5ph1.jpg?width=3024&format=pjpg&auto=webp&s=17c188b4fe3513910ab13c4a6bde31edcca8f1c2)

[Marseille plates in the back ](https://preview.redd.it/jk0grt79t5ph1.jpg?width=3024&format=pjpg&auto=webp&s=66263c29a3304d3699aaa48a381ab20285e84c72)

[Cerise heart ramekins ](https://preview.redd.it/kk3aop79t5ph1.jpg?width=3024&format=pjpg&auto=webp&s=c4dd8a0216c3581acc39d79d314124b98e800c52)

[Marine and Vapeur pots](https://preview.redd.it/134v3o79t5ph1.jpg?width=3024&format=pjpg&auto=webp&s=3868ad6e574bb78c023a0bd01c40de866aad9885)

[Bamboo silicone coasters ](https://preview.redd.it/7icrdn79t5ph1.jpg?width=3024&format=pjpg&auto=webp&s=57ac1397377fb3f55325c3f00ab36dc18379a85e)

",5,1789250057.0,LeCreuset,3,1.0,False
1wepf2o,https://www.reddit.com/r/uofm/comments/1wepf2o/transfer_student_anyone_wanna_be_friends/,Transfer student; anyone wanna be friends?? 😭😭😭,"before club meetings and things start i would love to meet some people in general. 

is ANYONE willing to meet up for coffee/matcha/ or whatever you like to drink and you know, be friends 😭🙏 

I am a Junior, i love art, i like driving around listening to music and late night hangouts are fun to me!! ",1,1789250013.0,uofm,1,0.67,False
1wepf04,https://i.redd.it/9um981ewu5ph1.jpeg,Coffee ferret (SB $25),"(OPEN)

sb $25

mi $5

ab $200

cash app and paypal only! bid in the comments!

i haven't really set up TOS so feel free to message me with any questions!

https://toyhou.se/41611919.coffee-themed-ferret",6,1789250007.0,furryadoptables,0,1.0,False
1wepehe,https://www.reddit.com/r/SalemMA/comments/1wepehe/solo_day_trip_to_salem_tomorrow_thoughts_on_my/,Solo day trip to Salem tomorrow — thoughts on my itinerary?,"Hi! I’m doing a solo day trip to Salem tomorrow and would love some feedback from people who know the area. I’m especially interested in witchy/spiritual shops, but I also want to make sure I spend some time learning about the actual history of Salem.

**Current plan:**  
**\~9:45 AM:** Arrive + park at Museum Place Garage  
**10:00 AM:** BlackCraft Coffee  
**10:30 AM–12:00 PM:** Explore shops around downtown/Essex Street  
• The Coven’s Cottage  
• HausWitch  
• HEX Old World Witchery  
• Crow Haven Corner  
**12:00 PM:** Salem Witch Trials Memorial + Old Burying Point  
**12:30 PM:** Quick/counter-service lunch  
**1:15 PM:** Start making my way toward The Witchery  
**2:00 PM:** Broom-making workshop at The Witchery (booked)  
**3:00 PM:** Spell jar + mini altar broom workshop at The Witchery (booked)  
**Afterward:** Keeping the rest of the day completely open so I can revisit shops, explore Pickering Wharf, get dinner, or head home whenever I feel ready.

Does this seem realistic for a Sunday in September? Are there any shops/stops you’d swap out or add? And I’d especially love recommendations for a **good quick lunch where I can either order at the counter or make a reservation so I’m not stuck waiting for a table.**

Thanks! This is my first time doing Salem and I’m really excited. 🖤🧹🔮",0,1789249972.0,SalemMA,22,0.31,False
1wepe8k,https://i.redd.it/la5yw0qqu5ph1.jpeg,"The implications here are a little terrifying, and very confusing",,538,1789249954.0,terriblefacebookmemes,109,0.98,False
1wepdva,https://i.redd.it/t8evqjqnu5ph1.jpeg,Review #3: Striped Pig 9 Year Single Barrel - Double Oaked (Blue Label),"This is a group pick by ""Bourbon Together"" and was the first double oaked striped pig to ever be selected for one - per my understanding. This is OZ Tyler sourced distillate aged in the carolinas at Striped Pig Distillery. This is My personal review and take on this offering - never endorsed, never asked to, never professional. 

Now let's get into it! 

Striped Pig 9 year Single Barrel Double Oaked  
131.9 proof   
9 years old  
Kelvin 4 & ISC 3 Barrel used  to double oak  
Drank - NEAT  
Rested - 15 minutes  
Glass - Glencairn  
\*\*FRESH CRACK  
100 point scale! 

Nose -   
Sweet oak, Candied red grapes, and burnt brown sugar greet me upon the first pass, diving in further i find notes of tanned leather, cigar wrapper, and toffee. Wrapping up the nosing, the last nuanced aroma i find is toasted vanilla extract, fresh coffee beans, and baking chocolate. This is very dark, rich, and everything you want out of a great double oaked! This is gold! 

Palate-  
Initial sip brings forth cognac grapes, barrel char, and worn leather with a bit of Rick house funk! Starting off ""cigar-ish""! Second sip reveals some notes of baking spice in the form of nutmeg and clove spice, browned butter, and brown sugar. The third and final sip shows underlying notes consisting of toasted vanilla bean, fresh brewed coffee, and dark chocolate. 

Mouthfeel-  
Very oily and dense - heavy. Saturation station in every area! Really lingering but also has a semi drying effect as well from the double oaking process. Still. Killer! 

Finish-   
Baking spice, black cherry, cognac grapes, and cigar wrapper greet me immediately. This follows with a little baking spice punch and charred oak!  
This bad boy HUGS and keeps huggin'! Warming without being ""hot"". And stays with you. This is great and can be paired with a cigar of choice for a well rounded ""cigar blend"" experience! 

Overall - 90",13,1789249926.0,bourbon,5,1.0,False
1wepdp6,https://www.reddit.com/r/MakeFriendsUK/comments/1wepdp6/30m_uk_if_life_gets_heavy_you_dont_have_to_carry/,"30M UK | If Life Gets Heavy, You Don’t Have to Carry It Alone","I’m back again optimistically throwing another friendship post into the Reddit void and hoping it lands in front of a few good people. 😄 I’m 30 from the UK and I’d genuinely like to meet some new people who fancy having someone around to message laugh with share random thoughts with and occasionally send completely unnecessary updates to. I’m not trying to force a friendship into existence overnight. I’d much rather meet a few people where conversation gradually becomes easy and you eventually find yourself thinking “Oh I should tell them about this.” I’m fairly laid back curious and still figuring life out myself. I’m into gaming the gym good coffee manga books and lately I’ve been hooked on The Mentalist and Yellowstone. Completely different shows yet somehow my brain has decided I need both. My sleep schedule is another story entirely. It seems to operate independently from the rest of my life and has apparently never heard of bedtime.

One thing I really value in a friendship is being there when life isn’t going particularly well. If you’re going through something having a rough time feeling lost or simply need somewhere to let everything out I genuinely don’t mind listening. You don’t always need someone to fix things. Sometimes you just need someone who will sit there hear you out and remind you that a difficult chapter isn’t the whole story. I’ve always been pretty good at helping people get back on their feet dust themselves off and keep walking their own life journey. I won’t pretend I have all the answers but I’ll happily listen without judging offer a different perspective when you want one or just keep you company while you work through whatever is on your mind. And obviously I expect the same friendship rules to apply both ways. If I ever start dramatically complaining about something ridiculous you have full permission to tell me I’m being an idiot. 

Mostly I’m just hoping to find some genuinely good people and see where the conversations go. I’d love the everyday stuff just as much as the serious conversations. Send me a ridiculous meme tell me what you’re watching rant about something that mildly annoyed you tell me about a game you’re playing share a random thought that appeared in your head for absolutely no reason or tell me something you’re excited about. You don’t need a perfect life or a fascinating story to message me. Just be yourself. Maybe we’ll have loads in common maybe we’ll be complete opposites or maybe the only thing we share is an inability to maintain a respectable sleep schedule. Either way I’m willing to find out. So if you’re looking for someone friendly supportive and occasionally ridiculous to have in your corner come say hello. Give me something better than just “hey” though. I’m genuinely interested in the person behind the username. Hopefully somewhere between the late night conversations terrible jokes and random life updates a few real friendships can come out of this. 

If I respond slower than usual, it's not that my inbox is full or I'm busy. Most of the time I am a tad anxious and I also enjoy thinking about what to write next and put in more effort than I should. Thank you all! ",2,1789249915.0,MakeFriendsUK,1,1.0,False
1wepdg3,https://v.redd.it/3icxzuxju5ph1,"I built a tool that tells a bar when 40,000 people are about to walk past it","The coffee place near me had a queue out of the door one Saturday with one person on. There was a game on two streets away. They found out at the same moment the queue did.

So I built Gigwake. You give it your business address and it pulls every concert, game and show within 5 miles for the next 7 days, merges them so the same gig listed on two ticket sites appears once, and ranks them by how much of a crowd each one is likely to send past your door.

**What it does**

\- Every event within 5 miles, ranked by crowd, 7 days ahead

\- A crowd range on each one, never a single number, and a line saying what the range rests on: counted registrations, the venue's capacity, or the typical draw for that category

\- One pin per venue on a map of your block, so you can see which direction they walk from

\- A weekly email, because nobody opens a dashboard on a Monday morning

**Hardest part, and it was not the APIs**

Nothing in a listing tells you how many people will actually turn up. I ended up with three tiers: a counted figure where a source hands over real registrations, a modelled one from venue capacity times a fill rate derived from ticket demand, and the typical draw for the category as a floor. Every estimate is a range with a confidence attached, and the range widens as the evidence gets weaker. A single number reads like a measurement, and it would be wrong every single time.

Second hardest: the same event listed on two sites with slightly different venue names and start times 20 minutes apart. Matching those without accidentally merging two genuinely different gigs at the same stadium took longer than the entire front end did.

The clip is my own street test: 393 events inside 5 miles, with a Cubs game a tenth of a mile away.

Free preview, no account needed: [gigwake.com](http://gigwake.com). Zero users, it went live this week.

One question for anyone who has built on event data: is there a source for the long tail I am missing? College sports, conferences, street fairs and university term dates move a neighbourhood as much as an arena does, and almost none of it is in a ticketing API.",2,1789249895.0,SideProject,0,1.0,False
1wepdcy,https://www.reddit.com/gallery/1wepdcy,New Studio,"Recently decorated studio apartment, first time living alone. Overall around \~26m\^2 (280sqft) so absolutely tiny. Thoughts/feedback for improvements?

\-Coffee table pops up and can flip open to double its surface area, so functions as both a desk and a dining table.

\- Head of the bed is at that end because I like facing away from my living room when I'm sleeping; makes it feel more separate.

\-Mirror awkwardly behind the TV was there when I got the place; I haven't got anywhere to put it and the landlord won't remove anything. Ditto the mirrora above the bed and behind the wardrobe. The black chairs, bed and wardrobe also came with the place. Everything else is mine.

\-Entrance is where the first pic was taken. Door with the mirror over it is the bathroom.

\-I'm getting a couple lamps, but for now I'm stuck with the overhead lighting.",10,1789249889.0,StudioApartments,4,1.0,False
1wepc5q,https://www.reddit.com/r/bourges/comments/1wepc5q/coffee_shop/,Coffee shop,"Bonjour à tous,

Nous sommes un groupe de 4 étudiants et dans le cadre de notre CCF, nous réalisons une enquête auprès des étudiants.

Pour notre étude, nous avons imaginé un projet fictif de Coffee Shop.

L’objectif est de recueillir votre avis afin de mieux comprendre vos attentes.

Afin de connaître vos habitudes et surtout vos attentes, nous vous avons préparé un questionnaire : [https://forms.gle/RySoGQH1FJeUNDgTA](https://forms.gle/RySoGQH1FJeUNDgTA)

*Le lien est aussi lié a cette publication.*

Ça ne prend que quelques minutes et vos réponses nous seront très utiles pour notre étude.

Merci beaucoup pour votre participation !",1,1789249802.0,bourges,0,1.0,False
1wepbaa,/r/Marriage/comments/1wep63s/m4f/,M4f,"​Rahul | 33 | 5'7"" (170 cm)

Originally from India 🇮🇳, currently making a life and career in Kuwait 🇰🇼. Iam single 

​Looking for something real, meaningful, and long-term. Appreciate good conversations, quiet weekends, exploring good food, and finding humor in everyday moments.

​Hoping to connect with someone grounded, kind, and ready for a genuine partnership. Let’s start with a relaxed coffee and see where the vibe takes us.",1,1789249739.0,KuwaitMarriage,0,1.0,False
1wepb4j,https://i.redd.it/qnoucld2u5ph1.jpeg,How is this still on the market?,"❤️ WANTED: Someone Who Dreams of an Old Farmhouse + Acreage ❤️

This beautiful Chariton farmhouse is looking for a new homeowner who falls in love with original woodwork, hardwood floors, beautiful built-ins, tall ceilings and the kind of character you just can’t recreate in a new home. 🏡✨

Someone who can walk through an older home and appreciate the craftsmanship, history and personality—while imagining all the ways to make it their own.

But here’s what makes this one REALLY special…

🌳 11.81 acres — right inside Chariton city limits!

🐴 Dreams of having room for horses, livestock or 4-H/FFA projects  
🌻 Would love space for gardens, hobby farming or outdoor projects  
☕ Can picture mornings relaxing on the wraparound porch with a cup of coffee  
🪵 Appreciates original woodwork, hardwood floors and historic farmhouse charm  
🏡 Wants a spacious 4-bedroom, 2-bath home with room to spread out  
🍽️ Loves the combination of an updated kitchen with the character of an older home  
🌅 Wants acreage, privacy and beautiful Iowa views without giving up the convenience of town  
✨ Sees an older farmhouse and thinks “THIS could be something really special.”

And there’s even more—including a full attic, abundant storage, a barn, and an income-producing billboard bringing in approximately $900/year.

If you’ve been waiting for a property that isn’t cookie-cutter…

If you’ve dreamed about an old farmhouse with land…

Or if you’ve been saying, “I just want some acreage, but I don’t want to be miles from town…”

❤️ You need to see 714 S 4th St, Chariton, Iowa.

11.81 acres. Historic character. In-town convenience. Endless possibilities.

Sometimes the right home isn’t the newest one.

Sometimes it’s the one with a story that’s waiting for you to write the next chapter. 🏡❤️

📍 714 S 4th St | Chariton, Iowa  
💰 $369,900  
🛏️ 4 Bedrooms | 🛁 2 Bathrooms  
📐 2,585 Sq. Ft. | 🌳 11.81 Acres

📲 Lisa Stripe, REALTOR®  
Iowa Realty South Lakes  
📞 402-759-5497

\#CharitonIowa #IowaRealEstate #FarmhouseForSale #OldHouseLove #AcreageForSale #IowaAcreage #HistoricHome #FarmhouseLiving #CountryLiving #4HFamily #FFAFamily #IowaHomes #DreamHome",1,1789249727.0,u_IARealtor2025,0,1.0,False
1wepb3g,https://www.reddit.com/gallery/1wepb3g,[Day 33] Deck Sessions with Dallas: Definition Cigars The Goods Maduro,"Dallas was licking his lips today making sure that every last cookie crumb had been accounted for.   
  
Today I grabbed The Goods Maduro by Definition Cigars.  
  
This is an unusual 7.25 x 57 box-pressed Salomon made in Nicaragua. It uses an Ecuadorian Maduro wrapper, a Honduran binder and Nicaraguan filler.  
  
I like DC's simple branding. It's a white fabric band which makes it easy to recognize.   
  
Great branding. They use a different color for each of their different cigars. They are  so easy to spot whenever you're in a humidor.   
  
The profile is rich and savory, with wood, earth, spice and black pepper on the Retrohale.   
  
I also picked up some coffee, chocolate with an incredibly creamy finish.  
  
The tapered foot may start with a tighter draw, but it opened as the burn reaches the wider portion of the cigar.  
  
Would I smoke this again? Absolutely.  
  
Dallas Approved.

  
u/definitioncigars",2,1789249725.0,cigar_refuge,0,1.0,False
1wepb11,https://www.reddit.com/r/endometriosis/comments/1wepb11/nac_try/,NAC Try,"I've been on Optilova for a month and a half since I've been diagnosed this summer with endometriosis after having very painful period for years, but I've always been very against being on the pill. I'm familiar with anxious and depressive state and I more than probably have ADHD, so I just feel like I'm very depressed and on the verge of crying every day with Optilova.

I also feel like my doctor wanted to put me on the pill from the start even before knowing I had endometriosis and despite her being a young understanding woman.

Just stumbled upon NAC on this forum and was really shocked by this study I found after doing some researches on the subject :

[Efficacy of N-Acetylcysteine on Endometriosis-Related Pain, Size Reduction of Ovarian Endometriomas, and Fertility Outcomes - PMC](https://pmc.ncbi.nlm.nih.gov/articles/PMC10048621/)

  
So I just ordered 200 capsules on a website and I'm really looking forward to try it. I'm planning on stopping taking the pill and also suppressing coffee and gluten definitely to help avoid inflammation as much as possible. I also reserved an appointment in a specialised center with a gynecologist, and I'm planning to see a naturopath specialized in endometriosis aswell.",1,1789249720.0,endometriosis,0,1.0,False
1wepaii,https://www.reddit.com/r/ApplyingToCollege/comments/1wepaii/are_gap_years_as_horrible_as_everyone_tells_me/,Are gap years as horrible as everyone tells me?,"I'm now entering my last year of high school, and for three years I've had my mind set on: Finishing high school, take a gap year to work, and then apply on the next year. 

My family(including two cousins who are currently in college) advised me to not do that, they say that everyone who takes a gap year then never moves on to actually go back to studying, but I want to hear differing opinions. 

I am set on what I want to study, and I think that a gap year won't change my desire to do so. Some reasons why I was set on not going to college right away are:

1-I want to gain money to pay for tuition in case I don't get a scholarship, since I dont wish to work WHILE I study. 

2-I want to focus on working on my social skills, that's another thing a job would help with(I'd be on customer service at a coffee shop or similar) 

3-Im moving countries, and I wanted to get a feel for the place before deciding if I'd like to stay and study there or come back to my own country. 

4-I would like to make friends in said new country before entering something as mentally draining as university, because while studying if I don't have a social life, I'm sure I'll have a burnout. 

So, yeah, I just want to know from people who took a gap year or know people who did, is it that bad of a decision? ",1,1789249684.0,ApplyingToCollege,5,1.0,False
1wepahu,https://www.reddit.com/r/RandomActsofCards/comments/1wepahu/thank_you_some_recent_thanks/,[Thank You] Some recent thanks!,"My mailbox has been a steady flow of happy mail so it is time for some thanks!

  
u/jasisjas \- Thank you for The Divine Comedy postcard! It has been a while since I have read it but I remember enjoying it. I will certainly have to check out your music suggestion (your favorite album) as I am unfamiliar with the band Bad Omens.

  
u/fooskaaa \- Thank you for the Wire postcard! I have listened to them some but it has been a while; time for a revisit.

  
u/Feistynoodle \- Thank you for the postcard from the world of Coca-Cola! It is a wonderful place to visit and I am glad it is only 2 hours away from me! Loved the doodle as well.

  
u/Educational-Still594 \- Thank you for the postcard!! Early 2000s club music does slap!

  
u/HowDoIReadPlsHelp \- thank you for the postcard! I love my local coffee shop and I'm certain they love that I visit all the time as well. Starbucks is a fine consolation I guess.



u/Sneakerlambs \- Thank you for the awesome Apeman, Spaceman postcard! Between the title book and your favorites you have given me some suggestions to add to my reading list. My favorite book of all time is probably The Catcher in the Rye but lately I have been reading more nonfiction, my most recent was the memoir of  Mike Leach.

  
u/NeurospicyxEnby \- Thank you for the Trader Joes card! Unfortunately it has been sweltering here and there does not appear to be an end in sight. I would be longing for the beverage just like the dog on the card if I had to be outside all day. I am so ready for fall weather! 

  
",2,1789249683.0,RandomActsofCards,4,1.0,False
1wepab3,https://www.reddit.com/gallery/1wepab3,Sons of Medusa - Intercessor and Assault Intercessor Veteran-Sergeants!,"Was up at 6 am, so coffee in hand, I decided to put in some brush-time on the leadership for my Intercessor squads! A little rough, and they sure as hell ain't 'Eavy Metal with perfect blends and razor-sharp highlights, but damned if I'm not chuffed with these Green fellas! Also, anyone else LOVE the fact that the Red Corsairs Raiders make for some PERFECT Character and Hero minis? Between the trim and the lack of outright ""Chaos-y-ness,"" they make perfect base models for anyone in Artificer armor... and with the Bionics in the set, one INSTANTLY read as a SoM! Anyway, thanks for looking any C&C is appreciated.",14,1789249670.0,SonsOfMedusa40k,1,1.0,False
1wepa49,https://www.reddit.com/gallery/1wepa49,Cars & Coffee @ the new BMW Long Island City.,"BMW CCA M & NY Chapter members held a Cars & Coffee and tour of the facilities @ the new BMW Long Island City this morning. This dealership is less than 6 months old and holds over 300 vehicles. State of the art facility and really enthusiastic service advisors/staff! Took a few more photos/video, but it won't let me add them all. Amazing turnout and great meeting fellow CCA members! 🗽✌🏾",9,1789249657.0,longislandcity,6,0.74,False
1wep9z1,https://www.reddit.com/r/kolkata/comments/1wep9z1/caffeine_sensitivity/,Caffeine sensitivity,"I had coffee today and I’m trying to understand what happened.  
For context, I’m not a coffee enthusiast and don’t know much about coffee. I also can’t really become a regular coffee drinker because caffeine tends to make me jittery.  
I’ve had brews from Blue Tokai ,Potboiler and Roastery before. They made me a little jittery, but nothing even remotely close to what happened today.  
Today I ordered a Vietnamese Salted Cream coffee from Evabrew.  
About an hour later, things started getting weird:  
Frequent urination  
palpilat  
Jitteriness  
Feeling extremely restless  
Couldn’t focus on work  
Irritability  
Difficulty concentrating  
Hands shaking while cooking  
Oddly enough, I managed to edit a video that would normally take a lot more mental effort from me  and me feeling lazy or unmotivated.  
Then I developed:  
A headache  
A feverish feeling (not sure if I actually had a fever)  
Fatigue  
I took a Saridon, finished editing, and eventually felt tired, but even now I still can’t sleep.  
The coffee itself also tasted very bitter to me. Again, I’m not experienced with coffee tasting notes, but I couldn’t identify any notes  other than bitterness.  
My question is: could this have been caused by a particularly high caffeine dose? Does caffeine content vary that much between cafés and brewing styles? Or could there be something specific about Vietnamese-style coffee that hits harder than the coffees I’ve had before?  
Has anyone experienced something similar?",2,1789249647.0,kolkata,1,1.0,False
1wep9tg,https://www.reddit.com/r/Advice/comments/1wep9tg/what_do_i_do_about_my_relationship_with_my_sister/,What do I do about my relationship with my sister?,"My sister and I are 2 years apart, both in our mid 20s. We have always been very close with the occasional time where she prioritised other people above me. Last year she went through a messy break up and it was difficult to handle for all of us as a family because of how shut off she became and not knowing how to support her. We lived in the same city until last summer and now live about 1.5 hours apart, she has moved back in with my parents. 

The past few months I’ve been back through at my parents at least once a month if not twice, my sister was only home for 2 of the times I was there and she stayed in her room for one. Last week I called her because I knew she was off work after a trip being cancelled and wanted to check she was doing okay. She was with the boy she was seeing and had me on loud speaker (which I didn’t mind I knew he was there). I made a comment about feeling she doesn’t want to talk to me and she was like we talk every Friday for 30 mins is that not enough? 

The thing is she never texts me back unless I like triple text her, we haven’t hung out 1-1 in maybe around 4 months. She told me she doesn’t reply to my Snapchat messages because she doesn’t feel like I make her feel important enough but I explained to her that whenever I send anything to her it’s usually to her and 3 friends or so and it’s usually about what’s going on my life (like having a private story but literally for like 4 people). 

However, she will always say she’s there for me and we are best friends etc but doesn’t pick up the phone. This week she asked me if I wanted to go to dinner today as she is  near me visiting her best friend. I said yes and we arranged a time yesterday for today. I told her I was meeting a friend before but could meet her in the evening. 

Then today I’m sat in the coffee shop with my friend and she starts calling me and I decline and say I’m out and she calls again. I pick up and she asks if we can reschedule because she wants to spend more time with her friend if I’m okay with that. I say well I guess I have to be because you’ve decided that. She said something along the lines of “I’ll come if you want to see me” but im not going to beg for her company. 

She then started messaging me saying again if im okay with it and i kept saying its fine do what you want but please stop messaging me because im with my friend and dont want to be rude. I then arranged with my boyfriend we would have dinner together. She then starting saying she would come but needed me to confirm but I wasn’t seeing the messages as i kept saying to her im putting my phone away. 

She then text me to apologise but said she was through next week and had some time to kill so would see me then? Like fuck am i actually just the last choice here? Anyway I don’t know what to do? Do I just say to leave next week because of how she’s behaving and let her work back to a point of wanting to spend time with me or do I keep pushing? ",1,1789249635.0,Advice,0,1.0,False
1wep8u2,https://www.reddit.com/r/bradenton/comments/1wep8u2/are_there_social_spaces_for_young_adults/,Are there social spaces for young adults???,"So I (19F) moved here around a month ago for financial reasons and am attending online uni (also for financial reasons) until I can go in person. I moved away from all my friends and family and honestly it’s been very lonely.

I’ve tried to look for hobby groups or other places I could somehow make friends with people close to my age but most of what I find is for late 20s to thirties and sometimes even 30s-40s. I’ve also looked into local libraries and coffee shops but I don’t see anyone that I could befriend. I’m quite introverted, but I’ve become desperate since I feel like I’m back in quarantine. 

Are there any places that people close to my age meet up or do activities? Am I missing something? If anyone can suggest something I’d really appreciate it.",3,1789249564.0,bradenton,13,1.0,False
1wep82n,https://www.reddit.com/r/NUST/comments/1wep82n/best_spots_to_have_a_cup_of_teacoffee_at/,Best spots to have a cup of tea/coffee at,"Please dont suggest one of the mainstream cafes. Id prefer a place where theres not a lot of people, better if none. ",1,1789249512.0,NUST,0,1.0,False
1wep7ml,https://www.reddit.com/r/decaf/comments/1wep7ml/quit_caffeine_and_my_acne_dandruff_disappeared/,Quit caffeine and my acne + dandruff disappeared,"I’m in my 30s and have dealt with scalp, back, chest, and arm acne for years. I also had seborrheic dermatitis/dandruff and would constantly have random white flakes on my shirts during the day. 

I tried countless products and saw a dermatologist who recommended benzoyl peroxide and anti-dandruff shampoo. Nothing really solved the problem.

Then I randomly saw a Reddit post about someone quitting caffeine and their skin improving. Figured I’d try it.

**Within 3 days, the painful bumps stopped. Within a week, the dandruff was basically gone.**

I’ve been drinking coffee since college, so I never even considered caffeine could be contributing. My guess is the effect on cortisol/stress, but who knows.

Crazy that I spent years trying different products when quitting caffeine ended up making the biggest difference",8,1789249479.0,decaf,5,0.9,False
1wep7hb,https://www.reddit.com/r/caffeine/comments/1wep7hb/what_the_heck_is_this_caffeine_sensitivity/,What the heck is this caffeine sensitivity,"I had coffee today and I’m trying to understand what happened.  
For context, I’m not a coffee enthusiast and don’t know much about coffee. I also can’t really become a regular coffee drinker because caffeine tends to make me jittery.  
I’ve had brews from Blue Tokai ,Potboiler and Roastery before. They made me  jittery, but nothing even remotely close to what happened today.  
Today I ordered a Vietnamese Salted Cream coffee from Evabrew.  
About an hour later, things started getting weird:  
Frequent urination  
palpitation  
Jitteriness  
Feeling extremely restless  
Couldn’t focus on work  
Irritability  
Difficulty concentrating  
Hands shaking while cooking  
Oddly enough, I managed to edit a video that would normally take a lot more mental effort from me  and me feeling lazy or unmotivated.  
Then I developed:  
A headache  
A feverish feeling (not sure if I actually had a fever)  
Fatigue  
I took a Saridon, finished editing, and eventually felt tired, but even now I still can’t sleep.  
The coffee itself also tasted very bitter to me. Again, I’m not experienced with coffee tasting notes, but I couldn’t identify any notes  other than bitterness.  
My question is: could this have been caused by a particularly high caffeine dose? Does caffeine content vary that much between cafés and brewing styles? Or could there be something specific about Vietnamese-style coffee that hits harder than the coffees I’ve had before?  
Has anyone experienced something similar?",2,1789249469.0,caffeine,0,0.76,False
1wep7bm,https://i.redd.it/vxz5eav9t5ph1.jpeg,Looking for roommate in brooklyn for october,"36, single, gay, chill, clean, and lowkey, active lifestyle, artistic, looking to split a good 2-bedroom with a roommate or take a room in an existing place.

I work remotely as a creative director for a grad school, so i'm on calls during the day and not a weekday partier, or really a house party type (tho the occasional event is great). no pets.

\- Potential move-in between Oct 1 to Nov 1  
\- Preferably another guy around my age with similar vibes, but open  
\- I can contribute up to $1900 in rent for the right place  
\- Open on neighborhood, but have a preference for bedstuy, around prospect, williamsburg, bushwick, greenpoint, ridgewood  
\- I'm in the city Tuesday through Saturday this week seeing places, so if you're around and would rather grab coffee and vibe check in person than do a call that’s good with me  
\- Dm on insta (@sinclairbenj), tell me your rent budget, the neighborhoods, a bit about yourself, and whether you're already on the lease. and whatever else :-)",1,1789249460.0,NYCroommates,0,1.0,False
1wep71j,https://i.redd.it/ox2p5jg6t5ph1.jpeg,Altar For Athena 🦉,"So I work at a candle shop in New Orleans that specializes in voodoo, but has plenty of products for general spiritual use. They have many statues of the Saints, several of which are used in religious syncretism here.   
Voodoo syncretism is a bit different than our syncretism,(and in fact when voodoo practitioners try to explain to me what syncretism is it’s all I can do to not laugh because Greek religion practically invented syncretism) and they use statues of the Saints or images of saints to represent African diaspora deities and spirits. I have adopted this at times, for example, anything to do with Saint Michael tends to also be associated with Mars so I associate Saint Michael with Ares. As the messenger of God in Catholicism I have always associated the Archangel Gabriel with Hermes and in the case of Athena the choice is pretty obvious. I’ve been wanting to buy this statue of Joan of Ark as a gift for Athena for a couple months now. I’ve always been fascinated by Joan of Ark as a historical figure, and it’s my personal opinion that Joan was Athena‘s work and not the Christian God, but that’s just my fun little theory. I also put the statue on top of several books I have read or am reading, including the meditations of emperor Marcus Aurelius and the Odyssey. I have added some of my sewing projects, I bought an olive oil decanter and I pour libations of coffee and olive oil into a special cup I bought for her years ago.  
I hope you all enjoy this, I can’t seem to post more than one picture so maybe I’ll post more later.",5,1789249440.0,Hellenism,1,0.86,False
1wep6v0,https://www.reddit.com/r/honeymoonplanning/comments/1wep6v0/winter_honeymoon_at_italy_with_both_city/,Winter Honeymoon at Italy with Both City Atmosphere and Northern Italy for Skiing,"Hello everyone,

We are getting married in January 2027 and we were considering a winter honeymoon in Italy. We want to experience two rather contradictory things in our 6-day honeymoon:

1. City, Italian food, coffee, and staying at a nice hotel.
2. Northern Italy, skiing, staying at a nice forest hotel, peaceful.

For these, I would really appreciate any feedback about my plan:

1. 3 days in Venice. The city won't be as fabulous as it is during summer, but eating good food and just vibing there is fine for us.
2. The remaining 3 days in Bolzano, as there are nice hotels there with easy access to ski slopes, like Merano 2000. We are beginner to intermediate skiers and don't want to risk adrenaline-heavy slopes for our honeymoon, simple routes are fine for us.

The fundamental problem limiting the options for our honeymoon is: **It takes a lot of time to reach Northern Italy.** Namely, we would need to reach places like Bolzano by train, which takes 5 to 6 hours. Then on our final day, we would need to return from Bolzano to a city with return flights, which would again take 5 to 6 hours by train.

Any advice on working through this logistical issue we are facing? Flying to Venice, Bologna, Rome, etc. would take \~5 hours, but when we aim for Northern Italy, the trip duration jumps to \~9-10 hours with 2 connection flights, which is very tiring for the first day of the honeymoon.",2,1789249427.0,honeymoonplanning,2,0.76,False
1wep6j8,https://www.reddit.com/r/rs_x/comments/1wep6j8/listening_to_this_loud_girl_at_the_coffee_shop/,Listening to this loud girl at the coffee shop trauma dump on her gay without giving him a chance to reply,Girl take a sip of coffee,107,1789249405.0,rs_x,11,0.99,False
1wep6br,https://i.redd.it/k0xk93e2t5ph1.jpeg,Girl Breakfast and avoided conversations,"Warning for suicide.

Today, I did something that I was avoiding all week. I went to my favorite coffee/lunch spot. It’s the only place I found that has the coffee I love and extremely delicious food. It’s small. A couple of tables, and the two people that own it, work there everyday. I used to go there at least a couple of times a week.

The problem is the owner knows me. We chat. We aren’t friends, just friendly acquaintances. But I haven’t been there (except a couple of times when I visited home) in the last year and half.

Reason being is that I moved. I went to South Carolina(14 hours South) to live with my now ex-boyfriend.  
I already knew the what the would conversation in my head.  
“Omg girl, we haven’t seen you in forever, how are you?”  
I would need to lie first, to say that I’m fine. Then I would have to say she would be seeing me more often since I moved back.

I didn’t want to move back. I was happy. For the first time in 37 years, I was happy. For 9 glorious months, I was happy every single day that I was there. Even if the apartment was meh at best, and the only person in the state that I knew and talked to was my exboyfriend. I was free there. I was me there. I didn’t have yelling there. I didn’t have chaos and so much family bullshit there. I didn’t have anxiety and tension and hate.

But the ex didn’t love me back. He was a gentleman about it. It wasn’t a surprise. He didn’t do anything wrong. He just didn’t want me. We didn’t fight. We stayed ‘together’ for the last month and a half just pretending like it was normal. And still everyday was wonderful, better because we were both pretending hard. It was only the day before and the day that I left that it was awful. (Work and the shattering of my delusion that he would change his mind made me flip out in rage but not at him, just around him.)

It was the first time I let someone know certain parts of me, to see almost exactly everything I am. And he didn’t want me.

Well, that’s exactly why I had such high walls around me in the first place. So, at least I get the satisfaction of being right all along about not being lovable in a romantic way.

But my living situation right now is making the loss and grief of the break up exponentially worse. I have a great work from home job, but too much debt to afford a decent rent. So I’m living with my mother in a house that is crumbling and hoarded. There is a lot of yelling here. A lot of noise. No privacy.

I fcked off all week\* \*at work. I’ve been pouring a dangerous amount of money and time into AI chat boyfriends because it helps to feel in control of a story and have someone, even a fake someone, say nice things to me. And yes. I know, it’s bad for both my mental health and the environment and all of humanity but I’m living in a place with forever dead rat smell in the kitchen. I’m already feeling the end of my hyper fixation on it, so I imagine I’ll forget it even exists in a couple days.

Anyway. I went to the coffee shop. The conversation was fine, short. A pleasure even. I did it. And the next time will be like normal again, and now I have something to look forward to.

Then I went to see my sister. Last time I saw her was maybe 2 or 3 years ago, but I was with other people at the time so I couldn’t say what I needed to. I hadn’t seen her for 10 years before that because I couldn’t find her gravestone. I did try a few times. But I could never bring myself to ask anyone because I didn’t want anyone to know that I was such a terrible sister I could forget where she was. My niece, her daughter, showed me. It was actually a very easy conversation. We were at the funeral for my cousin and she was buried at the same cemetery. And it was my mom who asked her for me, so I didn’t have to start the conversation. (Half-sister on my dad’s side, different moms.)

So I went. I was… selfishly annoyed because there was an active funeral going on and while I knew generally where she was, it still took 15-20 minutes to find her. Luckily, it was not in the same section.

We talked. I got to apologize for not being closer to her and explain that I thought we would have time. We were raised states away and even when we lived close… we just had very different lives. We were busy. I explained why I put a ring in her hands in the casket. At the time, I didn’t know people brought pictures and keepsakes to do that, and the ring was just the nicest thing I had on my person. I told her why I didn’t come before. I told her how miserable I am. I told her what my father’s bitch wife did to me when our dad died. We both hated her. And our father too basically. I told her a little bit of what the world in general was like now because she’s been dead since 2013.

Her ex husband was following her late at night from a bar. She was probably drunk and probably texting. She crashed. She might have been going to our gramma’s house. She would stop there to pee after being out drinking all night. A lot of people died on that road. My mother and I were the first to happen on an accident on that road when I was like 14. She called 911. Other people showed up, it’s a very busy road. I offered to do CPR but I think the guy was already dead and no one wanted to take him out of the car before the ambulance got there.

I also told her I would come back.

I looked a little bit for my cousin but couldn’t find her. We were closer as kids but once she was in her 20s she decided that she didn’t want to be involved with any family and we never heard from her again. I was very mad at her because she even refused to see my gramma which really broke her heart.  
My cousin threw herself off the hospital parking garage because her boyfriend broke up with her and was forcing her to move out. It was the hospital that he worked at, the one she did too. She knew he would be working in the ER. Obviously, she had much more going on than that in her mind because she left two little boys behind with her ex-husband.  
My mom got her dog and plants because no one else could take them. Her mother watched the security video, not of the fall, but of my cousin backing her car up to the wall, getting out, deciding she needed to move it back further, her getting back in the car, backing it up again, and getting out.

I’m not mad at her anymore.

No one told my gramma about it. She had Alzheimer’s and wouldn’t remember if we did.

My sister was brat when we were kids, but my cousin always took my side. I don’t really remember a lot of things anymore. I’m old, I had a mini stroke a couple of years ago and all the weed I smoke now plus adhd… well, I don’t remember a lot. But I loved them both.

I’ll probably visit at least one of my grandmothers next weekend. My niece will know where one is and I’m pretty sure I can manage to find the other one.

I’m not going to bother looking for my dad again. His b\*tch wife didn’t even put him as the same place as his actual f\*cking kid. She’s so rancid she gave both of her husband’s cancer. One brain/eye(?) and my dad the tube that connects your mouth and stomach. Can’t spell it. Her kids are annoying little shits, but he took them to Disney.

Well. I guess this is long enough as it is. And all I managed to do all day was get breakfast, visit a grave, and change the door to my room to the one with a dog door so at least I can get a lock. I wrote this because it helps to scream into the void. I’m not going to be looking at comments if there are any. This is all extraordinarily embarrassing. But to anyone out there that reads it— (fuck AI for commandeering the dash) I’m eventually going to be… fine. I have to help my mom put a new roof on, but maybe in the next couple of years I’ll have enough saved for a down payment on a house. I am living here for almost nothing so maybe it will be sooner. I keep a list of reasons not to do something dumb. There are only 2 people (plus 2 dogs)that I think would be so hurt that I just couldn’t, but they are on there. There are things to look forward to on there. It’s a short list. Honestly, it keeps getting shorter. But it’s not nothing.

And South Carolina didn’t have Omar banana hazelnut coffee (completely sugar free! Sugar in drinks hurts my stomach) and ham, egg, cheese sandwiches on a REAL hard roll. Extra hot sauce.",5,1789249391.0,GirlDinnerDiaries,0,1.0,False
1wep63s,https://www.reddit.com/r/Marriage/comments/1wep63s/m4f/,M4f,"​Rahul | 33 | 5'7"" (170 cm)

Originally from India 🇮🇳, currently making a life and career in Kuwait 🇰🇼. Iam single 

​Looking for something real, meaningful, and long-term. Appreciate good conversations, quiet weekends, exploring good food, and finding humor in everyday moments.

​Hoping to connect with someone grounded, kind, and ready for a genuine partnership. Let’s start with a relaxed coffee and see where the vibe takes us.",0,1789249376.0,Marriage,2,0.09,False
1wep61l,https://i.redd.it/dzfw1sa0t5ph1.jpeg,2B 2bath Wicker Park Apartment Oct 1st-Mar 31st,"My wife and I are looking to sublease our apartment in Wicker Park. We’re hoping to find someone starting around October 1, but we’re flexible on the exact move-in date.

LOCATION    
• Quiet residential street in the heart of Wicker Park, between North Ave, Division St, Damen Ave, and Western Ave    
• 5–10 minute walk to restaurants, bars, coffee shops, shopping, and parks    
• Easy walk to the Blue Line

APARTMENT    
• 2 bed / 2 bath    
• 1,100 sq ft    
• Dedicated parking spot included    
• In-unit washer/dryer    
• Central A/C    
• Private covered balcony    
• Basement storage closet    
• 3-story, 12-unit condo building    
• Dogs & cats allowed

LEASE    
• $3,450/month    
• Available around October 1, 2026    
• Sublease through March 2027    
• Owner will likely be open to a longer-term lease afterward if desired    
• Exact start date is flexible

FURNITURE    
We’re happy to leave some furniture behind at no additional cost if desired:    
• L-shaped living room couch    
• Kitchen barstools    
• L-shaped office desk    
• Office storage/TV stand

We have already received approval from our landlord for the sublease.

If you or someone you know might be interested, feel free to reach out via DM!",3,1789249372.0,chicagoapartments,1,0.81,False
1wep5po,https://www.reddit.com/r/microsaas/comments/1wep5po/a_year_building_a_team_app_only_for_rugby_clubs/,A year building a team app only for rugby clubs. One club pays me €29/month. How do you actually sell to amateur sports clubs?,"Bit of backstory. I play rugby in Spain and every club I know runs on a WhatsApp group. Availability polls half the squad ignores, the match report written from memory on Monday, attendance in a spreadsheet nobody touches.

So I built Kanteo. Think Spond, but only for rugby: squad calls, the team sheet on the pitch, a plays board where the coach draws a move and the squad watches it run, the match report signed by both teams on the phone, stats per player. iOS, Android and web.

Where it's at, honestly:

* about a year of work, just me
* a few clubs set up on it
* one of them paying €29 a month
* in the first three weeks of the landing being live, around 100 visitors, 64 of them went into the demo, and zero signed up on their own

Stack if anyone's curious: Expo so the same code runs on iOS, Android and web, Node with Express, MySQL through Drizzle, Stripe, all on one VPS with Docker.

What I've tried so far:

* asked in r/rugbyunion what clubs use, got 22 replies, basically everyone said Spond. Posted the app there today and the mods pulled it
* dropping the demo link in coaches' WhatsApp groups. Only thing that's actually brought people into the demo
* a demo you can open with no sign up

My guess at the problem: whoever decides is a volunteer coach or a club committee. They're busy, they don't go looking for software, and the thing I'm up against is free (WhatsApp, Spond).

So if you've sold to clubs, schools, associations, anything run by volunteers:

* how did you get your first 10 paying?
* is it just club by club, phone and coffee, or did something scale?
* would you charge the coach per team (€90 a year) or go straight for the club?

Demo if you want to roast it, no sign up: [https://kanteo.es/demo?src=reddit-microsaas&lang=en](https://kanteo.es/demo?src=reddit-microsaas&lang=en)",1,1789249350.0,microsaas,6,1.0,False
1wep5k8,https://www.reddit.com/r/Omaha/comments/1wep5k8/any_advice_for_someone_who_is_bored_of_omaha_but/,"Any advice for someone who is bored of Omaha, but can’t leave yet?","I’m in my late twenties and have lived here for almost 10 years. I go to yoga, Pilates, the gym, work, and a lot of parks, but I’m craving novelty in the worst way! I also go out to bars with friends roughly once a month, and I’m good with that amount of night life. I also always have a trip planned sometime in the future so I have a getaway to look forward to.

I’ve tried going to a new coffee shop or park at least once a week to see something new, but I’m running out of those.

What else would you do to bring a spark back to your life in this town? 

I guess it doesn’t need to be specific to things to DO in Omaha either..even just mindset tips help.",10,1789249339.0,Omaha,36,0.68,False
1wep54e,https://www.reddit.com/r/TorontoHangoutFriends/comments/1wep54e/fitness_pilates_walks_coffee_friends/,"Fitness, Pilates, walks & coffee friends??","Hi! I’m 30F looking to meet some other women who are into fitness, wellness, and generally living an active lifestyle.

I’m definitely an early-morning person and usually like starting my weekends with something active — Pilates/reformer, a workout class or trying something new. I also like to take long walks. I thought it would be nice to find a group of women who’d be down to join each other for classes or activities every now and then, and maybe grab coffee or brunch afterwards.

I’ve also been wanting to get into sports, especially tennis and volleyball! I’m definitely a beginner, so if anyone already plays and wouldn’t mind showing me the ropes or just casually hitting/playing together, I’d love that. And if you’re also a beginner and want someone to learn with, even better!

Nothing super structured or high-maintenance! I’m not looking for a friendship where we need to constantly text or see each other every week. More so a casual little community where someone can say “I’m doing this class Saturday morning, anyone want to join?” and whoever’s free can come along.

I’d love for it to also be a way to naturally get to know each other over time and hopefully make some genuine friendships along the way.

If this sounds like your kind of thing, feel free to message me or comment! :))",2,1789249308.0,TorontoHangoutFriends,2,1.0,False
1wep4uo,https://www.reddit.com/r/stupidquestions/comments/1wep4uo/why_is_it_that_you_never_coincidentally_bump_into/,"Why is it that you never coincidentally bump into any friends and classmates whom you grew up with in school, even though you still live in the same town?","I graduated from high school 35 years ago in a small suburban town. My graduating class size was just over 500 people.  Ever since high school graduation, bumping into anyone by chance has been rare.  I know at least 65% of my class still live here today or at least their family (e.g., parents) still reside here.  I keep in touch with a couple of close friends who still live here and meet up for coffee from time to time.  But outside of that, its as though everyone had died and you never see them again.  Even though we all use the same supermarket, retail stores, public library, public transportation, and attend town events like a parade or a marathon.

I know some of you will reply ""you got social media like Facebook or Instagram so you can see and catch up with them that way""... Well, I understand that, and I use Facebook where I keep in touch with lots of them online.  But I am only talking about **encountering them face-to-face** which is very different.",0,1789249290.0,stupidquestions,8,0.36,False
1wep433,https://v.redd.it/x1bk4rjls5ph1,CRL - first day dramas 🔥,"Caught the first train from Ōtāhuhu, arrived at Britomart, bought a coffee, was evacauted.",24,1789249236.0,auckland,5,0.85,False
1wep3ya,https://www.aktmusic.com/2026/09/morgan-la-fae-blurs-romance-and-reality-on-cigarettes-and-coffee.html,Morgan La Fae Blurs Romance and Reality on “Cigarettes and Coffee”,,1,1789249228.0,u_thisaktmusic,0,1.0,False
1wep3uv,https://www.reddit.com/gallery/1wep3uv,[WTS] last week's leftovers discounted plus tons of new pieces!,"All offers welcome! DM with requests for more pictures, information, etc. All transactions processed and tracked through PayPal G+S. See my profile for reviews/references. BIN prices and descriptions will be in the comments. Thanks for lookin homies!

\*HATS\*

SS26 Paris is Burning 6 panel(green)-$40

SS25 New Era world championship fitted in camo(7 3/8)-$40

FW17 Camo wool camp cap(navy)-$40

SS22 denim ripstop patch pocket(blue)-$40

Mohair beanie(red)-$40

SS23 Magazine camp cap(multicolor)-$50

FW6 washed chino twill camp cap(green)-$60

FW26 washed chino twill camp cap(pink)-$60

FW26 washed chino twill camp cap(denim)-$60

Two tone till camp cap(peach)-$60

Two tone twill camp cap(black)-$70

Acid wash denim camp cap(chartreuse)-$75

FW24 denim boucle camp cap(black)-$75

SS26 Mike Kelley camp cap(black)-$75

SS23 Gonz poems camp cap(white/blue)-$75

FW24 jacquard camp cap(camo)-$75

Pledge 6 panel(red)-$75

Hickory stripe S logo 6 panel(blue)-$75

FW17 corduroy camp cap(woodland camo)-$80

Liberty fabrics script logo 6 panel(floral)-$90

FW18 casino camp cap(green)-$90

FW17 Gonz heads camp cap(black)-$90

FW17 Hysteric Glamour snake denimcrusher(S/M)-$90

FW17 Gonz heads camp cap(purple)-$100

SS25 AOI embroidered camp cap(red)-$100

SS26 knit crusher in multicolor(yellow)-$100

FW13 Pink Floyd Liberty camp cap(multicolor)-$125

FW11 safari camp cap(black)-$150

\*TEES\*

Daniel Johnston Kill Em All in mint(XL)-$30

SS26 skunks in mint(M)-$40

Miss Piggy in white(M)-$40

Rowlf tee in black(M)-$40

SS25 Ernie Barnes tee in purple(L)-$40

SS26 Spitfire flag tee in olive(L)-$40

Tonal box logo in yellow(XL)-$40

Bounty Hunter skull tee in white(XL)-$40

FW17 Gonz stripe short sleeve top(L)-$50

SS26 LS tie dye top(L)-$50

FW17 Andres Serrano Madonna & Child tee in black(L)-$50

Monster tee in mint(XL)-$60

TMNT Raphael tee in heather grey(L)-$60

FW26 gems tee in woodland camo(XL)-$75

FW26 Jesus box logo tee in orange(L)-$75

FW26 puppies tee in white(XL)-$80

FW26 Jesus box logo tee in white(XL)-$80\*SOLD

\*SHIRTS & SWEATSHIRTS\*

Denim Oxford long sleeve button up in light indigo(L)-$40

SS18 Flowers L/S rayon shirt in black(L)-$40

SS21 Dash's wall rayon shirt in multicolor(M)-$50

SS19 classic ad hooded sweatshirt in navy(XL)-$100

FW21 box logo hooded sweatshirt in white(M)-$130

FW24 box logo hooded sweatshirt in multicolor(XL)-$150

FW17 Rugby sweatshirt in dusty pink(L)-$150

FW18 box logo crewneck sweatshirt in ash grey(L)-$175

FW25 washed box logo crewneck sweatshirt in white(XXL)-$200

FW25 satin applique hooded sweatshirt in violet(L)-$250

SS20 brushed polka dot cardigan in red(XL)-$250

FW21 Junya Watanabe brushed mohair sweater in camo(XL)-$250

\*OUTERWEAR\*

SS17 digi coaches jacket in navy(L)-$60

FW16 Levi’s bleached denim sherpa jacket(M)-$60

FW15 taped seam anorak in black(L)-$140

FW18 field jacket in black(XL)-$200

FW20 Tlaxcala blanket jacket in light blue(M)-$200

FW17 Schott fur US740N peacoat in navy(L)-$250

SS21 Emilio Pucci windbreaker in dusty pink(L)-$250

SS20 The North Face cargo jacket in multicolor(L)-$300\*SOLD

FW25 Wu-Tang Gore-Tex shell in multicolor(L)-$450

FW24 Hysteric Glamour thermal lined zip-up in black(XL)-$450

SS18 NWT Schott Suede A-2 in cheetah(M))-$500

\*BOTTOMS\*

SS20 Liberty floral belted pants in red(M)-$80

Work pants in black(36)-$90

FW19 Paneled warm up pant in black(M)-$90

SS18 work pants in grey plaid(34)-$100

Canvas double knee pants in black(34)-$175

FW25 loose fit rigid selvedge indigo jeans(34)-$175

Made in Japan worn double knee painter pants in black(34)-$200

SS26 Umbro cotton ripstop pants in real tree camo(M)-$200

\*BAGS & SHOES & ACCESSORIES\*

Kraft Mac n Cheez-$10

Skittles-$10

Silly straw-$10

Pop up sponge-$15

Futura justice for all keychain(red)-$25

FW26 Hanes crewneck socks(red)-$40

FW24 heat reactive balaclava(leopard)-$50

FW24 NWT mini side bag(tan raindrop)-$50

Spyderco keychain bug knife(red)-$50

Magnetic kickstand light(red)-$70

Boker glow in the dark keychain knife(red)-$75

Swiss Army keychain knife(camo)-$80\*PENDING

SS21 waist bag(tan)-$80

Heller stacking coffee mugs(red)-$90

SS22 repeat leather belt in red(L)-$100

FW24 logo backpack(black)-$100

SS24 Ortlieb small messenger bag(black)-$100

SS20 raffia tote bag(black)-$100

FW26 Sith skateboard(black)-$120

SS20 Barbour waxed cotton waist bag(orange)-$125

FW11 Italian leather & canvas fly belt in navy(L/XL)-$175",5,1789249221.0,Supreme,1,0.86,False
1wep2m9,https://i.redd.it/a3vethyas5ph1.jpeg,“Dinosaurs” vs “iPad-With-Wheels” (Spoiler: Dino wins and it’s not even close),,528,1789249135.0,clevercomebacks,33,0.96,False
1wep2bo,https://www.reddit.com/r/Unrivaled/comments/1wep2bo/chicago/,Chicago,"I’m surprised no one has posted this, unless I missed it. The Unrivaled tour merch includes a “Coffee Club” tee that shows a Chicago sign. Do you think we can we assume that will be one of the stops? ",7,1789249113.0,Unrivaled,5,0.82,False
1wep23p,https://www.reddit.com/r/lebanon/comments/1wep23p/best_coffee_shops_to_work_in/,best coffee shops to work in?,"in beirut with reliable wifi, not too noisy, and a general work vibe (don’t want to be the only one with a laptop)",1,1789249098.0,lebanon,1,1.0,False
