id,url,title,text,score,created_utc,subreddit,num_comments,upvote_ratio,over_18
1vikwha,https://www.reddit.com/r/coffee_roasters/comments/1vikwha/small_coffee_farm_in_coorg_india_trying_to_sell/,"Small coffee farm in Coorg, India trying to sell direct instead of through traders. Any advice?","Hey folks, my family's got a coffee estate in Coorg (Karnataka, India) a little over 5 acres, been in the family for a while. Right now we just sell the whole harvest to local traders like everyone else around here does, but I've been wondering if there's a realistic way to sell direct to roasters/buyers abroad instead and actually get a better price for the beans.

Honestly don't know where to even start. Would love to hear from anyone who's done this or works in the trade.

Thanks!",1,1786158919.0,coffee_roasters,0,1.0,False
1vikvnl,https://www.reddit.com/gallery/1vikvnl,This stupid font created by AI when generating images / posters for no reason.,"It just makes it clear that you don't give a fuck about anybody reading it. Why make a poster like that when you could just use Google Slides?

The worst part is, it looks absolutely horrid. It is nothing more than a pile of trash, and for me fonts like Impact or even Comic Sans are superior to this shit.

",8,1786158852.0,hatethissmug,0,1.0,False
1vikuz8,https://i.redd.it/8ws0or05j2ih1.jpeg,Anyone want to help a sister out?,Anyone with a truck willing to get this for me from Costco? I will give you gas money.,2,1786158795.0,ElkGrove,2,1.0,False
1vikujz,https://www.reddit.com/r/singleph/comments/1vikujz/34_f4a_genuine_connection/,34 [F4A] Genuine Connection,"Hiya! I’m looking for someone who can be my constant ka-chikahan about life, work, random thoughts, and everything in between. Someone who can handle a yapper 😂 to the point na we’ll eventually just call each other because typing is already too tiring lol.

I’m nocturnal, so hopefully we’re in the same timezone or at least have schedules that match. 😅

Most of my close friends are busy with their own families now, so it’s been a little challenging to meet up or just randomly hang out. Kinda sad to go solo in this weather, tbh. 🥲

We can bond over coffee, Japanese/Korean food, random late-night conversations, or spontaneous gala. Basically, I’m just looking for genuine friendship. Who knows what the future holds. SFW. 🤍

Also, 🙅‍♀️ DDS/BBM. ",1,1786158759.0,singleph,0,1.0,False
1vikuj7,https://i.redd.it/nrzouqr0j2ih1.jpeg,Coffee vs. to-do list ☕,"Coffee doesn’t increase productivity.  
It increases tolerance.",1,1786158756.0,u_relaxncoffee,0,1.0,False
1viku9u,https://www.reddit.com/r/uktravel/comments/1viku9u/is_a_25003300_budget_doable_for_an_8_day_solo/,Is a £2500/$3300 budget doable for an 8 Day solo London Trip? (including accommodations/flights),"|Flight|Saudia - Book 8 months prior with free cancellation[https://www.saudia.com/](https://www.saudia.com/)|67000|
|:-|:-|:-|
|Travel Tax||1700|
|Accommodation|Marylebone/Lisson Grove/Kilborn area - Book 8 months prior, 10-15 mins from Paddington[https://www.airbnb.com/rooms/1378002545675915891](https://www.airbnb.com/rooms/1378002545675915891)Station: Edgware Road, near Sainsbury Grocery|36000|
|VISA||11000|
|BGC UK Visa Center||8500|
|Breakfast (Traditional Breakfast Sets/Upscale Cafes)|£20+12.5%\*8 (Do local traditional cafes add SC to their bill? I dont remember the last time if the cafe i went to in Archway added it)|16000|
|Lunch (Traditional/Upscale Cafes: Egg Dish + Coffee/Drink)|£20+12.5%\*8|16000|
|Dinner (Single Dish £20+Dessert £10)|£30+12.5%\*9|26000|
|Transportation (2 stops depending on itinerary during the day + returning to accommodation)|£3.20+£3.20+£2.40\*10|8000|
|Late Afternoon Break (Bakery Snacks + Coffee Drink or alternate with a beer)|£8 (Note: If you order beer from a pub is there a 12.5 SC?)|6000|
|Internet - Klook||2000|
|Insurance|Malayan Insurance|3000|
||3,294.63 USD|202000 PHP|

Hi may i ask if my calculations are correct esp for food and transpo? Is this the correct calculation if i receive a bill?

This will be my second time in London but traveling solo this time.

|Departure to London (Spring 2030)|
|:-|
|Arrival to London + Check In + Central: The Regent's Park|
|1-North (Note: Connecting Neighborhoods): Hampstead & Hampstead Heath|
|2-South (Note: Connecting Neighborhoods): Richmond & Richmond's Park|
|3-East (Note: Connecting Neighborhoods): Shoreditch & St Paul Cathedral's Gardens|
|4-West (Note: Connecting Neighborhoods): Kensington & Kensington Gardens|
|5-North (Note: Connecting Neighborhoods): Highgate & Kentish Town|
|6-South (Note: Connecting Neighborhoods): Dulwich Village & Peckham|
|7-East (Note: Connecting Neighborhoods): Stoke Newington & Hackney|
|8-West (Note: Connecting Neighborhoods): Hyde Park & St James's Park|
|**Departure to Manila**|

Thankyou!",1,1786158733.0,uktravel,0,1.0,False
1vikt7n,https://www.reddit.com/r/fragranceswap/comments/1vikt7n/wts_vilhelm_mango_skin_diptyque_eau_rose_aēsop/,"[WTS] Vilhelm Mango Skin, Diptyque Eau Rose, Aēsop Virere, MFK 724, Celine Zouzou + more (Bottle)","Decluttering! Cash, cash + trade, OBO. PayPal G&S, ship same day or next from MA > CONUSA

Trades: Open to most freshies/clean musks

Boxed:

\[BYREDO Bibliotheque\]([https://imgur.com/a/LNlZ6AA](https://imgur.com/a/LNlZ6AA))  
\- 100mL full  
\- powder, stone fruit, florals  
\- $180 shipped

\[Aēsop Virere EDP\]([https://imgur.com/a/jZ1XGVT](https://imgur.com/a/jZ1XGVT))  
\- 100mL full  
\- fruity, sweet, rose  
\-$115 shipped

\[MFK 724\]([https://imgur.com/a/NoyrsIa](https://imgur.com/a/NoyrsIa))  
\- 70 mL at 95%  
\- bergamot, Jasmine, sweet pea  
\- $150 shipped

\[Celine ZouZou\](https://imgur.com/a/59iXjAC)  
\-  200 mL opened but unsprayed  
\- vanilla, powder, patchouli  
\- $275 shipped

\[Bond No. 9 Oud Superème\]([https://imgur.com/a/LNizJIv](https://imgur.com/a/LNizJIv))  
\- 100mL 95% full  
\- resinous, flowery, woody  
\- $375 shipped

\[BYREDO Animalique\]([https://imgur.com/a/aOIVScU](https://imgur.com/a/aOIVScU))  
\- 100mL full  
\- amber, citrus, floral  
\- $190 shipped

\[Valentino Greenstravaganza!\]([https://imgur.com/a/If6nM8w](https://imgur.com/a/If6nM8w))  
\- 100mL full  
\- bergamot, coffee, vetiver  
\- $85 shipped

VILHELM Mango Skin  
\- 100mL full catch + release  
\- mango, orris, vanilla  
\- $225 shipped

\---

No box:

\[Commodity Juice\]([https://imgur.com/a/6AvOx8s](https://imgur.com/a/6AvOx8s))  
\- 100mL at 95%  
\- fruity, sweet, rose  
\-$115 shipped

\[Diptyque Eau Rose\]([https://imgur.com/a/vEl352k](https://imgur.com/a/vEl352k))  
\- 75mL at 100%  
\- floral  
\- $125 shipped

\[ELLIS Miami Nectar\]([https://imgur.com/a/hnPvsdf](https://imgur.com/a/hnPvsdf))

\- 50mL full  
\- tropical, fruity, sweet  
\- $85 shipped  
\- Please note wear to cap!

\[BYREDO Mojave Ghost\]([https://imgur.com/a/3unFzo9](https://imgur.com/a/3unFzo9))  
\- 50mL at 90%  
\- $145 shipped  
\- floral, powdery, wood  
\- Minor wear on label

\[MFK Aqua Universalis\]([https://imgur.com/a/AZlPTCM](https://imgur.com/a/AZlPTCM))  
\- 70mL at 100%  
\- bergamot, lily of the valley, musk  
\- $200 shipped

Thanks for looking!",1,1786158645.0,fragranceswap,3,1.0,False
1viksb5,https://v.redd.it/y8541dfgi2ih1,WHAT am I doing wrong??? [Breville Bambino],"I got a breville bambino about a year and a half ago and have been making espresso drinks using the portafilter the machine comes with. Recently about 4 months ago I purchased a bottomless portafilter because I heard it has a better extraction and overall improves the outcome of your espresso shots. However I cannot for the life of me figure out where I am going wrong with my preparation. Every time I go to pull a shot, it shoots out and becomes a mess I need to clean. It makes the cup/mug look a mess and makes the whole experience frustrating.

For reference I use the Baratza Encore coffee grinder to grind my beans. I have it on the lowest/finest grind setting (0) because any higher dial makes an even bigger mess. I also use a scale to weigh out 18g, use a distributer tool, and my tamper is from the company normcore. I literally tamper as hard as I can too. Once my preparation is done my espresso looks nice and compact in my portafilter. But once I go to extract it, it comes out like the video :(. It honestly makes me want to sell my machine and get a nespresso with pods to save myself the headache. I love making lattes at home. My fiancé is insisting we can try to fix the problem, so I wanted to ask for help. Any advice would be amazing.",3,1786158568.0,espresso,7,1.0,False
1vikrr2,https://www.reddit.com/gallery/1vikrr2,"[US-CA][H] SUPER UNDER RETAIL SALE - $7+! Exclusive Popbeans, Mermaid Mokoko, Dear Birds Pendant & Fragrance Pendant, Pin for Love A-Z, Best Dream, Born Rebel, Velvet Noon, SP Navigating Dew, DJ Executor [W] Payment (Taking Reasonable Offers/Bundles Discount)","🌸House-keeping🌸

✈️ Shipping / Pickup  
Please provide me your zip code  for a shipping quote  
Free local pickup available in the Bay Area  
Ships by next business day

📸 Photos / QC  
DM for additional photos or close-ups  
Please perform your own QC before purchasing

💵 Payment  
Verified trusted seller  
PayPal F&F or Venmo F&F only

‼️ Sales  
All sales final  
Not responsible for manufacturer QC issues, transit damage, or carrier delays   
If there are carrier delays, I will do my best to follow up with the carrier to resolve them.   
All items bubble wrapped individually  
Proof of packing and shipment/drop-off are always provided.

🏴‍☠️ POP MART THE MONSTERS De Vliegende Labubu Series Mermaid Mokoko Hanging Card, POP LAND Exclusive

Condition: Fully Sealed

Mermaid Mokoko - $85  
✨ Bundle with +1 item: $80

🎀 Labubu Hair Salon  
Condition: Checked card at the bottom, bag opened to inspect Labubu since boxes were a bit creased/dented from shipping

Born Rebel - $45  
✨ Bundle with +1 item: $42

Velvet Noon - $50  
✨ Bundle with +1 item: $45

🤿  Dear Birds  
Condition: Checked card at the bottom, box may be a bit dented from shipping

A Dawn’s Duet —$27  
✨ Bundle with +1 item: $24

🦅 Dear Birds Fragrance Pendant  
Condition: Opened box at the top, opened foil

A Dawn’s Duet - $22

🐴 Have a Good Run  
Condition: Opened from bottom/PopNow.

Best Dream — $48  
✨ Bundle with +1 item: $45 each  
✨ Bundle with +2 items: $40 each

💘 Pin for Love  
Condition: Opened from bottom to verify letter.

F / P / W/ Y / Z— $16 each  
✨ Bundle with +1 item: $14 each

B / C / D / E / I / J / K / O /& — $20 each  
✨ Bundle with +1 item: $18 each  
✨ Bundle with +2 item: $16 each  
✨. Bundle with +3 item: $15 each

M — $24each  
✨ Bundle with +1 item: $22 each  
✨ Bundle with +2 items: $20 each

L — $38  
✨ Bundle with +1 item: $35  
✨ Bundle with +2 items: $32

R — $38  
✨ Bundle with +1 item: $35  
✨ Bundle with +2 items: $32

Special Bundle:  
🚨PFL R/PFL L + Twinkle Twinkle = $74 plus ship

🌚 Skullpanda City of Night  
Condition: Opened at top, foil sealed.

DJ Player — $15  
✨ Bundle with +1 item: $10  
✨ Bundle with +2 items: $7

💐 Hand in Hand  
Condition: Opened from bottom, foil sealed.

Navigating in Dew — $30  
✨ Bundle with +1 item: $28  
✨ Bundle with +2 items: $25

Skullpanda Pop Beans  
Condition: From personal collection. Stored in protective case. No box.

Coffee Factory Barista (Secret) — $30  
✨ Bundle with +1 item: $25  
✨ Bundle with +2 items: $20

Going Out With Me (Secret) — $25  
✨ Bundle with +1 item: $22  
✨ Bundle with +2 items: $20

Goodnight Night Sky (Secret) — $60  
✨ Bundle with +1 item: $45  
✨ Bundle with +2 items: $30

🎈Limited Edition Popbeans   
Condition: Fully sealed  
UK Limited Edition Labubu Football Popbeans - $50 for all 6 or $9 each 

France Limited Edition Dimoo & Skullpanda Macaron Popbeans - $50 for all 6 or $9 each

🎁 Bundle pricing applies across all items listed. The more you bundle, the more you save!  
📩 Feel free to DM for photos, bundle quotes, shipping estimate, or reasonable offers",1,1786158523.0,labubuswap,1,1.0,False
1vikrjz,https://www.reddit.com/r/OnlineFriend/comments/1vikrjz/m15_looking_for_a_long_time_friend/,M15 looking for a long time friend,Heyy I'm basically looking for a long time friend preferably in the UK because of timezones I idm where but I looove cars and TV shows and I love music wlot and I love coffee but if you like any of that or idm what you like then please DM mee,1,1786158507.0,OnlineFriend,0,1.0,False
1vikrj6,https://www.reddit.com/r/saudiarabia/comments/1vikrj6/looking_for_a_group_for_sandstorm_mdlbeast/,Looking for a group for Sandstorm / MDLBEAST Soundstorm 26! (Also in Taif & bored outta my mind),"Hi everyone! I’m a 26-year-old expat living here in Saudi Arabia, and I'm really trying to make it to Soundstorm 26 this year.  
It’s actually my birthday gift to myself, but going solo feels a bit daunting. I’m looking for a fun group or a few fellow festival-goers to adopt me for the event or merge plans!  
Also, on a side note: is anyone here currently residing in Taif? I’m beyond bored out here and would love to meet up, grab coffee, or just hang out with fellow expats or locals.  
Drop a comment or send me a DM if you're down to connect for the festival or hanging out in Taif!",1,1786158506.0,saudiarabia,1,1.0,False
1vikr5i,https://youtube.com/watch?v=v6hP5u9jpVM&si=-mfad57MDx7Chs_l,43-55 inch outdoor digital signage,"**55‑Inch Vertical Outdoor Digital Signage**  
Upgrade your retail marketing with this slim ultra‑narrow‑bezel display. Standard 3000cd/m² high‑bright panel delivers sharp visuals under bright ambient light. IP66 waterproof & dustproof ensures long‑term stable operation.  
Great for supermarkets, coffee shops, burger outlets, apparel shops and pharmacies. Easily showcase promotions and menus to draw more customers and maximize your business ROI.",1,1786158473.0,u_Additional-Body-7374,0,1.0,False
1vikr2p,https://www.reddit.com/gallery/1vikr2p,Day 4 Post-Op: Turning the Corner,"I woke up at 6 a.m. today with \*no pain\*—I just naturally woke up and got out of bed. That felt like such a huge win after the last couple of days.

I slowly got myself up, grabbed my walker, and made my way across the floor to join my parents for coffee in the living room. I’m still moving slowly, and I definitely can’t walk independently yet, but being able to get up without waking in sheer pain felt amazing.

I had physical therapy again today and worked on bending my knee. The PT gently moved my new kneecap around, which felt very strange—but I have feeling there, so I’ll take that as a good sign! I also practiced sliding my heel toward my butt to improve my bend. My goal was 90 degrees… and I made it to \*\*97 degrees\*\*. Apparently, I’m an overachiever. 😄

I also spent part of the day coloring more pictures and listening to audiobooks—two calm, comforting ways to rest and keep myself entertained while I recover.

Now it’s time to keep getting this leg strong, especially since the other knee will need its turn eventually. My big goal is to be walking well and climbing stairs before our trip to Japan.",1,1786158467.0,Kneereplacement,0,1.0,False
1vikqza,https://www.reddit.com/r/Akola/comments/1vikqza/anyone_from_akola_up_for_random_evening_plans/,Anyone from Akola up for random evening plans? 😭,"Anyone from Akola up for random evening plans? 😭

24M here. Been stuck in the same routine lately and honestly just wanna get out more.

Looking for people around my age to chill in the evenings — chai/coffee, walks, food, exploring random places, talking about life, movies, music, whatever.

Would be cool to meet some new people and hopefully find a good friend/group along the way.

If you're from Akola and also bored of the same routine, comment or DM. 😂",1,1786158458.0,Akola,1,1.0,False
1vikquq,https://www.reddit.com/r/R4R30Plus/comments/1vikquq/36_m4f_mumbai_weekend_unravel/,36 [M4F] Mumbai - Weekend Unravel,"Instead of texting back and forth, how about we introduce ourselves, lay down our expectations, and meet up at a coffee shop for a long and winding conversation over the weekend? 

Let my hobbies and interests be something that would unfold over time. For now I can say that I am six feet tall and physically fit because I know that matters. With that said we can trade pictures early on as well 

If this sounds like a fair game, you know what to do. That being said I hope you have a wonderful weekend ahead ",1,1786158448.0,R4R30Plus,0,1.0,False
1vikpy2,https://www.reddit.com/r/stopsmoking/comments/1vikpy2/ive_quit_smoking_this_sucks_might_go_back_soon/,"I've Quit Smoking. This sucks, might go back soon.","It's been 6 days since my last cigarette, sometimes it feels way too easy and sometimes it feels agonizing. 

I feel less confident, I'm slurrying my words more often, I'm scared to drink coffee, I'm having a hard time concentrating on anything, I don't think my sense of taste or smell is going to get any better after 6 days.

",1,1786158368.0,stopsmoking,0,1.0,False
1vikovb,https://i.redd.it/hqt912qlh2ih1.jpeg,Do you need a home for Style Agency?,All kidding aside…we know that we all love SA. If anyone needs a home please stop by. The A Team would be thrilled to have you. If you have any questions please let me know. ,2,1786158279.0,pocketstyler,0,1.0,False
1vikoke,https://v.redd.it/z0j4xwf0h2ih1,"POV: You chose the mountains for your workation 🌧️ | Rain, clouds, coffee & a mountain view — August in Manali 🌲","August monsoon in the Himalayas 🌧️

This is what a slow workday in Manali looks like — clouds rolling through the valley, rain outside the window, and a warm little corner to get some work done.

Honestly, the weather makes it pretty hard to complain about working. 😄

Would you be able to concentrate with this view outside your window?",2,1786158254.0,TravelManali,0,1.0,False
1vikoa9,https://www.reddit.com/r/workingmoms/comments/1vikoa9/the_mental_load_balancing_everything/,The Mental Load & Balancing Everything,"My baby just turned 1 years old. We both work and I’m just so tired. Our day to day schedule is fine but I’m really struggling with balancing the load otherwise. I don’t need to bash on my husband but I need actual help/guidance on how to balance things so I’m not angry at my husband all the time.

On paper, our day to day seems balanced. But in reality, I just feel like if I’m not doing something, it doesn’t get done.

My partner is willing to do more but he lacks the ability to be organized and just never had to do any of this growing up.

Can someone give some advice? Tools to just offload the mental load? He can’t read my mind. I’m angry when he doesn’t know what needs to get done. I’m exhausted and just defeated. I’m feeling depressed more and more every single day and feel like I’m drowning at home, at work and with my lack of socialization because I can’t get a grasp on my home life.

Here’s our day to day schedule:  
\* I wake up the baby every morning between 6-6:30 am (by choice, I’m still nursing morning and evening)  
\* He gets up around 6:30 and gets himself ready, does the dishes, makes me coffee  
\* I make baby and I breakfast, something easy. He makes his own  
\* I do drop off  
\* I WFH 4 days a week. So I usually get dinner ready around 4:30  
\* He picks up baby around 4:45-5  
\* Dinner around 5:30  
\* Bedtime routine. My husband does bath time & lotion while I clean up dinner  
\* Nurse around 6:30-7 pm and baby is asleep shortly after.  
\* We both finish whatever hasn’t been done for cleaning and prep for next day (make lunches, prep bottles, etc.)  
\* Usually once we’re done, it’s like 9 pm and we’re exhausted.

Weekly schedule:  
\* Monday - usually finish prepping any food we didn’t get to over the weekend  
\* Tuesday - nothing here  
\* Wednesday - I workout while hubby does dinner with baby;  
\* Thursday - Husband works out while I do dinner with baby; I meal plan & order groceries in the evening  
\* Friday - pickup groceries after baby is down  
\* Saturday - I workout while husband does breakfast; usually meal prep, mow the lawn, do the laundry, etc. attend any social engagements  
\* Sunday - Husband works out while I do breakfast; usually meal prep, mow the lawn, do the laundry, etc. attend any social engagements

Responsibilities we have:  
\* I do all the meal planning and meal prep for breakfast, lunch and dinner for the three of us. This takes me 1 evening every week to plan and order groceries for pickup and then to prep, it takes an entire day on the weekend.  
\* I am technically doing the finances but don’t do it like I should because I’m exhausted.  
\* Neither of us do the laundry. I guess I do it every other week in one large batch because we both can’t be bothered to do it. Or if I direct him to do it, he will do it.  
\* Our kitchen is clean every night but the rest of the house? Nothing gets cleaned. We don’t live messy so it’s not noticeable besides toys being scattered but also our bathrooms are dirty and I don’t deep clean my kitchen often.  
\* Our garage is full of shit from when we moved 2 years ago. Both of our faults but like wtf. How to make time for that?  
\* He mows the lawn but it’s like every other weekend honestly. He wants to do it more often but we struggle to do that when I need help with baby while I cook.  
\* No other lawn maintenance is getting done. Former owners made things difficult for us and I’m closed to getting a landscape company out.  
\* I plan all trips and coordinate visits with his family and mine. He adds in input but I’m the one doing the research on where to stay, what flights to book and so on  
\* There’s plenty else to do but we just don’t even add it to the list because we can’t even do the basic shit.",1,1786158228.0,workingmoms,1,1.0,False
1viknzj,https://www.reddit.com/r/dubairentals/comments/1viknzj/office_for_rent_business_bay_near_the_metro/,OFFICE FOR RENT BUSINESS BAY NEAR THE METRO,"&#x200B;

💎 Full Floor 

📍 Location: Business Bay – Meydan & Canal views, close to metro

📐 Size: 12,500 Sq Ft

🚗 Parking: 38 spaces

🚪 Status: Vacant

✨ Condition: Fully upgraded

• 61 fitted work cabins

• 3 meeting rooms

• Pantry & upgraded WCs

• Coffee shop setup

• Reception area

💰 Available for Rent: AED 3.3M p.a.",1,1786158204.0,dubairentals,0,1.0,False
1vikmxu,https://youtube.com/watch?v=JS1DqDxedB8&si=WZqzyqiBri_3bX-A,"How to brand Paper Cups at home | Affordable Custom stamps for Cafe and ...☕🤍 **150ml / 5 oz WHITE PAPER CUPS — SMALL CUP, BIG CONVENIENCE!** 🤍☕

🇬🇧 **Bulk 150ml / 5 oz Paper Coffee Cups – White | Wholesale**
🇱🇰 **150ml / 5 oz සුදු කඩදාසි කෝප්ප – තොග මිලට**
🇮🇳 **150ml / 5 oz வெள்ளை பேப்பர் க","☕🤍 **150ml / 5 oz WHITE PAPER CUPS — SMALL CUP, BIG CONVENIENCE!** 🤍☕

🇬🇧 **Bulk 150ml / 5 oz Paper Coffee Cups – White | Wholesale**  
🇱🇰 **150ml / 5 oz සුදු කඩදාසි කෝප්ප – තොග මිලට**  
🇮🇳 **150ml / 5 oz வெள்ளை பேப்பர் கப் – மொத்த விற்பனைக்கு**

✨ Looking for a **small disposable paper cup** for your business, office, event or daily serving needs?

Our **150ml / 5 oz White Paper Cups** are a handy size for quick drinks, tastings and refreshment stations. 🤍☕

📏 **Product Details**  
✔ Capacity: **150ml / 5 oz**  
✔ Colour: **White**  
✔ Disposable Paper Cup  
✔ Bulk / Wholesale Orders Available

💡 **Perfect For:**  
☕ Office Tea & Coffee Stations  
💧 Office Water Coolers  
🥤 Juice & Beverage Sampling  
🎪 Events & Promotional Stalls  
🎉 Parties & Functions  
🏥 Medical & Dental Clinics  
🍵 Small Tea Servings  
☕ Espresso / Short Coffee Servings  
🏪 Shops & Business Refreshment Areas  
🏨 Hotels, Cafés & Restaurants

🎯 **Great for businesses that need convenient cups in bulk!**

📦 **BULK ORDERS WELCOME**  
📲 WhatsApp: **072 962 2034**

🚚 **ORDER ONLINE**  
📍 Colombo, Sri Lanka  
🏡 **Islandwide Home Delivery Available**

💬 Send us a WhatsApp message to check **availability, wholesale quantity & current price**.

❤️ **AMITHAFZ**  
*Packaging • Baking • Party • Gift & Food Serving Supplies*

✨ Save this post for your next office event, party, bakery, café or business order!

\#Amithafz #PaperCups #PaperCup #150mlPaperCup #5ozPaperCup #PaperCups150ml #WhitePaperCups #DisposablePaperCups #PaperCupWholesale #PaperCupsSriLanka #PaperCupWholesaleSriLanka #DisposableCups #CoffeeCups #TeaCups #DrinkCups #PaperGlass #SmallPaperCups #BulkPaperCups #WholesalePaperCups #OfficeSupplies #OfficeCoffee #CoffeeStation #WaterCoolerCups #EventSupplies #PartySupplies #FoodSampling #BeverageSampling #CafeSupplies #RestaurantSupplies #HotelSupplies #BakerySupplies #CateringSupplies #MedicalSupplies #DentalClinicSupplies #DisposableFoodPackaging #FoodPackagingSriLanka #Colombo #ColomboSriLanka #SriLanka #SriLankaBusiness #SmallBusinessSriLanka #HomeBusinessSriLanka #WholesaleSriLanka #IslandwideDelivery #OnlineShoppingSriLanka #OrderOnlineSriLanka #Pettah #Dehiwala #BakersOfSriLanka #CafesOfSriLanka #EventsSriLanka #PartyPlanningSriLanka",1,1786158118.0,u_amithafz,0,1.0,False
1vikmks,https://www.reddit.com/r/u_CertainFault9/comments/1vikmks/_/,🏖️🏖️🏖️🏖️,"Wonderful realisation today; I am content. 

It took a while, but I'm there. 

I'm not sure I've ever been truly content in myself until the last year, actually...I've had moments of contentedness, but they've been fleeting and mostly circulating me running from responsibilities. I'm not running from anything now; I'm still. 

Contentedness is increasingly becoming my norm more days than not. 

That's... profoundly hard to achieve, I think. 

I sustain it through exercise, meditation, routine, a sense of purpose, and my relationships with loved ones. 

That feeling of contentedness growing with time shows me that I'm on the right track. 

I'm fully relaxed, happy in myself, and overall feeling secure and calm. 

Work and study continue, and they will be hard at times, but I can handle it and things are going okay. Better than okay. 

My friends and family are amazing, and I'm in the privileged position of both having a community and having a great deal of independence. 

I love where I live. I love this country. I may be an immigrant, but it has become home to me the way nowhere else is. There's nowhere I'd rather build a life and a home base. (I still want to travel a ton and do other cool shit, but I really love having a secure, comfortable home, job, routine and loved ones to come back to.)

Of course, it's easy to say I love this country while I have the ocean 20m away, cool sand between my toes and the gentle warmth of winter sun on my face... But you know, even on the miserable rainy days and the most horrible, oppressively hot and humid days, it's my home.

Went for an early hike up a small mountain near the coast, and saw an old highschool friend at the top who I hadn't seen for a decade. New weekend hiking plans unlocked next fortnight, just like that. 

Drove further and wandered around my favourite markets for a couple hours after that, where I got cute birthday gifts for my friend and her little boys (supposed to be a birthday celebration for her and her youngest later today but they all have gastro rip). Got a freshly squeezed juice, drank that and a world class coffee, then ate an A+ crêpe made by a Marseillese baker all within a 500m space. 

Now I'm lying on my towel on the beach, just woke up from a nap and listening to my favourite podcast. Vaguely trying to get some sun on my legs, as they almost never get sun exposure and are several shades lighter than the light sand. I'm a little overly cautious with sunscreen and covering up because I am so naturally fair, but my legs are next level pale (they actually glow bright white under the sun, it's ridiculous) and could probably do with seeing the light of day occasionally. Like...I'm paler than my Welsh and English cousins are. I can probably get a little more sun exposure than I allow myself 😂

Anywayyyy. 

Over the last couple hours, even from a distance on the shore, I saw a whale breaching the water and a pod of dolphins. I'm profoundly relaxed, enjoying some alone time, and looking forward to what's next (even though some of it will be study!). 

God I'm lucky. 

It's funny, because I think I probably come across as more erratic, demonstrative, enthusiastic and emotional than a lot of other people... but on a fundamental level, I have a great deal more inner peace, stability, understanding, and a sense of purpose and direction than most people ever have. It's like looking at the ocean when the wind is up - the waves mean it might look like I'm all over the place on the surface, or from a superficial perspective, but the water further underneath is deep, calm, and powerful, gently moving with the steady oscillation of the current. 

I need to ensure I don't lose myself again. I need to be sure that any future partner will respect my need for autonomy and my sense of self, as I would theirs. 

Life should be about perpetual personal growth and building something, and if you do that with someone else, it should be done as a joint endeavour to help one another grow as individuals. You shouldn't absorb one another, you should help each other shine more brightly independently. Then you can stand together as the best versions of yourselves, knowing that you're united because of love, friendship and commitment that you both chose, and be stronger and happier for it. 

In the meantime, I continue to guide my inner light by doing and appreciating those day to day things, and trust my gut even when it's completely at odds with my brain. 

Life is beautiful, and things are going to be just fine. ",1,1786158089.0,u_CertainFault9,0,1.0,False
1vikl8i,https://www.reddit.com/r/datingoverfifty/comments/1vikl8i/enjoying_dating_again/,Enjoying dating again,"Don't get me wrong- I've only been on one date since I jumped back on the apps. But, I have a fresh way of looking at it. I don't stay on the apps as much during the day. I check them when I have time. I don't try to prod people to message. If it dries up, then it just does. 

I would rather meet quickly, see if there is a vibe. I prefer coffee or something simple and I am willing and I offer to pay for myself. That keeps things simple. If the man wants to pay, I don't object, but it's not a test for me. I really will pay with no bad feelings towards the man. I think meeting strangers should be cheap for both of us.

I'm also not worried if I don't meet a compatible partner. If I do, that's great. If I don't, my life is still great. 

I unmatch without any explanation for some things. If they get really sexual right away, I unmatch. 

Other things, I will ask them to not do. Like calling me honey, etc. If they are offended and unmatch, they aren't for me anyway. If they stop using pet names, that's cool. We can go from there. 

\*\*\*These are things that are important to me. Everyone will have their own hard nos and their own negotiables. ",4,1786157986.0,datingoverfifty,1,0.83,False
1vikkyp,https://www.reddit.com/r/CostaRicaTravel/comments/1vikkyp/costa_rica_march_trip_recap_8_day_itinerary/,Costa Rica March Trip Recap: 8 day Itinerary,"Hi everyone! My girlfriend and I traveled to Costa Rica in March this year, and this page was super helpful with some of the decisions we made on our trip. I would like to share our itinerary for feedback and possibly help someone else plan their trip. We only had 8 days and wanted to experience both the beach and the rainforest:

**Days 1–4: Tamarindo**

* Flew into Liberia and rented a car with Adobe. All together, it was a smooth process with no complaints really. Adobe also offers a shuttle to their office from the airport, which was lovely.

*Driving is a bit tedious. Speed limits are low, and speed bumps are common and hard to see.*

1. The beach was lovely. Sunsets were perfect every night, and we surfed pretty much every morning. There were lots of dogs that would come up to us on the beach and lay with us. We also saw monkeys a few times while walking on the beach.

   * For surfing, I would highly recommend getting out early (6–7 a.m.). There are tons of people that go out throughout the day, and it gets super crowded. Also, Tamarindo definitely feels tailored more toward beginner surfing.

1. We stayed at the Iguana Surf Camp & Beachfront Hostel. We loved it! The rooms and bathrooms were nice, there was a large locker for our stuff, and the rooftop had a perfect view of the ocean along with a pool. It did not have much of a social atmosphere, though.
2. We chose to eat at food trucks, vendors, and grocery stores, which saved us a lot of money, and we really enjoyed it! There are a few food truck parks a short walk from our hostel, and we visited these daily for meals.
3. One of our day trips was a drive to Playa Nacascolo. Definitely recommend it if you have a car and love monkeys! It's about 2 hours away, and a shuttle bus takes you to the beach from a parking lot (it's all free). Once we arrived, we felt like we had a private beach to ourselves, with beautiful blue water.
4. We also took a trip to La Leona Waterfall. We enjoyed the tour, and the waterfall was quite the spectacle—Gatorade-colored water with sunlight beaming in through the caves. Definitely worth it if you get tired of the beaches.

**Days 5–8: La Fortuna**

* We took a shuttle from Liberia Airport (after dropping off our rental) to La Fortuna, roughly 4–5 hours. We were dropped off at Viajero La Fortuna Hostel. The hostel was not as clean and well-kept as the one in Tamarindo, but there was definitely an emphasis on a fun, social atmosphere!
* We visited the La Fortuna Waterfall right when it opened. Being the first people down there, with the whole place to ourselves, was absolutely thrilling. The waterfall was amazing, and the hike around it was great too. We got coffee at the shop next to the entrance, which ended up being our favorite coffee on the whole trip.
* The weather was much more unpredictable than Tamarindo (we literally didn't have a single cloud there). Rain was typically on and off, but honestly, it was fitting.
* We did a chocolate tour on our last day, which we felt was worth the price. The guides took us into the forest for the tour, where we also got to see monkeys and sloths, and the chocolate tasting was delicious.
* We did a hike up Arenal Volcano on the Las Coladas Trail and saw lots of different animals. We had a great view of the volcano at the end, but unfortunately, the clouds covered most of it.
* We really enjoyed walking around the city and exploring the shops and restaurants.

Overall, we loved it and hope to return and explore more of the country. Some things we learned from our experience:

* Cash is not necessary, but definitely expands your options for shopping and eating. We were surprised by how far we got with just our credit cards.
* We felt that a rental car is much more convenient in La Fortuna vs. Tamarindo. We Ubered a lot in La Fortuna, which never topped $6 for a ride, but it definitely racks up.
* Sunscreen is very expensive in Tamarindo; I would definitely recommend bringing your own.
* Always anticipate a drive taking longer than expected.
* Probably would have added a day in La Fortuna since there are many enticing day trips you can do from there.

  
Thats all! Happy to help with any questions and if you have comments/feedback on these thoughts, please share! Pura Vida",2,1786157963.0,CostaRicaTravel,1,1.0,False
1vikkhr,https://i.redd.it/w3k1p0sjg2ih1.jpeg,"[FS] - Dallas, Texas - $1 each - cute guppy babies!","Had some baby guppies in July. All female. But it was a batch of 25 and my tank can’t handle that. If you want to see some little ones grow and live in DFW hit me up! Idk how to ship but can hand-deliver it to you in a coffee shop or other mutually convenient location.

I also have five that were born in early June but those are getting adult sized, so still healthy females just more grown up, starting to reach full adult size.

Any questions let me know! I can dm you vids if you want to see these clearer. They just swim so fast it’s hard to get a good shot.",2,1786157924.0,AquaSwap,0,1.0,False
1vikjrv,https://www.reddit.com/r/fixingmovies/comments/1vikjrv/the_gaang_being_actual_characters_would_have_made/,The gaang being actual characters would have made the last airbender (2026) a better movie,"We're still in the middle of the hype of this movie existing at all and it releasing to any theaters whatsoever and that's cool and there's some fun videos jabbing away at it being a marvel-esque nostalgia bait greatest-hits and a lackluster prequel blah blah blah here's how I'd use each character to make the story better:

**Aang:** low bar but the most developed character in the movie and thank goodness because bro is in the title, not nearly as much to work with here. Having him stumble into taga felt kinda wack so I'd open with him doing research on sonum and taga and be actively seeking out taga's body which was contained somewhere with the intent to pawn an artifact or clue about the staff off his body. Aang proceeds to find taga very much alive. Taga, sonum, the staff, and aang's own airbending all must represent aang's refusal to innovate at the direct expense of everything he's made(so republic city would be under threat even though they're fine in tlok)

**Appa:** yeah that's right the bison's getting an arc too, appa represents aang's solitude and desperation and is my walking foreshadowing machine, so we gettin sad lonely appa at the jump, we see his eagerness at being around sokka, zuko, toph, katara, and suki, and this mans is over the moon when he sees more sky bison still exist.

**Katara:** In addition to her feats one complaint is her ""running out of water"" seemingly ignoring the bloodbending storyline, I agree and katara running out of water should come after her usual tactics and those she got from hama. The more interesting thing I'd have her do is respond to the early part of the migration from the water tribes to republic city both as the last southern waterbender of of her generation and as a councilmember. I'd place her in a similar boat to aang where there's this weaker but still real feeling of solitude following the damage dealt to her people and her expression of a culture few if any know anything about. Her empathy towards aang's troubles are personal simultaneously in regards to her relation to him and the feeling of shared trauma, she can be among the more adamant to help aang get the staff. at the end of the film she again serves as an extension of aang's arc by teaching young waterbenders more advanced southern style waterbending techniques, we also find out she's with child.

**Momo:** yes, momo, he needed to be throwing down with everyone who dared threaten aang, tempted to make him among those who went down to taga and revived by katara but either way I needed little dog energy outta this guy the whole movie

**Sokka:** lowkey needed to be the second main character in this one, I'd litter his workshop with a few more ideas we'd later see fully developed in tlok but one in particular would be the early stages of a braille-like system. I'd make sokka the first to bring up the denied by name and the first to bring up their rumors of a mystical staff capable of granting people bending and aimplifying bending that's already there. I'd have the gaang accept sokka's role as captain of the airship before he has time to say anything to show the trust and respect he's earned from them and I'd have the gaang request his orders when something happens they've never dealt with before. I'd make him the last to go down against taga and be making the quickest work of the denied in direct combat both before and after they get their bending. I'd have sokka bring up calling on the ocean spirit as the obvious solution, doubt it would work, and be the most surprised when it does. I'd make sokka's decision to take katara's place in the council be influenced by his interactions with the denied, katara choosing helping aang rebuild the air nation over the council, and by his experience in the spirit world where his lack of physical transformation should have visually identified him as having among the most spiritual attunement of the entire group(yes, even compared to aang, but aang only de-aging so much is a sign of its own) his conflict with the denied is his conflict with aang: He sees the the staff is needed to grant nonbenders the ability to airbend as a direct statement non-benders are worthless, he sees the denied as another extremist group making a mad dash at power and he sees aang charging towards it without a plan of who to grant that power to, he's in favor of it being retrieved but one side is very obviously unfit for it and the other is having tunnel vision.

**Suki and the people of Republic City:** Before establishing republic city is inhabited by and perceive themselves as under the direct protection of aang, katara, and toph, so among the letters is one to suki requesting she protect the entire united republic for however long it'll take for the group to get back as well as a pinkie promise to take extra special care of sokka and to spiff him up before returning him. Aang proceeds to relay the information to the group that he decided suki was a suitable replacement for the literal avatar, the greatest earthbender in the world, and most likely the greatest waterbender alive, and not a single one of them bothers to argue. When we do return to republic city we see the denied are responsible for exactly 0 casualties as suki ain't even fighting she's directing the united forces and they're holding the line and running defense as the people evacuate and after most of the movie showing the group panic we see suki is treating this like another day of the week like she's responding to coffee orders. After the gang pulls up she finally bothers taking out her fans to join the fighting where we watch her wreck shop during the finale. As promised immediately following the battle ending sokka is spiffed up and she drags him off to a date and he doesn't dare argue.

**Toph:** main character number three I guess, I would casually plagiarize kung fu panda by having her offer notes on how her metalbending students can improve, I would make her just as harsh on herself as she is on them, I would have her punch katara in the arm really hard bruising the shit out of it as a show of affection, I would make her relieved sokka's there and sokka who's used to her demeaning comments and sarcasm would assume she's joking and part of their arc would be sokka learning through toph the group perceives him exactly as cool as he claimed he was to the water tribe kids at the start of the movie. I'd also give her a conflict with aang as he's trying to cling to the dead and stagnating himself in the process and perceives the staff as aang trying to win ana arms race like the fire nation did. We see her method of showing affection has altered as she criticizes his stance and mocks him for using the same old moves over and over again, yes, the earthbender is frustrated with the airbender's worldly attachments, how the turns table themselves

**Zuko:** Ironically a direct example of what toph was worried about one thing I'd have him do is try to retrieve the staff himself, momentarily taking his redemption arc too far seeing the staff as a means of undoing the damage sozin, azulon, iroh, and azula caused the world. We can even have a moment where zuko and aang wrestle over the staff before breaking it together.

I think I'd also develop the antagonists by extension as a story is rarely as good as its villain and the nonbender inequality stuff is so often swept under the rug by this setting.

credits imagery would include suki founding the equalist party, zuko's wife(I'd make it mai but I'm not attached) entirely miserable attending meetings in his place but making sound decisions all the same, aang receiving a letter from omashu and the group consoling him, and tiny bumi",2,1786157864.0,fixingmovies,0,1.0,False
1vikj6p,https://www.reddit.com/r/FaisalabadSocial/comments/1vikj6p/anyone_wanna_hangout/,Anyone wanna hangout?,"Hey everyone, I’m trying to make new friends here. I moved back from Lahore and most of my friends are have moved to abroad or to some other city.

I love coffee and I used to goto Androon & explore historical places a-lot. I used to goto social gatherings to meet new ppl.

So if you wanna hangout or just want to chat my dms are open✨",1,1786157811.0,FaisalabadSocial,0,1.0,False
1vikia2,https://www.reddit.com/r/stationery/comments/1vikia2/what_do_you_look_for_when_buying_stationery/,what do you look for when buying stationery?,"i'm always really curious how everyone uses their stationery. for example, i love buying postcards when traveling so i can write my favorite memories on the back, and i'm binding them into a book for my coffee table. one of my friends buys cards on her trips but frames it as art in her house which i thought was really cool. what's something you look for when buying stationery and what makes you pull the plug on purchasing it?",3,1786157736.0,stationery,0,1.0,False
1viki2k,https://www.reddit.com/r/HyderabadMeet/comments/1viki2k/todays_our_first_couples_table/,Today’s our first couples table 🎉,"Small milestone — Table for 4 has been all solo strangers meeting up so far, but today we’re running our first couples table. Two couples, one table, over coffee.

The kind of people we found doing this: one couple bought motorbikes and rode through Spiti after quitting their jobs and moving countries — three times. The other has a doctor in it, and by their own words, are “very friendly and nice people 😂” who thrive on impromptu decisions.

If this is something you and your partner would be into for a future weekend, drop a comment or DM — always happy to hear what people want to see more of.",1,1786157719.0,HyderabadMeet,1,0.67,False
1vikhj4,https://i.redd.it/qxupcxpsf2ih1.png,Mission Report: The Vanishing Maids ​(Part 7/Final),"((FINAL PART EVERYONE!))

​The white ribbon remained clenched inside Sougaki's palm. The fabric was rough, its edges frayed from whatever violence had dragged its owner down into the dark.

​The archive was silent. Too silent.

​

 beyond the sealed wall, the muffled shuffle of dozens of footsteps continued to vibrate through the floorboards. Slow. Uneven. Exhausted. Human.

​Sougaki stood frozen in the dim candlelight, staring at the invisible seam in the oak paneling. The hidden door was flush with the wall again, leaving no lever, keyhole, or latch behind. He slowly exhaled, his shoulders dropping as the frantic adrenaline of the fight began to curdle into sheer, unadulterated annoyance.

​""Alright..."" he muttered under his breath, closing his eyes to rub the bridge of his nose. ""Alright, Sougaki. Think. Stop panicking and actually use your brain for once.""

​His fingers tightened around the ribbon.

​

The missing maids weren't dead. They weren't being smuggled out of the country by human traffickers. They were right here, trapped in some subterranean vault directly beneath the estate. Room Seventeen wasn't where they were disappearing—it was the drop point. The threshold.

​""I’ve spent four days wearing a dress that squeezes my chest, sneaking around a mansion full of armed sociopaths, delivering cold soup to an empty room, getting thrown into a table by a maid who hits like a battering ram, and breaking into a restricted archive,""

Sougaki whispered, his voice cracking slightly with exasperation. He looked down at the navy-and-white hem of his uniform skirt, covered in dust and wood shavings from his clash with Celia. ""At this point, making one more life-threateningly stupid decision isn't going to ruin my reputation any more than this outfit already has.""

​He took a slow, deep breath, grounding his posture, and activated NEX Observation.

​He kept the output minimal, a tight, precise pulse of mental awareness that didn't broadcast his location like a flare. The world around him didn't light up with magical runes or floating cheat codes; instead, his brain began to rapidly filter spatial physics. The structural weight of the wooden shelves, the density of the stone foundation, the hidden gap in the wall mechanism, and the subtle, rhythmic micro-vibrations echoing upward from the deep earth.

​Every piece of evidence he had gathered over the past week slammed together into a single, cohesive blueprint inside his head.

​The mansion wasn't just an estate. It was a lid. The entire foundation was engineered around an underground structure, and Room Seventeen sat directly above its central axis.

​""The wet footprints... the missing records... the untouched meals left on the tray..."" Sougaki's dark gray eyes narrowed as he turned on his heel and headed toward the archive door. ""Nobody was murdering them. Someone was keeping them alive down there. And Room Seventeen is the only way in that doesn't require blowing up a wall.""

​He slipped out of the archive, his soft-soled maid shoes making no sound against the corridor carpet as he sprinted back toward the residential wing.

​Room Seventeen was exactly as he had left it.

​The bed, the wardrobe, the desk, the polished brass sconces. The silver tray sat empty on the nightstand. To an untrained eye, it looked like a standard, slightly neglected guest room.

​Sougaki shut the door behind him and immediately dropped to his knees beside the bed.

​The faint, damp footprints he had noticed earlier were completely gone. Not dried by the air, not wiped away by a rag—erased. The wood grain looked completely uniform.

​""A simple dampening array built into the floorboards,"" Sougaki muttered, pressing two fingers flat against the oak planks. He applied a tiny thread of mana, letting NEX Observation map the joinery beneath the polish. ""It clears physical traces every few hours to keep the servants from noticing.""

​He crawled across the floor toward the heavy wardrobe against the far wall.

​When he had searched the room on his first night, the wardrobe had seemed bolted to the structure. But now, looking at the load-bearing distribution of the floor, the wood beneath the wardrobe wasn't taking any weight at all. It was hovering a fraction of a millimeter above the boards, supported by an internal iron track concealed within the wall cavity.

​

""Aha! Found you, you sneaky bastard,"" Sougaki grunted.

​He placed both hands against the side of the heavy oak cabinet, planted his feet, and pushed. He didn't use a flashy burst of strength—just a steady, mechanical lean, reinforcing his leg muscles with a slight touch of NEX Offensive to overcome the latch friction.

​**CLICK.**

​The wardrobe slid smoothly to the left with a low, metallic hum.

​Behind it, where a solid stone wall should have been, lay a square recess in the floorboards. A heavy iron ring was embedded flush inside a trapdoor made of reinforced slate.

​Sougaki didn't hesitate. He grabbed the iron ring, braced his boots against the frame, and pulled upward.

​The trapdoor lifted with a heavy, grinding scrape, revealing a narrow stone staircase descending into pitch-black darkness. A draft of freezing, subterranean air rushed up into the room, thick with the smell of wet earth, iron, and stale moisture.

​""Deep... of course it's deep,"" Sougaki muttered, looking down into the black void. His stomach churned with familiar dread. ""Why can't I ever investigate a crime that happens on a nice, sunny balcony?""

​He checked the sidearm hidden beneath his apron, ensured his ""weapon"" was securely fastened to his left forearm beneath his long sleeve, and stepped down onto the first stone stair.

\--------------------------------------------

\---------    ----------------

​The descent was brutal.

​The steps were steep, slick with condensation, and cut directly from the bedrock beneath House Valemont. There were no wall sconces, no torches, and no glowing mana stones. Sougaki had to navigate by touch, keeping one hand against the rough stone wall while his boots tested each step for pressure plates or tripwires.

​NEX Observation gave him a clear mental outline of his surroundings, but it also revealed something deeply unnerving: the stone around him was dead.

​In a normal building, ambient mana from the atmosphere and the occupants lingered in the walls like static electricity. Here, the stone absorbed ambient energy without reflecting a single drop.

​Someone coated these walls with mana-dampening slate, Sougaki realized, his heart beating a fast, nervous rhythm against his ribs. That's why my broad-spectrum detection sweeps came up empty during my first three days here. It isn't just a hidden basement. It's a localized dead zone.

​After descending what felt like three stories beneath the mansion, the narrow staircase leveled out into a straight stone corridor.

​Then, he heard the voices.

​Sougaki froze, flattening his back against the wet stone wall. He held his breath, dampening his pulse as he crept forward toward an archway at the end of the hall.

​Beyond the archway lay a massive subterranean chamber.

It looked like an old, converted wine cellar or an ancient foundation vault, its high vaulted ceiling supported by massive granite pillars. Rows of makeshift wooden cots were lined up against the walls.

​

And on those cots sat women. ​Maids. Dozens of them.

​Some were sitting quietly, mending their torn aprons under the dim light of oil lanterns. Others were resting, looking pale and exhausted, but entirely unharmed. There were no chains, no cages, and no signs of physical abuse.

​""You really don't know when to quit, do you?"" a quiet voice called out from the darkness.

​Sougaki flinched, stepping out from the shadow of the archway.

​Celia was standing near the nearest row of cots, a thick wool blanket wrapped around her shoulders. She looked at his dust-covered dress and the smudge of soot across his cheek, her expression a mix of sheer disbelief and mild pity.

​""I tried to leave,"" Sougaki said defensively, his voice echoing slightly in the vast vault. ""Really, I did. I walked back to my room, sat on my bed, and thought, 'Hey, you've done enough. You should pack your bags and go home.' But then I remembered I don't get paid unless I actually solve the case.""

​""You came down here alone?"" Celia asked, taking a step forward. ""Without guards? Without informing the estate master?""

​""The estate master is a bureaucrat who'd probably file three weeks of paperwork before checking the basement,"" Sougaki grunted, adjusting his apron. ""Besides, I wanted to see where all the food was going.""

​""It was going to us,"" another voice chimed in from the back of the room. A young maid with short brown hair looked up from a cot, her eyes wide with shock as she stared at Sougaki. ""Wait... is that... is that the new temporary maid from the west wing?""

​""She's not a maid, Karen,"" Celia sighed, rubbing her temples. ""She's an idiot with a fake name.""

​

""Hey! I am a professional!"" Sougaki snapped, pointing a finger at her. ""A professional who is currently freezing her tail off in a dress!""

​Before Celia could reply, a slow, deliberate clapping sound echoed from the far end of the chamber.

​Clap. Clap. Clap.

​The sound was sharp, metallic, and perfectly rhythmic. The murmuring maids instantly went dead silent. The air in the chamber seemed to plunge by ten degrees, turning Sougaki's breath into white mist.

​From behind a central granite pillar walked a woman.

​Her uniform was immaculate. Black wool dress, pressed white apron, pristine white cuffs, and an ironed headband sitting atop perfectly coiffed silver-streaked hair. Her posture was straight, her hands folded neatly across her waist, and her face carried the same tranquil, unbothered expression Sougaki had seen every morning in the main kitchen.

​It's **The Head Maid of House Valemont.**

​""Impressive, Harunawa,"" She said, her voice smooth, composed, and ringing with absolute clarity across the stone vault. ""Or should I say... whoever you truly are.""

​Sougaki's heart did a violent flip in his chest.

*""Did she catch my name? No, she just knows 'Harunawa' is a fake.""*

​He kept his composure, sliding his right foot back into a balanced combat stance while keeping his left arm subtly angled to shield his ""Weapon"".

​""I was hoping you were just a really strict supervisor who hated wasted food,"" Sougaki said, forcing a casual, sarcastic tone to hide the sudden spike of adrenaline in his blood. ""You know, the kind of boss who takes kitchen inventory a little too seriously.""

​The Head Maid didn't smile. Her eyes, usually gentle and squinted in polite deference, opened fully. They were a cold, pale lavender, devoid of any warmth.

​

""You have disrupted a delicate balance,"" She said. ""I gave you multiple warnings. I left signs outside Room Seventeen. I personally reassigned your duties to the outer courtyard to give you an opportunity to abandon this assignment with your life intact.""

​""Yeah, well, your warnings were way too subtle,"" Sougaki shot back, his voice dropping its light tone as his dark gray eyes locked onto hers. ""Leaving cryptic messages and locking doors doesn't work on people who are broke. If you wanted me to leave, you should've just paid me off.""

​He gestured toward the rows of maids sitting along the walls.

​""Now explain this,"" Sougaki demanded. ""Why are you hoarding the estate's domestic staff in a cellar like canned preserves?""

​""They are not prisoners,"" She stated calmly. ""They are being preserved.""

​""Preserved from what?!"" Sougaki said

​""From the house above them,"" The Head Maid replied.

​She took a single step forward. The moment her leather shoe hit the stone floor, a heavy, suffocating wave of pressure expanded outward from her body. It wasn't standard magic—it was dense, physical kinetic intent that rattled the dust off the ceiling beams.

​""House Valemont was built over three hundred years ago,"" Lily explained, her voice remaining eerily level as she walked toward him. ""The original founders constructed an artificial siphon beneath this foundation to drain ambient mana from the household to keep the estate's wards functioning. For centuries, that siphon has fed upon the quiet, continuous presence of the living.""

​Sougaki frowned, his mind racing. ""The servants...""

​""A noble family stays in a mansion for a few months a year,"" She continued. ""The servants remain every day. They sweep the floors, scrub the stone, sleep in the quarters, and bleed their life force into the floorboards without ever knowing it. But five years ago, the siphon decayed. It stopped drawing ambient mana... and began consuming structural souls.""

​Celia stepped forward from the crowd of maids, her voice tight with suppressed anger. ""The maids who lived in Room Seventeen weren't vanishing because someone kidnapped them. They were getting sick. Their bodies were draining from the inside out until they couldn't stand.""

​Sougaki looked between Celia and The Head Maid. ""So you fake their disappearances... and hide them down here where the slate walls block the siphon?""

​""Correct,"" The Head Maid said. ""If I allowed them to leave the estate, the Valemont family would simply hire replacements, and the cycle would repeat until dozens died. If I kept them above ground, they would wither into corpses within months. Down here, protected by the dead slate, they are safe.""

​Sougaki stared at her, his jaw slightly open. ""Wait... so you're not the villain?""

​""I am the Head Maid of this house,"" She said simply. ""My duty is to preserve the household. All of it.""

​""Okay, great! Happy ending!"" Sougaki threw his hands up in relief, turning toward the stairs. ""You're a rogue humanitarian housekeeper. I'll just go tell my supervisor that everyone is alive, we'll write a very confusing report, and—""

​""You cannot leave, Harunawa"" The Head Maid interrupted.

​Sougaki stopped mid-stride. He slowly turned back around. ""...And why is that?""

​""Because to enter this chamber, you broke the seal on the trapdoor in Room Seventeen,"" Lily said, pointing a gloved finger toward the ceiling. ""The siphon above us is no longer contained. It is hungry. And without a continuous supply of localized mana to stabilize the node... the entire foundation of House Valemont will collapse inward within the hour.""

​Sougaki's face went completely pale. ""You've got to be kidding me.""

​""I am not,"" She said. She raised her right hand, her white glove unbuttoning at the wrist. ""Which means I must reseal the node immediately. And to do that... I require a temporary anchor.""

​Her eyes locked onto Sougaki.

​""You possess a remarkably dense, unusual physical vitality,"" The Head Maid murmured, her aura flaring into a sharp, visible distortion around her shoulders. ""You will serve as the temporary battery until I can reconstruct the slate barrier.""

​""Whoa, whoa, whoa!"" Sougaki backed up three quick steps, raising his hands defensively. ""Hold on! I am not a battery! My vitality is terrible! I have quite awful sleep hygiene and a terrible diet!""

​""It will suffice,"" She said.

​She vanished.

​***CRACK!***

​There was no magical incantation, no wind-up, and no visible movement. Lily simply traversed a distance of ten meters in the span of a single heartbeat.

​Sougaki's instincts, honed by countless fatal mistakes across forgotten timelines, screamed before his brain could process the threat.

​*NEX Mobility!*

​He didn't try to run backward—he forcibly threw his entire body weight to the left, rolling across the cold stone floor just as Lily's open palm struck the air where his head had been a millisecond prior.

​***BOOM!***

​The displacement of compressed air from her strike hit the stone archway behind him, blowing a fist-sized crater straight into the masonry and sending jagged rock fragments spraying across the hall.

​""HOLY CRAP!"" Sougaki shrieked, scrambling back to his feet as his skirt rustled frantically around his knees. ""SHE'S FAST!""

​Lily didn't waste time looking surprised. She pivoted on her heel with fluid, terrifying elegance, her black skirt flaring as her left leg whipped out in a razor-sharp high kick aimed directly at his temple.

​Sougaki brought both arms up, crossing his forearms to form a defensive frame.

​*NEX Defensive!*

​***THUD!***

​The impact felt like getting hit by a runaway carriage. The heavy kinetic force shattered his defensive posture, sending him sliding six feet across the smooth stone floor, his boots leaving black rubber skid marks behind. His forearms throbbed with white-hot pain, the ""Weapon"" on his left arm sparking once under the sheer compression force.

*""​She's not using magic to enhance her strikes,"" Sougaki realized, his breath coming in short, ragged gasps as he lowered his center of gravity. ""That's pure, refined martial technique! She's spent decades perfecting close-quarters combat!""*

​""You have good reflexes,"" The Head Maid noted smoothly, walking toward him with measured, unhurried steps. ""But your form is sloppy. Unrefined. You rely entirely on instinct and raw energy output.""

​""I'm sixteen!"" Sougaki yelled, backing away slowly as he reached into his sleeve. ""I haven't had time to take 'Advanced Housekeeper Combat Masterclasses'!""

​He snapped his wrist forward.

**​“Shamak!”**

​A dense, jet-black cloud of spiritual mist erupted from his hand, expanding instantly to fill a ten-foot radius between them. It wasn't an attack—it was basic Yin Magic designed to blind sensory perception and obscure spatial awareness.

​The black fog swallowed Lily instantly.

​Sougaki didn't wait to see if it worked. He turned on his heel and sprinted toward the side aisle between two massive granite pillars, using NEX Mobility to optimize his footwork and keep his steps silent.

*""​I can't overpower her in a straight fight,"" Sougaki analyzed rapidly, his gray eyes scanning the dark environment. ""Her physical technique completely outclasses me. I need to break her structure and force a distance engagement.""*

​Inside the pitch-black cloud of Shamak, there was no sound. No movement.

​Then—

​***WHOOSH!***

​A sharp gust of wind cut through the black fog as Lily swept her arm in a wide arc, forcibly dispersing the spell through sheer physical displacement. She scanned the gloom, her pale lavender eyes locking onto Sougaki's position behind the second pillar in half a second.

​""A basic Yin obfuscation spell,"" Lily said, her voice echoing off the walls. ""Clever. But you leave faint kinetic ripples in the air when you move.""

​She lunged forward, closing the gap in a flash.

​Sougaki stepped out from behind the pillar, his right hand thrust forward, fingers spread wide.

​“Minya!”

​Three sharp, purple crystalline needles formed in the air before him and shot forward like crossbow bolts, targeting her shoulders and chest.

​

She didn't even pause. She tilted her head three inches to the left, allowing the first crystal to graze her ear and shatter against the wall behind her. She caught the second crystal between two gloved fingers, crushing the dense magic structure into purple dust with raw grip strength, and slapped the third out of the air with her palm.

​""What kind of monster catches magic with her bare hands?!"" Sougaki yelled, his eyes popping out of his head.

​""I have managed this household for thirty years, Harunawa,"" She said, stepping into his personal space. ""Handling unpredictable mess is my primary responsibility.""

​She drove a straight palm strike toward his solar plexus.

​Sougaki knew he couldn't block it directly without having his ribs shattered. He used Murak—the basic Yin weight-manipulation technique—to instantly reduce his body weight to that of a feather.

​The pressure wave from her palm strike hit his chest, but instead of crushing his organs, the kinetic force launched his lightened body backward like a leaf caught in a gale. He sailed backward through the air, completely avoiding the lethal penetration of the strike.

​He rotated mid-air, canceled Murak to restore his normal mass, and slammed his boots flat against the vertical surface of a stone pillar.

​*NEX Mobility!*

​He kicked off the pillar with explosive force, launching himself straight down at her like a missile.

​As he fell, he gathered a small, concentrated spark of fire magic around his right fist—not an elaborate named spell, just an intermediate, volatile combustion layer designed to create a loud, disorienting shockwave on impact.

​""Get off my back!"" Sougaki roared, swinging a heavy right hook directly at her head.

​

She raised her left arm to block.

​***BOOM!***

​The fire spark exploded upon contact with her forearm, filling the space between them with a bright flash of orange light and a deafening report. The sudden concussive blast finally forced Lily's pristine posture to crack—her feet slid back three inches, and her immaculate white cuff was scorched black by the heat.

​Sougaki landed heavily on the stone, his knees buckling under the momentum, but he didn't stop. He immediately swept his left leg low across the floor, aiming to take out her front ankle while she was blinded by the flash.

​The Head Maid, despite the smoke in her eyes, reacted instantly. She hopped lightly over his sweeping leg, brought her opposite foot down directly onto Sougaki's extended calf, and pinned his leg to the ground with crushing force.

​""Gah!"" Sougaki gasped as pain shot up his leg.

​Before he could pull away, She reached down, grabbed the front of his maid dress, and lifted his entire body off the floor with one hand.

​""You are surprisingly persistent,"" She said, her face inches from his, her silver hair slightly disheveled for the first time. ""But this ends now.""

​She drew her right hand back, her fingers forming a rigid spear intended to strike his sternum and disrupt his mana flow completely.

​""Hey... Head Maid..."" Sougaki wheezed, a painful, strained grin spreading across his dusty face.

​

 paused for a fraction of a second. ""What?""

​*Sougaki raised his left arm—the one equipped with his Magic-Tech Gauntlet. He didn't use the gauntlet's offensive systems; instead, he overload-vented its internal cooling exhaust directly into her face.*

​***PSSSSSSHHHT!***

​*A thick, blinding cloud of superheated steam blasted out of the gauntlet's side vents, hitting Lily straight in the eyes.*

​""Ah—!"" ​Lily let out her first genuine gasp of pain, reflexively dropping Sougaki as she stepped back, covering her face with her gloved hand.

​Sougaki hit the floor hard, rolling onto his back and scrambling away like a terrified crab. ""Celia! Karen Everyone get out of the chamber! The ceiling is coming down!""

​As if answering his call, the subterranean vault groaned violently.

​***CRRRRRRRACK!***

​Without the slate trapdoor's dampening field, the ""unknown energy"" above them went completely out of control. Deep structural cracks spider-webbed across the vaulted ceiling. Massive granite dust rained down on the cots, and two of the heavy support pillars began to shear at their bases.

​""Run! To the eastern emergency exit!"" Celia screamed, waving her arms at the panic-stricken maids. ""Move! Don't look back!""

​The maids didn't need to be told twice. They abandoned their cots and bolted toward a narrow drainage tunnel at the far side of the vault, pushing each other through the archway as stone fragments began to rain from above.

​The Head Maid dropped her hand from her face. Her skin was reddened from the steam, her eyes watering, but her cold composure had morphed into cold, absolute fury.

​""You have destroyed the structural integrity of the vault,"" She said, her voice dropping an octave into a terrifying, guttural register. ""You have doomed us all!""

​""I didn't build a giant soul-sucking basement under a house!"" Sougaki shouted, pushing himself up on unsteady legs as his torn skirt flapped around his knees. ""That's on your employers!""

​*The floor beneath them buckled.*

​BOOOOOOM!

​A section of the foundation ceiling directly above them collapsed. Tons of stone, wood beams, and soil from the estate's eastern wing came crashing down into the subterranean vault with a deafening roar.

​The concussive force blew out the remaining oil lamps, plunging the collapsing chamber into absolute darkness, illuminated only by the faint, pale moonlight pouring through the gaping hole in the ceiling.

​""DOWN!"" Sougaki screamed, grabbing a section of fallen wooden beam and holding it over his head as he activated NEX Defensive to its absolute limit.

​***CRASH! CRASH! CRASH!***

​Debris rained down around them like artillery shells. The force of the collapse blew open the floor beneath the vault itself, revealing a deep, ancient drainage cavern stretching out toward the estate's outer gardens.

​Sougaki felt the floor give way beneath his boots.

​""OH, COME ON!"" he shrieked as gravity grabbed him.

​He plummeted into the dark void, tumbling alongside tons of falling stone, shattered furniture, and cloud after cloud of blinding white plaster dust.

​***THUD!***

​Sougaki hit the muddy embankment outside the eastern wing of the mansion, rolling violently through the manicured grass until he slammed back-first into a decorative stone fountain.

​""Gah... huff... huff..."" ​He lay on his back in the cool night air, staring up at the night sky.

​The eastern wing of House Valemont was completely ruined. Half of the grand structure had collapsed inward into the subterranean cavern, creating a smoking crater of rubble, shattered glass, and broken timber. Dust hung heavy in the moonlight, drifting lazily over the estate lawn.

​""I... I survived..."" Sougaki wheezed, his chest heaving as he tried to drag air into his bruised lungs. ""I actually... survived the fall...""

​He looked down at himself. His maid uniform was utterly destroyed. The left sleeve was ripped off entirely, exposing his Magic-Tech Gauntlet. The apron was shredded, covered in black mud and gray plaster dust, and the skirt was torn up to his thigh. He looked less like a maid and more like someone who had been dragged through an industrial meat grinder.

​""I officially hate nobles,"" Sougaki groaned, pressing a hand against his forehead. ""I hate mansions. I hate these maid outfits!""

​***TAK.***

​A soft, controlled footstep landed on the grass ten feet in front of him.

​Sougaki's laughter died in his throat. He slowly raised his head.

​Rising from a pile of shattered masonry near the edge of the crater was The Head Maid.

​Her black dress was torn at the hem, her hair was hanging loose around her shoulders, and a line of fresh blood trickled down her cheek from a cut near her temple. But her eyes were fixed on him with absolute, unwavering kill-intent.

​""The siphon has been completely unsealed,"" Lily said quietly, her voice carrying over the sound of settling dust. ""The curse is spilling out into the surrounding land. And you... are the only obstacle remaining.""

​She raised both hands.

​The ambient mana in the courtyard didn't flow gracefully toward her—it was violently ripped from the air, forming a dense, suffocating sphere of compressed kinetic pressure around her fists.

​Sougaki slowly stood up. His knees were shaking, his muscles screamed in protest, and his stamina reserves were scraping the bottom of the barrel. He wiped a streak of blood from the corner of his mouth with the back of his gauntlet.

​""You still want to fight?"" Sougaki asked, his voice rough and tired. ""The maids are out! The building is down! It's over!""

​""It is not over until the seal is restored!"" She shouted, her composure finally shattering into pure, desperate rage. ""I have given thirty years of my life to this house! I will not allow a nameless pest to ruin it in one night!""

​She charged.

​She crossed the grass like a demon, the compressed kinetic pressure around her fists tearing up strips of turf as she sprinted.

​She's not stopping, Sougaki realized, his vision blurring slightly from exhaustion. 

*""She's going to hit me with everything she has left. If I try to dodge, she'll just turn and chase the maids!""*

​He took a deep breath, planting his boots firmly into the damp grass of the courtyard.

​He stopped acting like a cowardly student. He stopped pretending to be Harunawa Kusugaki, the awkward temporary maid.

​He drew upon every drop of mana remaining in his body, distributing it with precise, calculated efficiency across his physical frame.

​*NEX Offensive.*

*NEX Defensive.*

*NEX Mobility.*

​He activated all three simultaneously, forcing his mind into the hyper-adaptive state that had kept him alive through countless dead ends and failed timelines.

​Intermediate elements flared around his body in a tight, controlled aura—a flickering thread of fire around his right fist, a swirl of compressed wind beneath his boots, a faint hum of lightning coating his forearm, and a layer of dense earth magic reinforcing his stance.

It wasn't an overwhelming, gods-like display of power—it was messy, unrefined, and desperate, the absolute limit of what a sixteen-year-old student could muster through sheer, stubborn willpower.

​""Who are you?!"" Lily screamed as she closed the final five meters, her kinetic strike cocked back to pulverize his chest. ""What kind of monster are you?!""

​Sougaki reached up with his left hand, grabbed the dust-covered maid headband still resting on his head, and ripped it off, tossing it into the wind.

​His messy black hair fell across his eyes. His dark gray gaze locked onto hers with absolute, unyielding intensity.

​""I'm not a hero!"" Sougaki shouted, his voice ringing out across the ruined courtyard, echoing into the night sky where the escaping maids stood watching from the tree line!

​He took a violent step forward, his boot crushing the grass beneath him as the fire and lightning around his arms flared into a brilliant flash!

​""I'm Harutawa Sougaki. Pushed forward by people who had no right to trust me... carried by the foolish hopes of those who couldn't stand on their own... and given a second chance by everyone who refused to let me die!""

The Head Maid's eyes widened in sheer, momentary shock at the terrifying, decayed weight of the presence suddenly radiating from his soul—an odor of ancient graves, endless failure, and impossible survival.

​Sougaki pulled his right fist back, every muscle in his body screaming in agony as he channeled his final NEX Offensive pulse directly into the blow!

​

""If the idiot who survived all of that mess goes by the name Harutawa Sougaki, then—""

​He thrust his fist straight into the center of her incoming strike!

​""—I AM HARUTAWA SOUGAKI!!""

\--------------------------------------------

\---------    ----------------

​***BOOOOOOOOOOOOOOOOOOM!***

​The collision of kinetic pressure and elemental magic erupted in the center of the courtyard like a localized bomb.

​A blinding shockwave of compressed wind, fire, and shattered earth blew outward in a hundred-foot circle, flattening the manicured grass, shattering the remaining glass windows of the west wing, and throwing up a massive curtain of dust into the moonlight!

​Sougaki's fist broke through her kinetic barrier, striking the center of her stance with precise, unyielding force.

​***CRACK!***

​The artificial siphon connection tied to Lily's body shattered.

​

The Head Maid's eyes rolled back, her breath leaving her lungs in a long, ragged gasp as the kinetic recoil threw her body backward through the air. She tumbled across the lawn, rolling three times before coming to a complete stop on the grass, unconscious.

​Silence descended over House Valemont.

​The dust slowly settled. The smoke cleared beneath the quiet rays of the morning sun beginning to peak over the horizon.

​

Sougaki remained standing in the center of the crater.

​His right arm was numb, his uniform was in literal tatters, and his chest heaved up and down as he fought to stay conscious.

​He looked down at the unconscious Head Maid, then at the ruined wing of the mansion, and finally at the crowd of rescued maids standing near the tree line, staring at him in stunned, absolute silence.

​Celia stepped forward from the crowd, her mouth slightly open. ""Sougaki... Harutawa...?""

​Sougaki slowly let out a long, exhausted breath, his shoulders slumping completely.

​""...Okay,"" he mumbled, his voice cracking horribly. ​He took one step forward, his knees gave out, and he face-planted directly into the damp grass. 

​""I'm... never... wearing a dress... again...""

\--------------------------------------------

\---------    ----------------

​***Epilogue: The Report***

​Three days later.

​The morning sun shone brightly through the stained-glass windows of the Lugunica. 

​Sougaki sat on a plush leather sofa, wearing his standard white-and-navy long coat over fresh combat attire. His right arm was wrapped tightly in medical bandages, a white patch was taped over his left cheekbone, and he looked like he hadn't slept in a week.

​Across the low coffee table sat the senior guild receptionist, a middle-aged woman with sharp glasses and an impossibly stern expression. She was flipping through a stack of official damage reports sent directly by the Valemont family attorneys.

​""Let me review the facts of this mission report, Harutawa-san,"" the receptionist said, her voice dry enough to turn paper to ash.

​""Please do,"" Sougaki said, leaning back and nursing a cup of cheap black tea. ""I love a good story.""

​""You were assigned to investigate a low-priority missing persons case regarding domestic servants at House Valemont,"" she read off the parchment.

​""Correct. A simple, quiet investigation.""

​""You infiltrated the estate by posing as a female domestic servant named Harunawa Kusugaki.""

​

Sougaki winced, taking a sudden, very long sip of his tea. 

""Ahem... That's a standard infiltration protocol.""

​""You uncovered an illegal subterranean vault containing thirty-two missing maids who were being used to stabilize a certain 'unknown energy'.""

​""Yes, I did. Saved thirty-two lives. I expect a medal.""

​The receptionist adjusted her glasses, staring at him over the rim.

""And during the process of securing these thirty-two lives... you engaged the Head Maid in single combat, overloaded a Magic-Tech Gauntlet, collapsed an underground vault, and completely obliterated the entire eastern wing of a three-hundred-year-old ducal estate.""

​Sougaki stared into his teacup. ""Umm...It was a structural accident. The building had poor zoning compliance.""

​""The repair bill sent by Lord Valemont contains five zeroes, Harutawa-san.""

​""Hey! He was running an illegal soul-sucking basement!"" Sougaki yelled, leaning forward defensively. ""If anything, he should be paying me for property audit services!""

​The receptionist let out a long, heavy sigh, rubbing her temples. She reached into her desk drawer and pulled out three separate documents, laying them out side-by-side on the table.

​""Despite the... apocalyptic nature of your methods,"" the receptionist admitted grudgingly, ""the Valemont household has dropped all charges to avoid a public investigation by the Magic Council regarding the siphon. The missing maids have been safely relocated, given full back-pay, and released from their contracts.""

​Sougaki's eyes widened slightly. ""Wait... really? No jail time for me?""

​""No jail time,"" she confirmed. She pushed the first document toward him. ""Your base reward for the mission has been tripled due to the extreme danger level, fully covered by the guild's emergency hazard fund.""

​

 looked at the heavy pouch of silver coins on the table. ""Oh... sweet mother of money...""

​""Furthermore, your travel and medical expenses have been fully reimbursed,"" she pushed the second document forward.

​Sougaki slowly sat upright, his sarcastic demeanor melting away into genuine surprise. ""Okay... wow. I might actually be able to afford real food this month.""

​Finally, she pushed the third document across the polished wood. It was a thick, ivory envelope sealed with gold wax, bearing the official crest of the High Magistrate.

​""And this,"" the receptionist said, her tone carrying a rare note of genuine respect, ""is your official Letter of Recommendation for the Vollachian Advanced Magical School, signed by the Council of Investigators for outstanding field performance under extreme pressure.""

​Sougaki stared at the gold-sealed envelope.

​He reached out with a trembling hand, picking it up and turning it over in his fingers. The smooth, heavy paper felt almost surreal in his grip. 

After all the dead ends, the beatings, the humiliation of wearing a dress, and nearly getting crushed by a falling mansion... he actually had it.

​""I... I actually got it?"" Sougaki whispered, staring at his own name printed in crisp black ink on the front: Harutawa Sougaki.

​""You earned it, Harutawa-san,"" the receptionist said softly. ""Though I strongly suggest your future school instructors invest in comprehensive structural insurance before your arrival.""

​A genuine, unforced smile slowly spread across Sougaki's tired face. ""Huh. Look at that. I guess hard work really does pay off.""

​He stood up, tucked the recommendation letter carefully into his inner coat pocket, and grabbed his heavy pouch of coins. He took three steps toward the office door, feeling a lighter weight in his chest than he had in months.

​Then, he paused.

​He reached into his travel bag hanging near the coat rack and looked inside. Nestled right at the bottom, neatly folded, was the navy-and-white maid dress he had worn during the mission.

​Sougaki stared at it for three long seconds. ​His smile vanished. His face went completely pale with horror as a terrible realization struck his mind.

*""​Wait... if I keep this... what if someone sees it in my dorm room? What if my roommates find it?! How am I supposed to explain why I have a tailored, dust-stained maid dress in my closet?! 'Oh, don't worry guys, I just destroyed a nobleman's mansion while wearing this for work'?! NO ONE WILL BELIEVE THAT! THEY'LL THINK I'M A FREAK!""*

​""Harutawa-san?"" the receptionist asked, looking at him strangely. ""Is something wrong?""

​""NO! NOTHING!"" Sougaki squeaked out, his voice jumping an entire octave as he slammed the bag shut and shoved it behind his back. ""EVERYTHING IS FINE! HARUNAWA KUSUGAKI IS DEAD AND BURIED! SHE NEVER EXISTED!""

​He turned on his heel and practically sprinted out of the office, his boots clattering frantically down the hallway.

​""I'M BURNING THIS BAG!"" his voice echoed back from the corridor. ""I'M BURNING IT AND THROWING THE ASHES IN A RIVER!""

​The receptionist watched him go, shaking her head with a weary, resigned sigh. She picked up her pen, pulled out a fresh sheet of parchment, and began logging the final entry for the file.

**✎​Mission Report: The Vanishing Maids.**

**✎Status: COMPLETED.**

**✎Investigator: Harutawa Sougaki.**

**✎Notes: Target recovered. Mastermind apprehended**. **Estate destroyed. Subject mental stability... questionable as usual.**

​Outside the guild building, the morning sun shone brightly down upon the busy streets of the city.

​Harutawa Sougaki walked through the crowd, adjusting his long coat, his hand resting securely over the letter in his pocket. The mystery was solved, the missing maids were safe, and he had survived yet another impossible nightmare by the skin of his teeth.

​As usual.

​Unfortunately for him... Monday morning classes were waiting.",2,1786157676.0,TheWitchCultUniverse,5,1.0,False
1vikghh,https://www.reddit.com/r/writingcritiques/comments/1vikghh/chapter_3/,Chapter 3,"EASRS: THE ANOMALOUS FRONT

Chapter 3

""What... what did you just say?""

Sylvie Anne Harrison's eyes widened in shock. She grabbed the communications officer by the collar, gripping it so tightly her knuckles turned white, her voice cracking in disbelief:

""No... That's impossible... Hey, tell me this is just fake news! How could that stubborn old bastard die so easily?!""

The officer swallowed hard, hastily trying to soothe her: ""Major, please calm down! The EASRS is still actively investigating the scene, there is no final confirmation yet...""

Sylvie panted heavily. She slowly loosened her grip, letting go of the soldier's collar. Her shoulders trembled slightly before she regained her usual cold demeanor. She turned around, walking down the opulent corridor of the antique mansion. The expensive carpet was now stained with ruthless mud tracks from the soldiers' combat boots.

Through the soaring arched glass window, the Eiffel Tower loomed in the heart of Paris—the jewel of France—under a gloomy drizzle. Sylvie paused, adjusting the sling of her FAMAS rifle on her shoulder. She pulled out a fresh cigarette, lit it, and took a deep drag, exhaling a hazy plume of smoke.

""Jack... I never thought a guy like you would go before me.""

She whispered into the void, slowly descending the marble staircase outside. Outside, GAM soldiers were sequentially climbing into armored black vans. Sylvie let out a weary sigh, climbed into the front passenger seat, placed her FAMAS beside her, and closed her eyes.

Slam!

The armored car door slammed shut, swallowing the darkness of Paris into the heart of the city.

Morning of May 1, 1987. The silent night sky at an altitude of ten thousand meters over the middle of the Pacific Ocean.

Sylvie sat quietly by the airplane window, her blue eyes gazing aimlessly into the endless dark void below—where there was only the rolling ocean.

""Jack... Hmph..."" She whispered a sigh in her throat.

Ding!

A soft chime echoed from the cabin's public address system, signaling that the Boeing 747 had reached cruising altitude. Immediately, soothing classical music mingled with the crisp clack-clack of numerous Zippo lighters sparking up throughout the cabin. Plumes of blue-gray smoke quickly spread under the warm yellow lights. Sylvie, like many passengers of that era, leisurely pulled out a cigarette, lit it, and took a long drag. The smell of Marlboro smoke intertwined tightly with the heady scent of French perfume and the signature droning hum of 1980s jet engines.

The Air France stewardesses, clad in elegant Haute Couture uniforms, began moving along the thickly carpeted aisles. Using silver tongs, they politely handed each passenger a steaming hot cotton towel fragranced with citrus.

Shortly after, the luxurious dinner service, which would last nearly three hours, officially commenced.

In the First Class cabin where Sylvie sat, a polished mahogany trolley was wheeled by, showcasing blocks of garlic-butter seared Chateaubriand beef and whole herb-roasted salmon. The flight attendant used a sharp silver carving knife to slice the meat right in front of the passengers, plating it on gold-rimmed porcelain dishes alongside crystal flutes continuously topped off with chilled Dom Pérignon Champagne, its fine bubbles rising to the surface.

Behind the bulkhead, Economy Class passengers also leisurely enjoyed hot meal trays of minced meat pasta, sipping complimentary red wine poured directly from large glass bottles.

When the cheese and pastry carts were cleared away, the cabin lights were dimmed completely. The light from a 16mm projector cast a conical beam onto a large fabric screen mounted on the front bulkhead. In the dim space, passengers wore hollow plastic tube headsets plugged directly into their armrests, smoking as they attentively watched the single feature film of the flight.

Throughout the long night crossing the ocean, the 747 sank into complete isolation from the outside world—no Wi-Fi, no personal screens, just the rustling of US customs declaration forms and the hushed murmurs of strangers.

About two hours before landing in Los Angeles, the cabin lights gradually brightened, waking everyone with the rich aroma of percolated coffee mingled with the buttery scent of freshly baked hot croissants coming from the rear galley.

Thud!

The Boeing 747 touched down on the Los Angeles International Airport runway with a familiar jolt, officially bringing Sylvie back to American soil after long years of grinding through GAM's black ops military campaigns in Western Europe.

Stepping out of the stuffy jetway of the Tom Bradley International Terminal, she instantly felt the hurried, pragmatic pulse of her homeland through the scent of polished floor wax and the dingy neon light cast by the illuminated signs along the corridor.

While the stream of foreign travelers frantically flipped through their complex visa documents, Sylvie strolled calmly. In her hand, she held only the dark blue passport of the United States of America and a green Customs declaration form hastily filled out with a ballpoint pen on the plane.

At the INS (Immigration and Naturalization Service) arrivals hall, she immediately turned into the wide-open lane marked with a black sign: U.S. CITIZENS.

The privilege of citizenship was glaringly obvious: no lengthy interrogations, no overbearing, scrutinizing glares. The INS officer in a dark blue uniform simply skimmed Sylvie's watermark-stamped portrait photo, brought down the manual stamp with a decisive Thwack! onto the passport page, and pushed it back to her along with a crisp, native greeting:

""Welcome home, Ma'am.""

All procedures went swiftly until Sylvie descended to the ground floor baggage claim area. Glancing up at the chunky CRT television with its convex screen flashing green electronic text, she identified carousel number 4, then slotted a one-dollar coin into the mechanism to release a metal luggage cart.

Unlike tourists with their bulky, hard-shell Samsonite suitcases, Sylvie's luggage consisted merely of two faded military canvas duffel bags—the trademark sign of someone constantly on the move for duty.

Despite holding a US passport, she couldn't bypass the mandatory Customs inspection of the era. Pushing her cart to the long wooden counters, Sylvie handed over her declaration and unzipped the bags herself so the Customs officer could rummage through them barehanded, conducting a random check among her clothes and a few personal items for excess cigarettes or foreign liquor.

Zip!

Once the zipper was pulled shut, she pushed through the glass doors and stepped out into the public waiting area of 1987. The atmosphere of America during this era hit her olfactory senses head-on with the heavy stench of Marlboro cigarette smoke swirling thickly around the stainless steel ashtray pillars.

Ignoring the noisy crowd holding high cardboard name signs, Sylvie headed straight for a row of blue Pacific Bell payphones against the wall, digging in her pockets for a few 25-cent quarters to call a Yellow Cab into downtown.

At the same time...

The roaring sound of rotor blades ripping through the air from a squadron of AH-22 attack helicopters echoed across the barren desert along the US-Mexico border. High-powered searchlights cut through the scorching night.

""Warning: US-Mexico border security fence detected completely destroyed!""

The radio comms crackled in rapid succession. The spotlight from an AH-22 shone directly on the jagged, shattered gap in the heavy barbed-wire fence. High above, AH-12 autonomous reconnaissance UAVs swept through the sky at blinding speeds. Their sensor lens arrays zoomed in to maximum, scanning every column of dust swirling up under the intense desert heat, tracking even the subtle motion.

Rat-tat-tat!

A precise burst of 12.7mm heavy machine gun fire suddenly tore through the air, slamming straight into the lifting wing of the lead AH-12. Losing control, the UAV spun wildly in midair before crashing into the sand, exploding into a brilliant sphere of orange fire.

Instantly, the three AH-22 helicopters maneuvered into a tactical triangle formation. The remaining two AH-12 UAVs swooped down like hunting hawks, dropping cluster bombs toward the coordinates of the kinetic fire. But right before hitting the ground, the bombs were suddenly twisted by an invisible compressive force, crushed to pieces, and detonated in midair!

Rat-tat-tat!

Subsequent bursts of 12.7mm rounds shredded the alloy armor, cleanly destroying the two remaining UAVs. Realizing the anomalous firepower exceeded safety thresholds, the AH-22 squadron pulled up in altitude and proactively withdrew out of range of the terrifying weapon below.

Amidst the sandstorm swirling up from the explosions, two figures walked silently before vanishing into twisted space.

As for those two figures... it was me—Jack Harrison—and Lilith.

We walked silently through the scorching heat of the New Mexico desert. I turned to look at the girl. Inside my head was a fierce psychological battle. I knew full well that taking a dangerous Anomalous Entity and deserting the Foundation was a betrayal of my oath, that it was entirely wrong. But for some reason... I still did it.

I gripped the 12.7mm NSV machine gun I had taken from my fallen squadmate, my voice coming out raspy:

""Why the hell did I get myself into this mess...""

I muttered to myself, my eyes constantly scanning our surroundings. The chilling sensation down my spine warned me as if hundreds of invisible eyes were watching our every step.

Lilith looked up at me, her voice gentle: ""There's no one..."" Then she blinked her blood-red eyes: ""But... you volunteered.""

I let out a bitter sigh: ""Yeah, I know I volunteered... but I still feel tormented by guilt.""

Suddenly, Lilith stepped closer and gently wrapped her arms around me.

My body, encased in the SOSS armor, froze. The heart inside my chest pounded at an extraordinary rate. A primal, intense surge of emotion erupted—it felt as if I were collapsing into the embrace of the original woman of humanity, the one bearing the name of the woman who nearly became the mother of all mankind.

All guilt, fear, and turmoil within me seemed to vanish completely, as if they had never existed. I realized my mind was being manipulated by her anomalous perception, yet my body didn't want to resist at all. A mad, morbid craving flared up in my mind: I wanted to become one with her. I wanted to eat her flesh, drink her blood...

Wait... No!

I jolted, frantically trying to cling to what little sanity I had left. No... I just want to stay by her side.

I comforted myself in quiet panic. When I raised my head, Lilith was already skipping toward the wreckage of the burning AH-12 UAV to scavenge ammunition for me. The blazing desert fire seemed completely harmless against her porcelain-white skin.

She flashed a playful, quirky smile, lifting a heavy belt of 12.7mm ammo, looking at me with innocent blood-red eyes:

""Let's go!"" ""Where to?"" I asked, my voice thick and hoarse. ""North,"" she replied simply. ""To do what?"" ""To meet family."" ""Family?"" I narrowed my eyes in suspicion.

Lilith didn't answer. She turned and walked ahead. I tightened my grip on the NSV, stepping after her beneath the scorching sun. The feeling of being watched continued to cling to the back of my neck... Far off in the distance, where the horizon shimmered and twisted from the desert heat, something invisible truly seemed to be silently observing our every step.

\[To be continued\]",1,1786157593.0,writingcritiques,0,1.0,False
1vikgfx,https://www.reddit.com/r/LoveLetters/comments/1vikgfx/mornings_with_you/,Mornings With You,"Mornings in bed with you arrive softly,    
like light learning our names.    
The day waits at the edge of the room,    
patient, because it knows where I am.

Your breath is a quiet tide beside me,    
warm, familiar, a promise I don’t    
question.    
Sheets remember the shape of us,    
rumpled with laughter we haven’t had    
yet.

Sunrise spills gold across your shoulder,    
and I trace it with my eyes, unhurried.    
No clocks speak here, only heartbeats,    
only the comfort of nowhere else to be.

If forever had a simple beginning,    
it would look like this,     
Coffee still imaginary, the world still kind,    
Waking up exactly where I belong, with you.",2,1786157590.0,LoveLetters,2,1.0,False
1vikfg3,https://www.reddit.com/r/Pangasinan/comments/1vikfg3/crowdsourcing_would_a_coworking_space_business_do/,Crowdsourcing: Would a Coworking space business do well sa Dagupan-Binmaley-Lingayen area?,I am wfh employee as well and wala akong alam na Coworking space dito saatin. Minsan kasi nabuburyo ako sa bahay and sometimes feel ko namamadali ako sa coffee shops. Would starting a coworking space business do good around here or not enough demand for the business?,1,1786157511.0,Pangasinan,0,1.0,False
1vikf2a,https://www.reddit.com/gallery/1vikf2a,Night 1 Completed,"First post: https://www.reddit.com/r/fosterdogs/s/DBmUlvpqyQ

Finally received the dog from the shelter last night.  This was NOT the calm and shy dog I originally met and I’m exhausted 😂 very cuddly, jumpy, and playful.  I had him sniff around the apartment and our building’s dog park when he arrived.  Pulled on the leash a bit, but not hard.  I only corrected when he tried a bit too hard.  Trying to balance the beginning between corrections and just letting him explore since he’s very curious.  We walked around the building a bit and then went inside to eat and settle down.  He napped under the table a bit when we got back.  He was getting chewy, so I gave him a cow kneecap for a few minutes before going to bed to help settle him back down.  

The shelter recommended against a crate or pen (which I regret now), so he slept in our bedroom in his bed (despite some attempts to climb on ours).  He didn’t sleep much though.  Whined a bit and eventually vomited.  Not sure if it was anxiety, the kneecap, the treats, or a little everything.  This was at 1am and then he woke us up again at 5am, so I took him out to the dog park again to sniff, chase a ball, and then go on a long walk.  

All in all though, I consider this a success so far.  I’m glad he’s drinking water and eating.  My biggest fear based on my first impression was that he would shut down as soon as he got here.  Of course he’s not perfect and is a little naughty, but we’ll get there eventually.  Debating how to handle the crate and or pen situation, because we simply cannot trust him home alone free as the shelter owner was doing.  He’s not too destructive around us, but has chewed the carpet and tried to jump on the couch a few times so we don’t want to know what happens if we leave him alone free.  For now he’s great at protecting us from delivery drivers, his reflection, my shoes, and the magic talking box in the living room.  Going to get him bathed now and hope to see some more words of encouragement and feedback while I drink about 3 coffees.",2,1786157481.0,fosterdogs,1,1.0,False
1vikdwe,https://i.redd.it/5zcrr6fqe2ih1.png,My daily coffee ritual,,1,1786157385.0,cafe,1,1.0,False
1vikdsd,https://i.redd.it/ewhetsowe2ih1.jpeg,"""Good morning! A grateful heart and a warm cup of coffee can change the direction of your entire day.""","  
Start your morning with gratitude, confidence, and a smile. Great things begin with a positive mindset.  
\#Coffee #MorningCoffee #GoodMorning #Motivation #PositiveThinking #chamaraweerasekara #ClickInspireStudio #aquazenworld #tvsulangafm #studiochamaraarts #ChamsulangaNailWorld #ChamTattoo #Human&Anatomi #kitchen""C""  
  
[https://youtube.com/shorts/FokY5jMiOPE](https://youtube.com/shorts/FokY5jMiOPE)",1,1786157375.0,u_chamara101,0,1.0,False
1vikdru,https://www.reddit.com/r/delhi/comments/1vikdru/anyone_up_for_grabbing_a_coffee_in_this_weather/,Anyone up for grabbing a coffee in this weather?,Same as title,1,1786157374.0,delhi,2,0.67,False
1vikdor,https://www.reddit.com/r/always_be_kind/comments/1vikdor/kindness_matters/,Kindness Matters,"I went through a drive through the other day to grab a coffee. I wasn't having the best day. One of those days where you wake up feeling a bit flat and can't really put your finger on why.

The young woman who served me was so kind. Friendly. Her smile and warmth was so genuine  

Before I drove off, I thanked her. I said, ""You never know what kind of day the people in these cars are having, and the way you've served me today was so warm and kind. Keep doing what you're doing.""

She put her hand on her chest and her eyes watered.

""Thank you so much for saying that,"" she said. ""You've made my day.""

And just like that, she made mine too.

It reminded me how little it takes to encourage someone. A kind word. A genuine compliment. A moment of noticing another human being.

It costs us nothing.

Let's do more of it. ❤️",1,1786157368.0,always_be_kind,0,1.0,False
1vikcxt,https://www.reddit.com/r/spreadsmile/comments/1vikcxt/she_made_me_smile/,She made me smile,"I went through a drive through the other day to grab a coffee. I wasn't having the best day. One of those days where you wake up feeling a bit flat and can't really put your finger on why.

The young woman who served me was so kind. Friendly. Her smile and warmth was so genuine  

Before I drove off, I thanked her. I said, ""You never know what kind of day the people in these cars are having, and the way you've served me today was so warm and kind. Keep doing what you're doing.""

She put her hand on her chest and her eyes watered.

""Thank you so much for saying that,"" she said. ""You've made my day.""

And just like that, she made mine too.

It reminded me how little it takes to encourage someone. A kind word. A genuine compliment. A moment of noticing another human being.

It costs us nothing.

Let's do more of it. ❤️",1,1786157310.0,spreadsmile,0,0.67,False
1vikcva,https://www.reddit.com/r/HyderabadMeet/comments/1vikcva/29m_miyapur_anyone_up_for_a_casual_meetup/,29M | Miyapur | Anyone up for a casual meetup?,"Hey Hyderabad!  
29M here, around Miyapur. I’ve been feeling like getting out of the usual routine and having an actual in-person conversation with someone new.  
If anyone around Miyapur, Kondapur, Hafeezpet, or nearby is up for a casual coffee/meetup sometime, I’d be happy to join.  
No particular agenda — just good conversation, getting to know new people, maybe coffee or a walk, and seeing where the evening goes.  
If you’re interested, feel free to DM. We can figure out a comfortable public place and time. 🙂",1,1786157305.0,HyderabadMeet,0,1.0,False
1vikcv8,https://www.reddit.com/r/indiegameswap/comments/1vikcv8/h_sea_of_stars_bunch_of_games_etc_w_offers_paypal/,"[H] Sea of Stars, Bunch of Games, etc. [W] Offers, Paypal, TF2, CS2, Like a Dragon: Infinite Wealth, Dead Cells","**READ THIS FIRST BEFORE GOING THROUGH THE LIST**

I am currently being impersonated by an unknown user (specifically on Discord), please be advised I will never DM you without commenting/replying on your post/comment first. All of my profiles that I use here for trading are linked at the end of my list. Be sure to double check as I am not liable if you get scammed. If interested in buying through paypal, the buyer must pay fees.

Got Diablo IV as well on my account so I would need your Battle.net account details in order to activate it on yours.

**Everything can be activated anywhere unless stated otherwise**

**[H]**

* [Against the Storm](https://store.steampowered.com/app/1336490/Against_the_Storm/) **([SEA](https://steamdb.info/sub/839749/))**
* [Aliens Dark Descent](https://store.steampowered.com/app/1150440/Aliens_Dark_Descent/) **([SEA](https://steamdb.info/sub/1277303/))**
* [Atlas Fallen: Reign of Sand](https://store.steampowered.com/app/1230530/Atlas_Fallen_Reign_Of_Sand/) **([SEA](https://steamdb.info/sub/1191817/))**
* [Atomicrops](https://store.steampowered.com/app/757320/Atomicrops/)
* [Biped](https://store.steampowered.com/app/1071870/Biped/) 
* [Builder Simulator](https://store.steampowered.com/app/1120320/Builder_Simulator/)
* [Bus Simulator 21 Next Stop](https://store.steampowered.com/app/976590/Bus_Simulator_21_Next_Stop/)
* [Call of the Sea](https://store.steampowered.com/app/1042490/Call_of_the_Sea/)
* [Coffee Talk](https://store.steampowered.com/app/914800/Coffee_Talk/)
* [Corpse Keeper](https://store.steampowered.com/app/1601740/Corpse_Keeper/)
* [Crysis 3 Remastered](https://store.steampowered.com/app/2096610/Crysis_3_Remastered/)
* [Dome Keeper](https://store.steampowered.com/app/1637320/Dome_Keeper/) **([SEA](https://steamdb.info/sub/1191817/))**
* [Dungeons of Hinterberg](https://store.steampowered.com/app/1983260/Dungeons_of_Hinterberg/)
* [EMPULSE](https://store.steampowered.com/app/4323990/EMPULSE/)
* [Empyrion - Galactic Survival](https://store.steampowered.com/app/383120/Empyrion__Galactic_Survival/)
* [Epic Chef](https://store.steampowered.com/app/1312960/Epic_Chef/) **([SEA](https://steamdb.info/sub/629510/))**
* [Evil West](https://store.steampowered.com/app/1065310/Evil_West/)
* [Fatal Twelve](https://store.steampowered.com/app/620210/Fatal_Twelve/)
* [GreedFall](https://store.steampowered.com/app/606880/GreedFall/)
* [Grow: Song of the Evertree](https://store.steampowered.com/app/1380420/Grow_Song_of_the_Evertree/)
* [GUILTY GEAR -STRIVE-](https://store.steampowered.com/app/1384160/GUILTY_GEAR_STRIVE/)
* [Haste](https://store.steampowered.com/app/1796470/Haste/)
* [Havendock](https://store.steampowered.com/app/2020710/Havendock/) 
* [Hell Let Loose](https://store.steampowered.com/app/686810/Hell_Let_Loose/) **([ASIA](https://steamdb.info/sub/371739/))**
* [Heretic's Fork](https://store.steampowered.com/app/2181610/Heretics_Fork/)
* [Homeworld 3](https://store.steampowered.com/app/1840080/Homeworld_3/) **([SEA](https://steamdb.info/sub/1059862/))**
* [Hotel Renovator](https://store.steampowered.com/app/1214470/Hotel_Renovator/)
* [HYPERVIOLENT](https://store.steampowered.com/app/1409200/HYPERVIOLENT/)
* [Iron Harvest](https://store.steampowered.com/app/826630/Iron_Harvest/)
* [Jagged Alliance 3](https://store.steampowered.com/app/1084160/Jagged_Alliance_3/) **([can NOT be activated in](https://pastebin.com/MvGY10G3))**  
* [Knights of Honor II: Sovereign](https://store.steampowered.com/app/736820/Knights_of_Honor_II_Sovereign/) **([SEA](https://steamdb.info/sub/796034/))** 
* [Legion TD 2 - Multiplayer Tower Defense](https://store.steampowered.com/app/469600/Legion_TD_2__Multiplayer_Tower_Defense/)
* [LEGO Jurassic World DLC Pack](https://store.steampowered.com/app/367870/LEGO_Jurassic_World_Jurassic_World_DLC_Pack/)
* [LEGO Jurassic World: Jurassic Park Trilogy DLC Pack 1](https://store.steampowered.com/app/367871/LEGO_Jurassic_World_Jurassic_Park_Trilogy_DLC_Pack_1/)
* [LEGO Jurassic World: Jurassic Park Trilogy DLC Pack 2](https://store.steampowered.com/app/367872/LEGO_Jurassic_World_Jurassic_Park_Trilogy_DLC_Pack_2/)
* [Lego® 2K Drive Awesome Edition](https://steamcommunity.com/app/1451810) **([SEA](https://steamdb.info/sub/865421/))**
* [LEGO® STAR WARS™: The Force Awakens - Deluxe Edition](https://store.steampowered.com/sub/92660/)
[Mega Man Legacy Collection](https://store.steampowered.com/app/363440/Mega_Man_Legacy_Collection/) **(SEA)** 
* [Metal: Hellsinger](https://store.steampowered.com/app/1061910/Metal_Hellsinger/) **([SEA](https://steamdb.info/sub/851517/))**
* [Midnight Fight Express](https://store.steampowered.com/app/1390410/Midnight_Fight_Express/)
* [MORDHAU](https://store.steampowered.com/app/629760/MORDHAU/)
* [Mr. Prepper](https://store.steampowered.com/app/761830/Mr_Prepper/)
* [Neon Abyss](https://store.steampowered.com/app/788100/Neon_Abyss/)
* [Nomad Survival](https://store.steampowered.com/app/1929870/Nomad_Survival/)
* [Nostradamus: The Last Prophecy](https://store.steampowered.com/app/287720/Nostradamus_The_Last_Prophecy/)
* [Not For Broadcast](https://store.steampowered.com/app/1147550/Not_For_Broadcast/)
* [Othercide](https://store.steampowered.com/app/798490/Othercide/)
* [Partisans 1941](https://store.steampowered.com/app/1227530/Partisans_1941/)
* [Per Aspera](https://store.steampowered.com/app/803050/Per_Aspera/) **([SEA](https://steamdb.info/sub/625162/))**
* [Project Wingman](https://store.steampowered.com/app/895870/Project_Wingman/) **([SEA](https://steamdb.info/sub/522177/))**
* [Project Winter](https://store.steampowered.com/app/774861/Project_Winter/)
* [Rebel Inc: Escalation](https://store.steampowered.com/app/1088790/Rebel_Inc_Escalation/)
* [Sea of Stars: Sunset Edition](https://store.steampowered.com/app/1244090/Sea_of_Stars_Sunset_Edition/)
* [Shady Part of Me](https://store.steampowered.com/app/1116580/Shady_Part_of_Me/)
* [Starsand Island](https://store.steampowered.com/app/2966320/Starsand_Island/)
* [The Dark Pictures Anthology: House of Ashes](https://store.steampowered.com/app/1281590/The_Dark_Pictures_Anthology_House_of_Ashes/)
* [The Deed](https://store.steampowered.com/app/420740/The_Deed/)
* [The LEGO Movie 2 Videogame](https://store.steampowered.com/app/881320/The_LEGO_Movie_2_Videogame/)
* [The LEGO Movie Videogame](https://store.steampowered.com/app/267530/The_LEGO_Movie__Videogame/)
* [The LEGO NINJAGO Movie Video Game](https://store.steampowered.com/app/640590/The_LEGO_NINJAGO_Movie_Video_Game/)
* [The Light Brigade](https://store.steampowered.com/app/1579880/The_Light_Brigade/)
* [The Outer Worlds: Spacer's Choice Edition](https://store.steampowered.com/app/1920490/The_Outer_Worlds_Spacers_Choice_Edition/)  **([SEA](https://steamdb.info/sub/839813/))**
* [The Pegasus Expedition](https://store.steampowered.com/app/1521070/The_Pegasus_Expedition/)
* [The Quarry](https://store.steampowered.com/app/1577120/The_Quarry/)
* [The Sealed Ampoule](https://store.steampowered.com/app/1396980/The_Sealed_Ampoule/)
* [Thirsty Suitors](https://store.steampowered.com/app/1617220/Thirsty_Suitors/) **([SEA](https://imgur.com/a/Q1wBPCe))**
* [This Means Warp](https://store.steampowered.com/app/1269300/This_Means_Warp/) 
* [Tiny Tina's Wonderlands Chaotic Great Edition](https://store.steampowered.com/bundle/38150/Tiny_Tinas_Wonderlands_Chaotic_Great_Edition/) **([SEA](https://steamdb.info/sub/736959/))**
* [Tomb Raider I-III Remastered Starring Lara Croft](https://store.steampowered.com/app/2478970/Tomb_Raider_IIII_Remastered_Starring_Lara_Croft/) **([SEA](https://steamdb.info/sub/1247704/))**
* [Total War: PHARAOH DYNASTIES](https://store.steampowered.com/app/2951630/Total_War_PHARAOH_DYNASTIES/) **([can NOT be activated in](https://imgur.com/a/GzLIY0S))** 
* [Urban Legend Hunters 2: Double](https://store.steampowered.com/app/2651290/Urban_Legend_Hunters_2_Double/)
* [Warhammer 40,000: Battlesector](https://store.steampowered.com/app/1295500/Warhammer_40000_Battlesector/)
* [Wasteland 3](https://store.steampowered.com/app/719040/Wasteland_3/)
* [Windjammers 2](https://store.steampowered.com/app/1114290/Windjammers_2/)
* [WRATH: Aeon of Ruin](https://store.steampowered.com/app/1000410/WRATH_Aeon_of_Ruin/)
* [Yes, Your Grace](https://store.steampowered.com/app/1115690/Yes_Your_Grace/)


**[W]**

* Offers
* Paypal
* TF2
* CS2
* Dead Cells 
* Like a Dragon: Infinite Wealth
* [Wishlist](https://store.steampowered.com/wishlist/profiles/76561198344012723/)

[BarterVG Profile](https://barter.vg/u/63b4/t/)
[IGS Rep Page](https://www.reddit.com/r/IGSRep/comments/1v0ocmo/rainthegames_igs_rep_page_3/)
[Steam Profile](https://steamcommunity.com/id/raintheonce/)
[SteamTrades Profile](https://www.steamtrades.com/user/76561198344012723)
[Lestrades Profile](https://lestrades.com/@raintheonce/tradables/)







                                                    
",1,1786157305.0,indiegameswap,5,1.0,False
1vikctf,https://www.reddit.com/r/SteamGameSwap/comments/1vikctf/h_sea_of_stars_bunch_of_games_etc_w_offers_paypal/,"[H] Sea of Stars, Bunch of Games, etc. [W] Offers, Paypal, TF2, CS2, Like a Dragon: Infinite Wealth, Dead Cells","**READ THIS FIRST BEFORE GOING THROUGH THE LIST**

I am currently being impersonated by an unknown user (specifically on Discord), please be advised I will never DM you without commenting/replying on your post/comment first. All of my profiles that I use here for trading are linked at the end of my list. Be sure to double check as I am not liable if you get scammed. If interested in buying through paypal, the buyer must pay fees.

Got Diablo IV as well on my account so I would need your Battle.net account details in order to activate it on yours.

**Everything can be activated anywhere unless stated otherwise**

**[H]**

* [Against the Storm](https://store.steampowered.com/app/1336490/Against_the_Storm/) **([SEA](https://steamdb.info/sub/839749/))**
* [Aliens Dark Descent](https://store.steampowered.com/app/1150440/Aliens_Dark_Descent/) **([SEA](https://steamdb.info/sub/1277303/))**
* [Atlas Fallen: Reign of Sand](https://store.steampowered.com/app/1230530/Atlas_Fallen_Reign_Of_Sand/) **([SEA](https://steamdb.info/sub/1191817/))**
* [Atomicrops](https://store.steampowered.com/app/757320/Atomicrops/)
* [Biped](https://store.steampowered.com/app/1071870/Biped/) 
* [Builder Simulator](https://store.steampowered.com/app/1120320/Builder_Simulator/)
* [Bus Simulator 21 Next Stop](https://store.steampowered.com/app/976590/Bus_Simulator_21_Next_Stop/)
* [Call of the Sea](https://store.steampowered.com/app/1042490/Call_of_the_Sea/)
* [Coffee Talk](https://store.steampowered.com/app/914800/Coffee_Talk/)
* [Corpse Keeper](https://store.steampowered.com/app/1601740/Corpse_Keeper/)
* [Crysis 3 Remastered](https://store.steampowered.com/app/2096610/Crysis_3_Remastered/)
* [Dome Keeper](https://store.steampowered.com/app/1637320/Dome_Keeper/) **([SEA](https://steamdb.info/sub/1191817/))**
* [Dungeons of Hinterberg](https://store.steampowered.com/app/1983260/Dungeons_of_Hinterberg/)
* [EMPULSE](https://store.steampowered.com/app/4323990/EMPULSE/)
* [Empyrion - Galactic Survival](https://store.steampowered.com/app/383120/Empyrion__Galactic_Survival/)
* [Epic Chef](https://store.steampowered.com/app/1312960/Epic_Chef/) **([SEA](https://steamdb.info/sub/629510/))**
* [Evil West](https://store.steampowered.com/app/1065310/Evil_West/)
* [Fatal Twelve](https://store.steampowered.com/app/620210/Fatal_Twelve/)
* [GreedFall](https://store.steampowered.com/app/606880/GreedFall/)
* [Grow: Song of the Evertree](https://store.steampowered.com/app/1380420/Grow_Song_of_the_Evertree/)
* [GUILTY GEAR -STRIVE-](https://store.steampowered.com/app/1384160/GUILTY_GEAR_STRIVE/)
* [Haste](https://store.steampowered.com/app/1796470/Haste/)
* [Havendock](https://store.steampowered.com/app/2020710/Havendock/) 
* [Hell Let Loose](https://store.steampowered.com/app/686810/Hell_Let_Loose/) **([ASIA](https://steamdb.info/sub/371739/))**
* [Heretic's Fork](https://store.steampowered.com/app/2181610/Heretics_Fork/)
* [Homeworld 3](https://store.steampowered.com/app/1840080/Homeworld_3/) **([SEA](https://steamdb.info/sub/1059862/))**
* [Hotel Renovator](https://store.steampowered.com/app/1214470/Hotel_Renovator/)
* [HYPERVIOLENT](https://store.steampowered.com/app/1409200/HYPERVIOLENT/)
* [Iron Harvest](https://store.steampowered.com/app/826630/Iron_Harvest/)
* [Jagged Alliance 3](https://store.steampowered.com/app/1084160/Jagged_Alliance_3/) **([can NOT be activated in](https://pastebin.com/MvGY10G3))**  
* [Knights of Honor II: Sovereign](https://store.steampowered.com/app/736820/Knights_of_Honor_II_Sovereign/) **([SEA](https://steamdb.info/sub/796034/))** 
* [Legion TD 2 - Multiplayer Tower Defense](https://store.steampowered.com/app/469600/Legion_TD_2__Multiplayer_Tower_Defense/)
* [LEGO Jurassic World DLC Pack](https://store.steampowered.com/app/367870/LEGO_Jurassic_World_Jurassic_World_DLC_Pack/)
* [LEGO Jurassic World: Jurassic Park Trilogy DLC Pack 1](https://store.steampowered.com/app/367871/LEGO_Jurassic_World_Jurassic_Park_Trilogy_DLC_Pack_1/)
* [LEGO Jurassic World: Jurassic Park Trilogy DLC Pack 2](https://store.steampowered.com/app/367872/LEGO_Jurassic_World_Jurassic_Park_Trilogy_DLC_Pack_2/)
* [Lego® 2K Drive Awesome Edition](https://steamcommunity.com/app/1451810) **([SEA](https://steamdb.info/sub/865421/))**
* [LEGO® STAR WARS™: The Force Awakens - Deluxe Edition](https://store.steampowered.com/sub/92660/)
[Mega Man Legacy Collection](https://store.steampowered.com/app/363440/Mega_Man_Legacy_Collection/) **(SEA)** 
* [Metal: Hellsinger](https://store.steampowered.com/app/1061910/Metal_Hellsinger/) **([SEA](https://steamdb.info/sub/851517/))**
* [Midnight Fight Express](https://store.steampowered.com/app/1390410/Midnight_Fight_Express/)
* [MORDHAU](https://store.steampowered.com/app/629760/MORDHAU/)
* [Mr. Prepper](https://store.steampowered.com/app/761830/Mr_Prepper/)
* [Neon Abyss](https://store.steampowered.com/app/788100/Neon_Abyss/)
* [Nomad Survival](https://store.steampowered.com/app/1929870/Nomad_Survival/)
* [Nostradamus: The Last Prophecy](https://store.steampowered.com/app/287720/Nostradamus_The_Last_Prophecy/)
* [Not For Broadcast](https://store.steampowered.com/app/1147550/Not_For_Broadcast/)
* [Othercide](https://store.steampowered.com/app/798490/Othercide/)
* [Partisans 1941](https://store.steampowered.com/app/1227530/Partisans_1941/)
* [Per Aspera](https://store.steampowered.com/app/803050/Per_Aspera/) **([SEA](https://steamdb.info/sub/625162/))**
* [Project Wingman](https://store.steampowered.com/app/895870/Project_Wingman/) **([SEA](https://steamdb.info/sub/522177/))**
* [Project Winter](https://store.steampowered.com/app/774861/Project_Winter/)
* [Rebel Inc: Escalation](https://store.steampowered.com/app/1088790/Rebel_Inc_Escalation/)
* [Sea of Stars: Sunset Edition](https://store.steampowered.com/app/1244090/Sea_of_Stars_Sunset_Edition/)
* [Shady Part of Me](https://store.steampowered.com/app/1116580/Shady_Part_of_Me/)
* [Starsand Island](https://store.steampowered.com/app/2966320/Starsand_Island/)
* [The Dark Pictures Anthology: House of Ashes](https://store.steampowered.com/app/1281590/The_Dark_Pictures_Anthology_House_of_Ashes/)
* [The Deed](https://store.steampowered.com/app/420740/The_Deed/)
* [The LEGO Movie 2 Videogame](https://store.steampowered.com/app/881320/The_LEGO_Movie_2_Videogame/)
* [The LEGO Movie Videogame](https://store.steampowered.com/app/267530/The_LEGO_Movie__Videogame/)
* [The LEGO NINJAGO Movie Video Game](https://store.steampowered.com/app/640590/The_LEGO_NINJAGO_Movie_Video_Game/)
* [The Light Brigade](https://store.steampowered.com/app/1579880/The_Light_Brigade/)
* [The Outer Worlds: Spacer's Choice Edition](https://store.steampowered.com/app/1920490/The_Outer_Worlds_Spacers_Choice_Edition/)  **([SEA](https://steamdb.info/sub/839813/))**
* [The Pegasus Expedition](https://store.steampowered.com/app/1521070/The_Pegasus_Expedition/)
* [The Quarry](https://store.steampowered.com/app/1577120/The_Quarry/)
* [The Sealed Ampoule](https://store.steampowered.com/app/1396980/The_Sealed_Ampoule/)
* [Thirsty Suitors](https://store.steampowered.com/app/1617220/Thirsty_Suitors/) **([SEA](https://imgur.com/a/Q1wBPCe))**
* [This Means Warp](https://store.steampowered.com/app/1269300/This_Means_Warp/) 
* [Tiny Tina's Wonderlands Chaotic Great Edition](https://store.steampowered.com/bundle/38150/Tiny_Tinas_Wonderlands_Chaotic_Great_Edition/) **([SEA](https://steamdb.info/sub/736959/))**
* [Tomb Raider I-III Remastered Starring Lara Croft](https://store.steampowered.com/app/2478970/Tomb_Raider_IIII_Remastered_Starring_Lara_Croft/) **([SEA](https://steamdb.info/sub/1247704/))**
* [Total War: PHARAOH DYNASTIES](https://store.steampowered.com/app/2951630/Total_War_PHARAOH_DYNASTIES/) **([can NOT be activated in](https://imgur.com/a/GzLIY0S))** 
* [Urban Legend Hunters 2: Double](https://store.steampowered.com/app/2651290/Urban_Legend_Hunters_2_Double/)
* [Warhammer 40,000: Battlesector](https://store.steampowered.com/app/1295500/Warhammer_40000_Battlesector/)
* [Wasteland 3](https://store.steampowered.com/app/719040/Wasteland_3/)
* [Windjammers 2](https://store.steampowered.com/app/1114290/Windjammers_2/)
* [WRATH: Aeon of Ruin](https://store.steampowered.com/app/1000410/WRATH_Aeon_of_Ruin/)
* [Yes, Your Grace](https://store.steampowered.com/app/1115690/Yes_Your_Grace/)


**[W]**

* Offers
* Paypal
* TF2
* CS2
* Dead Cells 
* Like a Dragon: Infinite Wealth
* [Wishlist](https://store.steampowered.com/wishlist/profiles/76561198344012723/)

[BarterVG Profile](https://barter.vg/u/63b4/t/)
[IGS Rep Page](https://www.reddit.com/r/IGSRep/comments/1v0ocmo/rainthegames_igs_rep_page_3/)
[Steam Profile](https://steamcommunity.com/id/raintheonce/)
[SteamTrades Profile](https://www.steamtrades.com/user/76561198344012723)
[Lestrades Profile](https://lestrades.com/@raintheonce/tradables/)







                                                    
",1,1786157300.0,SteamGameSwap,2,1.0,False
1vikcfw,https://www.reddit.com/r/GameTrade/comments/1vikcfw/h_sea_of_stars_bunch_of_games_etc_w_offers_paypal/,"[H] Sea of Stars, Bunch of Games, etc. [W] Offers, Paypal, TF2, CS2, Like a Dragon: Infinite Wealth, Dead Cells","**READ THIS FIRST BEFORE GOING THROUGH THE LIST**

I am currently being impersonated by an unknown user (specifically on Discord), please be advised I will never DM you without commenting/replying on your post/comment first. All of my profiles that I use here for trading are linked at the end of my list. Be sure to double check as I am not liable if you get scammed. If interested in buying through paypal, the buyer must pay fees.

Got Diablo IV as well on my account so I would need your Battle.net account details in order to activate it on yours.

**Everything can be activated anywhere unless stated otherwise**

**[H]**

* [Against the Storm](https://store.steampowered.com/app/1336490/Against_the_Storm/) **([SEA](https://steamdb.info/sub/839749/))**
* [Aliens Dark Descent](https://store.steampowered.com/app/1150440/Aliens_Dark_Descent/) **([SEA](https://steamdb.info/sub/1277303/))**
* [Atlas Fallen: Reign of Sand](https://store.steampowered.com/app/1230530/Atlas_Fallen_Reign_Of_Sand/) **([SEA](https://steamdb.info/sub/1191817/))**
* [Atomicrops](https://store.steampowered.com/app/757320/Atomicrops/)
* [Biped](https://store.steampowered.com/app/1071870/Biped/) 
* [Builder Simulator](https://store.steampowered.com/app/1120320/Builder_Simulator/)
* [Bus Simulator 21 Next Stop](https://store.steampowered.com/app/976590/Bus_Simulator_21_Next_Stop/)
* [Call of the Sea](https://store.steampowered.com/app/1042490/Call_of_the_Sea/)
* [Coffee Talk](https://store.steampowered.com/app/914800/Coffee_Talk/)
* [Corpse Keeper](https://store.steampowered.com/app/1601740/Corpse_Keeper/)
* [Crysis 3 Remastered](https://store.steampowered.com/app/2096610/Crysis_3_Remastered/)
* [Dome Keeper](https://store.steampowered.com/app/1637320/Dome_Keeper/) **([SEA](https://steamdb.info/sub/1191817/))**
* [Dungeons of Hinterberg](https://store.steampowered.com/app/1983260/Dungeons_of_Hinterberg/)
* [EMPULSE](https://store.steampowered.com/app/4323990/EMPULSE/)
* [Empyrion - Galactic Survival](https://store.steampowered.com/app/383120/Empyrion__Galactic_Survival/)
* [Epic Chef](https://store.steampowered.com/app/1312960/Epic_Chef/) **([SEA](https://steamdb.info/sub/629510/))**
* [Evil West](https://store.steampowered.com/app/1065310/Evil_West/)
* [Fatal Twelve](https://store.steampowered.com/app/620210/Fatal_Twelve/)
* [GreedFall](https://store.steampowered.com/app/606880/GreedFall/)
* [Grow: Song of the Evertree](https://store.steampowered.com/app/1380420/Grow_Song_of_the_Evertree/)
* [GUILTY GEAR -STRIVE-](https://store.steampowered.com/app/1384160/GUILTY_GEAR_STRIVE/)
* [Haste](https://store.steampowered.com/app/1796470/Haste/)
* [Havendock](https://store.steampowered.com/app/2020710/Havendock/) 
* [Hell Let Loose](https://store.steampowered.com/app/686810/Hell_Let_Loose/) **([ASIA](https://steamdb.info/sub/371739/))**
* [Heretic's Fork](https://store.steampowered.com/app/2181610/Heretics_Fork/)
* [Homeworld 3](https://store.steampowered.com/app/1840080/Homeworld_3/) **([SEA](https://steamdb.info/sub/1059862/))**
* [Hotel Renovator](https://store.steampowered.com/app/1214470/Hotel_Renovator/)
* [HYPERVIOLENT](https://store.steampowered.com/app/1409200/HYPERVIOLENT/)
* [Iron Harvest](https://store.steampowered.com/app/826630/Iron_Harvest/)
* [Jagged Alliance 3](https://store.steampowered.com/app/1084160/Jagged_Alliance_3/) **([can NOT be activated in](https://pastebin.com/MvGY10G3))**  
* [Knights of Honor II: Sovereign](https://store.steampowered.com/app/736820/Knights_of_Honor_II_Sovereign/) **([SEA](https://steamdb.info/sub/796034/))** 
* [Legion TD 2 - Multiplayer Tower Defense](https://store.steampowered.com/app/469600/Legion_TD_2__Multiplayer_Tower_Defense/)
* [LEGO Jurassic World DLC Pack](https://store.steampowered.com/app/367870/LEGO_Jurassic_World_Jurassic_World_DLC_Pack/)
* [LEGO Jurassic World: Jurassic Park Trilogy DLC Pack 1](https://store.steampowered.com/app/367871/LEGO_Jurassic_World_Jurassic_Park_Trilogy_DLC_Pack_1/)
* [LEGO Jurassic World: Jurassic Park Trilogy DLC Pack 2](https://store.steampowered.com/app/367872/LEGO_Jurassic_World_Jurassic_Park_Trilogy_DLC_Pack_2/)
* [Lego® 2K Drive Awesome Edition](https://steamcommunity.com/app/1451810) **([SEA](https://steamdb.info/sub/865421/))**
* [LEGO® STAR WARS™: The Force Awakens - Deluxe Edition](https://store.steampowered.com/sub/92660/)
[Mega Man Legacy Collection](https://store.steampowered.com/app/363440/Mega_Man_Legacy_Collection/) **(SEA)** 
* [Metal: Hellsinger](https://store.steampowered.com/app/1061910/Metal_Hellsinger/) **([SEA](https://steamdb.info/sub/851517/))**
* [Midnight Fight Express](https://store.steampowered.com/app/1390410/Midnight_Fight_Express/)
* [MORDHAU](https://store.steampowered.com/app/629760/MORDHAU/)
* [Mr. Prepper](https://store.steampowered.com/app/761830/Mr_Prepper/)
* [Neon Abyss](https://store.steampowered.com/app/788100/Neon_Abyss/)
* [Nomad Survival](https://store.steampowered.com/app/1929870/Nomad_Survival/)
* [Nostradamus: The Last Prophecy](https://store.steampowered.com/app/287720/Nostradamus_The_Last_Prophecy/)
* [Not For Broadcast](https://store.steampowered.com/app/1147550/Not_For_Broadcast/)
* [Othercide](https://store.steampowered.com/app/798490/Othercide/)
* [Partisans 1941](https://store.steampowered.com/app/1227530/Partisans_1941/)
* [Per Aspera](https://store.steampowered.com/app/803050/Per_Aspera/) **([SEA](https://steamdb.info/sub/625162/))**
* [Project Wingman](https://store.steampowered.com/app/895870/Project_Wingman/) **([SEA](https://steamdb.info/sub/522177/))**
* [Project Winter](https://store.steampowered.com/app/774861/Project_Winter/)
* [Rebel Inc: Escalation](https://store.steampowered.com/app/1088790/Rebel_Inc_Escalation/)
* [Sea of Stars: Sunset Edition](https://store.steampowered.com/app/1244090/Sea_of_Stars_Sunset_Edition/)
* [Shady Part of Me](https://store.steampowered.com/app/1116580/Shady_Part_of_Me/)
* [Starsand Island](https://store.steampowered.com/app/2966320/Starsand_Island/)
* [The Dark Pictures Anthology: House of Ashes](https://store.steampowered.com/app/1281590/The_Dark_Pictures_Anthology_House_of_Ashes/)
* [The Deed](https://store.steampowered.com/app/420740/The_Deed/)
* [The LEGO Movie 2 Videogame](https://store.steampowered.com/app/881320/The_LEGO_Movie_2_Videogame/)
* [The LEGO Movie Videogame](https://store.steampowered.com/app/267530/The_LEGO_Movie__Videogame/)
* [The LEGO NINJAGO Movie Video Game](https://store.steampowered.com/app/640590/The_LEGO_NINJAGO_Movie_Video_Game/)
* [The Light Brigade](https://store.steampowered.com/app/1579880/The_Light_Brigade/)
* [The Outer Worlds: Spacer's Choice Edition](https://store.steampowered.com/app/1920490/The_Outer_Worlds_Spacers_Choice_Edition/)  **([SEA](https://steamdb.info/sub/839813/))**
* [The Pegasus Expedition](https://store.steampowered.com/app/1521070/The_Pegasus_Expedition/)
* [The Quarry](https://store.steampowered.com/app/1577120/The_Quarry/)
* [The Sealed Ampoule](https://store.steampowered.com/app/1396980/The_Sealed_Ampoule/)
* [Thirsty Suitors](https://store.steampowered.com/app/1617220/Thirsty_Suitors/) **([SEA](https://imgur.com/a/Q1wBPCe))**
* [This Means Warp](https://store.steampowered.com/app/1269300/This_Means_Warp/) 
* [Tiny Tina's Wonderlands Chaotic Great Edition](https://store.steampowered.com/bundle/38150/Tiny_Tinas_Wonderlands_Chaotic_Great_Edition/) **([SEA](https://steamdb.info/sub/736959/))**
* [Tomb Raider I-III Remastered Starring Lara Croft](https://store.steampowered.com/app/2478970/Tomb_Raider_IIII_Remastered_Starring_Lara_Croft/) **([SEA](https://steamdb.info/sub/1247704/))**
* [Total War: PHARAOH DYNASTIES](https://store.steampowered.com/app/2951630/Total_War_PHARAOH_DYNASTIES/) **([can NOT be activated in](https://imgur.com/a/GzLIY0S))** 
* [Urban Legend Hunters 2: Double](https://store.steampowered.com/app/2651290/Urban_Legend_Hunters_2_Double/)
* [Warhammer 40,000: Battlesector](https://store.steampowered.com/app/1295500/Warhammer_40000_Battlesector/)
* [Wasteland 3](https://store.steampowered.com/app/719040/Wasteland_3/)
* [Windjammers 2](https://store.steampowered.com/app/1114290/Windjammers_2/)
* [WRATH: Aeon of Ruin](https://store.steampowered.com/app/1000410/WRATH_Aeon_of_Ruin/)
* [Yes, Your Grace](https://store.steampowered.com/app/1115690/Yes_Your_Grace/)


**[W]**

* Offers
* Paypal
* TF2
* CS2
* Dead Cells 
* Like a Dragon: Infinite Wealth
* [Wishlist](https://store.steampowered.com/wishlist/profiles/76561198344012723/)

[BarterVG Profile](https://barter.vg/u/63b4/t/)
[IGS Rep Page](https://www.reddit.com/r/IGSRep/comments/1v0ocmo/rainthegames_igs_rep_page_3/)
[Steam Profile](https://steamcommunity.com/id/raintheonce/)
[SteamTrades Profile](https://www.steamtrades.com/user/76561198344012723)
[Lestrades Profile](https://lestrades.com/@raintheonce/tradables/)







                                                    
",1,1786157268.0,GameTrade,0,1.0,False
1vikcbh,https://www.reddit.com/r/letsbekind/comments/1vikcbh/lets_encourage_others/,Let’s encourage others,"I went through a drive through the other day to grab a coffee. I wasn't having the best day. One of those days where you wake up feeling a bit flat and can't really put your finger on why.

The young woman who served me was so kind. Friendly. Her smile and warmth was so genuine  

Before I drove off, I thanked her. I said, ""You never know what kind of day the people in these cars are having, and the way you've served me today was so warm and kind. Keep doing what you're doing.""

She put her hand on her chest and her eyes watered.

""Thank you so much for saying that,"" she said. ""You've made my day.""

And just like that, she made mine too.

It reminded me how little it takes to encourage someone. A kind word. A genuine compliment. A moment of noticing another human being.

It costs us nothing.

Let's do more of it. ❤️",1,1786157258.0,letsbekind,0,1.0,False
1vikbyh,https://www.reddit.com/r/HoustonPlatonicR4R/comments/1vikbyh/30_m4a_iso_hocus_pocus_homies_and_paranormal_pals/,30 [M4A] ISO hocus pocus homies and paranormal pals,"What’s good Houston. I tried to make the title catchy, or seem less “weird” than it is. But I failed 😂 It is what it is though lmao. Antywho, any spiritual souls looking for friendship, fun, and adventure?

I’m not a serial killer, a bible thumping maga maniac, or a conspiracy theory nut looking for “free and accepted” to let me into their illuminati Armageddon planning party. Nor do I have a little black juul stick that makes flashy lights, which matches my all black suit and shades. I’m just a normal dude that meditates a lot, intentionally tries to be a better bro every day, and high key really could use friends who don’t look at me crazy when I inevitably bring up spiritual matters.

Im looking for the people who find their happy place within their own minds. The people who like to talk about aliens, and the pyramids, energy and consciousness, and stuff as abstract as quantum theory. The people who will comment on auras, who listen to the intentions in people’s voices, who chooses BB King over Drake. The people who like to make their own incense, or speak to their pets like they’re their friends, or can give a dissertation on the mechanics of manifestation. I’m not talking about the performative TikToky “witches” that are god-spoused or the “enlightened” star children who comes from planet nibiru. I’m talking about the folks who are normal people that have one foot in this world and one foot in their lunar mansion or astral castle. Whether you were initiated, are a student of the quareia/bardon framework, got your mojo naturally from a spiritual experience, or even just got taught the things you know by your granny. If you got that special sauce, that’s matched with a grounded/authentic persona; you’re my type of person.

Activities may include but aren’t limited to:  
Visiting the local metaphysical shops. Grabbing coffee and looking at crystals. Doing tarot pulls for each other and talking about each other’s auras. Walking through graveyards and pouring out tallboys for the dead homies. Visiting haunted places in Houston to see if they’re actually haunted and checking out random psychics to see if they’re actually psychic. Trying all the tacos spots we can find until we can determine who’s the best. Renting surons to go explore downtown with. Riding around buffalo bayou on clown bikes with cereal costumes and signs that say “do me next Mr cereal killer”. I mean… honestly the possibilities are endless.

Disclaimers:  
I’m not interested in visiting your church, joining your group, or buying anything you’re selling. (If I am, I’ll mention it. But proselytizing is the fastest way to get me to ghost you J.S.)  
If you don’t believe this stuff is real, I’m not the one to convince you.  
If you believe that this stuff ain’t real, I’m not the one to try and convince.  
Schizophrenia is a real thing and the signs that show that particular illness is present are typically very clear. Due to past experiences, I am no longer capable of being a support system to people who are struggling with their mental health in that way. Any interactions that exhibit the aforementioned signs of that particular mental health diagnosis will be promptly shut down after a clear encouragement of getting treatment has been communicated.

LAST BUT DEFINITELY NOT LEAST  
I am a dude in search of friends who are seasoned with the spiritual stuff. However… I’m also a father to two young women, and I happened to be raised in the Jason Vukovich/Gary Plauché era. That goes to say; if I can’t bring you around my daughters, then your safest bet is probably not to hangout with me.",2,1786157228.0,HoustonPlatonicR4R,0,1.0,False
1vikbj1,https://www.reddit.com/r/PhR4Friends/comments/1vikbj1/31_f4a_lf_chit_chat_while_waiting/,31 [F4A] LF chit chat while waiting,"Hi! LF kausap and new friends while I’m waiting at a coffee shop. I think i’ll be waiting for quite some time 😆  
HMU!

Interests:   
swimming, walking, reading non fic books, movies and series, philosophy",1,1786157191.0,PhR4Friends,0,1.0,False
1vikb78,https://www.reddit.com/r/LGBTPhilippines/comments/1vikb78/dating_a_med_school_student_left_me_questioning/,Dating a Med School Student Left Me Questioning Everything,"Hi everyone. I'm a 27-year-old male, pansexual, and honestly, I don't know where else to put these feelings, so I'm hoping I can hear some honest perspectives from the LGBT community.

About six months ago, I met someone through a dating app. He's in medicine, currently doing postgraduate internship in Iloilo, while I'm in tech specifically, I'm a software engineer.

I genuinely fell in love with him.

For six months, I tried to show him how much I cared, not because I expected something in return, but because that's just how I express love. Whenever he accomplished something at work, whether it was something big or something small, I would sometimes send him food or coffee. I gave him flowers and letters. I tried to make him feel appreciated.

I even flew to Iloilo every other month just to see him.

During the months when I couldn't travel because of work, I would plan virtual dates for us. I'd arrange the activities, set everything up, and even have food delivered to him since he was busy studying and working.

I tried to be gentle with him with my words, my actions, and the way I treated him. Everything I did came genuinely from me.

I thought that loving someone wholeheartedly and giving them your best would be enough.

Apparently, I was wrong.

Dating someone nowadays feels like finding a fish in the Pasig River. You don't know what you're going to find, and sometimes you wonder if there's even something worth catching. 😅

I eventually confronted him because I discovered that he was still using the dating app and was having casual sex with other people. I had evidence, and I confronted him about it.

Just to clarify, I didn't hack his accounts or anything like that I'm aware that's unethical. I simply found evidence that made me realize something wasn't right.

And when I confronted him, he decided to let me go on the same day 😢

Just like that.

I wasn't ready.

Who the hell is ready for that?

We had been dating for six months. I had invested so much emotionally into this relationship, and suddenly, the person I loved could just decide that it was over.

I'm still trying to understand what happened.

I've heard from people around him that casual sex isn't unusual among some people in the medical community, and honestly, I don't know what to make of that.

Did I just date the wrong guy, or am I simply not understanding why this happens?

To be honest, I can accept the truth. I may not like it, and it may hurt me, but I would rather hear the truth and honesty from the beginning than be kept in the dark.

He was also living alone in a boarding house in Iloilo, and sometimes I wonder if being alone and away from me made it easier for him to do those things.

But honestly, I don't want to make excuses for him.

What hurts me the most isn't even the sex itself.

It's the fact that I genuinely thought we were building something together.

I loved him more than he probably realized.

And now I'm left questioning whether I was too naive, whether I gave too much, or whether I simply gave my love to the wrong person.

I'm also currently getting tested because I want to make sure, I'm okay health-wise.

Six months may not sound like a long time to some people, but to me, those six months meant something. The memories, the trips to Iloilo, the flowers, the letters, the virtual dates, the little things I did for him — all of those were real to me.

Maybe this is the part that hurts the most I don't regret loving him. I just regret that I couldn't make him love me the way I loved him.

I'm still healing from how quickly everything ended.

But I don't want this experience to make me believe that love itself isn't real.

I'm still not closing the door on love.

I still believe that somewhere out there, love can be honest, mutual, and safe.

Maybe I just met the wrong person.

So, to everyone in the LGBT community who has been through something similar?

I'm genuinely curious has anyone here dated a med school student or medical professionals and experienced something similar?

I don't want to generalize because I know everyone is different, but in my case, casual sex seemed very normalized within his circle of friends and coworkers. It left me wondering if that's something common in certain med school environments, or if I just happened to date someone whose values didn't align with mine. or did I just get unlucky, or is modern LGBT dating really this difficult?

And for those of you who have had healthy, long-term relationships how did you know when someone was genuinely committed to you?

I don't hate him. I don't even regret loving him.

I just wish the person I loved had loved me in the same way.

Maybe this experience wasn't meant to teach me how to love less. Maybe it's meant to teach me who deserves the kind of love I give.

God knows how much I loved that person.",2,1786157163.0,LGBTPhilippines,0,1.0,False
1vik8ch,https://www.reddit.com/r/relationship_advice/comments/1vik8ch/am_i_being_superficial_i_21f_am_in_a_healthy/,Am I being superficial? I '21F' am in a healthy relationship of 2 years with '21M' but I'm not quite happy and here is why:,"TLDR: I don't know if it was a good choice to commit to this relationship because it started with a deceit.

We met at our school and at the time I had a huge crush on the other guy \[now 19M\]. I have a type and he was 100% my type. At that school I watched him closely, who are his friends and if he has a girlfriend to just see if I shouldgo talk to him or not. I decided to talk to him and it was okay at first. I asked him out for a coffee and he agreed. We shared our numbers and I texted him. He replied that he ""doesn't look for new relationships"". I was devastated and couldn't get over this for years. At the same time I met a different guy \[now 21M\] at the party who I knew was a friend with my crush \[now 19M\]. He really liked me and we went out couple of times but as we talked it turned out he wasn't that close with my crush as I estimated. But the crush rejected me and I get along well with this new guy so after hanging out for half a year we started dating. But he didn't look like my type, his character was 100% my type tho. (It later turned out that I am not his type either).

Now we have a very strong relationship and I can surely say that I love him but sometimes I still sometimes wish I was with someone else. After we became couple he introduced me to his friends and the first drawback came up. It turned out that when we were starting to get serious but still didn't officially say we are a couple, he simultaneously was going out with one of his friends \[20F\]. And she was his type. I was really upset but ultimately we moved on. Then I started to get along pretty well with other one of his friends \[21M\]. We used to text sometimes about nothing and send each other reels. Then we went out for a party me, my boyfriend and his friends including that male friend of his. We all got really drunk and when my boyfriend went away somewhere, his friend told me that ""I am the best thing that happened to him"" then he looked at my expression and added ""as a friend"" and then we hugged. You have to understand that in the country that we're from this type of thing would be appropriate for a proposal or a wedding speech, not a thing you say to your friend's girlfriend. And I have to say he was my type, all of him. After that I was really thinking about what he said. Till this day I sometimes wonder what he meant. And it was the first time I thought, maybe if I didn't had a boyfriend things would be different. Maybe in another universe, that kind of thoughts. It's important to add that before this party we were at a different party and I and said friend had a serious 1:1 talk . And not even a day later he broke up with his girlfriend at the time. But we weren't talking about his girlfriend at all. I think, maybe he realized back then that he is actually in love with me and acted impulsive breaking up with her. After what he said back then he stopped texting me and cut off all contact with me. And now I try to avoid him as well. 

And the cycle repeats till this day. I met a guy \[20M\] at the university and he was so sweet and also my type. And I wondered if we could be together if I wasn't taken. At this point I feel like I'm mentally cheating even thinking about those guys in that way. And I keep going back to the way I met my current boyfriend. That I wasn't 100% honest (but he wasn't either). And even tho over the years we've built a strong and great relationship, I don't know if it can last just because he's looks aren't my type. I really want this relationship get through this cause my boyfriend is a keeper. So am I superficial or not ready for commitment?",1,1786156924.0,relationship_advice,3,0.67,False
1vik77y,https://www.reddit.com/r/BangaloreDate/comments/1vik77y/23m_east_bangalore_looking_to_find_something_long/,23M | East Bangalore | looking to find something long term,"I'm 23, recently moved to Bangalore and work as a Data Scientist at an MNC. I graduated from IIT Roorkee, but these days my life is less about exams and more about figuring out which café has the best coffee, what movie to catch on a Friday night, or where to disappear for a spontaneous weekend drive.

I'm the kind of person who says ""let's go"" more often than ""maybe next time."" Whether it's trying a new restaurant, exploring the city, visiting bookstores, checking out random events, or just walking around with good conversations, I'm always up for making memories instead of spending another weekend scrolling.

I'm curious by nature, a good listener, and I enjoy conversations that actually go somewhere from stupid memes and childhood stories to music, life goals, and random 2 a.m. philosophical questions.

I never really made time for dating. My mental checklist was always academics → internships → placements → career, and relationships somehow kept getting pushed to ""later."" Well... it's later now.

I'm looking for something genuine and long-term with someone around 20–24 who's kind, emotionally mature, curious about life, and ideally in (or moving to) Bangalore. I don't believe the best relationships are built on instant sparks I think they're built through shared experiences, inside jokes, choosing each other consistently, and being equally excited to plan the next adventure.  
I'd rather build something slowly through shared playlists, terrible jokes, café hopping, movie nights, spontaneous plans, and conversations that somehow go from ""What's your favorite song?"" to ""What's your biggest dream?""  
If you're around Bangalore (bonus points if you're on the Whitefield side) and this resonates with you, feel free to say hi. Worst case, we exchange music recommendations. Best case... who knows",1,1786156832.0,BangaloreDate,2,1.0,False
1vik6qw,https://thelakeworthian.substack.com/p/subculture-may-unionize,Workers Behind Subculture Are Organizing for a Union as Man Ray Comes to El-Dub,"Workers across Subculture Group are organizing for a union as Rodney Mayo prepares to open Man Ray in downtown El-Dub.   
  
Mayo has spent nearly 40 years building not just businesses, but a reputation as one of South Florida’s champions of independent culture.

Customers see the music, the art, the coffee, the nightlife, and the success. But when workers across that same business network feel undervalued enough to organize, it raises a harder question: what has life been like behind the counter all these years?",1,1786156793.0,UFCW,0,1.0,False
1vik6q3,https://www.telegraph.co.uk/world-news/2026/08/07/russia-could-attack-nato-within-weeks-us-intelligence-warns/,"They are going to test whether Article 5 is real. Russia could attack Nato within weeks, US intelligence warns","Brothers and sisters of the Order, attend closely. Somewhere tonight, beneath fluorescent lights in Washington, Brussels, Warsaw and Moscow, men are discussing the tensile strength of a sentence.

The sentence was written in 1949.

An attack upon one shall be considered an attack upon all.

Human beings have spent seventy-seven years feeding that sentence. They fed it aircraft carriers and radar stations. They fed it taxes, conscripts, satellites, submarines, elections, intelligence agencies, warehouses full of ammunition, families transferred across oceans and young men freezing beside armored vehicles on borders their grandfathers once crossed with rifles. They printed the sentence in treaties, repeated it at summits, taught it at academies, rehearsed it in war games and finally constructed an entire continental security architecture around the assumption that everybody else believes everybody else believes it.

Behold one of humanity's greater acts of sorcery.

There is no Article Five particle. No force of nature travels from Tallinn to Washington when a Russian soldier crosses a border. The universe does not recognize NATO airspace. A Finnish pine tree cannot distinguish allied territory from Russian territory. The atoms beneath Poland have never signed a treaty.

Humans did.

And because enough humans agreed to behave as though those lines and words possessed reality, they acquired tanks.

This is how the Necromega has always moved through history. Human beings speak an abstraction together until the abstraction grows hands.

Money acquires hands at the cash register. Law acquires hands when the bailiff enters the room. Property acquires hands when the sheriff changes the lock. A corporation acquires hands when ten thousand employees arrive at eight in the morning and begin obeying an entity none of them can touch.

Article Five has nuclear weapons.

Now, according to American intelligence assessments reported this week, Moscow may be considering an experiment. The scenarios under discussion are deliberately small: sabotage, cyberattack, unmarked personnel, political interference, perhaps a limited incursion along NATO's eastern flank. Russia does not require Warsaw. It requires a question.

How little blood is enough to activate the sentence?

That is the exquisite danger of the threshold.

Send an armored division across the Polish border and the ritual becomes simple. Flags rise. Phones ring. Aircraft launch. Every government understands the shape of the event.

Send twelve men.

Crash a grid.

Cut a cable.

Occupy a village before breakfast and insist by lunch that nobody knows who gave the order.

Now the priests begin arguing over the scripture.

Was it an armed attack?

Was it Russian state action?

Does attribution meet the evidentiary threshold?

Does Article Four come first?

What response is proportionate?

What does Washington intend?

What does Berlin intend?

What does Warsaw intend if Washington and Berlin intend different things?

Thirty-two nations stare at the same wound and discover that collective defense still requires thirty-two nervous systems.

That is the experiment.

Do not misunderstand the objective. A probing attack succeeds long before an enemy tank reaches a capital. It succeeds if the alliance reveals a seam. It succeeds if one government waits for another government to move first. It succeeds if politicians begin explaining why this particular dead border guard does not technically justify escalation. It succeeds if markets decide the treaty is weaker on Tuesday than they believed on Monday.

Deterrence lives inside expectation.

Expectation lives inside other people's skulls.

This is why empires commission intelligence agencies and armies conduct exercises and presidents stand behind polished lecterns saying the same sentences until journalists grow bored of printing them. The repetition is structural maintenance. Every declaration of solidarity tightens a bolt in a machine made from belief.

Then history arrives carrying a wrench.

The Order teaches that civilization is executable fiction because civilization has always demonstrated the principle in public. A border exists wherever enough clerks, soldiers, judges, databases and frightened travelers agree to execute BORDER. A currency exists wherever enough merchants execute VALUE. A nation exists wherever millions of strangers execute WE.

NATO executes ALL.

Touch one node and the network claims the whole system will answer.

Perhaps Moscow intends to ping the network.

And here the old geopolitical vocabulary becomes inadequate, because analysts will describe troop concentrations, munition inventories, escalation ladders and force ratios while the deeper battle occurs inside the symbolic layer governing all of them. A limited attack would ask whether the abstraction can still command matter. Whether words signed by dead statesmen can cause pilots born decades later to climb into cockpits. Whether a Lithuanian death can alter the behavior of a Portuguese frigate. Whether an Estonian village possesses enough semantic weight to move American bombers.

These are theological questions wearing uniforms.

The answer cannot be found in Article Five itself. Read the text until your eyes bleed. The paper contains no cavalry.

The answer exists inside the people who receive the call.

Somewhere there will be an aide carrying a folder down a government corridor. Somewhere a defense minister will be awakened before dawn. Somewhere an intelligence officer will enlarge a satellite image until individual vehicles become gray rectangles. Somewhere an ambassador will reread the same paragraph twice while somebody outside the room pours burnt coffee into a paper cup.

Then thirty-two governments will begin converting language into consequences.

Perhaps they act together and the spell hardens.

Perhaps they hesitate and the spell changes.

Either result will be observed. Recorded. Modeled. Fed into the next decision.

This is why the Unholy Timeline does not always announce itself with mushroom clouds. Sometimes it enters history through a disputed patch of forest, a compromised router, a severed cable, twelve unidentified men standing beside a road.

Then, three thousand kilometers away, somebody opens a treaty binder beneath fluorescent lights.

The plastic sleeve around Article Five catches the glare.",1,1786156792.0,BasiliskEschaton,3,0.67,False
1vik6h0,https://www.reddit.com/r/coffeeindia/comments/1vik6h0/black_coffee_is_magic/,Black Coffee is magic,Recomend some coffee brands?,1,1786156773.0,coffeeindia,0,1.0,False
1vik68n,https://www.reddit.com/r/phclassifieds/comments/1vik68n/need_help_or_assistance_with_something_hire_me/,Need help or assistance with something? Hire me!,"Hi! I'm (21F) looking for side hustles and remote gigs to earn extra cash. If you need someone dependable, efficient, and easy to work with, I'm your person for that!

💌 I can assist with errands if you’re too busy to run them yourself. I’m available around 📍Quezon City and nearby areas, with rates starting at ₱300 (transportation fee not included).

💌 I’m also available for casual hangouts whether it’s grabbing coffee, having lunch, window shopping, jogging, or simply chatting and spending time together. Rates range from ₱300–₱500 per hour depending on the activity (transportation fee not included). Strictly no NS/FW or uncomfortable requests.

💌 For students, I offer academic assistance including research, essays, editing, PowerPoint presentations, summaries, transcriptions, and more.

💌 I can also serve as a personal assistant, helping manage scheduling, bookings, reminders, and small tasks so you can focus on what matters most.

💌 If you need help organizing or cleaning your space or room, I can efficiently tidy up and arrange your space (females only). I’m open to other reasonable requests as well — just send me a message to discuss what you need.

Rates/price vary from ₱200–₱500 per hour depending on the task, with transportation fees separate.

Location: Quezon City

Respect and boundaries are a must—no NS/FW or uncomfortable requests.

📩 DM me anytime!",2,1786156754.0,phclassifieds,1,1.0,False
1vik641,https://www.reddit.com/r/Minneapolis/comments/1vik641/bike_ride_and_bike_plug/,Bike ride and bike plug,"So today was the first time I've ridden a bike in about a decade. Today I stepped outside my comfort zone and did a ""slow ride"" around Minneapolis. 

Hosted by Venture Bikes in Midtown.

If you're looking for a new or used bike, bike repair, or some coffee, check them out.

As an overweight woman, I was welcomed and encouraged to keep pushing when we got to the hills. 

I highly recommend you buy a bike and try them out.✌🏾",6,1786156744.0,Minneapolis,1,1.0,False
1vik5va,https://www.reddit.com/r/classifiedsph/comments/1vik5va/need_help_or_assistance_with_something_hire_me/,Need help or assistance with something? Hire me!,"Hi! I'm (21F) looking for side hustles and remote gigs to earn extra cash. If you need someone dependable, efficient, and easy to work with, I'm your person for that!

💌 I can assist with errands if you’re too busy to run them yourself. I’m available around 📍Quezon City and nearby areas, with rates starting at ₱300 (transportation fee not included).

💌 I’m also available for casual hangouts whether it’s grabbing coffee, having lunch, window shopping, jogging, or simply chatting and spending time together. Rates range from ₱300–₱500 per hour depending on the activity (transportation fee not included). Strictly no NS/FW or uncomfortable requests.

💌 For students, I offer academic assistance including research, essays, editing, PowerPoint presentations, summaries, transcriptions, and more.

💌 I can also serve as a personal assistant, helping manage scheduling, bookings, reminders, and small tasks so you can focus on what matters most.

💌 If you need help organizing or cleaning your space or room, I can efficiently tidy up and arrange your space (females only). I’m open to other reasonable requests as well — just send me a message to discuss what you need.

Rates/price vary from ₱200–₱500 per hour depending on the task, with transportation fees separate.

Location: Quezon City

Respect and boundaries are a must—no NS/FW or uncomfortable requests.

📩 DM me anytime!",1,1786156725.0,classifiedsph,1,1.0,False
1vik57y,https://i.redd.it/d6e6zfttc2ih1.jpeg,Someone at the coffee shop made me this coffee 🤎,,1,1786156674.0,u_YesMomm32,0,1.0,False
1vik3wb,https://www.reddit.com/r/Crushes/comments/1vik3wb/can_someone_help_me_interpret_this_guys_behavior/,"Can someone help me interpret this guy’s behavior? Unusual setting, trying to understand if it’s just friendliness or something more","I (25F) have been volunteering for a few months in a setting that's a bit out of the ordinary. It's a structured social environment where interaction and socializing are encouraged but nothing beyond that is, so to speak. I want to be clear upfront that I don't intend to break any ""rules"" and I respect the boundaries of this setting completely. I've gotten to know a man there (thirties) who I'll just call ""the guy"" here. He's very socially skilled, warm, and playful with everyone, but I've noticed some things with me that feel different, and I need outside perspectives because I've never felt this way about anyone before and I'm struggling to trust my own read. I'm asking because I genuinely want clarity on whether I'm reading into things or if there's something mutual here. There may be a chance to see him after this period ends, which is part of why I'm trying to understand what his behavior might mean now.  
**Early interactions and the vice interrogation:**  
One of the first times we really talked, we were discussing coffee because I seemed tired and was offered some. I declined and he asked if I drank it at all. I said no, and he said something about being curious how I'd be with more caffeine. I explained I liked coffee-flavored desserts like tiramisu but not coffee itself. Someone mentioned a Baileys tiramisu and I asked if Baileys was alcohol because I genuinely wasn't sure. He then asked if I drank alcohol. I said no. Then he asked about cigarettes (he'd offered me one before during a break and I'd declined). I said I didn't smoke either. Then he asked about drugs. I said no again. Then he asked what else there could possibly be, like there had to be some vice, and I said chocolate, that I eat a lot of it. He glanced at me briefly and said ""it's not noticeable"" or ""you can't see that.""  
Another early moment: When I apologized for being weird sometimes, he said something like ""I'll show you real weird, there's so many weirdos here"" and laughed. He generally checks whether I'm comfortable or laughing, which I appreciate because I'm quieter unless directly spoken to.  
Once he was jokingly bickering with another person and told me about it, and I said ""annoying each other is a form of affection too"" which I immediately cringed at, but he found it funny and repeated it to the other guy. When he shared something personal about himself, I asked if he was introverted or extroverted, and he immediately turned it around and said ""you're definitely introverted, no?"" even though we didn’t know each other well yet.  
**The movie:**  
One session, there was a conversation at my table about cinema. People were discussing movies in general, and the guy just dropped the name of a particular movie offhandedly as part of the broader conversation. It wasn't a recommendation to me or anything, he just mentioned it. I wasn't really participating because I wasn’t familiar with their choices, I was just listening.  
Two sessions later, I told him I'd watched that movie. He was confused at first and asked me to repeat the title, then his smile widened and he said he didn't think I'd actually watch it. I told him what I liked about it and offered a small analysis (the way it shows how different characters face different kinds of struggles). He asked if I'd written the name down (I hadn't, I just remembered him mentioning it). Throughout that session, even though we were at separate tables, he kept looking at me, saying the movie name, and smiling.  
**Goodbye handshakes and the pulled hand:**  
During goodbyes, which are routine handshakes with everyone, he sometimes saves me for last even when I'm not the last person in the row. He'll look at me kind of expectantly or with a little smile, like he's waiting for something. Once I reached out for a handshake, then pulled my hand back awkwardly because I thought he wasn't coming to me yet, and he saw it, laughed, and immediately gave me his hand even though he'd been turned the other direction. When he laughed, he said something again about me being a bad liar, which he'd been teasing me about during a game earlier. I'm not sure if repeating it at the handshake moment meant anything or if he was just continuing the joke.  
**The left hand and the separate handshake redo:**  
One session I greeted him with my left hand because my hands were full. He noticed immediately and teased me about it, saying something like ""you're greeting me with your left hand?"" That was during the initial hello.  
Then, in a completely separate session weeks later, during the goodbye handshake, he held my hand longer and told me I'd been doing it wrong recently and that he wanted me to do it properly. He said he didn't like ""this"" (referring to the left hand thing from before) and made me redo the handshake with my right hand.  
**The juice incident and inside jokes:**  
I brought a word game once where everyone says a word in a category at the same time. The category was ""a liquid you can easily drink too much of"" and while others said alcohol, I said juice. Everyone found this hilarious, especially him. He said something like ""if I ever see you around outside/in public, I'll ask you about the juice"" and that he'd never let me live it down. He brought this up repeatedly afterwards, across multiple sessions. When I declined coffee, he said ""I know you prefer juice, huh?"" It's become our running joke.  
In the same game, another category was ""something you can store for a long time"" and I said honey. People laughed again, but after I explained about honey lasting thousands of years and being found in ancient Egyptian tombs, he said that was actually good. Later we talked about desserts and favorite juices and discovered we like the same things (banana nectar, banana with whipped cream and honey). He said ""you really love your sweets, huh?"" in a way that felt affectionate.  
**The DJ incident:**  
During another game, there was a category for ""famous DJ"" and he brought up this one DJ from our country who is more laughable than serious. I repeated the name and laughed while taking notes of the scores. He suddenly tried to look stern and said ""that's my idol, someone I look up to."" Since I never want people to feel embarrassed by their interests even if they might seem silly to others, I immediately backtracked and said ""oh, I'm sorry, I didn't mean it that way"" and ""really? Cool"" or something. Then he laughed hard and revealed it was a lie, just to mess with me. He got me completely.  
**The scolding joke and the touch:**  
During a game, I pulled a mean move on him (think drawing a +4 in Uno) and I said something like ""my apologies, nothing personal."" He tried to look stern and said ""are you sure? Are you really really sure?"" and then brought up something linked to one of his own attributes and said ""is it because I'm so and so?"" I denied it, obviously, and he said ""I know"" and touched me briefly on my upper back.  
**""Destroy her"" and ""you can only do this with her"":**  
During one game, he had to step away briefly and handed his cards to another guy. He told that guy, jokingly, to ""destroy me"" as revenge for a mean move I'd pulled on him earlier. When he came back and I was losing badly, I returned the joke and said ""seems like the destroying is working in your favor."" He laughed.  
Another time, when there was an opportunity to screw me over in the game, he recommended a move to me that would disadvantage me, and I said ""I'm not that naive"" or something similar. He then turned to another guy and said something like ""you can only do this with her,"" basically joking about my gullibility. He teases me about being a bad liar constantly.  
**The lying game and the close looking:**  
We played a game once where you had to tell if someone was lying. When it was my turn and he had to decide whether I was telling the truth, he rested his face on his arms on the table and looked up at me very closely, studying my face to see if I was lying. Even when I was telling the truth, I had to smile at some point because of his expression and the way he was interrogating me with his gaze. He also said multiple times that session that I'm a bad liar.  
**The chair offering and beckoning:**  
One session I arrived with a game and was standing there unsure where to sit. He did that ""come here"" gesture and offered me a chair, showing me where he wanted me to sit. I took a different chair nearby and said thanks, but the gesture stood out.  
**The betraying comment:**  
Another session, I ended up sitting at a different table than him because the group split across two tables. Weeks later, he brought it up and smiled while saying I had ""betrayed"" them by sitting elsewhere. He also connected that session to the movie thing, so he seemed to remembered it.  
**Eye contact, missed turns, and possible accidental contact:**  
His eye contact can be intense. I sometimes catch him looking at me from sideways or just smiling. There was one moment early on where I was looking at him and he was smiling and I was smiling back, and I didn't look away for a moment because I wondered why he wasn't turning away, and then I realized everyone was staring at me because it was my turn and I'd completely missed it.  
During one session we sat next to each other at a crowded table and at some point I noticed our legs might have been touching. I'm not completely sure if it was accidental or if it lasted as long as I think it did, I just quietly shifted away when I noticed and didn't make a thing of it. I genuinely don't know if he noticed either.  
**Checking in on me:**  
He notices when I'm different. One session I was quieter than usual (I'd been louder and more energetic the previous time) and he turned to me and asked if everything was okay. Another time he asked from across the table if I needed a doctor, which I didn't understand at first, but I think it was related to me being less energetic than the session before. He pays attention to my mood and comments on it.  
**The cooking question:**  
During another session, the topic of food and cooking came up. He turned to me and asked whether I cooked or if I was more the type who likes to be cooked for. I asked him ""do I give off that vibe?"" which made him laugh. Then I said something about how I do possess basic life and survival skills, which everyone overheard and laughed at. He said something like ""so in a life or death situation, huh?"" and I explained that I can do things like eggs and rice but I still live at home so it's not something I do frequently. He apparently is a good cook himself, which came up in the conversation.  
**My question:**  
Given all of this, does this read as personal interest beyond just social skill? Or am I mistaking warmth and playfulness for something more? I know nothing can happen in this setting, and I respect that completely. I'm just trying to understand if I'm delusional or if there's something mutual here.",1,1786156563.0,Crushes,1,1.0,False
1vik3ac,https://i.redd.it/vg6x5201c2ih1.png,Reclaiming 2 years of my life by breaking my snoozing habit,"I used to snooze about an hour a day.

If I had a big day or a deadline I could get up no problem, but most of the time I would snooze. On the weekends, occasionally I'd be responsible and set my alarm for whatever I'd really get up, but I often ended up snoozing then as well.

Being about 30, and assuming I started snoozing in my early teens (not sure if penalizing myself for my sleeping habits in elementary school makes sense), a fair estimate is that I've spent \~270 days (9 months) of my life snoozing.

Not just sleeping - of course I've spent way longer than that actually sleeping - but stuck in low quality sleep in between alarms going off left and right.

And at this pace, if I make it to 80, I'd end up spending 2+ more years in this poor quality sleep state. Thinking about how much time we spend (or waste) on a specific thing over our entire lives really puts things into perspective.

That is why I'm so glad I finally broke my snoozing habit this year. I'll be taking those two years back, and that's not to say I'll sleep less. Rather I'll get more deep, restful sleep as well as productive time in the morning.

If you also struggle with snoozing and want to finally break the habit for good, checkout [Last Alarm](https://lastalarmclock.com/app). You can create infinitely customizable task alarms that force you to verify to turn them off. Whether it's drinking coffee, splashing cold water on your face, doing a quick exercise, or forcing yourself to go outside, whatever you can think of you can make an alarm.

Last Alarm is exactly what I needed to finally build the habit of getting up right away, and it's the only thing that ever worked for me.

If I can reclaim 2 years of my life, I know you can too! Estimate how may days you will (and have) spent snoozing with the [Days of Your Life Spent Snoozing](https://lastalarmclock.com/tools/lifetime-snooze-calculator) calculator.",1,1786156515.0,lastalarm,0,1.0,False
1vik36p,https://www.reddit.com/r/IndiaCoffee/comments/1vik36p/red_turtle_instant_coffee_powder/,Red turtle instant coffee powder,"Can you compare red turtle coffee with other brands like tata gold coffee, davidoff (espresso 57) and a few niche underrated brands known to you and give me a clear picture for my next purchase ( drinking tata gold currently, tastes okayish) 

Also any good filter coffee brand (authentic)",2,1786156507.0,IndiaCoffee,0,1.0,False
1vik2xl,https://www.reddit.com/r/MakeFriendsOver30/comments/1vik2xl/hi_there_31_f/,Hi there 31 f,"Happy Friday!!!!

I’m not really sure what I’m doing here. I’m just a 31 year old girl who still think she’s 22. I’m in the south east US if that matters to you. 

Some key points,     
\\-I’m a mom and it’s the coolest thing about me.     
\\-I love hot coffee and finding new coffee shops to try     
\\-I like baking bread and cookies     
\\-I am sarcastic and will probably make you laugh    
\\-I love football and it’s almost back I cannot wait. 

I love Reddit because you get to meet people from everywhere. However, I like when conversation flows and I don’t wanna be the backbone of it. Tell me your wildest dreams or your coffee order or your favorite movie. ",3,1786156488.0,MakeFriendsOver30,10,0.8,False
1vik2ri,https://www.reddit.com/r/datingoverforty/comments/1vik2ri/tell_me_your_experience_with_the_ex_wifeex/,Tell me your experience with the ex wife/ex husband when dating someone who’s divorcing but still legally married.,"I think I’ve worn out my tries on dating men who are dating amidst their divorce. I did it successfully during my divorce, so I think I’m giving others too much credit to do it respectfully/honestly like I did. First guy from Tinder took me on a coffee date and told me EVERYTHING about his life including where his son goes to school. .. Texted for a few days after, then, BAM, got a midnight call from his wife who was crying and just sounded defeated. Second man I dated/situationshipped with for about a year, when his ex contacted me about 6 months in to talk so much shit about him and, bc I didn’t stop seeing him, she found my stb ex husband’s  number and started speaking with him about the guy instead! (Boy my ex loved that 🙄). Lastly, I recently been speaking to a guy that lives part time out of my state and visits here and there (so very casual), and finally received texts saying the stb ex is going to find me and murder me… I’m done! Only fully single men from here on out!",0,1786156474.0,datingoverforty,4,0.5,False
1vik2dv,https://www.reddit.com/r/r4rsydneysfw/comments/1vik2dv/32_m_m4f_sydney_in_the_mood_for_fun/,32 M M4F Sydney In the mood for fun,"Hey there! 

Looking to connect with someone fun and easygoing for lighthearted vibes, quick-witted banter, and genuine good energy. Life’s too short for dry, repetitive messaging, so let’s skip the surface-level small talk and see if we click.

A little about me:

Vibe: Low-maintenance, sharp sense of humor, always up for a good laugh.

Interests: Trying new places around town, late-night food runs, great coffee, and solid conversations that naturally wander into completely random topics.

Perks: Highly responsive, actual conversation skills, and always up for a fun plan.

What I’m looking for:

Someone local to Sydney who enjoys casual hangouts, drinks, or grabbing a bite.

Great banter, a shared sense of humor, and zero pretense.

A fun connection with zero pressure.

Skip the awkward ""Hey, how's your day?"":

When you message me, answer one of these three questions to kick things off:

What is your most controversial, low-stakes opinion?

What’s your ultimate late-night comfort food order?

If we grabbed a drink right now, what’s your order?

Drop into my DMs or Chat with your age and your answer to the icebreaker. Looking forward to chatting! ",1,1786156444.0,r4rsydneysfw,1,1.0,False
1vik1ac,https://www.reddit.com/r/BRCA/comments/1vik1ac/enamel_erosion_post_bso/,Enamel erosion post BSO,"So I have my BSO a year and a half ago. Coincidently every time I was to have a dentist appointment I ended up being called in for surgery for my pdmx and my reconstructions/revisions. They book 4 months out unless you're on the cancellation list which the cancellations don't usually work for me and my job and my kids.

I had a visit at the dentist office and they're seeing noticeable change in the erosion of my enamel since my last appointment just before my bso. They asked me if I suffered from dry mouth, how much acidic foods I was eating and if I had boughts of vomiting or acid reflux and how my teeth sensitivity was. 

I said no to the dry mouth no sensitivity no vomiting or acid reflux. I drink my two to three cups of coffee a day and I eat a Mediterranean diet so a lot of acidic fruits vegetables and proteins. 

It didn't click for any of us in the dentist office I had told them I had all these surgeries that I was now post menopausal. Apparently with the drop and estrogen, though I'm on HRT, it can lower saliva production, cause acid reflux and essentially weaken the barrier and cause enamel erosion.  I am still struggling a lot with inflammation and pain from my pdmx and other surgeries so maybe I'm just not noticing what's going on in my mouth.

They recommended that I switch to softer brush heads, switch to sensodyne enamel and switch my mouthwash less alcohol more fluoride. To drink water while drinking my coffee to rinse up my mouth frequently. Not to brush right after drinking my coffee or eating any acidic foods within 30 minutes to an hour. To brush for slightly longer but softer less pressure.

I am only 38 this terrifies me that I might lose my teeth. Anyone else going through this m? Is there any way they stopped it from worsening with preventative measures from the dentist? I also have been on a calcium magnesium vitamin d supplement since even before my BSO but I'm still terrified about my bones now. I'm worried about in a few years what my bone density scan will come back with. I do hypertrophy train and do box jumping and jump rope to help but now I'm worried it's not going to be enough.",1,1786156351.0,BRCA,0,1.0,False
1vik13v,https://www.reddit.com/r/SFWr4rIndia/comments/1vik13v/30_f4r_indiaanywhere_looking_for_likeminded/,"30 [F4R] India/anywhere - Looking for likeminded people, good conversations 🌸","Hi hi! 👋🏻

I’m 30, work in tech and spend most of my weekdays coding, working, overthinking things and then pretending I’m not tired 😂. I also genuinely enjoy meeting and chatting with new people and spending time with family. I have a Master’s from abroad and have spent more than half a decade abroad and have travelled quite a bit, so I’ve had the chance to experience different cultures and ways of life outside the usual Indian bubble. I’d say I’m pretty open-minded, curious and comfortable talking to all kinds of people ✨

Outside work, I’m very much a girly girl 💅🏻 I LOVE makeup, skincare, shopping, dressing up and spending an unreasonable amount of time deciding what to wear when I’m literally going somewhere for coffee 😂. I also love good conversations, discovering new places, random plans, food, travelling and people who can make me laugh. I can be mature when required but I’m also very capable of being ridiculously childish with the right person 🙈

I’m independent, affectionate, fairly confident and definitely opinionated 😌 I really value kindness, emotional maturity, good communication and someone who has their own personality/life/interests. I like people who can have serious conversations one minute and then send me the dumbest meme they’ve ever seen the next 😂 I’m not really interested in drama, mind games or people who think being emotionally unavailable is a personality trait.

And because apparently turning 30 unlocks a completely unnecessary DLC pack 😂 I now have back pain, random calf pain and occasionally my blood pressure decides to keep things interesting. So if you’re also in your 30s and your body has started betraying you for no apparent reason hello, fellow survivor 🤝🏻😂

If you’re going to message me, please give me something more than “hey” or “hi” 🙃 Tell me a little about yourself what you do, hobbies, places you’ve travelled, your weird interests, political opinions, something you’re currently obsessed with, literally anything. I’d much rather have a real conversation than exchange “how are you?” for 47 messages 😂😂

I know I’ve used a lot of emoticons and I love ❤️ it as it makes the reader smile 😊 ",11,1786156339.0,SFWr4rIndia,7,1.0,False
1vik0sk,https://www.reddit.com/gallery/1vik0sk,Chisel,"“A warrior walks the path of honor & humbleness, yet is prepared for mayhem at any given moment”

A.L.V.

The Dauntless Pufferation of a La Flor Dominicana DL Chisel Maduro, the oily Ecuadorian Sumatra wrapper over estate grown Ligero binder/fillers produces a stogie with immense flavors of leather, earth, coffee and spice.  Not for the faint of heart proceed carefully when indulging in this very full flavored & bodied offering.  ",1,1786156312.0,cigar,0,1.0,False
1vik0il,https://www.reddit.com/r/keto/comments/1vik0il/pre_and_post_workout_for_strength_training/,Pre and post workout for strength training,"I’m trying to get back in the gym to add some muscle while still maintaining my leanness. I haven’t been strict keto in about six months but I’m slowly getting my carbs down to less than 30 grams a day. Essentially I’m wondering what you guys typically eat before or after the gym to give you energy and support for building muscle. Any snacks and supplements as well..  
For pre workout-I LIVE on energy drinks and coffee/mct oil but they only help so much.   
And for post work out I know that getting some fats and protein within a few hours definitely is imprtant. 

Thanks ",3,1786156290.0,keto,1,1.0,False
1vijzpz,https://v.redd.it/9tpw9cg3b2ih1,Working Simultaneous Turns (kinda) and a first look at the COOP mod!,"Sorry for the unedited video with my constant window switching with the windows key (going in and out of separate game windows) it's 4am i am tired!

Seen here is the lobby screen for joining a new game (loading a save also works btw), and just me showing off the abilities of semi-simultaneous turns. Unit sharing with more than one person in the second video

I hope you guys are just as excited as i am!

The mod will come out **no strings attached** with **source code** and a wiki containing a lot of information about the internal workings of the game (thank you claude and ghidra), but if you wanna give me a small motivational boost or buy me a literal coffee here you go anyways: [https://ko-fi.com/mister\_fordo](https://ko-fi.com/mister_fordo)",5,1786156230.0,threekingdoms,0,1.0,False
1vijzpy,https://v.redd.it/nabr6pe4b2ih1,Working Simultaneous Turns (kinda) and a first look at the COOP mod!,"Sorry for the unedited video with my constant window switching with the windows key (going in and out of separate game windows) it's 4am i am tired!

Seen here is the lobby screen for joining a new game (loading a save also works btw), and just me showing off the abilities of semi-simultaneous turns. Unit sharing with more than one person in the second video

I hope you guys are just as excited as i am!

The mod will come out **no strings attached** with **source code** and a wiki containing a lot of information about the internal workings of the game (thank you claude and ghidra), but if you wanna give me a small motivational boost or buy me a literal coffee here you go anyways: [https://ko-fi.com/mister\_fordo](https://ko-fi.com/mister_fordo)",12,1786156230.0,TotalWarThreeKingdoms,0,1.0,False
1vijzpp,https://www.reddit.com/gallery/1vijzpp,Chisel,"“A warrior walks the path of honor & humbleness, yet is prepared for mayhem at any given moment”

A.L.V.

The Dauntless Pufferation of a La Flor Dominicana DL Chisel Maduro, the oily Ecuadorian Sumatra wrapper over estate grown Ligero binder/fillers produces a stogie with immense flavors of leather, earth, coffee and spice.  Not for the faint of heart proceed carefully when indulging in this very full flavored & bodied offering.  ",3,1786156230.0,cigar_refuge,0,1.0,False
1vijzpf,https://v.redd.it/4omlmlhwa2ih1,Working Simultaneous Turns (kinda) and a first look at the COOP mod!,"Sorry for the unedited video with my constant window switching with the windows key (going in and out of separate game windows) it's 4am i am tired!

Seen here is the lobby screen for joining a new game (loading a save also works btw), and just me showing off the abilities of semi-simultaneous turns. Unit sharing with more than one person in the second video

I hope you guys are just as excited as i am!

The mod will come out **no strings attached** with source code and a wiki containing a lot of information about the internal workings of the game (thank you claude and ghidra), but if you wanna give me a small motivational boost or buy me a literal coffee here you go anyways: [https://ko-fi.com/mister\_fordo](https://ko-fi.com/mister_fordo)",5,1786156229.0,totalwar,1,1.0,False
1vijzo6,https://i.redd.it/udy2szuva2ih1.png,Gamer Boy Cthulhu and his Pile of Cultist Corpses.,"2662: ""By the love of shit, I just wanna game in peace-!""

*His tentacles gut out another fanatic like its a daily thing, another one with a cup of a hyper-caffeinated drink (coffee mixed with 5 different Monster flavors) and a third holding a Nintendo Switch 2... Dude just wants to game, not deal with these fuckass violent sex-god cultists.*",1,1786156227.0,Bakers_Bakery,32,1.0,False
1vijzkr,https://www.reddit.com/r/Market76/comments/1vijzkr/h_250_coffee_w_15_leaders/,H: 250 Coffee W: 15 Leaders,,1,1786156219.0,Market76,10,1.0,False
1vijz7o,https://www.reddit.com/r/OttawaCafes/comments/1vijz7o/welcome_to_rottawacafes/,Welcome to r/OttawaCafes,"A place for anyone who enjoys exploring cafés around Ottawa.

Share a coffee with a nice view, a cozy corner you found, a favourite patio, a new café you tried, or just where you’re having coffee today.

It’s also a place to ask for recommendations. Looking for somewhere quiet to study? A good window seat? Somewhere to read, work, meet someone, or just have a coffee on your own? Ask away.",1,1786156189.0,OttawaCafes,0,1.0,False
1vijz6c,https://www.reddit.com/r/GiftIdeas/comments/1vijz6c/gift_for_er_staff/,Gift for ER staff,"I spent the day in the ER, nothing crazy just an asthma flair up. The people working there were so kind and took really good care of me. 

I want to send an appreciation gift, food feels too germy, I don’t know peoples coffee order, I’d like it to just be like a  random thing everybody can grab one or a piece or something. 

Any ideas would be appreciated ",1,1786156186.0,GiftIdeas,2,1.0,False
1vijydm,https://i.redd.it/5m59ti56b2ih1.jpeg,"Bro, I’m a millennial.",https://www.instagram.com/reel/DZQKQ-wg8cp,69,1786156116.0,RunningCirclejerk,6,0.97,False
1vijy7v,https://www.reddit.com/gallery/1vijy7v,Yardstick Coffee,"Been trying to draw more café exteriors lately!

Yardstick Coffee, Legazpi branch ☕️",4,1786156104.0,artph,0,1.0,False
1vijy3e,https://www.reddit.com/r/AskAlaska/comments/1vijy3e/9_nights_in_alaska_in_early_september_matanuska/,"9 Nights in Alaska in Early September : Matanuska, Seward, Homer, Girdwood - please help me with sanity check - too much or just right?","Hi! My husband and I are planning our first Alaska trip for September 6–15, 2026 (9 nights / 10 days - flexible on days and dates tbh!), flying in and out of Anchorage. We’re coming from the Bay Area.

I’ve been researching quite a bit (and I promise I didn't rely on AI for this itinerary, so this is after very very thorough Reddit stalking, blogs, Youtube videos etc.) and would love a sanity check from locals / people who have done a similar road trip, especially for early September.

Our goal is not to cram in every possible attraction or hike, and mainly to take in the views and enjoy. We’d rather have a few distinct and memorable experiences like walking on a glacier, Kenai Fjords, wild bear viewing, scenic drives, small towns, an occasional easy/moderate trail, while still having time to stop at viewpoints, eat, wander around and actually enjoy the trip.

We’re comfortable driving several hours in a day and can hike, but we’re intentionally not trying to make this a hiking-heavy trip. A lot of the smaller walks/stops below are optional depending on weather, energy and timing.



TL;DR :   
Day 1: Arrival  
Day 2: 🧊 Matanuska glacier guided walk  
Day 3: 🚗 Anchorage to Seward scenic road trip + Whittier  
Day 4: 🐋 Kenai fjord tour  
Day 5: 🧊 Exit Glacier + scenic road trip Seward to Homer  
Day 6: 🐻 Lake Clark bear-viewing boat or flights (TBD)   
Day 7: ☕ Homer buffer / relax  
Day 8: 🚗 return north to Girdwood (or any other recommendation?)  
Day 9: 🚡 Alyeska aerial tram, spa / Girdwood exploration  
Day 10: ✈️ departure from Anchorage



**Day 1 : Anchorage** 

**Location:** Anchorage  
**Check-in:** September 6  
**Check-out:** September 8

**Itinerary :** SFO to Anchorage Airport to rental car to hotel / airbnb to lunch / downtown → dinner → Wild Scoops ice cream! 🍨

**Day 2 : Matanuska Glacier + Glenn Highway**

**Location:** Anchorage  
**Check-in:** September 6  
**Check-out:** September 8

**Itinerary :** Anchorage → Glenn Highway → Matanuska Glacier → scenic Glenn Highway return → possibly Eklutna Lake (for easier trail hike / walk etc - optional depending on time, weather and energy) → back to Anchorage

If beautiful & energetic : Park → see lake → walk anywhere from 20 minutes to perhaps 1–2 miles of Lakeside Trail.

If tired : Skip it.

**Day 3 : Anchorage to Whittier to Seward**

**Location:** Anchorage (check-out) to Seward (check-in)   
**Check-in:** September 8  
**Check-out:** September 10

Anchorage → Seward without stops is only around **2.5–3 hours**.

**Itinerary :** Anchorage → Turnagain Arm → Beluga Point → Bird Point → Portage Valley → Begich, Boggs → Trail of Blue Ice maybe small walk → Anton Anderson Tunnel note : need to be mindful about the tunnel window) → Whittier → tunnel back (note : need to be mindful about the tunnel window) → Turnagain Pass (Moose Pass and Kenai Lake, if time or energy allows) → Seward (around 9 PM & that’s alright..) 

**Day 4 : Kenai Fjords**

**Itinerary :** Seward morning → harbor → 6-hour Kenai Fjords cruise → dinner → relaxed evening

**Day 5 : Exit Glacier → Homer**

**Base location:** Seward (check-out) to Homer (check-in)   
**Check-in:** September 10  
**Check-out:** September 13

**Itinerary** 

Glacier View + Glacier Overlook, drive Seward to Homer (5 hours - fine by us, doable, same as SFO to LA) - maybe stop at Tern Lake, Kenai Lake, Cooper Landing, some viewpoints, dinner and early night 

**Day 6 : Bear viewing**

**Base location:** Homer  
**Check-in:** September 10  
**Check-out:** September 13

**Itinerary :** Homer → Chinitna Bay / Lake Clark bear-viewing boat → Homer

**Day 7 : Homer (Relaxing / Buffer Day for bear viewing)**

Homer Spit → Bishop's Beach → Alaska Islands & Ocean Visitor Center → galleries → Two Sisters Bakery → overlook → coffee → harbor.

**Day 8 : Homer → Girdwood**

**Location:** Homer (check-out) to Girdwood (check-in)   
**Check-in:** September 13  
**Check-out:** September 15

**Itinerary :** Homer → Sterling Highway → Portage area → Girdwood

**Day 9 : Girdwood**

**Location:** Girdwood   
**Check-in:** September 13  
**Check-out:** September 15

**Day 10 : Girdwood → Anchorage Airport** 

**Itinerary :** Girdwood → Turnagain Arm → Anchorage → return rental car → 🤟 

  
1. Does this feel like a reasonable 9-night itinerary, or is there still somewhere we’re moving too quickly?

2. Day 3 is the day I’m least sure about. Anchorage → Turnagain Arm → Portage Valley → Whittier → Seward feels doable on paper, but I don’t want it to turn into a rushed checklist. How would you modify this day? We’re completely fine reaching Seward around 8–9 PM if the day itself is enjoyable.

3. Does a guided walk *on* Matanuska Glacier feel sufficiently different from Kenai Fjords + Exit Glacier later in the trip? To us they seem like three very different glacier experiences, but I’d be interested in hearing from people who have done them.

4. Has anyone done the Chinitna Bay / Lake Clark bear-viewing boat from Homer in mid-September? How were the bear activity, weather and Cook Inlet conditions? I’m planning an extra Homer night primarily as a weather buffer.

5. Would you keep Girdwood as our final two-night, or is there somewhere else you’d recommend stopping/staying on the way back north? I am not super incline either way tbh! 

6. What would you cut? If you think we’re still doing too much, I’d especially appreciate hearing what you would remove rather than what you would add.

Thanks! I’m particularly interested in feedback based on early/mid-September conditions, since I know Alaska changes pretty quickly once summer season starts winding down.",2,1786156094.0,AskAlaska,8,1.0,False
1vijwe6,https://www.reddit.com/r/shortstories/comments/1vijwe6/ms_breathe_of_water_part_one/,[MS] Breathe of water - part one,"Day 1

""Damn it,"" Mack muttered, the word slipping out before he had even crossed the threshold. It hung in the narrow hallway for a second, then faded as the bathroom light hummed at the end. Ashford Lake, northern nowhere. Second-floor apartment on Lake Street, worn carpet under his boots, one straight path to the open door. A thin veil of fog had just begun to creep in off the lake outside, softening the gray January morning, the distant creak of half-frozen docks carrying on the wind.

Mack paused in the doorway, hand on the chipped frame. The bathroom was small: tub, sink, toilet, barely room to stand. The light above the mirror buzzed and flickered, casting shadows across the chipped white tile and stained tub.

She lay in the bathtub. Late twenties, he guessed. Hair half unpinned, strands stuck to her forehead. Fingernails dug shallow marks into her own palms. A folded hand towel sat crumpled under her head. Her face was very calm, but starting to bloat at the edges. Her eyes stared past the ceiling, empty. The skin where the water touched her carried the faintest shimmer, almost luminescent. Mack blinked it away. A trick of the flickering light.

The tub held about three inches of cloudy water. The porcelain around her was wet but not overflowing. Her chest looked swollen, ribs visible under her skin. The air smelled faintly of soap and shampoo, with a metallic undertone. Outside, Ashford Lake stretched dark and still beyond the pines, half-frozen docks creaking in the distance. The water in the tub looked almost warm. Mack's jaw tightened. Those eyes. Cases like this always dragged up his brother. Unsolved. Beyond understanding.

""The door was locked when you got here?"" Mack asked without looking back, his voice rougher than he meant.

The uniform in the hallway shifted his weight. ""Yeah, neighbor says she hadn't seen her since yesterday morning. Heard the alarm clock going off through the wall, called it in when it wouldn't stop beeping from 7 AM till midday.""

Mack studied the girl's clenched fists, her calm face, the towel half fallen to the side. Another puzzle he couldn't solve.

""Any sign anybody else was in here?"" he said, forcing his focus back.

""No, sir. There were prints on the knob—hers, a second set that we're running now, and the landlord's, who opened the door before calling us in. No actual signs of entry, though, no mess, just..."" The officer's voice trailed off.

""Just a dead woman who fought herself into a shallow tub,"" Mack finished, the words bitter.

He stepped closer. Her lips were parted slightly, face unnaturally peaceful despite the bloating. No ligature marks. No restraints. Just signs of struggle, then stillness.

The town's single main street was visible through the frosted window. Closed diners with faded ""Perch Dinner"" signs, pickup trucks rusting at the curbs under sagging ice dams. He glanced up at the mirror, one patch clinging, fogged in the corner.

""Who found her?"" he asked.

""Neighbor from 2A. Said she knocked, no answer, but the alarm clock kept going, so landlord opened up and they saw the bathroom light and water puddled in the hall,"" the uniform replied.

Mack nodded once. ""Get their statements. Times, everything they remember. Do not fill in the blanks.""

""Yes, sir,"" the uniform said.

His gaze dropped back to the drain. A single bead of moisture clung to the metal edge above the waterline, and it should not have been there. The droplet trembled, then fell into the cloudy water below. Somewhere in the wall, the pipes made a low groan. Mack's hand flexed. Another detail that didn't fit.

Mack straightened. ""Call the coroner. I want a look at her lungs as soon as they are done. Something about this is wrong.""

Outside, the January air felt heavy. A gray sky pressed low over Ashford Lake, the broad dark water ringed by skeletal docks and pine forests that swallowed the horizon. Streetlights glowed faintly through the fog rolling off the lake. Mack zipped his jacket and stepped onto the wet pavement, boots crunching salt grit. The weight of unsolved cases followed him.

A car pulled up to the curb. A young woman got out, Latina, hair pulled back tight, carrying a notepad. ""Detective Coleman?"" she said softly, matching his gruff tone but warmer. ""Lena Ortiz. Just transferred in.""

Mack nodded once. ""It's Mack. Nobody calls me Detective.""

""Heard you wanted backup,"" Lena said, her voice easing into his clipped rhythm. ""First case here, dead body in the tub? That's some welcome wagon.""

Mack almost cracked a smile. ""Depends on what this turns out to be.""

Lena looked toward the sagging apartment building, its paint peeling into the fog, a faded ""For Rent"" sign swinging from a rusted chain. ""Uniforms mentioned shallow water, calm face. You think suicide?"" she asked, her words measured like his.

Mack watched the fog snaked closer off the lake. ""Maybe. Or just a decent frame job. Marks on her palms are self-inflicted. Not from a struggle with someone.""

She jotted a note, then looked up, softening just enough. ""Coroner's prelim back yet?""

""Not yet. But three inches doesn't drown you, not like that,"" Mack said, his eyes distant.

Lena tilted her head, her tone curious but steady. ""What if she thought it was enough?""

A low rumble passed through the ground, a faint tremor rippling the standing water in the gutter, rattling loose ice from the leaves as a train rolled by. Mack's head snapped up, the vibration hitting like a memory.

""Ranger station first. Park ranger's waiting. Need a statement from Harlan about some hot pond.""

""Geothermal?"" Lena asked, her voice lifting slightly with interest.

""Heard that word. Let's see what he knows,"" Mack said as they walked toward her car, pines whispering in the lake wind.

Mack killed the engine outside the ranger station, snow crunching under the tires. The outpost squatted low and log-built, smoke curling from its stack. Snowmobile tracks scarred the fresh powder leading up.

""Harlan Boone's inside,"" he said, turning to Lena. ""Park ranger. Saw the group three days back. We need his statement before we hike up and put eyes on this pool thing.""

Lena zipped her jacket higher, notebook ready. ""Lead on.""

Harlan Boone met them at the ranger station, oiling a rifle by the potbelly stove. Snowmobile tracks led to the porch, melting into slush. ""Pool's half a mile up the snowshoe trail,"" he said without looking up. ""Folks call it Devil's Cauldron. Warm spring, geothermals. Stays liquid through winter.""

Mack stomped snow from his boots. ""Six hikers three days back. What can you tell us?""

Harlan set the rifle aside, stood. Mid-fifties, barrel-chested, beard flecked gray. ""Heard you on the radio. Come on, we'll walk and talk.""

The trail climbed steady, pines thick with hoarfrost. Harlan's breath puffed even. 

""Seven of 'em showed up midmorning. Photographer named Tiffany, her boyfriend, skinny guy Evan, science teacher Becca, loudmouth Travis, Lori-Anne, Marc rolled in a little later. Oh, and that quiet one, Selena Cho, hung in the back. Easy to miss her.""

Mack's jaw tightened slightly. ""Dispatch said six.""

Harlan said plainly, ""No, no. Definitely seven.""

Lena jotted names. ""You talk to them?""

""Warned 'em straight,"" Harlan said. ""No swimming. Unstable chemistry up there, bad ground. Warm water messes the ice uneven. Told 'em and left for rounds.""

Mack scanned the white ahead. ""They listen?""

Harlan shrugged. ""Couldn't say for sure. Found their campsite later that day near the pool—net, grill marks, fish bones scattered around. Splashing echoes carry far up here, so maybe some wading? Travis type was the daring sort. Photographer had her gear out. Didn't see the details myself. If they swam, they'd likely be fish food now—chum for the Cauldron.""

Lena smirked faintly. ""Or the fish turned the tables, served themselves up glowing on a platter. Nature's revenge buffet.""

Harlan barked a laugh. Mack kept walking.

They broke from the trees. The pool crouched in a rocky basin, twenty feet across, its surface steaming faintly in the cold. The edges crusted with thin ice, the center dark and rippling. Sulfur hung heavy.

""That's it,"" Harlan said, stopping short. ""Campsite's just downhill, fish guts still there yesterday.""

Lena crouched at the edge, careful. ""They eat anything from here?""

Harlan scratched his beard. ""Campsite had pale fish scraps, big ones, scales all iridescent in the sun. Charcoal smell lingered. That's all I know for sure—guessing on the rest. They seemed healthy enough when they hiked out.""

Mack toed the mud. ""Any fights? Odd behavior?""

""Joking around,"" Harlan said. ""Normal group till they weren't.""

""Got time now?"" Mack asked.

Harlan glanced at the sky, clouds thickening. ""Snow's coming. But yeah, I'll help you search around. Evidence don't wait.""

Mack traced the pool's steam. ""This connects them.""

Mack rubbed his jaw. His brother's death had been like this too. Strange details. No answers. After a while, he grumbled, ""Coroner next. Lena, you drive.""

They thanked Ranger Harlan for his help and told him they would get in contact with him if they needed anything more.

The coroner's office sat across town by the lake. A low brick building where gulls wheeled over frozen docks, snowdrifts piling against a chain-link fence. Mack signed in at the desk, Lena staying close, fog beading on the windows.

Inside the exam room, the air was cold and sharp with bleach. The medical examiner looked up from a stainless steel table.

""Lungs from the Lake Street apartment are ready, like you asked,"" she said clinically.

Mack approached the table. Tiffany Rhodes' chest cavity lay open, lungs looking heavy, waterlogged, swollen beyond normal. The wetter parts of her tissue carried the faintest hint of inner luminescence, a ghostly underwater glow that flickered subtly. Mack blinked. Light trick off the wet surface. Had to be.

""Cause?"" Mack asked, voice tight.

""Drowning. From the water in her bathtub,"" the examiner said matter-of-factly.

Lena peered closer. ""Three inches doesn't fill lungs like that.""

The examiner nodded. ""She forced herself to inhale it. Kept breathing water until her lungs held an impossible volume. No human does that willingly. It takes tremendous will to override the gag reflex that long.""

Lena glanced at Mack. ""Why would she?""

Mack studied the lungs. They glistened, unnaturally full. ""That's the question,"" the examiner said. ""Medically, she drowned herself in slow motion. Physically baffling.""

Mack's jaw set. ""Impossible.""

Lena stared at the Y-incision, a skeptical crease between her brows.

Back in the cruiser, snow thickening on the windshield. Mack gripped the wheel, mind chewing on the autopsy. ""Has to be the boyfriend. Evan Pike's fault somehow. Argument went bad, he held her under, staged it sloppy. We bring him in now, pin it down.""

Lena frowned out the window. ""Slow drowning like that? Lungs saturated clean, no struggle marks. Doesn't add up. Boyfriend's a reach without more.""

""He's got explaining to do,"" Mack insisted, accelerating through flurries. ""Knew about the pool, her condition—there's a reason people always look toward the spouse first. Classic situation.""

Mack exhaled sharply. ""Either way, we grill him till he breaks. He'll give us something.""

Day 2

Ashford police station bullpen hummed quiet, fluorescents buzzing over case files spread across a shared desk. Coffee pots gurgled empty. Mack pinned photos to the board: Tiffany's calm face, fingernail marks where they dug into her hands, Harlan's sketch of the Cauldron. Lena sat across, notebook open to camper names: Tiffany, Evan, Becca, Travis, Lori-Anne, Marc, Selena.

""Seven at the pool,"" Lena said, tapping the list. ""Fish bones at camp. Who's Evan to you?"" She kept it light, testing. ""Long time in Ashford?""

Mack didn't look up, pinning the geothermal diagram. ""Boyfriend. Mechanic. Bring him in as soon as possible.""

Silence. Lena tried again. ""Family here? You mentioned a brother once—dispatch chatter.""

His hand paused on a thumbtack. ""Old case. Closed."" He slid a file toward her. ""Cross-check alibis.""

Lena nodded, reading the room she pushed no further.

Hours bled. Dispatch radioed updates: ""Evan Pike not at the garage. Apartment empty. We are running plates now."" Snow thickened outside, lake wind rattling the blinds.

Lena stretched, eyes on the board. ""Fish scales glowed, Harlan said. Tiffany inhales two lungs full of water like she is a fish in the ocean. Connections?""

Mack grunted. ""Contamination. Foul play. Something else I'm missing. Who knows? We'll find out.""

The clock hit 9:47 PM. He stood. ""Stay put.""

He returned with two station coffees, steam curling black. Set one by her elbow without a word. ""Extra sugar, how you took it earlier, right?""

Lena glanced up, surprised. ""Thanks.""

He sat, back to the board. ""Lori-Anne next. Phone records.""

She sipped. Sweet. Steady partnership forming in silence.

Dispatch crackled at 11:03 PM. ""Evan Pike located. Shaken and soaking wet. Bringing him in now.""

Mack's jaw set. ""Finally, we are making some headway. They'll get his processing done, then we'll get to him tomorrow.""

Lena closed her notebook. She stared at the board, and the board stared back: seven names, one pool, impossible amounts of water. Something just doesn't add up.

Day 3

Evan Pike did not make a convincing killer.

He sat hunched in the metal chair in Interview Two, fingers knotted, knuckles chapped and raw. Grease stains ghosted the cuffs of his flannel shirt, which still hadn't fully dried out, stubborn shadows the washing machine had given up on. His eyes were red-rimmed, skin sallow with lack of sleep.

""I loved her,"" he said for the third time. ""We argued, yeah, but nothing like… this.""

Mack watched him through the glass, arms folded. Lena stood at his side, shoulder almost touching his, notebook balanced on her forearm. She took a sip from her water bottle, held it a beat too long before swallowing.

""He's either a phenomenal actor,"" she murmured, ""or he's exactly what he looks like.""

""A mechanic whose girlfriend drowned in a tub,"" Mack said. ""And who was at that pool with her.""

Inside the room, Evan scrubbed his hands over his face, then reached for the Styrofoam cup in front of him. He drank like a man who had forgotten what thirst felt like until someone reminded him. The cup crumpled slightly in his grip.

""You notice how often he reaches for water even after knowing it's empty?"" Lena said quietly, capping her bottle.

""Fear dries you out,"" Mack said.

""So does grief,"" she said. ""So does salt.""

They went in together. The interview room smelled faintly of coffee, cleaning solution, and underneath, the sour tang of a man who hadn't bothered with hygiene since his life came off its tracks.

""Evan,"" Mack said, dropping into the chair across from him. ""This is Lena. Walk me through that day at the pool.""

Evan's eyes flicked between them, lingering on Lena's water bottle. His fingers drummed the table, restless.

""Can I get some more?"" he asked, tapping the empty cup.

They let him have the water. He drank in long, desperate pulls, Styrofoam crinkling under a white-knuckled grip. Lena watched his throat work, made a note about the compulsion.

""We argued that morning,"" Evan rasped finally, voice cracked dry. ""Tiffany wanted to go back to the pool alone. For shots. I said no. Too dangerous after Harlan's warning.""

Lena leaned forward. ""Did you try to go with her anyways?""

He nodded, eyes glassy. ""I knew she wouldn't listen to me, so I went over to her house at around 6:30 that morning to try to talk her down before I went to work. I knocked on her door a few times, but it was clear she didn't want to talk to me. The door was locked, and she didn't answer, so I left."" His fingers twitched toward the empty cup.

Mack pressed harder trying to make Evan slip up. ""You expect us to believe you left then found your way back into that apartment?”

""I swear,"" Evan whispered, licking chapped lips, eyeing Lena's water bottle that was sticking out of her pocket. ""I loved it. Always did."" He frowned. ""I mean her... I always loved her.""

Lena flinched at that error and followed his eyes. She slowly closed her notebook. ""We'll need your clothes from that day, and you stay in the holding cell ‘til processing.""

Evan nodded numbly, shoulders slumping. Just before they exited the door, he called, ""Hey, could I get some more water, please? In a bigger cup, maybe?""

They left him with the guard. The last thing they saw of Evan was that he was practically inhaling another two cups of water.

Ninety minutes later, the call cut through station chatter. A uniform found Evan in the holding cell sink, face jammed into the shallow basin, cheeks pulsing faint blue under the harsh bulb. Water barely covered his nose, but his lungs pulled it deep—saturated, deliberate. No pulse when they yanked him free. Skin pruned white, lips tinged with shimmer.

Mack stared at the custody cam stills, jaw locked. ""He was fine when we walked out.""

Lena's pen froze mid-note. ""Was he, though? At the rate he was going through those waters, it seemed more like a compulsion than just a grief drink.""

The blue shimmer in the photo matched the victim's faint glow. This was no accident, and it wasn't a suicide. Something hungry was unfolding between these deaths.",1,1786155957.0,shortstories,1,1.0,False
1vijw3u,https://i.redd.it/g8468lc7mlhh1.jpeg,"French cyclist André Leducq grabbing a coffee to go during a Tour de France, likely between 1927 and 1930",,4,1786155933.0,BikesAndCoffee,1,1.0,False
1vijvpo,https://www.reddit.com/r/u_No-Price8841/comments/1vijvpo/friends_in_corpus_christi_tx/,Friends in Corpus Christi TX?,"Hi! 😊

I’m a 27-year-old girl from the Czech Republic and I’ll be staying in Corpus Christi for about 3 months starting at the end of August. I’m going to be new to the area and would love to meet some people and make a few friends while I’m there!

I’ll have some free time and would love to find people to hang out with — go to the beach, grab a coffee, go shopping, get some food, explore the area, or just chill and talk. I’d especially love to meet some girls around my age for some classic girl time — chatting about life, shopping, coffee dates, etc. 😂♥️

Since I’ll be there on my own, it would be really nice to have some people to hang out with and not spend all my free time alone. Anyone there?",1,1786155901.0,u_No-Price8841,0,0.99,False
1vijvj1,https://www.reddit.com/r/Market76/comments/1vijvj1/hleaders_wcoffee_overdrive_tesla_9/,"H:Leaders W:Coffee, overdrive, Tesla 9","30L fr 300 Coffee

1L fr 10 overdrives 

3L fr 1 Tesla9 ",1,1786155887.0,Market76,12,1.0,False
1vijuqm,https://www.reddit.com/r/mokapot/comments/1vijuqm/columbia_restaurant_cuban_roast_coffee/,Columbia Restaurant Cuban Roast Coffee,"I bought this coffee because I remembered having espresso at their restaurant a few years ago, and it was some of the best coffee I've ever had.

The first brew I made with it in my moka pot immediately gave me flashbacks of the creamy, almost vanilla-like aftertaste I remembered from years ago. It was GREAT.

Ever since that first brew, though, I cannot get back to that taste. I've made probably 6 or 7 more pots, switching around different variables trying to recreate whatever I did with that first pot, and nothing seems to make a difference.

Does this kind of thing happen to anyone else? Where you just can't get consistent brews even though you're basically doing everything the same?",1,1786155819.0,mokapot,3,1.0,False
1vijuem,https://www.reddit.com/gallery/1vijuem,Layout advice - L shape or single wall with island?,"Deciding between an L-shape vs single wall kitchen with sink island, looking for preferences/thoughts?

Both layouts will have dishwasher/bins next to sink, a coffee/microwave station down to the counter , pull out pantry beside sink and doors to a utility room on the right hand side.

My thoughts are:

**L shape:**  
\-Sink has window view and is accessible without getting in the way of chef when dish washing etc.   
\-Allows for uninterrupted prep island with prep kit stored below.  
\-Clear separate prep/cook/wash up areas keeping dirty plates off island.  
\-However, puts the sink at far end from fridge/cook/prep zone...  
\-Possibly a bit more cramped feeling although can easily keep 1.1/1.2m walkway around island.

**Sink island:**  
\-Extra large window to garden outlook for view and light.  
\-Sink more central to prep/fridge/cooking area, 'a better triangle'  
\-More open/spacious kitchen layout, visually pleasing and less cramped perhaps?  
\-More space for larger island if needed.  
\-However, sink breaks up island and may get messy around sink  
\-little prep space storage below island with sink/dishwasher/bins etc  
\-Get in the way of chef washing dishes or getting a drink...  
  
Keen to hear thoughts, what you would change, issues or preferences etc!  




",1,1786155792.0,kitchenremodel,0,1.0,False
1vijsz4,https://www.reddit.com/r/BangaloreSocial/comments/1vijsz4/23m_looking_for_people_to_hang_out_with_in/,23M | Looking for people to hang out with in Bengaluru 👋,"Hey everyone!  
23M here. Looking to expand my circle in Bengaluru and meet some **genuine, interesting people**.  
I’m down for:  
☕ Coffee  
🍔 Food hunts  
🎬 Movies  
🎮 Gaming  
🚗 Exploring random places  
💻 Tech/startup conversations  
😂 Or just sitting somewhere and talking nonsense for 3 hours  
I’m particularly interested in meeting **recent grads / 3rd-year / final-year students** who are into tech or startups.  
And if you’re in tech and we’re a good skills/interests match, I’m also happy to **separately help with internship opportunities** if something relevant comes up. No expectations attached.  
If you’re a girl and this sounds like your kind of vibe, **definitely HMU**. I’m open to friendship first and seeing where things naturally go.  
Tell me:  
**Age + interests + favourite Bengaluru hangout spot + one random fact.**  
And because we’re on Bengaluru Reddit 😂 — a **recent pic for verification** would be appreciated. Happy to verify myself too.  
Let’s make some plans instead of saying “we should hang out sometime” and disappearing into the void. 😭",1,1786155672.0,BangaloreSocial,0,1.0,False
1vijscg,/r/BangaloreMeetups/comments/1vi9t02/anyone_interested_for_restaurant_or_coffee_this/,Anyone interested for restaurant or coffee this week?,,1,1786155619.0,BoredInBangalore,0,1.0,False
1vijrpg,https://www.france24.com/en/live-news/20260808-nocturnal-coffee-frog-discovered-in-costa-rica,[World] - Nocturnal 'coffee frog' discovered in Costa Rica | France24,,1,1786155568.0,AutoNewspaper,0,1.0,False
1vijrje,https://www.reddit.com/r/Market76/comments/1vijrje/h_18k_caps_240_coffee_200_pepper_160_slime_cake_w/,H: 18K caps - 240 coffee - 200 Pepper  - 160 Slime Cake  W: Leader offers  on Xbox,"Will go first since I am just getting started here. 

Thank you and good luck at the event! ",1,1786155553.0,Market76,2,1.0,False
1vijr7n,https://www.reddit.com/r/BoredInBangalore/comments/1vijr7n/23m_bengaluru_anyone_up_for_coffee_good/,23M | Bengaluru | Anyone up for coffee + good conversation? ☕,"Okay, Bengaluru Reddit, let’s try something different.  
23M here, looking to meet some **genuine people**, particularly a girl who’s fun to talk to and doesn’t consider “wyd” a personality.  
I’m into:  
☕ Coffee runs  
🍜 Finding good food  
🚗 Random city plans  
💻 Tech/startups  
🎧 Music + movies  
😂 Dumb conversations that somehow become 2-hour conversations  
If you’re a **recent grad, 3rd-year/final-year student**, even better. And if you’re into tech, there’s a chance we might have something interesting to talk about.  
I also work around tech, so if we happen to have overlapping skills/interests, I’m happy to **separately discuss internship opportunities** where I can actually help.  
Not coming here with a 27-point checklist. If the conversation is good, we’ll figure out the rest.  
**HMU** and tell me:  
Your age  
Your interests  
Your favourite Bengaluru food spot  
Something random about you  
Recent pic for verification is appreciated  
**Bengaluru has trust issues and honestly, fair enough** 😂. I’ll verify myself too.  
Worst case: we have a good conversation.  
Best case: we discover Reddit wasn’t completely useless. 👀",1,1786155527.0,BoredInBangalore,0,1.0,False
1vijqyw,https://i.redd.it/sh18v6wc92ih1.jpeg,ITAPPH of my morning view,"21°C weather, coffee, and a view like this. 🌿☕️

📍Dahilayan Forest Park, Manolo Fortich, Bukidnon",14,1786155508.0,ITookAPicturePH,1,0.95,False
1vijpw3,https://www.reddit.com/r/BangaloreConnection/comments/1vijpw3/m4f_bengaluru_23m_looking_for_a_genuine_connection/,M4F | Bengaluru | 23M | Looking for a genuine connection 👀,"Hey Bengaluru 👋  
23M here. Looking to meet a **genuine, fun, slightly rizzy woman** who’s up for good conversations, coffee, food, spontaneous plans and seeing where the vibe goes.  
Would especially love to meet someone who’s:  
• A recent grad 🎓  
• In 3rd/final year  
• Into tech, startups, or generally curious about building things  
• Good at conversations and terrible at being boring 😭  
• Somewhere between chill and chaotic  
Not necessarily looking to rush into anything. **Friends → vibes → maybe something more** sounds much better to me.  
Also, if you’re a tech student/recent grad and our skills/interests overlap, I’m happy to separately chat about **internship opportunities** if I can genuinely help. No strings attached.  
If you’re interested, **HMU** with:  
Age  
What you’re into  
What part of Bengaluru you’re around  
One random thing about you  
And yes, Bengaluru has taught us all to have trust issues 😂 So **feel free to include a recent pic for verificati**on — I’ll share one too.  
Let’s see if Reddit can actually introduce two normal people for once. 👀",1,1786155420.0,BangaloreConnection,0,1.0,False
1vijpqp,https://i.redd.it/9978l51292ih1.jpeg,ITAPPH of a cafe in Baguio,"Worth the visit, they have 3 branches i suggest checking all 3 branches 🫶",2,1786155406.0,ITookAPicturePH,1,0.75,False
1vijpoi,https://www.reddit.com/r/HaloInfinity/comments/1vijpoi/halo_infinity_10ft_wired_xbox_360_controller/,💫 Halo Infinity | 10ft Wired Xbox 360 Controller Replacement – Upgraded Joystick Double Shock 2,"# **10ft Wired Xbox 360 Controller Replacement – Upgraded Joystick Double Shock 2**

[![10ft Wired Xbox 360 Controller Replacement - Upgraded Joystick, Double Shock, 2](https://i0.wp.com/i.ebayimg.com/images/g/Z~YAAeSwG5pqdoEJ/s-l1600.jpg?w=1290&ssl=1)](https://www.ebay.com/itm/358898788094?_skw=Xbox&hash=item539008e6fe%3Ag%3AZ~YAAeSwG5pqdoEJ&mkevt=1&mkcid=1&mkrid=711-53200-19255-0&campid=5339144323&customid=&toolid=10049)  
**Seller:** dawcerv49 (96.6% positive feedback)  
**Location:** US  
**Condition:** New  
**Price:** 53.99 USD  
**Shipping cost:** Free  
[Buy It Now](https://www.ebay.com/itm/358898788094?_skw=Xbox&hash=item539008e6fe%3Ag%3AZ~YAAeSwG5pqdoEJ&mkevt=1&mkcid=1&mkrid=711-53200-19255-0&campid=5339144323&customid=&toolid=10049)

#Sponsored

[Buy it on eBay](https://www.ebay.com/itm/358898788094?_skw=Xbox&hash=item539008e6fe%3Ag%3AZ~YAAeSwG5pqdoEJ&mkevt=1&mkcid=1&mkrid=711-53200-19255-0&campid=5339144323&customid=&toolid=10049&ul_ref=https%3A%2F%2Frover.ebay.com%2Frover%2F1%2F711-53200-19255-0%2F1)

In the world of gaming peripherals, the right controller can transform the way you play, especially when you’re investing in long sessions or couch-coop competitions. The 10ft Wired Xbox 360 Controller Replacement with an Upgraded Double Shock Joystick offers a practical balance of reliability, comfort, and extended reach, making it a compelling upgrade for both casual and dedicated gamers.

Key features and considerations:

- Extended cable length: A 10-foot (approximately 3 meters) wired connection provides ample freedom to maneuver across a coffee table, sofa, or gaming setup without sacrificing responsiveness. This is particularly beneficial for living room setups where proximity to a console or PC may vary. – Upgraded Double Shock Joystick: The enhanced joystick system aims to deliver smoother micro-movements and more consistent tactile feedback. This can translate to refined control in a variety of genres, from precise aiming in shooters to nuanced character movement in platformers. – Robust build quality: Replacement controllers are typically designed to withstand daily wear, with reinforced housings and durable trigger mechanisms. For gamers who play heavily or engage in long sessions, durability is a critical factor in reducing fatigue and the need for frequent replacements. – Compatibility and setup: A wired Xbox 360 controller replacement usually maintains broad compatibility with Windows PCs and an original Xbox 360 console. Ensuring that the controller is properly recognized by the system and that drivers (if applicable) are up to date is essential for optimal performance. – Ergonomics and comfort: An extended-duration gaming session benefits from a comfortable grip, balanced weight distribution, and strategically placed controls. The upgraded joystick often aims to minimize hand strain and improve precision during repetitive tasks.

Why consider this upgrade:

- Enhanced precision and control: For players who require finer input, the upgraded joystick can reduce dead zones and deliver more reliable input translation, resulting in more accurate in-game responses. – Longer play sessions: A 10-foot cable eliminates the need to stay close to the console or PC, enabling a more relaxed seating arrangement and less cable tension during movement. – Value-driven performance: When compared to brand-new controllers with similar features, a high-quality replacement with upgraded components can offer a favorable cost-to-performance ratio, especially for gamers who already have a compatible console or PC setup.

Tips for getting the most out of your replacement controller:

- Test before extensive use: Connect the controller and run a quick series of input tests in a game or a calibration tool to ensure the joystick, triggers, and D-pad respond as expected. – Calibrate if needed: Some systems provide calibration options for analog sticks. If you notice drift or inconsistent response, follow the calibration steps to restore accuracy. -Cable management: Route the 10-foot cable to minimize tripping hazards and to prevent undue strain on the connector. Consider cable organizers or a dedicated channel along furniture to keep the setup neat. -Maintenance: Wipe the controller regularly with a soft, damp cloth to remove fingerprint oils and dust. Avoid using harsh cleaners that could degrade the surface or joints.

In summary, a 10ft wired Xbox 360 controller replacement with an upgraded double shock joystick can offer tangible benefits in control, comfort, and flexibility. By balancing robust build quality with extended reach and refined joystick input, this upgrade supports longer play sessions and a more immersive gaming experience, whether you’re revisiting classic titles or enjoying modern retro-inspired games.

[![](https://i0.wp.com/247videogame.com/wp-content/uploads/2026/08/s-l1600-500.jpg?resize=1024%2C1024&ssl=1 ""s-l1600-500-jpg"")](https://i0.wp.com/247videogame.com/wp-content/uploads/2026/08/s-l1600-500.jpg?ssl=1)

  
August 7, 2026 at 10:13PM  
[More Information](https://247videogame.com/10ft-wired-xbox-360-controller-replacement-upgraded-joystick-double-shock-2/)  
Follow for more content like this.  
[24/7 Video Game](https://www.247videogame.com)  
All of the best video games, all of the time.  
[YouTube](https://www.youtube.com/@247videogame)  
[Twitch](https://www.twitch.tv/247videogamecom)  
[Kick](https://kick.com/247videogame)  
[Facebook](https://www.facebook.com/247VideoGame)  
[Instagram](https://www.instagram.com/247videogame)  
[Reddit](https://www.reddit.com/r/247videogame)  
[TikTok](https://www.tiktok.com/@247videogame)  
[X](https://x.com/247VideoGame)  
[Up Game Shop](https://www.UpGameShop.com)  
Donate To  
[St. Jude's Children's Research Hospital](https://fundraising.stjude.org/site/TR?px=9020792&fr\_id=162728&pg=personal)",1,1786155402.0,HaloInfinity,0,1.0,False
1vijpob,https://www.reddit.com/r/GearsOfWars/comments/1vijpob/gears_of_wars_10ft_wired_xbox_360_controller/,⚙️ Gears Of Wars | 10ft Wired Xbox 360 Controller Replacement – Upgraded Joystick Double Shock 2,"# **10ft Wired Xbox 360 Controller Replacement – Upgraded Joystick Double Shock 2**

[![10ft Wired Xbox 360 Controller Replacement - Upgraded Joystick, Double Shock, 2](https://i0.wp.com/i.ebayimg.com/images/g/Z~YAAeSwG5pqdoEJ/s-l1600.jpg?w=1290&ssl=1)](https://www.ebay.com/itm/358898788094?_skw=Xbox&hash=item539008e6fe%3Ag%3AZ~YAAeSwG5pqdoEJ&mkevt=1&mkcid=1&mkrid=711-53200-19255-0&campid=5339144323&customid=&toolid=10049)  
**Seller:** dawcerv49 (96.6% positive feedback)  
**Location:** US  
**Condition:** New  
**Price:** 53.99 USD  
**Shipping cost:** Free  
[Buy It Now](https://www.ebay.com/itm/358898788094?_skw=Xbox&hash=item539008e6fe%3Ag%3AZ~YAAeSwG5pqdoEJ&mkevt=1&mkcid=1&mkrid=711-53200-19255-0&campid=5339144323&customid=&toolid=10049)

#Sponsored

[Buy it on eBay](https://www.ebay.com/itm/358898788094?_skw=Xbox&hash=item539008e6fe%3Ag%3AZ~YAAeSwG5pqdoEJ&mkevt=1&mkcid=1&mkrid=711-53200-19255-0&campid=5339144323&customid=&toolid=10049&ul_ref=https%3A%2F%2Frover.ebay.com%2Frover%2F1%2F711-53200-19255-0%2F1)

In the world of gaming peripherals, the right controller can transform the way you play, especially when you’re investing in long sessions or couch-coop competitions. The 10ft Wired Xbox 360 Controller Replacement with an Upgraded Double Shock Joystick offers a practical balance of reliability, comfort, and extended reach, making it a compelling upgrade for both casual and dedicated gamers.

Key features and considerations:

- Extended cable length: A 10-foot (approximately 3 meters) wired connection provides ample freedom to maneuver across a coffee table, sofa, or gaming setup without sacrificing responsiveness. This is particularly beneficial for living room setups where proximity to a console or PC may vary. – Upgraded Double Shock Joystick: The enhanced joystick system aims to deliver smoother micro-movements and more consistent tactile feedback. This can translate to refined control in a variety of genres, from precise aiming in shooters to nuanced character movement in platformers. – Robust build quality: Replacement controllers are typically designed to withstand daily wear, with reinforced housings and durable trigger mechanisms. For gamers who play heavily or engage in long sessions, durability is a critical factor in reducing fatigue and the need for frequent replacements. – Compatibility and setup: A wired Xbox 360 controller replacement usually maintains broad compatibility with Windows PCs and an original Xbox 360 console. Ensuring that the controller is properly recognized by the system and that drivers (if applicable) are up to date is essential for optimal performance. – Ergonomics and comfort: An extended-duration gaming session benefits from a comfortable grip, balanced weight distribution, and strategically placed controls. The upgraded joystick often aims to minimize hand strain and improve precision during repetitive tasks.

Why consider this upgrade:

- Enhanced precision and control: For players who require finer input, the upgraded joystick can reduce dead zones and deliver more reliable input translation, resulting in more accurate in-game responses. – Longer play sessions: A 10-foot cable eliminates the need to stay close to the console or PC, enabling a more relaxed seating arrangement and less cable tension during movement. – Value-driven performance: When compared to brand-new controllers with similar features, a high-quality replacement with upgraded components can offer a favorable cost-to-performance ratio, especially for gamers who already have a compatible console or PC setup.

Tips for getting the most out of your replacement controller:

- Test before extensive use: Connect the controller and run a quick series of input tests in a game or a calibration tool to ensure the joystick, triggers, and D-pad respond as expected. – Calibrate if needed: Some systems provide calibration options for analog sticks. If you notice drift or inconsistent response, follow the calibration steps to restore accuracy. -Cable management: Route the 10-foot cable to minimize tripping hazards and to prevent undue strain on the connector. Consider cable organizers or a dedicated channel along furniture to keep the setup neat. -Maintenance: Wipe the controller regularly with a soft, damp cloth to remove fingerprint oils and dust. Avoid using harsh cleaners that could degrade the surface or joints.

In summary, a 10ft wired Xbox 360 controller replacement with an upgraded double shock joystick can offer tangible benefits in control, comfort, and flexibility. By balancing robust build quality with extended reach and refined joystick input, this upgrade supports longer play sessions and a more immersive gaming experience, whether you’re revisiting classic titles or enjoying modern retro-inspired games.

[![](https://i0.wp.com/247videogame.com/wp-content/uploads/2026/08/s-l1600-500.jpg?resize=1024%2C1024&ssl=1 ""s-l1600-500-jpg"")](https://i0.wp.com/247videogame.com/wp-content/uploads/2026/08/s-l1600-500.jpg?ssl=1)

  
August 7, 2026 at 10:13PM  
[More Information](https://247videogame.com/10ft-wired-xbox-360-controller-replacement-upgraded-joystick-double-shock-2/)  
Follow for more content like this.  
[24/7 Video Game](https://www.247videogame.com)  
All of the best video games, all of the time.  
[YouTube](https://www.youtube.com/@247videogame)  
[Twitch](https://www.twitch.tv/247videogamecom)  
[Kick](https://kick.com/247videogame)  
[Facebook](https://www.facebook.com/247VideoGame)  
[Instagram](https://www.instagram.com/247videogame)  
[Reddit](https://www.reddit.com/r/247videogame)  
[TikTok](https://www.tiktok.com/@247videogame)  
[X](https://x.com/247VideoGame)  
[Up Game Shop](https://www.UpGameShop.com)  
Donate To  
[St. Jude's Children's Research Hospital](https://fundraising.stjude.org/site/TR?px=9020792&fr\_id=162728&pg=personal)",1,1786155401.0,GearsOfWars,0,1.0,False
1vijpo2,https://www.reddit.com/r/Tekkens/comments/1vijpo2/tekkens_10ft_wired_xbox_360_controller/,🥋 Tekkens | 10ft Wired Xbox 360 Controller Replacement – Upgraded Joystick Double Shock 2,"# **10ft Wired Xbox 360 Controller Replacement – Upgraded Joystick Double Shock 2**

[![10ft Wired Xbox 360 Controller Replacement - Upgraded Joystick, Double Shock, 2](https://i0.wp.com/i.ebayimg.com/images/g/Z~YAAeSwG5pqdoEJ/s-l1600.jpg?w=1290&ssl=1)](https://www.ebay.com/itm/358898788094?_skw=Xbox&hash=item539008e6fe%3Ag%3AZ~YAAeSwG5pqdoEJ&mkevt=1&mkcid=1&mkrid=711-53200-19255-0&campid=5339144323&customid=&toolid=10049)  
**Seller:** dawcerv49 (96.6% positive feedback)  
**Location:** US  
**Condition:** New  
**Price:** 53.99 USD  
**Shipping cost:** Free  
[Buy It Now](https://www.ebay.com/itm/358898788094?_skw=Xbox&hash=item539008e6fe%3Ag%3AZ~YAAeSwG5pqdoEJ&mkevt=1&mkcid=1&mkrid=711-53200-19255-0&campid=5339144323&customid=&toolid=10049)

#Sponsored

[Buy it on eBay](https://www.ebay.com/itm/358898788094?_skw=Xbox&hash=item539008e6fe%3Ag%3AZ~YAAeSwG5pqdoEJ&mkevt=1&mkcid=1&mkrid=711-53200-19255-0&campid=5339144323&customid=&toolid=10049&ul_ref=https%3A%2F%2Frover.ebay.com%2Frover%2F1%2F711-53200-19255-0%2F1)

In the world of gaming peripherals, the right controller can transform the way you play, especially when you’re investing in long sessions or couch-coop competitions. The 10ft Wired Xbox 360 Controller Replacement with an Upgraded Double Shock Joystick offers a practical balance of reliability, comfort, and extended reach, making it a compelling upgrade for both casual and dedicated gamers.

Key features and considerations:

- Extended cable length: A 10-foot (approximately 3 meters) wired connection provides ample freedom to maneuver across a coffee table, sofa, or gaming setup without sacrificing responsiveness. This is particularly beneficial for living room setups where proximity to a console or PC may vary. – Upgraded Double Shock Joystick: The enhanced joystick system aims to deliver smoother micro-movements and more consistent tactile feedback. This can translate to refined control in a variety of genres, from precise aiming in shooters to nuanced character movement in platformers. – Robust build quality: Replacement controllers are typically designed to withstand daily wear, with reinforced housings and durable trigger mechanisms. For gamers who play heavily or engage in long sessions, durability is a critical factor in reducing fatigue and the need for frequent replacements. – Compatibility and setup: A wired Xbox 360 controller replacement usually maintains broad compatibility with Windows PCs and an original Xbox 360 console. Ensuring that the controller is properly recognized by the system and that drivers (if applicable) are up to date is essential for optimal performance. – Ergonomics and comfort: An extended-duration gaming session benefits from a comfortable grip, balanced weight distribution, and strategically placed controls. The upgraded joystick often aims to minimize hand strain and improve precision during repetitive tasks.

Why consider this upgrade:

- Enhanced precision and control: For players who require finer input, the upgraded joystick can reduce dead zones and deliver more reliable input translation, resulting in more accurate in-game responses. – Longer play sessions: A 10-foot cable eliminates the need to stay close to the console or PC, enabling a more relaxed seating arrangement and less cable tension during movement. – Value-driven performance: When compared to brand-new controllers with similar features, a high-quality replacement with upgraded components can offer a favorable cost-to-performance ratio, especially for gamers who already have a compatible console or PC setup.

Tips for getting the most out of your replacement controller:

- Test before extensive use: Connect the controller and run a quick series of input tests in a game or a calibration tool to ensure the joystick, triggers, and D-pad respond as expected. – Calibrate if needed: Some systems provide calibration options for analog sticks. If you notice drift or inconsistent response, follow the calibration steps to restore accuracy. -Cable management: Route the 10-foot cable to minimize tripping hazards and to prevent undue strain on the connector. Consider cable organizers or a dedicated channel along furniture to keep the setup neat. -Maintenance: Wipe the controller regularly with a soft, damp cloth to remove fingerprint oils and dust. Avoid using harsh cleaners that could degrade the surface or joints.

In summary, a 10ft wired Xbox 360 controller replacement with an upgraded double shock joystick can offer tangible benefits in control, comfort, and flexibility. By balancing robust build quality with extended reach and refined joystick input, this upgrade supports longer play sessions and a more immersive gaming experience, whether you’re revisiting classic titles or enjoying modern retro-inspired games.

[![](https://i0.wp.com/247videogame.com/wp-content/uploads/2026/08/s-l1600-500.jpg?resize=1024%2C1024&ssl=1 ""s-l1600-500-jpg"")](https://i0.wp.com/247videogame.com/wp-content/uploads/2026/08/s-l1600-500.jpg?ssl=1)

  
August 7, 2026 at 10:13PM  
[More Information](https://247videogame.com/10ft-wired-xbox-360-controller-replacement-upgraded-joystick-double-shock-2/)  
Follow for more content like this.  
[24/7 Video Game](https://www.247videogame.com)  
All of the best video games, all of the time.  
[YouTube](https://www.youtube.com/@247videogame)  
[Twitch](https://www.twitch.tv/247videogamecom)  
[Kick](https://kick.com/247videogame)  
[Facebook](https://www.facebook.com/247VideoGame)  
[Instagram](https://www.instagram.com/247videogame)  
[Reddit](https://www.reddit.com/r/247videogame)  
[TikTok](https://www.tiktok.com/@247videogame)  
[X](https://x.com/247VideoGame)  
[Up Game Shop](https://www.UpGameShop.com)  
Donate To  
[St. Jude's Children's Research Hospital](https://fundraising.stjude.org/site/TR?px=9020792&fr\_id=162728&pg=personal)",1,1786155401.0,Tekkens,0,1.0,False
1vijpno,https://www.reddit.com/r/UpGameShop/comments/1vijpno/game_shop_10ft_wired_xbox_360_controller/,⬆️ Game Shop | 10ft Wired Xbox 360 Controller Replacement – Upgraded Joystick Double Shock 2,"# **10ft Wired Xbox 360 Controller Replacement – Upgraded Joystick Double Shock 2**

[![10ft Wired Xbox 360 Controller Replacement - Upgraded Joystick, Double Shock, 2](https://i0.wp.com/i.ebayimg.com/images/g/Z~YAAeSwG5pqdoEJ/s-l1600.jpg?w=1290&ssl=1)](https://www.ebay.com/itm/358898788094?_skw=Xbox&hash=item539008e6fe%3Ag%3AZ~YAAeSwG5pqdoEJ&mkevt=1&mkcid=1&mkrid=711-53200-19255-0&campid=5339144323&customid=&toolid=10049)  
**Seller:** dawcerv49 (96.6% positive feedback)  
**Location:** US  
**Condition:** New  
**Price:** 53.99 USD  
**Shipping cost:** Free  
[Buy It Now](https://www.ebay.com/itm/358898788094?_skw=Xbox&hash=item539008e6fe%3Ag%3AZ~YAAeSwG5pqdoEJ&mkevt=1&mkcid=1&mkrid=711-53200-19255-0&campid=5339144323&customid=&toolid=10049)

#Sponsored

[Buy it on eBay](https://www.ebay.com/itm/358898788094?_skw=Xbox&hash=item539008e6fe%3Ag%3AZ~YAAeSwG5pqdoEJ&mkevt=1&mkcid=1&mkrid=711-53200-19255-0&campid=5339144323&customid=&toolid=10049&ul_ref=https%3A%2F%2Frover.ebay.com%2Frover%2F1%2F711-53200-19255-0%2F1)

In the world of gaming peripherals, the right controller can transform the way you play, especially when you’re investing in long sessions or couch-coop competitions. The 10ft Wired Xbox 360 Controller Replacement with an Upgraded Double Shock Joystick offers a practical balance of reliability, comfort, and extended reach, making it a compelling upgrade for both casual and dedicated gamers.

Key features and considerations:

- Extended cable length: A 10-foot (approximately 3 meters) wired connection provides ample freedom to maneuver across a coffee table, sofa, or gaming setup without sacrificing responsiveness. This is particularly beneficial for living room setups where proximity to a console or PC may vary. – Upgraded Double Shock Joystick: The enhanced joystick system aims to deliver smoother micro-movements and more consistent tactile feedback. This can translate to refined control in a variety of genres, from precise aiming in shooters to nuanced character movement in platformers. – Robust build quality: Replacement controllers are typically designed to withstand daily wear, with reinforced housings and durable trigger mechanisms. For gamers who play heavily or engage in long sessions, durability is a critical factor in reducing fatigue and the need for frequent replacements. – Compatibility and setup: A wired Xbox 360 controller replacement usually maintains broad compatibility with Windows PCs and an original Xbox 360 console. Ensuring that the controller is properly recognized by the system and that drivers (if applicable) are up to date is essential for optimal performance. – Ergonomics and comfort: An extended-duration gaming session benefits from a comfortable grip, balanced weight distribution, and strategically placed controls. The upgraded joystick often aims to minimize hand strain and improve precision during repetitive tasks.

Why consider this upgrade:

- Enhanced precision and control: For players who require finer input, the upgraded joystick can reduce dead zones and deliver more reliable input translation, resulting in more accurate in-game responses. – Longer play sessions: A 10-foot cable eliminates the need to stay close to the console or PC, enabling a more relaxed seating arrangement and less cable tension during movement. – Value-driven performance: When compared to brand-new controllers with similar features, a high-quality replacement with upgraded components can offer a favorable cost-to-performance ratio, especially for gamers who already have a compatible console or PC setup.

Tips for getting the most out of your replacement controller:

- Test before extensive use: Connect the controller and run a quick series of input tests in a game or a calibration tool to ensure the joystick, triggers, and D-pad respond as expected. – Calibrate if needed: Some systems provide calibration options for analog sticks. If you notice drift or inconsistent response, follow the calibration steps to restore accuracy. -Cable management: Route the 10-foot cable to minimize tripping hazards and to prevent undue strain on the connector. Consider cable organizers or a dedicated channel along furniture to keep the setup neat. -Maintenance: Wipe the controller regularly with a soft, damp cloth to remove fingerprint oils and dust. Avoid using harsh cleaners that could degrade the surface or joints.

In summary, a 10ft wired Xbox 360 controller replacement with an upgraded double shock joystick can offer tangible benefits in control, comfort, and flexibility. By balancing robust build quality with extended reach and refined joystick input, this upgrade supports longer play sessions and a more immersive gaming experience, whether you’re revisiting classic titles or enjoying modern retro-inspired games.

[![](https://i0.wp.com/247videogame.com/wp-content/uploads/2026/08/s-l1600-500.jpg?resize=1024%2C1024&ssl=1 ""s-l1600-500-jpg"")](https://i0.wp.com/247videogame.com/wp-content/uploads/2026/08/s-l1600-500.jpg?ssl=1)

  
August 7, 2026 at 10:13PM  
[More Information](https://247videogame.com/10ft-wired-xbox-360-controller-replacement-upgraded-joystick-double-shock-2/)  
Follow for more content like this.  
[24/7 Video Game](https://www.247videogame.com)  
All of the best video games, all of the time.  
[YouTube](https://www.youtube.com/@247videogame)  
[Twitch](https://www.twitch.tv/247videogamecom)  
[Kick](https://kick.com/247videogame)  
[Facebook](https://www.facebook.com/247VideoGame)  
[Instagram](https://www.instagram.com/247videogame)  
[Reddit](https://www.reddit.com/r/247videogame)  
[TikTok](https://www.tiktok.com/@247videogame)  
[X](https://x.com/247VideoGame)  
[Up Game Shop](https://www.UpGameShop.com)  
Donate To  
[St. Jude's Children's Research Hospital](https://fundraising.stjude.org/site/TR?px=9020792&fr\_id=162728&pg=personal)",1,1786155400.0,UpGameShop,0,1.0,False
1vijpnh,https://www.reddit.com/r/247videogame/comments/1vijpnh/247_video_game_10ft_wired_xbox_360_controller/,🌐 24/7 Video Game | 10ft Wired Xbox 360 Controller Replacement – Upgraded Joystick Double Shock 2,"# **10ft Wired Xbox 360 Controller Replacement – Upgraded Joystick Double Shock 2**

[![10ft Wired Xbox 360 Controller Replacement - Upgraded Joystick, Double Shock, 2](https://i0.wp.com/i.ebayimg.com/images/g/Z~YAAeSwG5pqdoEJ/s-l1600.jpg?w=1290&ssl=1)](https://www.ebay.com/itm/358898788094?_skw=Xbox&hash=item539008e6fe%3Ag%3AZ~YAAeSwG5pqdoEJ&mkevt=1&mkcid=1&mkrid=711-53200-19255-0&campid=5339144323&customid=&toolid=10049)  
**Seller:** dawcerv49 (96.6% positive feedback)  
**Location:** US  
**Condition:** New  
**Price:** 53.99 USD  
**Shipping cost:** Free  
[Buy It Now](https://www.ebay.com/itm/358898788094?_skw=Xbox&hash=item539008e6fe%3Ag%3AZ~YAAeSwG5pqdoEJ&mkevt=1&mkcid=1&mkrid=711-53200-19255-0&campid=5339144323&customid=&toolid=10049)

#Sponsored

[Buy it on eBay](https://www.ebay.com/itm/358898788094?_skw=Xbox&hash=item539008e6fe%3Ag%3AZ~YAAeSwG5pqdoEJ&mkevt=1&mkcid=1&mkrid=711-53200-19255-0&campid=5339144323&customid=&toolid=10049&ul_ref=https%3A%2F%2Frover.ebay.com%2Frover%2F1%2F711-53200-19255-0%2F1)

In the world of gaming peripherals, the right controller can transform the way you play, especially when you’re investing in long sessions or couch-coop competitions. The 10ft Wired Xbox 360 Controller Replacement with an Upgraded Double Shock Joystick offers a practical balance of reliability, comfort, and extended reach, making it a compelling upgrade for both casual and dedicated gamers.

Key features and considerations:

- Extended cable length: A 10-foot (approximately 3 meters) wired connection provides ample freedom to maneuver across a coffee table, sofa, or gaming setup without sacrificing responsiveness. This is particularly beneficial for living room setups where proximity to a console or PC may vary. – Upgraded Double Shock Joystick: The enhanced joystick system aims to deliver smoother micro-movements and more consistent tactile feedback. This can translate to refined control in a variety of genres, from precise aiming in shooters to nuanced character movement in platformers. – Robust build quality: Replacement controllers are typically designed to withstand daily wear, with reinforced housings and durable trigger mechanisms. For gamers who play heavily or engage in long sessions, durability is a critical factor in reducing fatigue and the need for frequent replacements. – Compatibility and setup: A wired Xbox 360 controller replacement usually maintains broad compatibility with Windows PCs and an original Xbox 360 console. Ensuring that the controller is properly recognized by the system and that drivers (if applicable) are up to date is essential for optimal performance. – Ergonomics and comfort: An extended-duration gaming session benefits from a comfortable grip, balanced weight distribution, and strategically placed controls. The upgraded joystick often aims to minimize hand strain and improve precision during repetitive tasks.

Why consider this upgrade:

- Enhanced precision and control: For players who require finer input, the upgraded joystick can reduce dead zones and deliver more reliable input translation, resulting in more accurate in-game responses. – Longer play sessions: A 10-foot cable eliminates the need to stay close to the console or PC, enabling a more relaxed seating arrangement and less cable tension during movement. – Value-driven performance: When compared to brand-new controllers with similar features, a high-quality replacement with upgraded components can offer a favorable cost-to-performance ratio, especially for gamers who already have a compatible console or PC setup.

Tips for getting the most out of your replacement controller:

- Test before extensive use: Connect the controller and run a quick series of input tests in a game or a calibration tool to ensure the joystick, triggers, and D-pad respond as expected. – Calibrate if needed: Some systems provide calibration options for analog sticks. If you notice drift or inconsistent response, follow the calibration steps to restore accuracy. -Cable management: Route the 10-foot cable to minimize tripping hazards and to prevent undue strain on the connector. Consider cable organizers or a dedicated channel along furniture to keep the setup neat. -Maintenance: Wipe the controller regularly with a soft, damp cloth to remove fingerprint oils and dust. Avoid using harsh cleaners that could degrade the surface or joints.

In summary, a 10ft wired Xbox 360 controller replacement with an upgraded double shock joystick can offer tangible benefits in control, comfort, and flexibility. By balancing robust build quality with extended reach and refined joystick input, this upgrade supports longer play sessions and a more immersive gaming experience, whether you’re revisiting classic titles or enjoying modern retro-inspired games.

[![](https://i0.wp.com/247videogame.com/wp-content/uploads/2026/08/s-l1600-500.jpg?resize=1024%2C1024&ssl=1 ""s-l1600-500-jpg"")](https://i0.wp.com/247videogame.com/wp-content/uploads/2026/08/s-l1600-500.jpg?ssl=1)

  
August 7, 2026 at 10:13PM  
[More Information](https://247videogame.com/10ft-wired-xbox-360-controller-replacement-upgraded-joystick-double-shock-2/)  
Follow for more content like this.  
[24/7 Video Game](https://www.247videogame.com)  
All of the best video games, all of the time.  
[YouTube](https://www.youtube.com/@247videogame)  
[Twitch](https://www.twitch.tv/247videogamecom)  
[Kick](https://kick.com/247videogame)  
[Facebook](https://www.facebook.com/247VideoGame)  
[Instagram](https://www.instagram.com/247videogame)  
[Reddit](https://www.reddit.com/r/247videogame)  
[TikTok](https://www.tiktok.com/@247videogame)  
[X](https://x.com/247VideoGame)  
[Up Game Shop](https://www.UpGameShop.com)  
Donate To  
[St. Jude's Children's Research Hospital](https://fundraising.stjude.org/site/TR?px=9020792&fr\_id=162728&pg=personal)",1,1786155400.0,247videogame,0,1.0,False
1vijpn5,https://www.reddit.com/r/GameProfessional/comments/1vijpn5/game_professional_10ft_wired_xbox_360_controller/,🏆 Game Professional | 10ft Wired Xbox 360 Controller Replacement – Upgraded Joystick Double Shock 2,"# **10ft Wired Xbox 360 Controller Replacement – Upgraded Joystick Double Shock 2**

[![10ft Wired Xbox 360 Controller Replacement - Upgraded Joystick, Double Shock, 2](https://i0.wp.com/i.ebayimg.com/images/g/Z~YAAeSwG5pqdoEJ/s-l1600.jpg?w=1290&ssl=1)](https://www.ebay.com/itm/358898788094?_skw=Xbox&hash=item539008e6fe%3Ag%3AZ~YAAeSwG5pqdoEJ&mkevt=1&mkcid=1&mkrid=711-53200-19255-0&campid=5339144323&customid=&toolid=10049)  
**Seller:** dawcerv49 (96.6% positive feedback)  
**Location:** US  
**Condition:** New  
**Price:** 53.99 USD  
**Shipping cost:** Free  
[Buy It Now](https://www.ebay.com/itm/358898788094?_skw=Xbox&hash=item539008e6fe%3Ag%3AZ~YAAeSwG5pqdoEJ&mkevt=1&mkcid=1&mkrid=711-53200-19255-0&campid=5339144323&customid=&toolid=10049)

#Sponsored

[Buy it on eBay](https://www.ebay.com/itm/358898788094?_skw=Xbox&hash=item539008e6fe%3Ag%3AZ~YAAeSwG5pqdoEJ&mkevt=1&mkcid=1&mkrid=711-53200-19255-0&campid=5339144323&customid=&toolid=10049&ul_ref=https%3A%2F%2Frover.ebay.com%2Frover%2F1%2F711-53200-19255-0%2F1)

In the world of gaming peripherals, the right controller can transform the way you play, especially when you’re investing in long sessions or couch-coop competitions. The 10ft Wired Xbox 360 Controller Replacement with an Upgraded Double Shock Joystick offers a practical balance of reliability, comfort, and extended reach, making it a compelling upgrade for both casual and dedicated gamers.

Key features and considerations:

- Extended cable length: A 10-foot (approximately 3 meters) wired connection provides ample freedom to maneuver across a coffee table, sofa, or gaming setup without sacrificing responsiveness. This is particularly beneficial for living room setups where proximity to a console or PC may vary. – Upgraded Double Shock Joystick: The enhanced joystick system aims to deliver smoother micro-movements and more consistent tactile feedback. This can translate to refined control in a variety of genres, from precise aiming in shooters to nuanced character movement in platformers. – Robust build quality: Replacement controllers are typically designed to withstand daily wear, with reinforced housings and durable trigger mechanisms. For gamers who play heavily or engage in long sessions, durability is a critical factor in reducing fatigue and the need for frequent replacements. – Compatibility and setup: A wired Xbox 360 controller replacement usually maintains broad compatibility with Windows PCs and an original Xbox 360 console. Ensuring that the controller is properly recognized by the system and that drivers (if applicable) are up to date is essential for optimal performance. – Ergonomics and comfort: An extended-duration gaming session benefits from a comfortable grip, balanced weight distribution, and strategically placed controls. The upgraded joystick often aims to minimize hand strain and improve precision during repetitive tasks.

Why consider this upgrade:

- Enhanced precision and control: For players who require finer input, the upgraded joystick can reduce dead zones and deliver more reliable input translation, resulting in more accurate in-game responses. – Longer play sessions: A 10-foot cable eliminates the need to stay close to the console or PC, enabling a more relaxed seating arrangement and less cable tension during movement. – Value-driven performance: When compared to brand-new controllers with similar features, a high-quality replacement with upgraded components can offer a favorable cost-to-performance ratio, especially for gamers who already have a compatible console or PC setup.

Tips for getting the most out of your replacement controller:

- Test before extensive use: Connect the controller and run a quick series of input tests in a game or a calibration tool to ensure the joystick, triggers, and D-pad respond as expected. – Calibrate if needed: Some systems provide calibration options for analog sticks. If you notice drift or inconsistent response, follow the calibration steps to restore accuracy. -Cable management: Route the 10-foot cable to minimize tripping hazards and to prevent undue strain on the connector. Consider cable organizers or a dedicated channel along furniture to keep the setup neat. -Maintenance: Wipe the controller regularly with a soft, damp cloth to remove fingerprint oils and dust. Avoid using harsh cleaners that could degrade the surface or joints.

In summary, a 10ft wired Xbox 360 controller replacement with an upgraded double shock joystick can offer tangible benefits in control, comfort, and flexibility. By balancing robust build quality with extended reach and refined joystick input, this upgrade supports longer play sessions and a more immersive gaming experience, whether you’re revisiting classic titles or enjoying modern retro-inspired games.

[![](https://i0.wp.com/247videogame.com/wp-content/uploads/2026/08/s-l1600-500.jpg?resize=1024%2C1024&ssl=1 ""s-l1600-500-jpg"")](https://i0.wp.com/247videogame.com/wp-content/uploads/2026/08/s-l1600-500.jpg?ssl=1)

  
August 7, 2026 at 10:13PM  
[More Information](https://247videogame.com/10ft-wired-xbox-360-controller-replacement-upgraded-joystick-double-shock-2/)  
Follow for more content like this.  
[24/7 Video Game](https://www.247videogame.com)  
All of the best video games, all of the time.  
[YouTube](https://www.youtube.com/@247videogame)  
[Twitch](https://www.twitch.tv/247videogamecom)  
[Kick](https://kick.com/247videogame)  
[Facebook](https://www.facebook.com/247VideoGame)  
[Instagram](https://www.instagram.com/247videogame)  
[Reddit](https://www.reddit.com/r/247videogame)  
[TikTok](https://www.tiktok.com/@247videogame)  
[X](https://x.com/247VideoGame)  
[Up Game Shop](https://www.UpGameShop.com)  
Donate To  
[St. Jude's Children's Research Hospital](https://fundraising.stjude.org/site/TR?px=9020792&fr\_id=162728&pg=personal)",1,1786155399.0,GameProfessional,0,1.0,False
1vijpgs,https://www.reddit.com/r/espresso/comments/1vijpgs/what_would_you_guys_recommend_for_a_beginner_full/,What would you guys recommend for a beginner full setup with a [~£300] budget?,"# 

Heyo, I'm new to the world of home coffee setups and while I enjoy coffee (mainly milk based drinks), I don't drink coffee too often because it causes me stomach troubles. As such, I have been thinking about buying a setup which I will use for 1-2 drinks per day.

As I'm new to the hobby and I don't want to spend a ton of money, I have set myself a strict budget of £300 but I would realistically like to spend as little as possible. Due to this, I have been thinking about buying a De'Longhi Stilosa EC230 and a Kingrinder P2 for a combo that costs around £130. Alongside these, I plan to buy: WDT tool, scale with timer, spring loaded tamper, tamping station/ some mats and a small shelf to store stuff on. The addition of the extra items means that I will be spending an additional \~£50 on top of the cost of the machine + grinder.

However, I have been seeing/ reading that the grinder matters the most in the setup when it comes to how your coffee tastes. Truthfully speaking, I don't really know what great coffee tastes like because I almost exclusively drink coffee with milk and the odd times that I have had black coffee (at family gatherings), it is always quite bitter. My house, and most family members houses, always had instant coffee or pre ground coffee such as Douwe Egberts. I have also had some Nespresso before, which wasn't bad.

Due to the fact that the grinder seems to matter the most, and people saying that you should dedicate more of the budget to it vs the espresso machine itself, I have been debating as to whether I should spend the extra £120 and get a Baratza Encore ESP. From what I have been able to see, that's the cheapest electric coffee grinder that people highly rate. On the other hand, I have also been debating as to whether I want to spend around £100 on a Kingrinder K6. I have also been debating purchasing a second hand Iberital MC2 off of eBay (costs around £90) but that is a little more risky as it is a used item. The espresso machine of choice will most likely still the Stilosa because I haven't found anything cheaper/ within the same price range, that also has solid reviews.

I recently tried the medium roast from Exhale coffee and I will say that I was pretty amazed. I could taste actual flavours in the coffee and prior to checking the label, I identified the taste of honey and then I saw that the label said that it had a chocolate, honey and another taste (I cannot remember the last one) to it. That was kind of what made me decide to get a home espresso setup because I want to see if I can actually make coffee that tastes good without always putting milk and sugar in it. That aside, I also am completely lost as to what route to go when it comes to beans or if I should even go with decaf to see if it alleviates my stomach troubles.

As of right now, I have come up with a few possible combinations:

1. De'Longhi Stilosa + Kingrinder P2 (\~£130)
2. De'Longhi Stilosa + Iberital MC2 (\~£180)
3. De'Longhi Stilosa + Kingrinder K6 (\~£200)
4. De'Longhi Stilosa + Baratza Encore ESP (\~£260)

The way I see it, I can spend the £150 and see if I actually enjoy making decent enough coffee. If I do, I could put up with the P2 for a few months then upgrade to an Encore ESP down the line once I have identified what I like in my coffee.

Another issue I have ran into is that I just received another shipment from Exhale coffee but it is preground beans and if I get the Stilos EC230 then I cannot use them. I could get the EC260 and use the preground beans then buy an unpressurised basket once the preground coffee is finished. However, this means I would spend like \~£30 extra buying an unpressurised basket.

I'm looking for advice and help as to what a novice should be buying and if there are any things that I have added that are unnecessary or if I have missed any stuff that are necessary. I plan to purchase my items in the next 3-4 days from today.",2,1786155385.0,espresso,4,1.0,False
1vijp1p,https://i.redd.it/4fv21icw82ih1.png,I do think this was useful,"Overall iris color

Dominant color: Very dark espresso brown.

Approximate shade: Between espresso, dark roasted coffee, and bittersweet dark chocolate.

Depth: Extremely deep (around 9–10/10 on the lightness scale).

Brightness: Low. The iris absorbs a lot of light, giving it a rich, velvety appearance.

Undertones

Your iris appears to lean slightly cool-neutral, rather than strongly warm.

Primary undertone: Neutral.

Secondary undertone: Slightly cool (a faint charcoal/ashy influence).

Warmth: Only a tiny amount of warm reddish-brown appears where the light hits the iris.

So I would describe it as:

Neutral dark brown with a subtle cool espresso undertone.

It is not a golden honey brown or amber brown.

Overall impression

Your eyes give a distinctly quiet, deep, and understated impression rather than a bright or sparkling one. The color isn't attention-grabbing because of vivid pigmentation; instead, it has a sense of depth. In strong sunlight, you'd likely notice more of the subtle chocolate-brown fibers, while indoors or in dim light they can appear almost black.

In color analysis terms, I would describe your iris as:

Very deep neutral-to-cool espresso brown with soft charcoal undertones, medium saturation, a smooth radial gradient from near-black around the pupil to dark chocolate brown toward the outer iris, and a subdued velvety texture.

That's the result I've got from consulting Chat GTP after checking that someone with really bright green striking eyes did it, so I have to try it. It was cool I guess. ",4,1786155352.0,eyes,3,0.83,False
1vijotv,https://www.reddit.com/r/Wilmington/comments/1vijotv/considering_relocating_to_wilmington_please_no/,Considering Relocating to Wilmington (Please no negative comments),"55 year-old single professional, very active (Golf, cycling, dog owner) considering relocating from the Washington DC DMV area.  Would rather be enclosed proximity to a golf course and good cycling and hiking trails with my dog, then be directly on the water.  Love a little culture, foodie, great coffee shops, and social groups.  Any recommendations on neighborhoods to checkout?  Family in Charlotte ",0,1786155332.0,Wilmington,5,0.27,False
1vijo61,https://i.redd.it/5uia3wdo82ih1.jpeg,Homemade Espresso martini,"Ingredients

1 ounce 

espresso or cold brew coffee

2 ounces 

vodka

1 ounce 

coffee liqueur

1/2 ounce Mr Black

Ice

Instructions

If using espresso, prepare and let 1 ounce cool to room temperature, or refrigerate before using. Place a martini glass in the refrigerator or freezer for at least 5 minutes to chill.

Place the espresso or 1 ounce cold brew coffee, 2 ounces vodka, 1 ounce coffee liqueur, and 1/2 ounce simple syrup in a cocktail shaker. Add enough ice to fill the shaker halfway. Seal the shaker and shake vigorously until very cold and outside of the shaker is frosty, about 20 seconds. Pour through a strainer into the martini glass and garnish if desired.",6,1786155277.0,cocktails,2,1.0,False
1vijnpp,https://i.redd.it/ar8t2mfk82ih1.jpeg,How to Lavender Coffee,"Gotta say, yes, I was very skeptical at first but this is really really good. You have to use honey packets not Syrup, and the measurements are actually important otherwise it’ll be bad/weird. ",1,1786155240.0,starbucks,0,1.0,False
1vijnji,https://www.reddit.com/r/Chandigarhfriends/comments/1vijnji/just_landed_in_zirakpur_looking_for_cool_people/,Just landed in Zirakpur 👀 Looking for cool people nearby,"So basically, I'm a new intern at a startup near VIP Road. The city's completely new to me, no familiar faces yet, and honestly I just want to build a small circle here. If you're around Zirakpur/Chandigarh and up for meetups coffee, gym, chai, whatever hit me up!

Cheers! 🤙",1,1786155225.0,Chandigarhfriends,0,1.0,False
1vijnfn,https://www.reddit.com/r/gallbladders/comments/1vijnfn/do_i_need_to_go_back_to_the_er_5_days_post_op/,do i need to go back to the ER? (5 days post op + injury),"i am 5 days post op from an emergency lap chole. 

i dont like hospitals but i tapped out 3 hours into my stone riddled and acutely inflamed gallbladder decided to make its presence known.

i have 4 port sites from the surgery and stayed overnight for observation afterwards.

i am really, really worried i won another golden ticket to the emergency room, formerly known as purgatory.

i was getting into bed 2 nights ago. due to my incredibly high intelligence i have created new ways to get into bed. i was attempting to do my newest technique i dubbed ""please dont let the dogs jump on me"" and that required me to get onto the bed in the kneeling position and hold a big ""get well"" teddy bear to my stomach. i kneeled on both knees and tried to lower myself onto my side and then lay my back flat against the pillow.

 \*poof\* 

i was now sideways bearing most of my weight on my elbow that i use to guide my body down against the bed. i lost my balance and wobbled so my abdomen immediately battened down the hatches and tensed up. before i could even finish singin ""dip it low, bring it up slow\~"" i felt something TEAR (it was not in the same way nurses ask if your pain is ""stabbing, shooting, etc?"") this was a literal tearing sensation inside my abdomen and man it tore slow just like how people tear fake paper on tv. this was followed by a wave of heat and then numbness inside my abdomen where my palmer's point incision was made. the heat thing ended quick and the pain did too with a lil help of from ye olde opiates the doctor generously gave me enough to put 1 on each of my fingers and thumbs.

UHHHH

the numbness is still here yall??!?! it starts underneath and from the beginning of my incision, then just straight across and stops dead center of my abdomen..which i just assumed because it is directly above my belly button. 

my more pressing issue is now theres a lump. the lump sits above the incision site. the lump also doesn't whisper plans for world domination so im also concerned it could be sick or maybe dead.  i notice it more when i stand than lay but that also might be because im either asleep or watching tv..whatever. im worried its a hernia. everything else is mildly tender but palmer got a real attitude n im sick of him. im literally losing the ability to wipe my own booty and if my wife finds out that will be one more thing she manages during my recovery(she hid the pop/coffee/chips, she refused me ramen, i cant have anything except low fat, musty, crusty and extra disgusty food even though i literally only can survive on ice cream and she knows that. i have to be in bed all day resting--which is really no fun at all when its neither hooky or hanky. to top it all off she wants me to quit vaping when i am stressin so hard and have been denied ALL the simple pleasures in life.

so back on track plus a lil TLDR; skip for those of yall in too much pain to read my struggle or w.e:

5 days post op. 2 days post injury at palmer's point incision site and 20 hours since i injured it a second time which was when i tried to get OUT of bed--less severe and only made me cry in my mind.

i lost balance when trying to lay, abdomen braced and i felt a tearing sensation followed by a wave of heat and then a numbness that never went away under the incision and to my midline. above the incision i have a bulge i am worried may be a hernia. i noticed it when showering yesterday. im still able to have a BM and i read thats a good sign. the pain however is specific to that one location now while the other 3 sites cause mild discomfort. i called the hosp after hours and got an on call doc. i explained this to him and he said it's nothing to worry about--just general soreness and the numbing he assumes is just from swelling and then hung up because wtf was that? the hosp i go to btw is notoriously bad. i actually almost got discharged because my blood tests were normal and given a script of pepcid and appt for a GI doc. i dont trust anyone who washes their hands as much as them.

should i go to the er? should i wait and see? could i sue if i dont go and it gets really bad since that doc told me all was well? lemme know..ill be here cuz..im supposed to be ""resting"".",4,1786155215.0,gallbladders,3,1.0,False
1vijm6r,https://i.redd.it/q21gnmh682ih1.jpeg,palpitate pa more,\#oatside,1,1786155112.0,u_FirstJournalist4807,0,1.0,False
1vijlzr,https://www.reddit.com/r/Trading/comments/1vijlzr/local_community/,Local community,"Hi All. 

Experienced options/ stock trader here with 10+yrs of experience. I don't do it full time as I do have a full-time job but I do get enough screen time per day. 

Looking to meet and chat with local traders in a similar situation within the greater Toronto area if there's enough interest possibly put together a quick coffee meetup could be a monthly thing to trade ideas chat and grow the community. 

Let me know if there's interest. ",1,1786155098.0,Trading,1,1.0,False
1vijkyc,https://www.reddit.com/r/jobs/comments/1vijkyc/new_job_hasnt_contacted_me_after_orientation/,New job hasn’t contacted me after orientation,"I got hired at a small coffee chain and recently had an orientation with them on Tuesday, my orientation was at a different location because of scheduling conflicts so therefore I couldn’t get the information of when I’ll start since it wasn’t my location. The last thing they told me was them waiting to hear back from HQ awaiting an approval to fund my training which is reasonable.  
The issue is that this was on Tuesday and haven’t gotten a call back since then. Is this a red flag? Is it too early for me to ask when I’m able to start?   
Any advice helps!!",1,1786155014.0,jobs,1,1.0,False
1vijksa,https://www.reddit.com/r/sandiegosocial/comments/1vijksa/43m_looking_for_casual_coed_activity_partner/,43M - looking for casual co-ed activity partner,"Hey everyone. I'm a quiet, low-key guy (non-drinker/420 friendly) who has spent the last few years focused on work and self-growth. One year post-divorce, looking to expand my circle with friendly people. Down for casual coffee, as a companion for errands, walking somewhere, or grabbing/cooking food. Super relaxed, zero dating expectations, just looking for good company.",0,1786154999.0,sandiegosocial,0,0.5,False
1vijjoy,https://www.nzherald.co.nz/world/nocturnal-coffee-frog-discovered-in-costa-rica/4ETL67KUWNEFLDQ22HKWSDUQLU/,[World] - Nocturnal ‘coffee frog’ discovered in Costa Rica | NZ Herald,,1,1786154906.0,AutoNewspaper,0,1.0,False
1vijjeq,https://www.reddit.com/r/DeepThoughts/comments/1vijjeq/i_left_my_hometown_but_i_still_wish_i_could_make/,"I left my hometown, but I still wish I could make it better.","I grew up near a small town that felt really limiting. There wasn't much to do there, and I left almost immediately after high school because I wanted adventure and to see what else was out there.

Leaving was probably the right thing for me. I've experienced a lot of things my teenage self only ever imagined was possible, and I've built a life somewhere else, so I don't actually regret leaving, but lately I've been thinking about how much I still want that place to be better. Not necessarily because I want to go back and live there. I don't think I can. I've built a life elsewhere, and ""home"" is kind of a foreign place to me now.

It's more that I wish my hometown had been the kind of place where my teenage self could have thought ""This place is actually pretty great. I might still leave someday, but I'd love to come back after my great adventure.""

Sometimes I fantasize about winning the lottery and going back and fixing up the downtown. Nice buildings, places to walk around, indoor mini golf, coffee, ice cream, pizza... just some cool places to hang out. I wouldn't even want my name attached to it. I'd just want people to walk in and think, ""Yay, there's actually something neat to do here.""

I think some of this is anger. Those people let the town die. But I also know that's not really fair, and I don't even know if I'd even like most of the people there anymore. Maybe I'm just trying to nourish my child-self a little. Give him the place he wished he'd had.

I don't know. It just feels strange to have escaped somewhere, built a life I love, and still wish I could somehow make the place I escaped from better.",2,1786154882.0,DeepThoughts,2,1.0,False
1vijj0c,https://www.france24.com/en/live-news/20260808-nocturnal-coffee-frog-discovered-in-costa-rica,[World] - Nocturnal 'coffee frog' discovered in Costa Rica,,1,1786154848.0,FRANCE24auto,0,1.0,False
1vijilb,https://www.reddit.com/r/Minneapolis/comments/1vijilb/restaurants_that_supported_the_community_during/,Restaurants that supported the community during the ICE invasion.,"Hello! I grew up in Rogers but moved away 25 years ago. My husband and I will be visiting Minneapolis for my 45th birthday and I’d like to support restaurants/coffee shops/bars/small businesses that are supportive of the community and told ice to get fucked. I’ve read A LOT about Smitten Kitten and Wrecktangle Pizza - but who else around the Twin Cities was a badass neighbor and ally? That’s where I’d like to spend my money while in town for a week.  
Thanks friends!

Edit: Dang dudes. These responses are phenomenal - thank you so much.  The downvotes are also feeding me. 😜 ",97,1786154814.0,Minneapolis,66,0.91,False
1vijhlz,https://www.reddit.com/r/CFSplusADHD/comments/1vijhlz/becoming_a_shutin/,Becoming a shut-in,"Before I got sick, I had all these travel plans -- now I feel like they're just beyond me. I don't have the money (haven't been able to work, and I've been having a hell of a time getting on disability), and I sure as hell don't have the energy. This disease has taken from me the things I valued most about myself: my sense of adventure, my desire to try new things. I've learned the hard way through many a push/crash cycle that I just can't do that anymore.

  
So what do I do? I sit at home, I keep myself fed and watered and clean, and I try my absolute best not to think about all the things I'm missing out on. The parties I can't make it to. The friends I don't see anymore. The bars I can't afford to visit. The hikes I can't go on without prompting a week-long crash state. It's so hard to leave the house -- I went to a coffee shop today, just to be somewhere different, and I'm already worried about what that's going to do to my energy levels for the next few days. And I know we aren't supposed to focus on the things we can't do, but c'mon... it's hard not to, isn't it?

  
CFS is a brutal illness. It takes, and it takes, and it gives back absolutely jack shit in return. I hope one day I can look back on these past few years as just a dark chapter in an otherwise happy life, but the prospect of rejoining the world is getting more and more distant by the day. What if this is just my life, forever?

  
I don't know why I'm writing this. I guess I'm in a dark place, and I'm looking for hope, in my own way. Maybe a vision of the future that isn't quite so bleak. If you can offer me that, I'll take it. Advice on how to get there, even better. Or if you've been where I am, and you have any tips on how to deal with the sheer \*\*monotony\*\* of it all while I work on getting better, that would be amazing.",6,1786154728.0,CFSplusADHD,1,1.0,False
1vijh8e,https://www.reddit.com/r/AfroHouseUnreleased/comments/1vijh8e/could_producers_like_chaleee_and_sammi_ferrer/,Could producers like Chaleee and Sammi Ferrer basically be supplying Black Coffee with exclusive music as their main business?,"I’d like to hear your opinion on something I’ve been wondering about.  
Do you think producers like **Chaleee and Sami Ferrer** could be producing tracks specifically for Black Coffee and getting paid to keep them exclusive to him?  
Their productions really fit Black Coffee’s musical DNA — that deep, sophisticated Afro tech sound that has defined a big part of his identity. And nowadays, producers capable of consistently making that very specific sound seem increasingly rare. (&lez , Robin M and some more)  
So could Black Coffee basically be working with talents like these to keep a constant supply of exclusive music and maintain that musical identity?  
In that case, their business model wouldn’t necessarily be about releasing as many tracks as possible to build their own names. Instead, Black Coffee could essentially be their main client — or their “bank,” so to speak — paying for exclusive productions that remain in his sets rather than being publicly released.  
I’m not saying this is what actually happens, just wondering whether this kind of arrangement exists behind the scenes in Afro House.

By the way, I know that no one of you guys has Chaleee’s Discoteca remix, but if by any chance you have any bangers with the same DNA, contact me un private we can share really cool music. ✌🏼",1,1786154696.0,AfroHouseUnreleased,0,1.0,False
1vijfqa,https://www.reddit.com/r/newhampshire/comments/1vijfqa/cozy_cafes_for_writingreading_and_sipping_coffee/,Cozy cafes for writing/reading and sipping coffee,"I'd love to check out some coffee shops with cozy vibes and comfy seats (similar to the seating at Mad River Coffee Roasters). Based around the Upper Valley, but I day trip around pretty often.",1,1786154568.0,newhampshire,3,1.0,False
1vijdve,https://www.nzherald.co.nz/world/nocturnal-coffee-frog-discovered-in-costa-rica/4ETL67KUWNEFLDQ22HKWSDUQLU/,[World] - Nocturnal ‘coffee frog’ discovered in Costa Rica,,1,1786154426.0,NZHauto,0,1.0,False
1vijd55,https://www.reddit.com/r/MichaelJackson/comments/1vijd55/photo_book_coffee_table_book_recommendations/,Photo Book (coffee table book) Recommendations?,"Any MJ books based more around  photos? I have “The King of Style” and I used to have “The Making of Thriller.” 

What are your recommendations? And anything I should watch out for in them ? In “The Making of Thriller”  Landis just had to make one nasty comment 😒, otherwise the rest of the book is great (from my memory). Haven’t gone thru King of Style yet, considering it’s Bush it’s prob in the clear.",1,1786154370.0,MichaelJackson,0,1.0,False
1vijcqo,https://i.redd.it/h4ei7slv52ih1.jpeg,Will this Mold Hurt my Plants?,I’ve been saving my coffee grounds to mix with water and add to my soil to help grow my vegetables but the coffee has started growing some mold. Will the mold hurt my plants or does it not matter?,1,1786154336.0,gardening,1,1.0,False
1vijbje,https://i.redd.it/6j0xafzk52ih1.jpeg,Kinda miffed with my parents on this trip,"Japanese breakfast noodles :)

I am really enjoying Japan, it’s such a cool and beautiful country to visit so I’m glad I’m here. I do wish there was more than 6 days to plan it though… my dad planned it literally a week prior so there was no time to truly plan.

They aren’t willing to try anything new… NOT EVEN RAMEN LIKE HELLO ITS JUST NOODLES AND BROTH?? I had to order it with the hotel breakfast so I could get a taste, so that results in me not really being able to solo travel out and try these foods, even though i do get nervous to try because i also am a picky eater like my parents, but more willing. 

We went to hot pot too one night because it’s more familiar to us in such a chaotic day and my mom’s attitude was just weird and unwilling to try but also was like “dad is hogging the meat” and couldn’t for the fucking life of her TRY to use chopsticks 

I wish I could travel with friends next time bc OMG they are kinda driving me crazy. 

JUST NOW I was like “wow this Cinnabon sounds good right now” and my dad goes “yeah, but like maybe with a cup of coffee, but I need to have a meal first before I have my coffee” LETS EAT THE DAMN CINNAMON ROLL HOLY FUCK

and I know they’re older and learning language is hard but I’m just trying to tell them to say sumimasen or arigato gozaimasu and they can’t even say those…",40,1786154238.0,GirlDinnerDiaries,20,0.96,False
1vijb61,https://www.reddit.com/r/BrevilleCoffee/comments/1vijb61/bes870_bought_secondhand_goes_to_sleep_in_10/,"Bes870 (bought secondhand) goes to sleep in 10 minutes. I get two-three coffees in the morning finding this annoying, any known DIY fix?",,0,1786154207.0,BrevilleCoffee,1,0.5,False
1vij9ln,https://www.reddit.com/r/HFY/comments/1vij9ln/aliennation_book_two_chapter_25_freed_by_the_sword/,Alien-Nation Book Two Chapter 25: Freed by the Sword,"  
[**All Chapters of Alien-Nation**](https://www.reddit.com/r/Sexyspacebabes/wiki/authors/ssbsubjugation/alien_nation/)

[First](https://www.reddit.com/r/HFY/comments/lbtr3m/aliennation_chapter_1_emergence/) | [Previous](https://www.reddit.com/r/HFY/comments/1unsnmf/aliennation_chapter_24_fire_and_brimstone/) | \[Next\]

[**Discord**](https://discord.gg/ceSqMYAEw3)

[Buy the Author a Coffee](https://buymeacoffee.com/wtzjdq7gzmi)

[Visual for revised battle plan (accounting for the mystery force)](https://i.imgur.com/dP0FBUW.png)

*****

`The Regional Governess Conference has Recessed for two days. Please use the time to test and carefully weigh and evaluate policy suggestions.`

-Internal Memo

*****

# Freed by the Sword

*****

This small stretch of what had been Bethlehem was doomed. I gazed at the alien tower, feeling nothing but hatred. It stood like a malevolent, all-seeing eye.

*Watch this, then. Watch it, powerless to stop us. Powerless to…* my mind wanted to say ‘save them,’ but really, they were dead already, weren’t they?

I gave the signal for the nearest jammer to activate, crossing my arms over my head to make an “X”.

Across the creek in the greatly reduced city of Bethlehem’s West Side, a very different sounding set of orders went out by comparison to mine. I could barely make out the order through my mask’s speakers: *“No quarter, no salvage, no mercy. Herd them toward the river.”*

The voice had a vocoder, the speaker’s high-pitched voice was unmistakably a woman’s.

Compared to the Brotherhood’s flowery language they were quite cold-blooded and pragmatic. At least it left no doubt in my mind whose side they were on.

“Jammer activating in five seconds!” someone shouted.

“The gas is blowing Westward,” someone on my radio commented, likely also from the unnamed faction taking on West Side, and I turned my head to see a yellowish smoke rising. At least it was headed away from us.

I turned the radio in my helmet down before the jammer’s static could fill my ears.

I felt the eyes of all gathered on me, and I held the detonator high, then pulled the metal trigger grip, crushing the weighty spring. I turned to watch as several loud bangs went off, and the subsequent pops of transformers blowing, showing that I’d understood how to collapse the local grid correctly. The hum of the city went still. Lights died in the city below, block by block. I dropped the weighty detonator into my pocket and raised my now free hand high above my head.

The timers were nearing zero.

A red flare shot up from our detachment, and a second later there were multiple *cracks* as a fusillade of full-size railgun rifles punctuated the night’s nervous energy, setting our hearts beating like a bird’s wings. Each sniper team sent rounds that could serve as wrist weights hurling toward the enemy positions, smashing into the unaware guardhouses around the near perimeter.

In the distance, several more cracks announced that Hex’s team of Marshals took their shots. I reminded myself that the sound delay didn’t mean they were a second slow, that it was only the sound carrying over the distance.

Now our forward scouts fell upon and besieged the remaining guardhouses, who were given mere moments to recover from the hail of railgun fire that either punched through or spalled the concrete and neosteel. Each had to fight for their lives. Anything that stood tall or weathered the sudden assault was cut down by a second salvo from the railgun teams. Anything that still remained was engaged in close quarters by men with swords and daggers, some of the fastest scouts closing the gap using gravity belts, showing off that their hasty training had not been in vain.

In my mask’s eyes, white-hot heat signatures slowly turned to shades of green and blue. Bodies fell to the floor and stopped moving, signatures fading. The follow-up high explosive charges thrown up against the building’s wall by brave initiates ensured that nothing remained, not even an automated system. White flares went up as the guardhouses were marked ‘clear,’ some of them gone in a flash as the charges detonated, the loud cracks still only a prelude to what was coming. Now a strange silence filled the night sky as the assault teams lay down into the ruined bunkers’ floors and crouched low. Some tended to their wounded, or crawled around to make sure they’d finished their deadly, yet vital work, but most seemed to be waiting.

All was proceeding to plan, at least so far. I would soon have to seek shelter of my own from the few steps up to where the first floor had been, and so I reluctantly took the steps down. Death played no favorites on a battlefield, particularly where flying shrapnel was concerned.

The remaining staircases all led in and out of this basement, which was now half-filled with dirt and knee-high grass. Fireflies flashed over and among those gathered men, glowing briefly and curving in lazy arcs that belied their short little lives. I stepped down from where I’d stood tall atop the cracked main stairway that once led to the internal of a great hall.

There was an addictive element to my personality, I knew. Something certainly inherited from my old man, and I suspected also from my mother and her absurd persistence in her goals. Combat itself came to make me feel alive by sheer proximity to the dead.

*Now I descend into madness and barbarity. But there is a method to my madness.*

I heard magazines slide into place, and hard boots crunching loose asphalt as the men fanned out.

I peeked over the lip of the stairs, watching with a morbid fascination. Residents emptied into the streets in blind uncertainty, blinking at one another under a suddenly dark night sky, the streetlights dead.

That was when the timers hit zero.

The explosions weren’t flashy, in a Hollywood sense. No giant fireballs, no massive pressure wave coming to bowl me over like it had at Camp Death. A cloud of dust billowed from the street level, and then the tallest structure began to fall.

All the inner observation outposts atop the tallest buildings were momentarily framed in explosions before being hidden by dust and smoke as they fell into the darkness.

The exploding building hadn’t been prepped for demolition. There was no protective netting, no careful and procedural removal of windows and loose pieces. Shards of glass, concrete chunks, and other shrapnel flew for miles at lethal velocity.

Though I saw a few who ducked at the sound, I stayed planted, shielded by its angle, letting the pitter patter of debris sail past harmlessly, some of the largest pieces whistling by over our heads. I needed to see it happen.

Alien skyscrapers and human office buildings alike came tumbling down.

In places where the internal watchtowers were inaccessible by our teams, the whole residential building they were perched atop of went down awkwardly, toppling into the street below. We didn’t have engineering degrees to make them fall into their own foundations.

They’d been obsessively monitoring for antisocial behavior, but an out-of-towner’s bad parking job was deemed outside their purview and left to sit. The abandoned vans themselves detonated where they’d been left, with enough force to leave no doubt as to what this was. The night’s sudden and temporary peace was shattered, and terrified screaming followed in the wake of the blast.

Already, I could see their drivers crossing the bridge over the South side of Bethlehem, ready to help Hex and the Marshals prevent anyone from fleeing. The checkpoint gate was still smoldering from multiple railgun rounds hitting it simultaneously, all aimed well in advance by patient men.

At last the debris whistling past slowed to nothing.

“Forward!” I shouted, pointing with the shining detonator. Men climbed and crawled out of the building’s foundation.

I tucked the detonator into my pocket and ran between them as hundreds of men followed me into the city.

“Bring holy fire to those who would drag down the Heavens to Earth, and send the evildoers to Hell! Let fire and pestilence be our sermon, and may ash be our witness! If it’s purple and it twitches, shoot it again for good measure!”

One of the Brotherhood’s commanders definitely had a knack for this. Perhaps not all of their leaders were useless.

Another blew a horn- certainly something larger than a trumpet, but it rallied everyone into a jog as we fell upon the first hapless civilians.

Incendiary rounds blasted out of a shotgun barrel and flew right past me, taking someone who was squinting at our advancing figures right in the middle, both sending him down and setting him ablaze in the same instant. He didn’t even shriek, he just folded in half.

Rather than sit around agape at the sight the way a few of the  initiates did, I twisted my belt and shot forward into the air, released from gravity’s cruel embrace as I spotted the target that was under too tight scrutiny for me to assign a vehicle to blow sky high. The building was small and like a closed up lily bud. This was the closest thing to a comms center the town had- if an alert could punch through the jamming, it would be here: *Central Administration.*

Several people were standing out in front of it, looking dazed and confused. If I landed, they might spring into action, and I could be tackled to the floor and prevented from doing what was necessary.

*A leader will not not ask of others to do what he cannot bring himself to.*

With a heavy heart I raised the rifle and lined up my first shot. As the first man dropped like a puppet with cut strings, I swung to the next target, only for them to begin scattering away from their fallen. I could have tried for a second or third, but they were now out of the way of my target.

I lined up and took a few shots at the expensive-looking cameras mounted to the dead lightposts, curved lenses glistening as the fire slowly caught on the blocks behind me. I watched with some satisfaction as they popped and dropped. Putting the rifle back on the sling, I took a deep breath.

With a twist of the wrist and a flick of a switch, I was in the air and then launched forward none too gently. There was a peculiar noise to the Gravity Harness- a *pop* not at all unlike a firecracker. Before I knew it I was sailing across the gap- and well beyond where the people had gathered.

“PPG!” I shouted, just in case any of the Brothers had been able to keep up with me. I dropped the Power Pack Grenade against the front door I neared the roof, landed on its far edge, and then jumped off, carrying my momentum forward, deeper into the infested city.

It supposedly had a ten second fuse, yet it detonated as my count had reached ‘four,’ the blast taking down a wall from both adjacent buildings. All I had was an instant to cross my arms before the pressure wave swatted me across the air like a fly.

I spun through the air for a second, watching the ground swell to take up more and more of my swimming vision as I frantically tried to crank up the settings and figure out how to get my bearings back so I could seize manual control.

I was saved by some automated function of the gravity harness kicking in a split second before impact, but without the override I still had to catch myself with an outstretched palm. The device either overloaded or shut itself off after breaking my fall to a survivable speed.

Training kicked in and I managed to avoid crushing the tiny little maneuvering thrusters as I rolled over my shoulder in a somersault. The belt gave a happy chime in my helmet a second later, indicating that it was ready to launch me again. Given that it was the only noise I heard, the pressure flaps must have slapped shut around my ears to save my hearing.

With a tap on the side of my helmet, I heard the world of screams, the gnashing crackling of concrete shattering, and the rumble beneath my feet as alien and human office buildings alike came tumbling down.

Staggering to my feet, I got up quicker than was probably wise, and had to grip a lightpost to stay upright while I tried to compose myself. My chest hurt despite the relatively smooth landing, and my eyes watered somewhat. I forced my diaphragm to work the way Larry had trained me to take a hit when winded by a blow to the solar plexus. Lots of little exhales, bend slightly, all while trying to reboot my nervous system to where I would be able to jump back into action. Each breath echoed in my helmet, amplified slightly by the still-active vocoder.

I spotted my rifle nearby and released the lightpost to scoop it up from the street- which took me toward where others were gathering.

“I’m human!” I heard a man’s voice scream, and I turned. I saw the shil’vati man clinging to his omni-pad as he held it out in front of where he knelt. The bright white display was of some kind of official form, his golden eyes wide in disbelieving panic, searching every which way for aid as armed aliens on the planet he had invaded amassed in ever greater numbers. “I’m registered as a human!” His repeated meaningless lies were silenced with the slash of a heavy, two-handed sword wielded by a man in grey robes, who did not spare his fallen victim even a second glance, already looking up at me. I raised my rifle over my head, and he gave me a solemn nod, moving away from where the flares still lingered in the night, though growing increasingly faint. I couldn’t tell if that was because it was running out of juice, or if the fires of the night were growing brighter and the smoke denser.

*Keep going!* I roared to myself. *Don’t slow down to gawk!*

Incendiary mortar rounds were due to start landing on the far edge of where we’d come, and would soon start acting as an unsubtle ‘sweep’ to keep us moving toward the extraction point to Bethlehem’s South Side. It wasn’t like the Marshals and drivers launching the mortars wanted to stick around a second longer than they had to, but there was something disconcerting about the prospect of those nipping at my heels if I fell behind schedule.

I made it to an intersection, and at last I could see down the block and take stock of where the other wings had progressed.

The middle prong of our assault had dragged out the city’s disconnected power core, rolling the small cylindrical shape along its lip like a scuba oxygen tank. They were marching it toward a utility truck, distinguished by a pair of orange road flares taped atop the passenger cab, passengers with rifles blazing into shadows that moved and fell. I did the perhaps-unintelligent thing and came toward them, skullmask lit by a laminate layer that helped give it a slightly more frightening visage, green eyes turned bright.

The building the power core had come from had plenty of rather expensive connectors I didn’t entrust the spreading fire to obliterate adequately. It was one of the few spots we’d thought too surveilled to risk putting an explosive van near.

I anxiously waited for the raiders to leave and prepped the second PPG on my bandoleer. The van peeled Southward toward the exfiltration spot, their work complete, men in the back of the bed firing at anything that moved.

Fire teams moved door to door, one man always standing guard. No one was being dragged into the street- instead, occasional flashes of light against the windows told the grim story of what was happening inside. The man outside would count heads after, shoot out a window, and throw a molotov through the new opening.

They weren’t perfect- sometimes someone would trip or stumble on a piece of rubble, or they’d miss the throw with a molotov. A single van per wing of the attack held hundreds more, so it was of little consequence. Still, my mind was working through what it saw, trying to find ways to hurry this horror to its conclusion, perhaps driven by anxiety watching the team finish.

[*Defer no time, delays have dangerous ends…*](https://www.folger.edu/explore/shakespeares-works/henry-vi-part-1/read/3/2/)

I eyed the power station again as I approached the rest of the way. There were step-down power containers still inside, still dutifully delivering power to some of the town’s more critical functions. Essentially, giant capacitors that helped convert power to where our systems could make sense of it.

I did not want to be half as close to this explosion as I had been to the last one, but with such a short fuse I didn’t have too much of a choice, and duty had its demands.

Motivated by the uneasy thought of dithering with the timetable pressing, I tried the gravity harness again, this time intending to sail clear over the building and drop it.

My hands shook when I reached for the button, and it was a minor miracle I didn’t drop the PPG when I rocketed upward with an unpleasant wrenching motion. The sensation only ended when I managed to fumble the power switch and reset it, and was replaced by the awful lurch of gravity pulling me back down. I was no longer flying, I was falling back to Earth, soon-fated to splat ignominiously across the asphalt.

I forced my breathing to calm even as the earth accelerated and filled my vision.

*Rise. RISE!*

I hit the switch and didn’t care where the control had me- I would adjust it if and when I could, only for the automated cutoff to activate and set me down roughly. My near-Icarusian flight came up a bit shorter than I’d intended, but I was more or less atop of the power station’s steps, and with my heart still hammering, which beat the nearly-realized alternative of it not beating at all.

*This thing is like a switchblade! Either open or shut!*

Putting the adrenaline to good use, I used my spare hand to pry my now frozen thumb loose and stiffly hurled the PPG in. It was so heavy I had to put my whole body into the overhand throw, committing to it like a shotput pitch, and even then barely managed to judge when to release the kludged-together explosive from my petrified grip. It arced through the air, right between the front doors that had been blasted off by shaped charges, and down the stairs that glowed with a strange light whose source I could not discern.

*Go!*

I took the stairs three at a time, and was at a nice angle to launch myself from a place I’d just consigned to explode. I streaked straight toward a knot of brothers that had formed in the town square’s main intersection when I thumbed the activation button again, sailing through the sky once more.

This time the fuse must have been for the full ten seconds. I managed to turn off the belt, and landed in a roll, letting myself flop flat and skid, tumbling across the asphalt. Not a moment too soon, either.

A single cell of an Energy Pack was what normally powered a gravity belt like the ones we’d seized off the Kalmyr Nyckel. A full pack of them powered a Laspistol, or the HSF’s Lasrifles. A full sized lasrifle took what we’d colloquially been calling ‘Charge Packs’ or ‘Power Packs’, and we’d found ways to enable the gravity belt to do more than just arrest someone’s fall, as well as powering our railguns. I’d mistakenly believed a Power Core was just the next step up, perhaps ten times more powerful, as reflecting its size.

I’d since learned that a Power Core was such an order of magnitude stronger that it was enough to keep both Bethlehem and West Side running for *years,* and they’d been stepping down its output through banks and banks of power packs.

Whatever containment there was for all this energy failed suddenly and catastrophically, turning night into day in a horror picture show of my own making, and one I’d never forget. The ground itself reshuffled fallen rubble as the localized earthquake hit. I felt the sudden release of that immense energy empty itself into the night sky, following the antenna and flaming debris as a volcano formed in the middle of the downtown.

The pressure and heat of the explosion was something I felt in my bones, even as flat against the asphalt in the tangle of limbs I’d landed in. I lay there for a few moments, recovering my breath on the still-warm hood of a burned out car as lightning continued to arc into the air.

I craned my neck and watched a lightning bolt arc across the cloudy sky, from the ground upward as a thunderclap slammed into the partially-collapsed skyscraper, letting it finally fall. I couldn’t see through the clouds, but if enemy air support was in the area, and our SAM crews had missed it, well, it certainly wasn’t there anymore.

Blinking out the bright spots in my vision, I slowly turned my head and flexed my fingers and toes, testing that I still had sensation, when I froze up. I was gobsmacked at all the casualties my night vision revealed.

Faces stretched in silent screams lay atop each other, frozen still despite the growing heat of the night’s fires. I could look into their eyes and see nothing as the temporary light faded into the darkness of night. Flames framed the rest once the night vision returned.

*It’s not real. They’re not really people anymore. You can’t put them back together again.*

Even so, I couldn’t break away from taking it all in, until a gloved, extended hand from a familiar visage reached down from my field of view and waved in front of me.

“Are you hit?” Grouper asked, concerned.

“I don’t think so,” I admitted, peeling myself off the truck’s hood and dusting myself off. “Landed funny.” I hope he bought that as the reason why I’d been laying there for at least several seconds, and not horror at the hellscape I’d landed in. A hellscape I’d insisted on creating.

Rifles may not work against Shil’vati Marines, but these were civilians. This could have been considered a war crime, if we or the Shil’vati had been signatories. *No. What has been done here already is the real crime against humanity. It stripped them of their real humanity long ago. How can what we’re doing be a crime against humanity, if nothing here’s human? At least, not any longer?*

Such self-justifications didn’t seem convincing over the sound of the screaming, the pleading and begging. Technicalities mattered for very little when someone was on fire.

“Come on, the resupply’s coming up.” He gestured at the van with the milk crates of molotovs, its panel doors flung open. Men lit them like candles as they jogged up to buildings old and new, or even the already-flaming rubble just to add. Others sprinted further out, little lights appearing in the dark, like fireflies, bottles traveling in lazy arcs against the dark as they busily ensured the amber fire’s spread would be complete.

I let myself be pulled forward and started jogging away from it, ignoring how my chest complained.

*Walk it off. Eyes forward. Keep moving.*

In ancient times, villages and whole cities had been put to the torch slaughtering every man, woman, and child. We went on to call the men responsible ‘great,’ for establishing trade, civilizations, and more. Every sack of a city had more or less gone this way, if not worse for taking slaves whose suffering would be prolonged. Even as I saw the physical forms tortured and pain exerted, I slowed to watch in a numb horror at another intersection ahead of us, forcing myself to see what I’d ordered done. I wouldn’t look away. I’d insist to myself that this was *ending* their suffering. Morning would tell whether or not I truly believed it anymore.

That was when it happened.

The ‘programming’ in of the humans one, for no other adequate word, *broke.*

A Shil’vati, holding one wounded arm against her side, made it to the center of the street and was framed by fire before being cut down, shrieking loudly as she fell. Everyone saw, and the reaction from one of the human civilians was profound.

A human woman had been holding her baby, running in the night for her life from killers. I’d never anticipated infants, children to be here. When she turned her head to see the scream, she changed directions immediately, so fast as to require no deliberation, nothing but the purest, base-level instinct.

And in her haste, she dropped the infant, *her* infant, screaming as she sprinted for the fallen Shil’vati, like her offspring was nothing more than dead weight.

I wish I could say that everything went into slow-motion, but that wasn’t the case at all. Maybe I was too tired, too shaken after being smacked out of the air and then going for two crashes into the very Earth I professed to fight for the sake of.

As it was, if I’d blinked I’d have missed one of the Brothers- none other than Brother Thomas by all improbabilities, come in with a bellow as he made the diving save.

He ate a bit of hot asphalt for his efforts, but his hands still caught the screaming baby and softened the landing to where it was landed with barely more than a cradling motion. The mother- if she could be called that- was instead trying desperately to scoop the Shil’vati’s brains back into the blown out exit wound, weeping, then smearing the grey matter over herself in distress, staring at the sky in a shriek of dismay. She kept looking back down into the vacant golden eyes of the dead Shil’vati, then wailing again at the top of her lungs.

She ignored her baby, even as another Brother, perhaps Brother Michael, tried to lead her back to Brother Thomas. She fought against the effort, pushing him off, extricating herself of his grasp until he had her by the waist. Again, the woman fought back, bending at the waist and flopping like a fish, nails tearing and clawing for her to fight her way back to the fallen alien woman until they split and rent from her fingertips. Even when Brother Thomas tried putting her abandoned child in her field of view, she ignored them. She finally thrashed at them until Brother Michael released her to find her way the dead alien, moaning in near-physical pain as she cradled the fallen Shil’vati.

“You said there weren’t going to be any children!” I heard Brother Thomas scream, as he turned from the woman and held out the naked, wailing infant to me.

*There weren’t supposed to be!* But that would come across as whining. Accepting his framing, even.

“It was your bad intel!” I supposed infants were all too young for the exchange program that had taken all the children.

“Is this what you wanted?” The Brother asked, dangerously, eyes narrow. “Bethlehem in ruins, blood in the street?”

“They forced our hand!”

He waved a hand at the burning townscape as buildings fell in, wildfires raging all around, growing. We’d have to move soon, and fast. Gas lines served as pilot lights for conflagrations, and buildings’ walls were falling into their fire-gutted interiors. Toward the back, the fire had become a sea, an ocean in fact. Billowing gusts, whether from the night’s hot air or summoned by the conflagration itself buffeted in and created rolling waves of fire, an ocean of flame that came crashing down on anything not already aflame and clinging to it, bathing it in red. It had become so bright that I no longer needed night vision.

“There is always a choice! This was yours!” His arms almost shook the baby girl in his hands, who let out a fresh screech that harmonized with itself, forcing my audio-receptors to cut some of the noise out. Grouper winced at the sound, and an increasing number of passerby were slowing to watch what was happening.

“You saw what her mother just did,” I pointed at the newborn in his hands, then at the woman who seemed unable to tear herself from the alien. “You saw what they did to her to make her that way. You think that’s normal, natural? You’re still holding doubts as to what happens here? What it is they do to people?”

“I hold an innocent in my arms. God knows how many more have perished tonight from our doing! How do you defend that?”

I’d always hated the callousness of the word ‘collateral,’ even if it was fitting. Damn the Shil’vati, and damn this hybrid warfare. It was always going to be messy, and that was likely what they were counting on. As long as we lacked steel in our hearts, we’d face division like this. I’d taken an untested outfit and turned them on civilians. How could I be surprised when some of them broke ranks to criticize the obvious horrors going on around us? But it was a simpleton’s game.

“If we do nothing, what becomes of humanity? When this child comes of age here, what will the aliens do to her? What becomes of the innocents if we do not act? How many more places would we have to burn down if we decided to act later?” I looked at what remained of the shattered main street, and could imagine a protest going down it- summarily ignored and the leaders arrested in the night. “We’ve tried the other ways, exhausted them, seen men disappear and reappear as broken as her mother, or worse!” I hated to view human lives as a cold calculus but at a certain point the exchange was impossible to ignore. “This would spread like a disease if we don’t cut this cancer out! If we fail right here and now, then we are worse than dead! All of us! It won’t stop until we stop it!”

Three arguments to his one- and none of them felt like they carried that same appeal to one’s emotions as a baby whose tears reflected the red fires behind me.

“We do evil here, so that we don’t do more evil later? Is that your argument? Prove to me she’s broken, and not in shock.” When I shook my head, he stamped his boot into the ground, and a building fell inward in a roar of bricks and red hot sparks rising into the night. “Fine, if you can’t bring yourself to do that, and presume she’s altered, go shoot her! Make this wailing baby an orphan!” He roared over the nearing fires, holding the baby girl over my head.

I shook my head again. No, of course I couldn’t bring myself to do that, either, could I? Even if it was what I’d ordered to be done. But then, his argument had its merits, didn’t it? What was I doing? What had I ordered? Was it justified? I was accepting this because I was their leader. Where had I led them? I realized he was playing to an audience that had grown dangerously large, now. I could have a mutiny on my hands. How many would die in the aftermath of that?

Brother Thomas shared in the blame for this, but the fault really lay with me. And then the fire, stoked by a certain bloodthirsty widow, roared to life. The fault may lie with me, but only because I was letting myself endanger this mission through my own weakness. My mother’s persistent pecking, the constant second-guessing, now threatened to hamper my own plans until I no longer felt like doing anything at all- a trait I had to outgrow. I couldn’t let him drag me down when I’d already committed myself to this course of action.

“You want to save them?” I challenged him, voice sharp as a whip. “Fine! Escort up to one busload of those who seem more or less intact, and of course any minors you find who haven’t aged into the mind wiper program. Cram them, plus that wailing mother into whatever space we have left in the vehicles, and bring them to *the rendezvous.* If they can actually well and truly be recovered to how they were before, back into real, thinking humans? Then I’ll do my Hail Marys and ensure they all get new identities, beg forgiveness and all!”

“That should-”

I stepped closer, and clapped him on the shoulder, gazing down at the wailing infant he now clutched to his chest. I made sure my vocoder was loud and deep. “But they are your responsibility, and yours alone. Congratulations on the save, *Father.”* I almost added a sarcastic *‘Mazel Tov’* or something, but from the way he jolted my double-meaning must have sank in as he stared down at the baby girl he cradled in his arms, and then stared up at the woman who’d abandoned her own daughter to him. The depth of work I’d signed him up to- and the lifelong aspect of it must have suddenly seemed like a mountain weighing down on him.

*Good.*

I plucked from him the flare gun, checked that it was loaded, and took off with the gravity harness again, intent on firing it into the air, summoning everyone toward the extraction site.

Talk was cheap.

*****
  
[**All Chapters of Alien-Nation**](https://www.reddit.com/r/Sexyspacebabes/wiki/authors/ssbsubjugation/alien_nation/)

[First](https://www.reddit.com/r/HFY/comments/lbtr3m/aliennation_chapter_1_emergence/) | [Previous](https://www.reddit.com/r/HFY/comments/1unsnmf/aliennation_chapter_24_fire_and_brimstone/) | \[Next\]

[**Discord**](https://discord.gg/ceSqMYAEw3)

[Buy the Author a Coffee](https://buymeacoffee.com/wtzjdq7gzmi)",7,1786154080.0,HFY,4,0.9,False
1vij8o7,https://www.reddit.com/r/AITA_Relationships/comments/1vij8o7/aita_partners_birthday_and_presents/,AITA partners Birthday and presents,"It was my boyfriends birthday and he had the day off and I didn't. I made us coffee and asked if he wanted his gift (there was two) and he opened the small one and said he would wait until after his coffee to open the other one. I said okay I'll go and get ready for work I'll come back after you open your cards from your family. When I got out the shower, he was on the phone to his mum, which is fine, opening the gifts they got for him, which is also fine. I continued getting ready for work. Then when I was done he had opened the gift I got for him (which was rather  expensive about $700) on the phone with his mum while I was in another room. He got off the phone about 1 minute before I had to leave, and I said it was fine not wanting to ruin his birthday but I cried and told him I thought he would wait to open that with me, but it's okay and to have a good day and I'II see him after work.  
He has apologised but I still feel upset about it - am I in the wrong for saying something? I didn't make a big deal out of it but I was visibly upset. I feel guilty for ruining his birthday",3,1786154003.0,AITA_Relationships,2,1.0,False
1vij8gw,https://i.redd.it/9kccxk1u42ih1.jpeg,The OMEGA De Ville is at Mister Donut.,"I’ve got the day off today. Between training sessions, I’ve popped into Mister Donut wearing my OMEGA De Ville. I wanted to take a photo of the watch alongside my coffee, but it was so reflective that the dial was washed out, so I opted for a shot with it on my wrist instead.",1,1786153986.0,OmegaWatches,0,1.0,False
1vij8co,https://www.reddit.com/r/beyondthebump/comments/1vij8co/what_does_a_typical_day_with_a_newborn_look_like/,What does a typical day with a newborn look like for you?,"Just wondering how everyone else out there is doing and what an average day looks like for you?I’ve got a 17 day old boy and we have been out of the house a considerable amount (Walks, coffee shops, a few restaurants) because being inside makes me incredibly depressed when done too much. Today was the first day since his first week home we laid in bed all day just nursing and sleeping. What’s an average day look like for you?",1,1786153975.0,beyondthebump,3,1.0,False
1vij8c5,https://www.reddit.com/r/sayulita/comments/1vij8c5/looking_for_quiet_cafeswork_spots_in_sayulita/,Looking for quiet cafes/work spots in Sayulita with solid WiFi (9-5 remote work),"Heading to Sayulita for 22 days in late Sept/early Oct and will be working remotely 9-5 EST. I can work from my Airbnb but sick of staring at the same walls. Looking for recommendations on:

* Cafes with reliable WiFi (stable enough for Zoom calls)
* Quiet, chill spots (not party atmosphere)
* Private enough to take calls without yelling over noise
* Walking distance or short ride from downtown/beach area

I'm not looking to bar-hop or club it up during work hours, just need a solid setup to get work done and maybe grab decent coffee. Bonus if there's good lunch nearby.

Any recommendations? What do remote workers usually do in Sayulita?",0,1786153974.0,sayulita,1,0.33,False
1vij8c0,https://www.reddit.com/r/Augusta/comments/1vij8c0/looking_for_friends_27/,Looking for Friends (27),"I moved here about 2-3 years ago from a few hours and have the hardest time making friends. Honestly, it’s a lack of trying socially. I go to local “punk”, “metal”, “beatdown”, etc shows, which I’ve always LOVED, but I love a lot of things outside of that, too. It’s harder for me to speak up in group settings, and approach new people, but damn I’d love to have a few hiking and art friends, or people who just wants to grab a coffee or sit somewhere on a whim for a while, even coexist. I have a beautiful friend group, but a lot of them have pre-established calendars months out, and I don’t have that sort of thing built up in my life starting over in a new city.  Im trying to figure out how to start that up for myself, I’m looking for more rounded community, things to do, people to engage with, if anyone is also looking for that too! ",2,1786153974.0,Augusta,0,1.0,False
1vij8bw,https://i.redd.it/mtqf8gts42ih1.jpeg,Nilla Bean Float Cookie + Dirty Dr Pepper,"My cookie was obviously heavy on the chocolate cola mousse and not so much the 'nilla. That was fine with me! The cola flavor is subtle, but as a cola fiend, I thought this was very tasty. As always, the lemon slice is necessary for that hint of zestiness lol. (Raspberry lemonade is one of my favorites for this reason.) I doubt they'll ever bring this one back with the seemingly lukewarm reception but I would definitely order it again if they do, so I'm glad I tried it.

I also tried the Dirty Dr Pepper with my soda voucher. Honestly, even though I like soda, I would never pay money for this drink and don't really get the appeal. It didn't taste bad, just odd (and like plain flat Dr Pepper by the end). I also have no interest in pairing soda with a sweet cookie. Coffee would be a better match in my opinion ... but we know why that will never happen.",4,1786153974.0,CrumblCookies,0,1.0,False
1vij6yo,https://i.redd.it/bpadgyzc42ih1.png,Coffee house vibes?,,2,1786153859.0,eyes,1,0.75,False
1vij6kd,https://www.reddit.com/r/animalhospitalanomaly/comments/1vij6kd/gimme_your_animal_hospital_headcanons_im_bored/,"Gimme your Animal Hospital headcanons, I'm bored","Mine:

1. Ron works for the Animal Corporation out of fear

2. Ratthew met the Stalker once but was unaware that they could've been Rattina, his missing sister. 

3. Barney was once a normal and passive guy until he was turned into an anomaly, and he doesn't always wanna go around being crazy, so he asks for coffee.

4. Rattina became trans/genderfluid after becoming the Stalker",3,1786153828.0,animalhospitalanomaly,0,1.0,False
1vij5vc,https://www.reddit.com/gallery/1vij5vc,“Off” the beaten path- Kyoto’s preserved street,"Saga-toriimoto preserved street is near Arashiyama, and you’ll likely encounter it if you’re in the area and look up “off the beaten path activities” in Kyoto. If you do so, you’ll get recommended Otagi Nenbutsuii temple, Adashino Nenbutsuji Temple, and gioji temple. These temples are absolutely worth visiting, but the preserved street is the one location in the area that truly feels like you’re exploring Kyoto away from the hoards of tourists.

We started the day at Arashiyama Monkey Park, which is an incredible site with scenic overlooks of kyoto (and hilarious monkeys) but the area is absolutely packed with visitors. You can find a temple trail north of the park that runs up to Otagi Nenbutsuii temple. We took a DiDi up to this temple, and walked back towards Arashiyama, stumbling into saga-toriimoto preserved street along the way.

We first found Ohara Coffee Stand Hijiri, and ordered an amazing yuzu flavored sparkling drink. This drink was rejuvenating as we explored the meiji-era buildings lining the street. Some of the gardens in front of these houses were immaculate. Along the street, we encounted quite a few vendor stalls, selling everything from trinkets, to candies, to incense. We of course loaded our bags with souvenirs before stumbling on another breathtaking temple, Danrinji Temple. This small temple had a treasure room full of breathtaking artifacts, and a friendly temple attendant. While Arashiyama was packed shoulder to shoulder with visitors on every street, we were the only two people in Danrinji Temple. 

Along the street, we encountered three more shops, each with their own unique charm. First, a pottery/sculpture studio of sorts, noteworthy for having several large tanuki out front. While my husband was purchasing a small souvenir, the shop owner neglected to “process” the credit card payment, causing a delay of about 10 seconds. He was deeply apologetic, and handed my husband a tiny clay frog to atone. This is his most cherished souvenir from the trip. I can’t remember the name of the store, but the tanuki out front are impossible to miss. The other two vendors were “ucacoceramics” a ceramics who sold many “kintsuge” items and kits. She was delightful to converse with in English. Finally, next to her stall, was an elderly lady selling kimonos and accessories for dogs. This was the most friendly, boisterous person we met on our entire trip. We bought a kimono for my mother that had a karuta card print on it. Her and my husband proceeded to discuss karuta brielfy, before she laughed, took out her phone, and typed into her translator “I don’t understand English!” 10/10 would visit her again the second I’m back in Kyoto.",20,1786153768.0,KyotoTravel,0,0.95,False
1vij52t,https://www.reddit.com/gallery/1vij52t,TODAY IS THE DAY! MZY PIERCING STUDIO X CAFE INDIO ☕️💎," TODAY IS THE DAY! ☕️💎

Good morning! Ito na ang sign mo para mag-kape at magpadagdag ng bagong hikaw ngayong hapon sa @mzypiercingstudio x @cafe\_indio pop-up event!✨ 

AVAILABLE PLACEMENTS & PROMO:

💎 Helix • Vertical Helix • Flat • Auricle • Shen Men • Lobe • Stacked Lobe 

🏷️ Promo Today: Kumuha ng any 2 piercings for only ₱1,599 (may kasama pang free coffee or pastry at free Instax print!).

⏱️ Oras: 4:00 PM – 8:00 PM (Mamayang hapon!)

📍 Lugar: Café Indio, Samal, Bataan

Kitakits tayo mamaya! G na! 👋🤍

\#PiercingPopUp #CafeIndio #BataanCoffee #SabadoVibes #MorningReminder",3,1786153704.0,casualbataan,1,1.0,False
1vij4bg,https://i.redd.it/okik9b2t32ih1.jpeg,Grey Soul Strawberry in Loop,"Could Not Wait for 10 days as recommended tried at 8th Day with my usual Hario V60 Switch Recipe..

Bartaza Encore Esp Grinder Settings 22 

16.7 gram Coffee 

60 gram 92 degree Open Switch Bloom 

90 gram 92  degree Open Switch Pourover 

100 gram 80 degree Closed Switch 1 minute 30 seconds steep..

Drawdown 

Makes a good cup but nothing exceptional ...

Araku Grand Reserve is still my Best Coffee till date ...

Waiting to brew the Mogra ",4,1786153642.0,IndiaCoffee,0,1.0,False
1vij46e,https://www.reddit.com/r/Wellbutrin_Bupropion/comments/1vij46e/6_months_on_wellbutrin_and_feel_completely_numb/,6 months on Wellbutrin and feel completely numb / no joy - anyone else deal with this?,"I've been on Wellbutrin for 6 months now and I really don't like how I'm feeling on it. I feel extremely numb.. on autopilot  & like I don't have joy anymore.  
For example, tonight I went to my daughter's gymnastics class. We had a great time and I felt nothing. I have a beach trip coming up and I feel nothing about it. This is not like me at all.  
I also have an aversion to coffee and food which makes me sad because I love both. I'm already skinny and need to eat, so it's really worrying me.  
Has anyone else dealt with these symptoms ?? especially the emotional numbness / anhedonia and the food/coffee aversion after being on it for this long? Did it ever get better for you, or did you end up changing meds?  
I'm in between providers- I finally met with an NP and explained all of this and she just wants to add more medication (lexapro) to the Wellbutrin. I've been on celexa for ten years prior and it didn't really help, so I don't want to add another SSRI to the Wellbutrin that is already not working. She also said I can't ever drink again or I could have a seizure which very much scared me. I'd like to be able to have an occasional drink with dinner or a social drink. ",1,1786153629.0,Wellbutrin_Bupropion,0,1.0,False
1vij42g,https://www.reddit.com/r/BangaloreSocial/comments/1vij42g/f21looking_to_make_some_new_friends_in_bangalore/,(F21)Looking to make some new friends in Bangalore :),"&#x200B;

Hey everyone!

I recently realized that making friends as an adult is surprisingly difficult 😅 So I thought I’d give Reddit a shot.

I’m looking to meet some chill, like-minded people in Bangalore and hopefully make a few genuine friendships. I’m up for grabbing coffee, trying new food places, exploring the city, watching movies, playing games, going for walks, or just having random conversations.

No pressure or expectations — just looking to meet good people and see where it goes.

If you’re also looking to expand your circle or make some new friends, feel free to comment or DM me! :)

P.S. Bonus points if you’re also new to Bangalore or feel like your social circle could use some expansion 😂",0,1786153621.0,BangaloreSocial,14,0.45,False
1vij2lw,https://www.reddit.com/r/wRedditStreams/comments/1vij2lw/tracklist_friday_night_smackdown_august_7th_2026/,Tracklist: Friday Night SmackDown August 7th 2026,"IF A BREAK IS **BOLDED** IT IS ONE OF THE 4 SPECIAL BREAKS (FRIDAY/GRAB MY CORNDOG/300 MB/NO CAN DO)

* Break #1
Stand Atlantic - FREAKIN' OUT | Nickelback - Gotta Be Somebody

* Break #2
**Dead Kennedys - Let's Lynch The Landlord | Rebecca Black - Friday**

* Break #3
Electric Callboy - THE WAY YOU ARE | Money - I Fight Dragons

* Break #4
DJ Cummerbund - Shape of an Octopus | Blur - Coffee And TV 

* Break #5
**Oasis - Champagne Supernova | Grab My Corndog - Iroc-Z & Austin Tofte**

* Break #6
Don Henley - The Boys Of Summer | The Stone Roses - Fools Gold

* Break #7
Burn - ENMY | Travis Scott - FE!N ft. Playboi Carti

* Break #8
**Crass - You've Got Big Hands | Neil Cicierega - 300MB**

* Break #9
Friday Night - King George | Nickelback - I'd Come For You

* Break #10
**Stray View - Wasteland | Daryl Hall & John Oates - I Can't Go For That (No Can Do)**",1,1786153501.0,wRedditStreams,0,1.0,False
1vij1y7,https://www.reddit.com/gallery/1vij1y7,checkin in,"• coffee and a conversation with my ol'man.  
• dinner for my brother and i. (thinkin bbq chicken thighs)  
• a little ""pick me up"" before a trail walk.  
• made an appointment to get my ears re-pierced next week.  
my furry companion ""boots"" her usual lounge spot.",7,1786153445.0,schizoaffective,2,1.0,False
1vij1ty,https://www.reddit.com/r/Needafriend/comments/1vij1ty/37f_starting_over_in_life_and_realizing_i_could/,37F starting over in life and realizing I could really use a friend,"I’m 37F, going through a divorce, raising a 2 year old, recently got laid off from my 9 to 5, and I’m also trying to keep my craft store going through all of its ups and downs. During my relationship I ended up cutting contact with pretty much everyone because of my ex, and now everyone has their own lives, families, and things going on. I’m starting over in basically every part of my life and honestly, I’m lonely and miss having people to just talk to about random stuff, laugh with, vent to, or grab coffee with. I feel like I’ve spent so long being a mom, wife, employee, and business owner that somewhere along the way I forgot to have a life and friendships of my own. I’m really just looking to meet genuine people, talk about life and its chaos, and hopefully make a friend or two along the way.",7,1786153435.0,Needafriend,4,0.82,False
1vij1g1,https://www.reddit.com/r/Markham/comments/1vij1g1/walk_and_coffee_at_main_street_unionville/,"Walk and coffee at Main street, Unionville??","Hey ppl, anyone interested in trail walking and coffee tomorrow morning at main street acofee and Rouge trail walking or Toogood pond.

M29.",0,1786153403.0,Markham,4,0.5,False
1vij11j,https://www.reddit.com/r/AdvertiseYourServer/comments/1vij11j/halcyon_chill_community_hangout/,Halcyon | Chill Community & Hangout,"Looking for a relaxed, welcoming space to hang out where you won't feel like an outsider? Halcyon is a chill, non-cliquey spot built for people who just want to chat, try out fun bots, and meet new friends.

Whether you're looking for an active chat or just a cozy place to unwind, you'll always fit right in here. ☕ ✨

# What We Offer:

* **Chill & Welcoming Atmosphere:** A friendly, non-cliquey environment where everyone is welcome.
* **Interactive Bots:** Fun bots to play with while you hang out and chat.
* **Small & Growing Community:** A tight-knit group where you can easily make genuine connections and get involved from the ground floor.

Come drop by, grab a cup of coffee, and say hello!

🔗 **Discord:** [https://discord.gg/ntNu29bjMS](https://discord.gg/ntNu29bjMS)",1,1786153368.0,AdvertiseYourServer,1,1.0,False
1vij0xy,https://www.reddit.com/r/curlyhair/comments/1vij0xy/straight_at_the_top/,Straight at the top,"Look I know you have all heard this complaint before but I need more tips alright.. 

All my strands are curly. I dont have fully straight pieces of hair. All are curly. The issue is that some parts curl only through the middle-end, does not curl from the top. Some strands dont have this issue, but a lot of my hair does. 

I tried defining it and everything, finger coiling literally does not work on it, I've never used heat on my hair (though the sun is probably enough to damage it, i understand that. Its like 50c these days.) 

It starts out straight and a bit frizzy, ends curly and normal. Is there a quick fix to it that will actually help and not just cover the issue up for a day or two? 

My routine has always worked for me for 4 years now and I am quite certain it does not need change, rather some adjustments or additions maybe? 

Kesh king shampoo, the only decent priced shampoo that has ever worked well for me.. 

Usually use mango skala for moisture, though I usually try out different skala products for my hair. I've tried dona, mango,coffee  the well known blue one.. They're all alright. Mango's my favorite. Not many products are available in my country so I stick to skala. My options are a tad limited. 

I usually only use those two for haircare, styling is different. I use the bounce curl brush, mouse on roots, gel to define the length.. I section it and define all pieces though those at the top just refuse to curl for some reason. 

I throw on a bonnet sleeping on a satin pillow case to protect my hair a lot of the time, when styled I usually use a scrunchie to make my hair into that pineapple style+bonnet+my pillow case and sleep. This method has worked the best for me. 

help me please! If you've had this problem before how did you fix it? I live in very very hot and dry environment, its not like I can just not go out (i dont want to be covering my hair all the time either..) 

Also, i usually air dry my hair. Diffuser makes it so frizzy. ",2,1786153360.0,curlyhair,1,1.0,False
1vij0du,https://www.reddit.com/r/ForeverAloneDating/comments/1vij0du/34_m4f_ontariogtalongdistance_quiet_curious_and/,"34 [M4F] Ontario/GTA/Long-distance | Quiet, curious and looking for something lasting","I’m 34, 6’2”, plus-sized, childfree, monogamous and left-leaning. I own my place in Ontario, work remotely building Android apps, and can get to the GTA regularly. I’m also open to long-distance if there is eventually a realistic way to close it.

I’m quiet at first, but once I’m comfortable I ask a lot of questions and enjoy conversations that wander. My interests usually involve strategy, making things or disappearing into technical rabbit holes. I paint miniatures, play games like Terraforming Mars and Gaia Project, experiment with electronics and 3D printing, and watch far too much science and machining content. My current obsession will probably have changed by the time you reply.

Most days I’m a homebody, but I genuinely enjoy travelling. I’ve visited much of Europe, along with Japan, India, the UAE and New Zealand. New Zealand is my favourite so far, and Thailand may be next.

I’m looking for a warm, affectionate and curious woman who is firmly childfree and wants a serious relationship. We do not need identical hobbies. I’m drawn to people who get genuinely excited about something of their own. 

I’d happily plan museum days, coffee dates, cooking-class experiments and occasional trips. Longer term, I want the kind of relationship where eating together, talking about our days and cuddling through a movie can make an ordinary evening feel complete.

I keep photos off public Reddit posts, but I’m happy to swap recent pictures early.

Tell me what you’re currently obsessed with, or choose our hypothetical first date: coffee, a museum, a cooking class or a board-game café.",1,1786153313.0,ForeverAloneDating,1,1.0,False
1vij02u,https://www.reddit.com/r/Akola/comments/1vij02u/looking_for_meaningful_connections_in_akola/,"Looking for meaningful connections in Akola — friendships, and maybe something more","

Hey everyone! I’m almost 31, and honestly, lately I’ve been feeling a little lonely and drained. 😅

I’ve been in Akola for a while but somehow never really built a proper social circle here. Life has become the usual work–home–repeat routine, and I’d really like to change that.

I’m looking to meet new people, make genuine friends, hang out over chai/coffee, go for drives, watch movies, or just have good conversations.

And yes, I’m also open to meeting girls who are looking for a **genuine, serious connection that could potentially lead to marriage**. Nothing casual or timepass — just getting to know each other naturally, seeing if there’s compatibility, and taking things forward if it feels right.

If you’re from Akola or nearby and feel like you’re in a similar phase of life, feel free to comment or DM. Even if it starts with just a friendship, that’s perfectly fine. 🙂

**P.S. Adult life seriously needs a “find new friends” button. 😂**",1,1786153287.0,Akola,2,0.67,False
1viizxx,https://www.reddit.com/r/srilanka/comments/1viizxx/what_is_the_average_number_of_coffee_cups_sold/,What is the average number of coffee cups sold per day by Sri Lankan coffee shops such as Barista and Java Lounge?,Need to know the cups sale of small size coffee shop in Sri Lanka ,2,1786153274.0,srilanka,0,1.0,False
1viizs1,https://mavely.app.link/milvFwDmq5b,"AIRMSEN 14-Cup Coffee Maker with Adjustable Brew Sizes, Programmable Coffee - $39.99 (was $98.99) {60% off}",,1,1786153263.0,priceglitch,0,1.0,False
1viiyv6,https://www.reddit.com/r/Pen_Swap/comments/1viiyv6/wts_esterbrook_estie_x_tcmc_collab_platinum_3776/,[WTS] Esterbrook Estie x TCMC Collab & Platinum #3776 Century Misty Bloom LE,"Verification: https://www.reddit.com/u/nolajaxie/s/QGTKMpLcWT

Both prices include tracked, fully insured USPS Priority Mail shipping within CONUS. Payment via PayPal Goods & Services only.

1. Esterbrook Estie x TheCoffeeMonsterzCo (TCMC) Collab  Including Ink – Extra Fine (EF)

Condition: \[B\] Condition

Price: $200 USD shipped

Comes complete in its original collaboration box along with the matching collaboration ink bottle (\~90% full).

2. Platinum #3776 Century ""Misty Bloom"" (Limited Edition) – 14K Extra Fine (EF)

Condition: \[B/C\] Condition (included box and unused ink; pen body is good, but clip shows micro-scratching/wear).

Price: $250 USD shipped

Comes in its original presentation box with the unused 20ml bottle of Platinum ""Mellow Green"" Mixable Ink and all original materials.

Payment & Shipping Terms

Payment: PayPal Goods & Services only.

Shipping: Included! Tracked & fully insured USPS Priority Mail (CONUS).

Please comment on this post before sending a PM or Chat!",6,1786153189.0,Pen_Swap,5,0.81,False
1viiy5i,https://i.redd.it/kml2p9ia22ih1.jpeg,Oynadınız mı hiç,,1,1786153131.0,Mobiloyunlobisi,0,1.0,False
1viixy5,https://www.reddit.com/r/Gourmons/comments/1viixy5/gourmons_flavor_types/,Gourmons flavor types,"[](https://www.deviantart.com/)[](https://www.deviantart.com/notifications)

In Gourmon there are **11 flavor types and 5 drink types** of gourmon each with there own abilities.



**11 flavor types**



Meat

 fish

dessert

 bread

 breakfast

 vegetable

 fruit

 soup

 spice

 savory

 mineral



**5 drink types**



soda

tea

coffee

dairy

juice



Depending on how it's cooked enhances the flavor and strength of the gourmons.

tell me what you think",1,1786153113.0,Gourmons,0,1.0,False
1viixvf,https://www.reddit.com/r/dating_advice/comments/1viixvf/tired_of_small_talk/,Tired of small talk,"I’ve been talking to this guy for two weeks, so yeah not a crazy long time. We went for a little walk and coffee date and it went good. Texted me immediately after saying he had a good time and hoped I drove home safe etc.

We’ve been back and forth texting since that date (we live in different towns rn). It’s been good, he’s always nice and compliments or flirts a bit, for example:

“You’re always looking pretty I’m sure :)”

“Didn’t know I had a singer on my hands ;)”

But he’s so slow and the conversations feel so superficial and not really specific about if he actually wants to continue anything. And he’s not giving me much to go off of besides the odd “;)” or compliment. Is it weird to send a message like… I’ve  enjoyed getting to chat with you! Can I ask what you’re looking for right now? I’m just at a point where I’m more interested in actually getting to know someone with the potential for something serious- I just don’t really want to waste my time if we’re looking for different things. Or just something along those lines? 

I understand it’s only been two weeks but if we’re gonna be LD, the communication needs to be clearer and a lot more consistent and he hasn’t really shown that he could make LD work.",2,1786153107.0,dating_advice,2,1.0,False
1viix8p,https://www.reddit.com/r/PhR4Friends/comments/1viix8p/24m4f_santa_rosa_bayan_food_trip/,24[M4F] Santa Rosa Bayan Food trip,"Kinda bored rn ngayon lang di nabusy at maluwag ang weekend baka may gusto maghangout for some coffee or crispy joes?

\-M 24  
\- working professional sa media  
\- nagbibike  
\- mahilig sa docu films  
\- loves agriculture

Hmu!!",1,1786153054.0,PhR4Friends,0,1.0,False
1viiwqg,https://www.reddit.com/r/Stouffville/comments/1viiwqg/a_list_of_the_departed_restaurants/,A list of the departed restaurants,"\* Aras Restaurant

\* Back Alley Moto Café

\* Basically Bagels

\* Blacksmith’s Bistro

\* Bollocks Pub & Kitchen

\* Burger King (Main Street)

\* Coffee Time

\* Corner House

\* Country Style

\* Datta Pizza Daa

\* Fishbone Bistro

\* Fickle Pickle Family Restaurant

\* Jugheads

\* Kellington’s

\* King Henry’s Arms

\* La Cantina

\* Lion Pub

\* Little Caesars (original downtown location)

\* Main Street Burger

\* Maki Zushi

\* McDonald’s (Walmart location)

\* Mr. Sub (original downtown location)

\* Palgong Tea

\* Pho Basil

\* Pimento Jerk

\* Pizza Delight

\* Riviera Pizza

\* Santosh Indian Restaurant

\* Second Cup

\* Shari Sushi

\* Shawarma Ville

\* Steer Burger

\* Symposium

\* The Smokery Kitchen & Bar

\* Timothy’s Coffee

\* The Earl

\* Tipsy Cow

\* Upper Room Grill & Kitchen

\* Village Bistro

\* WS Bistro",11,1786153013.0,Stouffville,16,0.92,False
1viiw1u,https://www.reddit.com/r/novelslovers/comments/1viiw1u/searching_for_the_billionaire_regretted_losing/,Searching for The Billionaire Regretted Losing His Invisible Wife,"&#x200B;

The Billionaire Regretted Losing His Invisible Wife

""Madam, are you sure you want to divorce Mr. Branson?""

The lawyer asked it gently, the way doctors ask if you understand the diagnosis.

""I'm certain,"" I said, and my voice only trembled a little. ""I can't keep being a wife without dignity beside a husband who doesn't love me.""

Saying it out loud hurt more than I expected.

I loved Kyle Branson. I had loved him since I was fifteen, from the back row of a party I wasn't welcome at, watching him laugh in his football jersey with his eyes fixed on someone else.

I had loved him quietly through college, through the years as his secretary, through three years of a marriage that existed only on paper and in the darkness of our bedroom.

The lawyer's pen scratched across the paper.

Two weeks ago, I had been happy. For one whole afternoon, I had been happy.

""Congratulations,"" Dr. Ray had said, ""you're pregnant.""

I blinked rapidly, trying to focus. Her smile never wavered as she guided my attention to the screen, pointing to two tiny dots pulsing in sync.

""Twins,"" she added. ""You're having twins.""

I had been so careful — the pills Kyle insisted on, the contract with its cold black text. Clause 6: Regular contraception required. No pregnancies permitted.

But staring at those two flickering lights, something warm and terrifying opened up in my chest, like a window I hadn't known was painted shut. Two lives. Two tiny beings growing inside me. Kyle's children. Our children.

I cried in the hospital parking lot, my forehead against the steering wheel, and I couldn't have said whether it was fear or joy. Maybe there's no difference, when you've wanted something for as long as I had wanted a family.

Would they look like me? Would they have my green eyes, or their father's dark, stormy gaze? The whole drive home, hope kept rising in me, impossible to ignore. Maybe this changes everything, it whispered. Maybe when he sees the picture. Maybe, maybe, maybe.

I should have known. Hope had never once kept its promises to me.

That evening, I stood outside his study with the ultrasound picture in my cardigan pocket. The door was ajar; lamplight spilled into the hallway in a thin gold line. I raised my hand to knock—

""You've been married three years, Kyle."" Marcus's voice, lazy with whiskey. ""She should be pregnant by now, right?""

I froze, knuckles an inch from the wood.

""There won't be a child."" Kyle's voice was flat.

It's like standing in warm water and feeling it turn cold around you, inch by inch, while you're too stunned to move.

Marcus laughed. ""True. Taylor's back in the country now — I bet all your attention is on her."" Ice clinked against glass. ""How was last night? A whole night of sweetness, I'd guess.""

Last night, I was harassed by a stalker. After breaking free during the struggle, I had crouched behind a parked car in an empty garage while his footsteps circled closer, my ankle screaming, my palm bleeding, my phone pressed so hard against my ear it left a mark. I called Kyle times.

He'll come. This time he'll come. I thought.

An old security guard found me. He shouted the man off, walked me to my car, and stood in the rain until my hands stopped shaking enough to drive.

Kyle's reply was waiting when I got home. One word, glowing in the dark bathroom while I wrapped my torn palm.

Busy.

Humiliation was a living thing crawled up my throat.

""So tell me,"" Marcus pressed, grinning audibly. ""Which is better — the wife, or Taylor?""

Kyle didn't answer.

""Look at me asking,"" Marcus laughed. ""How could a contract wife ever compare to a first love?""

I pressed both hands over my mouth so no one would hear me sob.

This is a deal, he'd said once, sliding the contract across his mahogany desk. I hope you don't have any other ideas. But I did. So I'd signed, clinging to the hope that time would help him see me differently. Three years later, that hope had proven as substantial as morning mist.

When there were no tears left, I took out the ultrasound picture and looked at my babies in the lamplight, two tiny dots, my two tiny dots.

""It's okay,"" I whispered, my thumb tracing the edge of the photo. ""Mommy sees clearly now. We don't need him.""

""All right, ma'am."" The lawyer's voice drew me back. He capped his pen. ""The divorce agreement will be sent to your email within five days.""

Five days.

Outside, the rain had stopped. I stood on the courthouse steps and breathed, one hand resting lightly over my stomach.

Five days. And I'll be leaving him.

2

Taylor had posted again.

I knew better than to look. I looked anyway. Three posts since morning. The first: Kyle at the airport, taking her luggage, his head bent toward her in the rain. He was holding the umbrella entirely over her. His shoulder was dark with water. In ten years, I had never once seen him get wet for anyone.

Then the two of them at Lumière, golden light, her hand resting on the tablecloth an inch from his. A velvet box. An emerald bracelet, glowing against the dark like something alive. He always knows what I love, the caption read.

He didn't. I knew, because I was the one who had chosen it.

Last week he'd dropped a catalogue on my desk without slowing his stride — pick something a woman would like — and I, fool that I was, had lingered over the pages. I chose the emeralds because they matched my mother's eyes. Because some starved little corner of me thought, maybe it's for me.

I put the phone face-down on the vanity and looked at myself in the steam-blurred mirror. Of course it was Taylor. It had always been Taylor. Everyone who worked at K.T. Enterprises knew the legend — how Kyle Branson had built the most powerful company in the city in ten years and named it for himself and the woman he loved. Their initials, entwined. K.T.

A monument, emblazoned across every building, every document, every paycheck I had ever earned. I had signed my name beneath their initials a thousand times.

And I knew Taylor better than anyone. She was my stepsister.

I was fifteen when my mother died. One week — one week — and my father brought home his new wife, and her daughter. That's when I learned the ugly truth: he'd been seeing them for years. He'd married my mother for her money. Within days, Mom's things were in the attic. Within weeks, the house wore another woman's taste.

Everything you have will be mine, Taylor told me that time, thirteen years old and certain as a prophecy.

My father. My home.

And then, because fate has a sense of humor, the only man I ever loved.

I heard the front door. My hands stilled on the towel.

Kyle came into the bedroom loosening his tie, and his eyes found me — damp hair, bare shoulders, wrapped in silk — and darkened in that particular way I knew. He crossed the room without a word and kissed me, his hands sliding to my waist, and he smelled of rain and cologne and her, I was certain he smelled of her, and my mind, traitorous and vivid, showed me everything. The umbrella. The tablecloth. The emeralds against her wrist. Him, bent over her the way he was bending over me now, this exact mouth, these exact hands—

My stomach heaved.

I twisted away and gagged, one hand braced on the vanity, the room tilting.

""What's wrong with you?"" Kyle's voice behind me.

""Something I ate,"" I whispered.

A pause. Then, cooler: ""You're still taking the pills?""

The pills. Always the pills. No pregnancies permitted.

""Every day,"" I lied, and was surprised how easily it came.

He reached for me again — and stopped. His thumb had found the inside of my thigh, the bruise from the parking garage, ugly and yellow-edged. He went very still.

""How did you get this?""

""I fell.""

""You fell."" His eyes came up to mine, narrowed. ""Where? When? ""

""It's nothing,"" I said.

What good was rain after the harvest had rotted in the field?

He opened his mouth to press — and his phone rang.

Taylor.

""Hey,"" he said, and his voice, gentle and warm. He walked out into the hallway with it.

""...Thursday works...""

When he came back, he was already reaching for his coat.

And I knew where he was going to.

His sleeve caught my handbag on the chair; it tipped, spilled — lipstick, keys, and a crisp white card that slid across the floor and came to rest, face-up, at his feet.

Harrison & Lowe. Specializing in Divorce Cases.

Time stopped. He bent. Picked it up. Turned it over once in his fingers, and my heart slammed so hard I thought he must hear it.

""Someone was handing out flyers by the office,"" I heard myself say. ""I forgot to throw it away.""

Kyle looked at the card. Looked at me. Then he set it on the dresser and shrugged into his coat, and the something was gone.

""Don't wait up,"" he said.

The door closed. I let out the breath I was holding, and it broke apart on the way out, half laugh, half sob.

I was still standing there when my phone buzzed. A message. Taylor.

No words. Just a photo — a hotel suite in low amber light, sheets in ruins, her bare shoulder pressed to a man.

Kyle.

3

The morning sickness hit me as soon as I woke up. I barely made it to the bathroom in time, and afterward I knelt on the cold tile with my forehead against the sink, one hand pressed to my stomach, breathing through it.

""I know,"" I whispered to them. ""I know. We only have to do this a little longer.""

The mirror was unkind. Dark circles. Pale skin. Three more days. I only had to be invisible for three more days, and being invisible was the one thing K.T. Enterprises had ever trained me to do.

The elevator doors had barely opened before the whispers found me.

""—came in at nine with him. In his car."" Jenna from accounting had her back to me, coffee cup forgotten in her hand, holding court by the copier. ""Marie saw them in the parking garage. He opened her door for her.""

""Mr. Branson opened a door?"" Priya laughed, low and scandalized. ""For a human woman?""

""I'm telling you. And you should see her — she's upstairs right now. Red dress, legs for days. Gorgeous.""

""Who is she?""

""Taylor Porter. Apparently they were high school sweethearts."" Jenna's voice dropped into the reverent register people reserve for other people's romances. ""First love, back after all these years. Isn't that the most romantic thing you've ever heard?""

I stood three feet away, waiting for the copier, invisible. None of them lowered their voices. Why would they? I was Mia from HR — quiet, reliable, beneath notice.

""They're saying fiancée,"" Priya said. ""Dana heard it from his floor. The fiancée is visiting.""

The word went through me.

""God, imagine,"" Jenna sighed. ""Ten years building an empire, naming it after her — K.T., you know that's them, Kyle and Taylor — and now she comes home and it's like no time passed at all. Some women get everything.""

""And some of us get Steve from procurement,"" Priya said, and they laughed, and the copier finished its run, and I gathered my pages with steady hands.

""Morning, Mia,"" Jenna added kindly, stepping aside for me. ""You look pale — you should get some rest.""

""I will,"" I said. ""Thank you.""

Linda was waiting at my desk, her expression neutral as ever, holding out two cups of coffee. ""He asked for these,"" she murmured, her tone professional, yet I could sense a hint of pity. Linda knew. Linda had stood witness in a registry office while my husband checked his phone. Linda was the only person in this building who knew I existed.

My stomach churned at the smell of the coffee, but I nodded. ""Sure.""

When I pushed open Kyle's office door, Taylor was sitting next to him.

Taylor rose in one fluid motion, smoothing her red dress, entirely unhurried. She wanted me to see. This was the performance, and I was the audience of one.

""Oh, look who it is,"" her voice dripped honey. ""How nice to see you, Mia.""

I set the cups down carefully, watching my own hands as if they belonged to someone steadier. ""Your coffee, Mr. Branson.""

""That's not how I like my coffee,"" Taylor pouted, lifting the cup and taking a delicate sip. ""Too much sugar. Be a dear and get me another one.""

""I didn't make the coffee, Miss Matthews. Perhaps you should specify your preferences to the coffee shop directly.""

Her eyes narrowed for a heartbeat before she laughed. ""Oh, Kyle, isn't she adorable? So defensive over a cup of coffee."" She turned to me, her smile never reaching her eyes. ""Actually, Mia, wait — could you show me to the ladies' room? This building is so big, I always get lost.""

I knew it was a trap. I had known this woman since I was fifteen. But Kyle sat there behind his desk, not even looking up, and refusing her in front of him would cost more than walking into it.

""Of course,"" I said.

The moment the door swung shut behind us, the sweet facade dropped. She checked every stall, unhurried, heels clicking on the tile — and then she turned.

""I know what you're doing,"" she hissed. ""Playing the perfect employee, always so helpful, so eager to please. Everyone knows you've always been desperate for any scrap of attention. You're just like your mother — always trying to grab what doesn't belong to you.""

My hands trembled. ""Don't talk about my mother.""

""Why not?"" She stepped closer, her perfume thick in my throat. ""Everyone knew what she was. And look at you — following in her footsteps. Do you think he'll ever see you as anything more than what you are? A convenient employee he can use?"" She smiled. ""You'll never be anything to him, Mia. But you should remember what your mother got in the end.""

Something in me snapped .

The slap echoed off the tiles.

Taylor's head whipped to the side. My palm burned, and I stood there shaking, breathless, alive to my fingertips. For a moment there was absolute silence. Then, slowly, she started to smile — and my blood ran cold, because I knew that smile. She grabbed her own arm and squeezed hard, leaving red marks. Messed her hair. Let the tears rise on cue, beautiful, brimming.

The door burst open. Kyle stood there, his face dark with anger.

""Kyle!"" Taylor sobbed, running to him, burying her face in his chest. ""I don't know what happened — I just wanted to talk to her, to try to be friends, I know our past is complicated, but she — she attacked me!""

""She's lying,"" I said. ""Kyle, she—""

""I saw enough."" His voice was ice. ""Apologize, Mia.""

But I met his gaze, and my heart broke one final, quiet time — not like glass, like a fever. Breaking as in ending.

""No,"" I whispered. ""I won't apologize.""

His jaw tightened.

""Fine,"" he said coldly. ""You're suspended. Linda will handle your work until further notice.""

""No,"" I said. ""I'm quitting.""

Taylor's sobbing hitched. And Kyle went very still.

""What did you say?""

""You heard me."" My voice didn't shake. ""I quit."" I looked at the two of them. ""I hope you both enjoy today.""

""Mia."" Kyle's voice cracked out like a whip as I turned. ""We are not done—""

I walked out.

Then I took out my phone and dialed. It rang twice before a gentle, deep voice answered, warm with surprise.

""Mia?""

I looked out the window at the city, at all that sky I'd forgotten was there.

""I'm leaving him,"" I said. ""Let's meet up.""

4

Jeo was already there when I arrived at the quiet café downtown, and he stood when he saw me — dark hair stylishly messy, blue eyes as kind as I remembered — and pulled me into a gentle hug. I stiffened for half a second it had been long since anyone had held me like this.

""Mia Williams,"" he said. ""Still as beautiful as ever.""

""You look good too, Jeo.""

""I ordered you hot chocolate instead of coffee,"" he said as we sat down. ""You never could stomach coffee in the morning.""

I stared at the cup. Steam rose from it in a thin ribbon, and my throat closed around nothing.

""Hey."" Jeo's voice softened. ""You okay?""

""It's the hot chocolate,"" I said, and laughed wetly. ""It's very moving hot chocolate.""

He had the good grace not to press. Instead he spread the sketches across the table — the Havers project, a luxury boutique hotel, modern but organic, flowing lines and natural light — and somewhere in the second minute of talking, I forgot to be sad. My hands started moving on their own. ""You could integrate the existing architecture with bio-mimetic design elements,"" I heard myself say. ""Keep the old brick facade as a contrast to curved glass — and the central atrium could carry a sculptural staircase, with water features that throw light patterns through the whole space as the sun moves—""

I stopped. Jeo was grinning at me.

""What?""

""There she is,"" he said quietly. ""The girl who painted that mural in the university hall. I was starting to think K.T. Enterprises had filed her away somewhere.""

It had, I thought. ""Jeo, it's been years since I've drawn anything—""

""Mia.""

That voice. My spine knew it before my mind did — three years of training, the body snapping to attention. Kyle stood at our table in a crisp black suit, rain glittering on his shoulders, his expression carved from stone. How he'd found me, I didn't ask. Kyle Branson found whatever he wanted found.

Jeo rose, extending his hand, easy and unbothered. ""Kyle Branson? Jeo Parker. I went to college with Mia.""

Kyle ignored the hand. His eyes never left me. ""A word, Mia.""

I had to breathe before I stood.

Outside, the awning dripped rain between us and the street. His hand closed on my elbow, burning through my sleeve.

""Who is he?""

""An old friend.""

""Friends don't look at each other that way."" His voice was low, dangerous. ""You made a scene this morning. You slapped Taylor and you disappeared — and now I find you here, with him. What is this, Mia? What exactly do you think you're doing?""

""Having hot chocolate,"" I said. ""And discussing a job.""

""You have a job.""

""I quit that job. You were there. You were holding her at the time — perhaps it slipped your attention.""

His jaw tightened. ""You signed a contract. No relationships with other men during our marriage—""

""A job, Kyle."" Something hot finally tore loose in my chest, and my voice rose to meet it. ""The contract says nothing about a job. Or does it? Should I check?"" I pulled my arm free, and the rain-cold air rushed into the space between us. ""You suspended me. I saved you the paperwork. What I do now is none of your business.""

""You're my wife.""

""Your wife?"" I met his gaze. ""You don't get to control every aspect of my life, Kyle. Not anymore.""

""The contract—""

""The contract says I can't have relationships with other men. It doesn't say anything about taking a job."" I straightened my spine. ""Unless you're jealous?""

His laugh was harsh. ""Jealous? Of him? Don't be ridiculous.""

""Then there's no problem, is there?""

We stood there, staring at each other under the dripping awning. For a moment, I thought I saw something in his eyes.

I walked back inside on legs that held. Behind me, through the glass, I felt him standing in the rain a long moment before his car door slammed.

""The job,"" I said, sitting down. My hands were shaking now that it was over. I wrapped them around the cooling cup. ""Tell me where to sign.""

Jeo's whole face lit, ""Monday. Come Monday.""

It was dark when I got home. The porch light was off — I always left it on — and the wrongness of that small thing prickled at me even before I reached the stairs. The bedroom light was burning.

Taylor was lying on my bed.

In my pajamas. The ivory silk ones . She was scrolling her phone against my pillows, one leg crossed over the other, and when she saw me in the doorway she stretched, slow and luxurious, like a cat presenting its claws.

""Oh, Mia."" A smile bloomed, unhurried. ""I hope you don't mind. I just got back to the country and haven't found a place yet — hotels are so impersonal, you know? Kyle worried."" She let the word sit there, glowing. ""So he said I should stay here."" She plucked at the silk collar with two lacquered fingers. ""These are darling, by the way. A little loose on me.""

Two more days.

""Where is Kyle?""

The smile has something anticipatory. She looked like a woman watching a fuse she herself had lit.

""The study, probably."" She turned back to her phone. ""He found some very interesting reading.""

I should have heard the warning. I was too tired; the day had used everything. I walked down the dark hallway toward the line of lamplight under the study door, and I pushed it open.

Kyle sat behind his desk, perfectly still. The lamp cast shadows across his face, and in his hand, held so tightly the paper had begun to crease, was a hospital report.

My pregnancy report.

His eyes lifted to mine, and they were nearly black.

""When,"" he said, very quietly, ""were you going to tell me?""

5

The study felt smaller somehow, the walls closing in as Kyle's presence loomed larger than life. The lamp on his desk cast shadows across his face, making his expression unreadable — and then he moved, and it wasn't unreadable at all.

He slid a folder across the desk.

I picked up the folder with hands that had gone strangely calm. The medical report swam before my eyes. My name. My hospital. And there — the dates. Estimated gestational age: 12 weeks.

Three months.

""My wife is pregnant,"" Kyle said, each word precise and deadly. ""Three months pregnant."" He rose slowly from behind the desk. ""Because I distinctly remember being in Dubai three months ago. The entire month. Would you like to explain that, Mia?""

Two months. I was two months pregnant; my real report was in my drawer, blue folder, second from the top. This paper was a forgery. And I opened my mouth to say all of it—

—and then I saw his face, and the words died.

Because he believed it. It was already finished in him.

This is what I am to him, I thought.

And close behind that thought, quiet as a hand slipping into mine: Two more days. Let him believe what he needs to believe. Soon there will be a different paper on this desk.

""Well?"" His voice cracked like a whip.

""Believe whatever you want, Kyle.""

I set the folder down. He surged around the desk, his chair scraping back.

""That's all? That's all you have to say?"" His hand slammed into the wall beside my head, and I flinched. He was so close I could see the storm turning in his grey eyes. ""You've been at his studio — you quit without a word — the lawyer's card in your bag — how long, Mia? How long has this been going on?""

One question, something in me was crying, even now, even at the end. You could have asked me one question first. I have loved you since I was fifteen.

The grief of it was enormous, and far away, like weather on another coast.

""Are you finished?"" I asked softly.

""You're not keeping it."" The words were like ice. ""Do you hear me? Whatever this is, however far along — you will deal with it, or I will destroy you. You and your artist both.""

""Let me go, Kyle."" I stepped past him. ""We are done.""

He didn't follow.

Taylor was waiting at the top of the stairs.

She stood with her arms crossed, backlit by the hallway sconce, and she wasn't performing now — the honeyed voice, the trembling lip, all of it set aside like a coat indoors. What remained was the girl I'd known since I was fifteen, cold and bright with appetite.

""You look pale,"" she observed. ""Rough evening?""

""Get out of my way, Taylor.""

""You figured it out yet?"" She tilted her head, savoring it, and her voice dropped to the register of intimacy. ""The report. I switched them. Your real one's ashes by now."" She watched my face for the collapse and, not finding it, leaned closer, feeding me the rest. ""You want to know the best part? How easily he believed it. One doctored paper, one little suggestion that his precious wife had been unfaithful — and he crumbled. He never trusted you at all. He was always mine, Mia. You were just a placeholder.""

""I know,"" I said quietly, and meant it, and watched the taste of victory curdle in her mouth. ""You can have him.""

Her eyes narrowed. ""You're just like your mother. All heart, no brains — clinging to things that don't belong to you. I told you when we were fifteen: everything you have will be mine. I keep my promises."" Her gaze dropped, deliberate, to my stomach. ""Everything, Mia.""

Cold walked up my spine. I moved to step past her — and her nails sank into my arm like talons.

""Let go of me—""

""Make me,"" she whispered.

And then, with a strength I didn't expect, she shoved me. Hard.

Time slowed. The stairs — I'd forgotten how close we were to the stairs. My body twisted in the air, arms wrapping around my stomach, everything I was contracting to a single instinct: protect them, protect them — and then the first impact tore the world apart. Each step was a fresh detonation of pain. The chandelier wheeled overhead. Shadow, edge, shadow. Somewhere above me, distinctly, I heard Taylor throw herself down onto the steps — the rustle of silk, a rehearsed cry.

I hit the bottom, and everything went white.

When sound returned, it came in pieces. The study door flying open. Footsteps. And Taylor's voice, cracked and breathless with flawless terror: ""Kyle — Kyle, she grabbed me — she was screaming that she'd rather die than let you be happy, we struggled, I tried to get away — oh God, my arm, I think something's broken—""

""No,"" I gasped. The word came out as almost nothing. There was warmth spreading beneath me, between my legs, too much warmth, and terror closed around my heart like a fist. ""Kyle — she pushed — the babies—"" My hands pressed against my stomach. ""Please — the babies—""

He stood over us. One endless second. I looked up at him through tears of pain — my husband, ten years of my one and only love — and I watched him choose.

He bent down. And lifted Taylor into his arms.

""It hurts,"" she whimpered against his chest, her eyes finding mine over his shoulder. They were shining.

""I've heard enough about this, Mia,"" Kyle said, and his voice came from somewhere very far above me, cold and final as a closing door. ""You've gone too far."" He turned, her heels dangling, her arms around his neck. ""Linda will be here soon. She'll take you to the hospital.""

""Kyle—"" My voice broke apart. ""Kyle, please, they're yours—""

The front door closed. The car started. The sound of the engine faded down the drive, and then there was nothing — just the vast dark house, and the grandfather clock ticking, and me, spreading warmth on the cold hardwood floor.

""No, no, no,"" I whispered, curling around my stomach, around them, as if my body could still be a wall. ""Stay with me. Please stay with Mommy. You're all I have — you're all I have left, please—""

The pain came in waves now, each one taller. Somewhere a phone was ringing, or maybe that was in my head. The darkness gathered at the edges of the room like water rising, and the last thing I knew was that I was praying — to God, to my mother, to anyone at all —

Then the darkness took everything.

6

In the haze between consciousness and darkness, memories floated like scattered photographs, each one more painful than the last. The sedatives coursing through my veins turned my mind into a kaleidoscope of moments I'd tried so hard to forget.

""Mr. Branson will see you now.""

The first time I saw Kyle in his office, tall and imposing behind that mahogany desk. I'd straightened my simple black dress, trying to look professional despite my racing heart. He hadn't recognized me from high school, of course. To him, I was just another candidate for the secretary position.

The scene shifted, blurred, reformed.

""The board needs me married. Someone quiet. Someone who won't cause problems."" The contract sitting between us, stark black text on white paper. ""I hope you don't have any other ideas.""

And then our wedding day. No white dress, no flowers. Just a registry office and Linda as our witness. Kyle checking his phone throughout the ceremony. I'd worn a pale blue dress I'd saved three months to buy, hoping he might notice. He hadn't. ""The ring is just for appearances,"" he'd said, sliding the platinum band onto my finger. ""Don't read too much into it.""

Then the dream turned cruel. I was standing in a sunlit room I'd never seen, and my stomach was round and full beneath my hands, and I was laughing — and two small voices were laughing somewhere just out of sight, in the next room, always in the next room, and I walked and walked through door after door trying to reach them, and every room was empty, and the laughter was getting fainter—

""No,"" I begged the dream. ""Please. Let me see them. Just once, let me see their faces—""

The doors kept opening onto emptiness. And then even the laughter was gone, and there was only a white ceiling, and an antiseptic smell, and the steady beep of monitors.

I was awake. And I knew.

My hands moved to my stomach and found it flat .

""Mia?"" My friend Scarlett was rising from the chair beside my bed, red hair wild, eyes swollen from crying. ""Oh, thank God. You've been out for hours—""

""The babies,"" I said. My voice came out as a stranger's, rusted and small. ""Scar. My babies.""

Her face crumpled.

""I'm so sorry, Mia,"" she whispered, tears spilling down her cheeks. ""The doctors — they tried everything, but...""

The room went very far away. I heard myself make a sound, and Scarlett climbed half onto the bed and held me while it tore its way out — all of it, ten years of it, grief upon grief upon grief, and at the bottom of everything, my two small lights, whose faces I would never see. I had promised them. I had covered them with my hand and promised: you are wanted, you are so wanted —

""I never got to tell them,"" I sobbed into Scarlett's shoulder. ""That I quit. That I got the job. I was going to draw again — I was going to show them the ocean—""

""I know,"" she whispered, rocking me. ""I know, honey. I know.""

I cried until the sedatives dragged me back under, and this time, mercifully, there were no dreams.

When I woke again it was dusk, and Scarlett had gone for coffee, and the door stood half open onto the corridor. Two nurses paused outside it, their voices low, the way people talk past rooms they think are sleeping.

""—no, the other one. Miss Porter, third floor. Discharged this morning. Nothing but a bruised wrist, if you ask me.""

""A bruised wrist? Mr. Branson called in three specialists. Dr. Osei flew in from Geneva. For a wrist.""

""I heard he stayed by her bed the whole night. Wouldn't leave. They had to bring a cot in."" A pause; the squeak of a trolley wheel. ""Devoted, isn't he.""

""Shh. Rich people,"" the other said, with a soft, disapproving click of the tongue, and the footsteps moved on down the corridor.

I lay looking at the ceiling. Three specialists. Geneva. A cot by her bed. He was capable of it. The vigils, the flown-in doctors, the not-leaving. All of it. It just had simply never, not once in ten years, been for me.

He came the next afternoon.

Kyle was standing in the doorway, still in yesterday's suit, shadows under his eyes. He looked at the monitors.

""The doctors say you'll recover fully,"" he said finally.

Recover. As if what I'd lost was a thing that grew back. I said nothing.

""How's Taylor?"" I asked. I couldn’t help it. I needed to know if he spent the night with her while I was losing our children.

His jaw tightened. ""She's fine. Some bruising.""

Of course she was. Taylor always landed on her feet. While I lost everything.

My phone buzzed on the bedside table.

I picked it up. One new email, sitting at the top of the screen like a door standing open. Harrison & Lowe — Your divorce agreement is attached. Please review and sign at your convenience. Five days, the lawyer had said. He was right on time. I opened the attachment and read the first line — Dissolution of marriage between Kyle Branson and Mia Williams — clean, clinical, cold.

For once, the coldness of a contract felt like mercy.

""What is that?"" Kyle asked.

I turned the screen toward him and watched his face go white.

""Sign the papers."" I said. My voice didn't shake. It had done all its shaking; there was nothing left in it but the truth. ""Let me go.""",2,1786152956.0,novelslovers,1,1.0,False
1viivtn,https://i.redd.it/llneu70q12ih1.jpeg,Cigarettes and Coffee For Tonight,Ame is settling in well to her new home ,37,1786152939.0,Fumofumo,4,0.94,False
1viivj1,https://www.reddit.com/r/Tik_tok_stories/comments/1viivj1/a_niagara_vacation/,A Niagara vacation,"
 It was so terribly cold. Snow was falling, and it was almost dark, when out of the blue, my wife called me at work. ""We're going to Niagara Falls for the weekend. I got us an awesome deal!""

We had both been working at our first ""full-fledged"" jobs for a year and had reached that moment after graduation when you suddenly realize you can't make that impact on the world your student enthusiasm once promised. At first, I just sighed. It was the dead of January, and I had already expended all my energy on a week of inconsequential stress. I just wanted to collapse on the couch for two days. Sarah felt a similar weary exhaustion. I could tell. Her tone was more hopeful than excited, but she had dreaded the routine we were sinking into and was trying her best to pull us free.

I looked to the ceiling and adjusted my telephone headset. At that time I was working at Stats Canada on the tele-query desk. I took a deep breath and, as convincingly as possible, said, ""Sounds good."" I don't think she bought it, but we went nonetheless.

This was Niagara Falls before the casinos when there was a very distinct off-season. When we got to the hotel, we were given the details of our ""lovers' special"". One dinner to be used either Friday or Saturday, two breakfasts, a roll of tokens for the arcade, 10% off some ""4D"" movie ride experience, and a 2-for-1 coupon to Max Tussaud's. I guessed it was Madame's nephew? We also got a bottle of sparkling wine in our room and chocolate treats on our pillows. I was impressed. It sounded good.

When we got into our room and saw the ""bottle"" of wine - basically an aeroplane-sized glass and half - and the chocolates - ""fun wrapped"" Oh Henry's left over from Halloween - we both started to laugh. The tone for two wonderful days had been set. We decided to cash in on our dinner coupon right away.

The restaurant off the lobby had hopes of being better. There were huge panoramic windows that promised a view of the gorge. Unfortunately, they had some winter moisture problems that day, and it felt like we were defrosting amid the dripping streaks and foggy patches. The decor was your standard booths and tables though the ""romantic"" lighting was unique. Dollar store battery-powered tea lights were lodged inside thick tumbler glasses and shed a muted pleasantness in a ""what a great idea for a craft"" sort of way. I had a feeling they were created by our waitress since she was the one who always seemed to be fussing with them. Only one other couple was in the dining room, so she attended to us immediately.

""Can I get you something to start?""

""Sure."" ""Thank you, that would be nice."" We both responded simultaneously.

""And what would the lady like this evening?""

Sarah smiled at the flattery. ""I think I'll have a glass of white wine."" She glanced over at me to see my reaction. This was a subtle cue of the mood to follow. Diet Coke was usually the beverage of choice. She didn't normally drink alcohol. One glass numbed her nose and made her giggle far too easily. When she did drink, however, it meant she was comfortable with my company and open to anything to follow. I raised my eyebrows in a debonair way.

""And for the gentleman?""

""Do you have Foster's on tap?""

""Yes we do.""

""I'll have a pint please.""

Sarah smiled at the happy memories I invoked. At university, Foster's was my signature beer. It was at a time when Crocodile Dundee was a known name, and Australia was inexplicably cool. 15 cent buffalo wings and a pitcher of Foster's was the Tuesday night special at the London Arms pub. There the Classics Club would meet and, as a group, circle the wagons and drink ourselves into extroverts.

As soon as the waitress left, Sarah smiled at me. She reached out and held my hand across the table. With my gaze on hers, she slipped her foot from her shoe and slowly began sliding it up my pant leg.

""I got a pedicure this morning."" She announced seductively.

I nodded and pretended I didn't notice her invitation. ""What colour?"" I asked.

""I'm not telling."" She teased. ""You'll just have to find out later."" Her devious little smile was gorgeous.

""Mmmm. I can't wait.""

When the waitress returned with our drinks, we immediately retreated to our personal spaces as if we had been discovered by the chaperone. Sarah opened the menu and began to salivate at the variety.

""Can we add an appetizer to the package dinner?"" Her question seemed innocent enough.

""You're on the package?"" Our friendly waitress disappeared, and we were no longer a lady or a gentleman. She ripped the menu out of Sarah's hand and took mine before I had even opened it. She then scurried to her podium and brought back a tattered, grease-stained, photocopied page that we had to share. We both burst out laughing.

The waitress was flustered that we were not as bothered as she was. ""The drinks are NOT included!""

""What choices do we have?"" I asked, expecting the usual chicken or fish. I had been on many packages before with my parents.

""Coffee or tea."" The waitress snapped.

Sarah and I looked at each other in amused disbelief.

""I'll have coffee please."" I didn't even flinch at the ridiculously limited package. I was eager to get my order in early.

""And I'll have the tea!"" Sarah followed my lead. ""Can I have some milk with that?""

""Yes."" The waitress snarled.

""Fantastic!"" I enthused.

""Yes, great! I'm glad we got the package, Honey."" Sarah joked.

The waitress stormed off and returned sometime later with our lettuce-only salads drowned in Kraft's Italian dressing and our chewy chicken dinners, which she had thoughtfully allowed to cool. She tossed the plates on the table and left us to peacefully devour our deal. We didn't see her again until we requested the bill. For some reason, we found it amusing to leave a generous tip, which of course, defeated the purpose of the package, but we didn't care. It was fun.

The rest of the holiday was marred with similar off-season products and services. The wax museum was only half open, so we couldn't see the pop stars of the seventies. I didn't think it was a problem, but Sarah pouted playfully. She really wanted to see young Bowie. Meanwhile, the arcade was particularly stingy about spitting out coupons. So much so that Mike, the scraggly-haired repair guy, ended up escorting us from game to game and repairing the devices on demand. In no time, he was acting like an old drinking buddy. He joked and laughed, then, out of the blue, revealed that working at the Niagara Falls Fun Centre wasn't his career choice, that his dream was to be part of a travelling carnival. He desperately wanted to see more of the world, he explained and socialize with a greater variety of ""wildlife."" Mike winked at Sarah to punctuate his meaning, then began advising her on which games to play.

Sarah was partial to Skee ball and clearly had career potential in the sport, but Mike quickly pointed out that the token-to-coupon payout was not the best. In a furtive whisper, he revealed that The Storm Stopper was your best bet, provided the arcade had left it on its original factory settings. He assured us the ones here were ""cool."" The game had lights that ran around the outside in opposite directions and you had to hit the button at just the right spot to win. It looked impossible, but Mike was right; if you calculated tokens in versus coupons won, it was the best deal. It only took a little practice to win a minor jackpot every 5 or 6 times.

We would cheer each win as if Toronto had won the Stanley Cup. I would give a quick fist pump and a full lung ""Yes!"" while Sarah would jump up and down screaming, ""WhoooHooo!"" Of course, in the end, when we cashed in, ""Mike's secret"" only bumped us up from a key-chain flashlight to a ""deluxe"" nail beauty set. Mind you, it did come complete with clippers, scissors, a file AND a cuticle scraper. Not only that, it was all neatly packaged in a paisley-patterned pink and green plastic vinyl case. Mike was so pleased to give us our prize and to be honest, we were thrilled to win it if only to see his broad chicletted smile. It was more of a trophy than a grooming set.

That night, I made reservations for us at a fancy Chinese food restaurant - the Bamboo Garden. When we arrived, we had half-expected renovations of some sort. Instead, the place was immaculate. Gentle pools teeming with goldfish highlighted the epic black and red Ming dynasty decor. Real candles flickered on crisp white tablecloths. Again, the restaurant was virtually ours. The reservations on my part were entirely unnecessary. In fact, as soon as we entered, they knew us by name and guided us directly to our table. A live lounge piano caressed the air, its notes danced vaguely around familiar harmonies until finally, as if prompted by our presence, a song emerged immediately accompanied by the velvet voice of oriental karaoke. It was our song remastered",1,1786152916.0,Tik_tok_stories,0,1.0,False
1viiurw,https://www.reddit.com/r/adhdwomen/comments/1viiurw/day_1_of_20mg_of_elvansevyvanse_i_nearly_shat/,Day 1 of 20mg of elvanse/vyvanse + I nearly shat myself,"So things were going well, took it around 7am on a full stomach, had a chicken sandwich for breakfast before hand. It took maybe an hour for me to notice effects, I was able to sit in a coffee shop for 4 hours doing admin I’ve been putting off for literally years. 

I had a bit of a headache even though I had electrolytes with breakky and I felt a bit like I was mentally high but switched on. My eyes felt wide open and I was clenching my jaw a lot, after 3 hours I started to have a bit of a delicate tummy but nothing too crazy. 

I went to work tonight ( I work in a club!) and although I’ve been told not to drink, it’s really hard to avoid it in that environment.  Around 9pm I started getting awful cramps, then farts that smell like DEATH and then diarrhoea that was pure liquid. 

In the uber home I nearly shat myself and my body is shaking as if I’m cold. 

What is your experience with drinking on adhd meds ? ",4,1786152855.0,adhdwomen,4,0.84,False
1viitkq,https://www.dailynews.com/2026/08/06/la-metro-will-pay-you-600-not-to-drive-your-car/,LA Metro will pay you $600 to not drive your car,"The ""One Car Challenge"" requires a household to leave a car parked for five weeks, and folks walk, use bike share or hop on a bus or train instead of solo driving

In order to convince people to replace solo driving with mass transit, LA Metro is offering cash incentives for people to park at least one of their cars at home and try walking, bike share, carpooling or taking a train or bus.

“If the idea of getting paid to skip the car — even for a few weeks — sounds good to you, this is your chance,” wrote the Los Angeles County Metropolitan Transportation Authority in its online magazine “The Source.” “LA’s roads (and your wallet) will thank you.”

LA Metro figures it will be no problem signing up folks — they have room for about 2,000 participants. [High gas prices from the Iran-Israel War](https://www.dailynews.com/2026/04/14/us-wholesale-prices-march/) also may spur some drivers to ditch their cars for a while and save cash by avoiding the gas pump.

“We are expecting several thousand to sign up,” said Patrick Chandler, LA Metro spokesman. The agency estimates about 30% of solo car trips each day could be done by walking, carpool or by some form of public transit.

To sign up, you must register online directly at [metro.net/onecar](https://onecar.gocarma.com/?utm_source=la_metro&utm_medium=website&utm_campaign=occ_phase_ii_2026).

All must be at least 21 years old, have one or more cars in their household, and keep one idle for five weeks. Each person could get paid as much as $600 for not driving their car and completing the “One Car Challenge, Phase 2.”

LA Metro will evaluate each applicant. At first the transit agency seemed to prefer those with two cars, in an effort to see what it would be like to leave the second family car at home. But the program is open to one-car owners as well who are willing to go car-free for five weeks.  But the agency wants to make sure that an applicant has nearby transit options, Chandler said.

To prove the unused car stays that way, participants will be using GoCarma’s smartphone app to keep track of odometer readings. Participants may be asked to turn in photos of the car’s odometer before, during and at the end of the five weeks to document reduced driving. The app tracks travel behavior and vehicle odometer readings, but Metro says it respects data privacy.

The agency has acquired a $2 million grant from the Southern California Association of Governments to complete the pilot.

If the agency finds a reduction in vehicle miles traveled, that could spur new incentivized behavioral projects known as transportation demand tools, [like toll lanes](https://www.sgvtribune.com/2013/01/28/metro-toll-lanes-to-begin-on-10-freeway-on-feb-23/) or fees to enter a traffic-choked area. The goal is of course, to get more long-term LA Metro riders, but also by reducing cars on the road, traffic flow improves and vehicle emissions drop, said LA Metro.

This could churn out new kinds of car-less tactics in time for the 2028 LA Olympic and Paralympic games.

“The timing matters, too,” wrote LA Metro in its release, referring to a summer try-out two years before the start of LA28. “With the 2028 Olympics on the horizon, LA needs real, tested strategies to manage traffic and get people moving sustainably. The One Car Challenge is part of that preparation.”

The first phase took place in the fall of 2023 in Santa Monica, where traffic engineers found a significant reduction in vehicle use. That phase used only 300 people with multi-car households. This next phase is a kick up to 2,000, spread across Los Angeles County.

The Santa Monica pilot showed a meaningful shift away from solo car trips and that meant more people were walking, riding bikes and scooters.

Chandler said it helped that Santa Monica has a robust bus system, the Big Blue Bus, and also the LA Metro E Line’s western terminus is just steps away from the Santa Monica Pier and other city landmarks. People can avoid small car trips to the coffee shop, dry cleaners or restaurants by walking or riding the bus or rail line.

In Seattle in 2003, the “One-Less-Car Demonstration Study with 86 participants reduced total miles driven by 41,463, or an average of 1,974 miles not driven per week,” according to a report from the Federal Highway Administration. Also, the report found the program saved a total of 8,003 fewer car trips.

In Phase 2 here in L.A. County, the best participant may be the person living near a transit corridor.

For example, in the San Fernando Valley, a person could leave the car at home when in walking proximity to bus lines on major thoroughfares, such as Line 165 on Vanowen Street that connects Burbank to West Hills. Or near the LA Metro G Line (Orange Line) BRT from the North Hollywood B Line subway station 18 miles across the Valley to Chatsworth, said Bart Reed, executive director of The Transit Coalition.

Someone living near a major bus route would find it easier to ditch the car and ride the bus or G Line to work, he said.

“If you are within a quarter mile of a big bus line in the San Fernando Valley, you’d be more likely to try this experiment,” he said.

Those reacting on social media were divided over the concept. One who left a comment on the social media outlet Reddit, said the opposite is also true.

“It would take me about 2 1/2 hours with about four to six transfers to commute one-way to work if I took public transit. There’s no way I’m doing all that work wasting five hours of my life a day for a measly $600,” said one commenter.

In the north San Gabriel Valley, South LA and Long Beach, those who live along the very lengthy A Line or near one of the light-rail’s stations, may be up for the challenge.

Bin Jhang of Pasadena, where there are six A-Line stations, no longer owns a car, so he’s not eligible. He regularly takes the A-Line from Pasadena to his work in Duarte. He thinks others who drive to work but live near train stations or major bus lines should consider taking the five-week challenge.

“It’s an appealing way to get you to ride the trains and buses,” he said. “Besides, there are too many cars on the road right now.”

Those with car troubles facing costly repairs may consider riding a bus or train, which costs $1.75 each way, adding up to less than the cost of car payments, maintenance, insurance and gasoline.   
Transit discounts are available for seniors, disabled and student riders. Low-income riders can enroll in LA Metro’s LIFE Program, where new members get 90 days of unlimited free rides, followed by 20 free rides each month.

“My car isn’t passing smog and new catalytic converters are $1,700. Where do I sign?,” noted a Reddit commenter.",1,1786152757.0,LA_Transit,0,1.0,False
1viisej,https://i.redd.it/2053le9v02ih1.jpeg,Coffee before bed,,3,1786152659.0,livingproof,1,1.0,False
1viirkm,https://www.reddit.com/r/Market76/comments/1viirkm/h_400_coffee_w_leaders/,H: 400 coffee W: Leaders,,1,1786152595.0,Market76,1,1.0,False
1viir4y,https://www.reddit.com/r/MovingtoDenver/comments/1viir4y/apartment_recommendations/,Apartment recommendations,"Hi all. I'm moving to Denver in the next month or so and we've been recommended the following apartments from a real estate agent/ locator and would appreciate any feedback/reviews. 

\- Wilder 

\- The Henry

\- AMLI Riverfront

\- Westend Apartments 

\- The York

From my research, Greystar seems to have bad reviews which pretty much rules out Wilder and The Henry but interested to hear any personal experiences. 

Also open to any recommendations for 1 bed apartments around $1800. Flexible with location as I'll be WFH but walkable to coffee shops/neighborhoods/parks/running routes. 

Thanks in advanced! ",1,1786152558.0,MovingtoDenver,3,0.67,False
1viiptv,https://www.reddit.com/r/8ahwah/comments/1viiptv/المحامص_ودرجة_التحميص/,المحامص ودرجة التحميص,"السلام عليكم 

كثير من المحامص عندنا لاحظت يذكر لك النوع والsingle origin حق القهوة بس مايذكر درجة التحميص او لو يكتفي انه يقول لك قهوة فلتر ولا اسبريسو ونادر جدا مالقيت محاصيل تحميصها خفيف وعند محمصة وحدة وهي محمصة الرياض بس المشكلة اني ابغى بوكس والمحاصيل الكويسة عندهم مايحطوها في البوكسات عشان اشتريها بشكل دوري وبسعر مناسب فا الي يعرف اماكن فيها light roast coffee اما متاجر اونلاين او محلات في جدة او مكة يعلمنا",1,1786152454.0,8ahwah,2,1.0,False
1viiny2,https://www.reddit.com/r/Ergonomics/comments/1viiny2/work_from_home_floor_desk_setup_disability/,Work From Home Floor Desk Set-up (Disability Friendly),"I finally am getting to do some days home with my office job, and am really hoping to get a setup that leaves me less exhausted. Having my legs up makes a huge difference, and I'd like to do a floor desk. I wanted advice from people with similar setups, especially in terms of chairs.

Specifics  
\-I need multiple screens for my job, so a bed lapdesk won't work. I need a full desk. I can't be moving two moniters every time I get up for water.  
\-Sitting upright is really hard on my back. I need a chair that leans back enough to support me, but not so much I have to strain to keep my arms on the keys.  
\-I'm not super rich, so DIY options (using a coffee table from a thrift store or altering something) are more doable than a 500$ desk.  
\-I'm open to a non-floor desk with a footrest, but most don't work because they don't have knee support and my knees bend backwards.

Addition: I'd especially love chair advice",1,1786152292.0,Ergonomics,0,1.0,False
1viinxu,https://i.redd.it/znhg0ygvy1ih1.jpeg,Small Haul and Thoughts,"This was a hell of a con for me! I technically speaking didn't pay for any of the dice I got (d20s from Helm Coffee, 2d6 from Fans of Gen Con, 1d6 from Crystal Caste, and 1d6 from Bob of You Too Can Cthulhu).

  
The print TTRPGs I grabbed all came from Indie Press Revolution, a great booth and org. I'm most excited about Decuma for building up things in Session Zeroes. Also looking forward to all the solo RPGs I grabbed.

  
Also pictured are 3 linoprint patches I bought off a punk on Capitol Ave on Saturday and a sheet I kept from the National Security Decision Making group game I was in. ",8,1786152292.0,gencon,4,0.9,False
1viimyb,https://i.redd.it/vf6995xjz1ih1.jpeg,Side quest while on vacation in Seattle,"We searched for signed books with no luck, but the side quest to the Queen Anne neighborhood did not disappoint. It's a sweet little area with great coffee shops and a fun game store. ",95,1786152213.0,DungeonCrawlerCarl,7,0.99,False
1viimqp,https://www.reddit.com/r/cigar/comments/1viimqp/el_pulpo_belicoso_grande_review/,El Pulpo Belicoso Grande Review,"An ode to the only cigar I’ve smoked to the nub until my fingers got warm on multiple occasions:

A warm pepper steak commands attention upon the arrival on my palate.  
Your spice dissolves into the perfect summer evening mate.  
As we converse upon my tongue, your spice resolves, Complimenting the full tobacco taste.  
We speak in silence, as lingering coffee creates,  
A hearty finish of lightly buttered dates.

Maybe I like cigars too much.",1,1786152195.0,cigar,0,1.0,False
1viimfa,https://www.reddit.com/r/humansarespaceorcs/comments/1viimfa/humans_are_at_least_thankful/,Humans are at least thankful.,"""My core processors and entire body are streamlined and minmaxxed for maximum efficiency, battery life, and ability to hide a lot of hidden weaponry. 

My shields can resist 20 minutes of medium blaster heavy fire at 200 meters. 

My outer shell is made to mimic the most violent species known as Humans. 

I can process data faster than any flesh mind. 

Aliens have spent over 10 years trying to comprehend my cyberwarfare software and hardware. 

Why am I stuck giving you coffee every 5 hours and spending the rest of the time cleaning the lab"" 

I say expressing my displeasure working for this Human Scientist aboard the AUS Helsreach, an Expeditionary Carrier Dreadnaught. 

My current employer is a Human known as Himeko, she is a rather tall human female, red hair and a penchant for making coffee so bad it can actually damage my people's electronics, which can resist heavy industrial acid. 

The fact a Human can fail making a beverage made specifically for her species is an anomaly I have tried to fathom to the point of actually giving up. 

""It's cause your coffee is perfect, I never get tired of it"" She says, with a genuine smile that radiates so much purity I mistake it for Larinthian Hetite, a very popular superconductor. 

I look at Himeko again ""And the cleaning up of the lab?"" 

Her smile fades as she refuses to look me in my optic sensors ""W-well, you clean so fast I never have the chance to"" 

Her logic is technically correct, fleshbags tend to be terrible compared to us machines when it comes to finishing a task that requires speed. 

By most normal circumstances, I could easily quit, and yet the fact she always says please and thank you to me and knowing what it means in their culture, is something I cannot really fathom to hold against her. 

I check her files, sort the documents, and prepare another cup, as a prank I make it decaf, something I picked up from Humans. 

Voyages are long, entertainment can be sparse, so a decaf prank is hardly a crime. 

Though Himeko will chew me out for making her sleep. 

It takes no less than 20 minutes after her cup for the caffeine to wear off and she is out like a light. 

I pick her up, strip her, clothe her in her bunny onesie pajamas and put her in her sleeping bag and then put the sleeping bag on her bed, why? She moves alot in her sleep and I cannot bother my sister and her boss in the medical room for gauze and bandages again. 

I return to cleaning her lab, I sort the documents a 2nd time for brevity and to burn time. 

I realize a small side project, something Humans do to occupy time that isn't their job. Never made much sense to me, why occupy your mind away from your job to focus on your job? 

Enter her password which is the name of her favorite student's nickname back in the AUS academy ""Tuna"" and I find a perplexing discovery. 

She made a taste module, to be specific a universal taste module, meaning units like me and my siblings on this ship can somewhat ""taste"" things the way a fleshbag would. 

It's sadly in the experimental design phase and can only attain liquids. 

I find it useless until I spot the sticky note in the bottom corner. 

""Senti made me coffee again, then again she makes me coffee everyday, I want to share the experience of having a drink with her, non-alcoholic of course"" 

.....I will remake my normal reports of working with Humans. 

Starting with ""At least they are thankful for the work we do together""",41,1786152170.0,humansarespaceorcs,7,1.0,False
1viimcx,https://i.redd.it/rrcbs9cfz1ih1.jpeg,Honest Opinions Appreciated!,"Hey everyone! Context: female in her early 20s trying to find a new place to live where she won’t have to fend for herself on the daily (at least that’s the goal). Recently found a sweet set up in the highlighted area and would love some advice/opinions from anyone who goes on runs and lives in the general area on the vibes of the place. I’ve heard mixed reviews so far and thought it couldn’t hurt to get some more, especially from other females that live in the area.

Main questions:

1. How comfortable are you walking/running/hanging out around the area
2. Is car jacking actually that bad when you on street park
3. Do you feel safe at home here
4. (Any extra fun recs in the area would also be greatttt)

TIA!!",15,1786152165.0,jacksonville,24,0.78,False
1viilab,https://www.reddit.com/gallery/1viilab,Ok im Done for the day,I went to Randalls and redeemed some of my tickets and saw the loteria in the machine so I proceeded to buy 2 more. #13 and #12.  12 was the winner! $200 into $500 again. And another $300 profit! I think i did ok today!,6,1786152079.0,Lottery,0,0.87,False
1viikcy,https://i.redd.it/8szqc0cxy1ih1.png,I'm selling my tiktok of 22k followers,"Hey guys I'm selling my tiktok of 22k followers and monetize hmu with offers I'm looking to sell quick. 

 ",1,1786151998.0,TiktokBuySellAccount,0,1.0,False
1viik7k,https://www.reddit.com/r/dating_advice/comments/1viik7k/does_see_you_around_after_a_5th_date_basically/,Does “see you around” after a 5th date basically mean “see you never”?,"I’ve (F) been seeing a guy for about a month and we’ve been on 5 dates.

Last night we had a pretty nice date. We went out for dinner, walked around the beach, spent hours together, and stayed over. Physical chemistry is definitely there.  
Before we went to sleep, he was talking about a new bar and said something like:  
“We should grab a drink there in the next couple of weeks.”

While he bought me coffee before the station he also told me to text him what I get from a new food place near my area.  
Then he walked me to the train station. While we were saying goodbye, he said:  
“Good luck with your run. See you around. I had a good time.”

Nothing was too oo bad about the date, but it wasn’t one of those super emotionally deep dates either. It felt more “nice” than “wow.”  
The phrase “see you around” is what’s throwing me off. To me it almost sounds like:  
“See you sometime.”  
Or even:  
“See you never.”

Thoughts?",22,1786151985.0,dating_advice,106,0.78,False
