id,url,title,text,score,created_utc,subreddit,num_comments,upvote_ratio,over_18
1utxv0s,https://www.reddit.com/gallery/1utxv0s,They’re not perfect but are there any ideas here worth developing,Shaky ass hands I haven’t had anything to eat except for a coffee a Red Bull and a chai and a adderall and a small pastry of some kind ,1,1783809506.0,graffhelp,0,1.0,False
1utxuo9,https://www.reddit.com/gallery/1utxuo9,Artsy coffee cups in The Mentalist,,1,1783809481.0,GVCDesign,0,1.0,False
1utxu5z,https://www.reddit.com/r/milwaukee/comments/1utxu5z/first_time_in_milwaukeewhat_should_we_check_out/,First time in Milwaukee—what should we check out before our show at Cactus Club?,"Hey r/milwaukee!

My band, Cherokee Social, is coming through Milwaukee on October 1st to open for Ian McConnell at Cactus Club, and it'll be our first time really getting to explore the city.

We'll have most of the day free before load-in, so we'd love some recommendations from locals. What are the can't-miss spots? Favorite coffee shops, record stores, bookstores, breweries, restaurants, parks, vintage shops, music venues, or any hidden gems we should check out while we're in town?

One of our favorite parts of touring is getting to experience the cities we play instead of just rolling in for soundcheck and heading out after the show.

If you're already planning on coming out to see Ian McConnell, we'd love for you to catch our set too and come say hi afterward!

Thanks in advance—we're excited to visit Milwaukee!",1,1783809444.0,milwaukee,0,1.0,False
1utxu0g,https://www.reddit.com/r/TeenVent/comments/1utxu0g/life_vent_because_i_dont_have_friends_i_have_the/,"Life vent because I don't have friends, I Have the Internet","I'm half between laughing and just pulling out my hair 

Also thinking about joining the military just to get away and I don't even think I have that option.

I'm just so done with life rn.

I'm 18 and yet have no control in my life.

No friends 

No job (bc I'm not allowed one / not able)

I'm designated babysitter and practically a second mom

I have a huge secret im keeping from my dad because it will start a fight 

And I don't need to be more drained

Spoiler alert: it's I want to have a career, And not just be a housewife.

Everything and I mean EVERYTHING is dictated by my father

Can't leave my room without complaining from my father about everything and nothing at all.

My dads recovering from Kratom, he's unemployed and blames everything on everyone else 

(Mostly my mom)

Also suddenly really religious 

(Which just doesn't make anything better)

Honestly I don't see how this doesn't end up in a divorce 

Or lost of respect for both parents 

My dad constantly complains my mom doesn't do anything 

Which is just laughable 

My dad's schedule 

6 am:  wake up daughter to take care of barking dog he wanted . (I really didn't want that dog.. made that very clear.)

 7 -idk:

Watch YouTube and drink coffee and takes nap.

(Our only moment of peace btw)

All-day:

Complain about things need done, don't do any of those things. put it on son and daughter

Takes drug kratom because ""i have to do stuff""... then doesn't do it.

Up kratom usage when he's triggered 

(When he's supposed to be reducing)

Triggered by stuff he doesn't have to do. 

Complain that he does too much and shouldn't have to do anything.

Complains wife isn't doing anything

Or complains that she shouldn't take that long doing said thing

Before bedtime:

Wonder why daughter doesn't look happy 

Complains it's not his fault

Then complains about my room. 

(By the way this is EVERYDAY) 

And when I finally get a break and he takes out the dog he acts like I should praise him for it. Or has gotten mad when I don't say thank you.

My mom's schedule:

Takes care of legal matters for my dad 

And other things like appointments 

Research or buying more kratom for him

(He acts like she's a secretary) 

Take care of 3-year-old and a 8 year old

Homeschools them

Doesn't take naps 

Be drug dealer to Dad because he doesn't trust himself around kratom 

Even though he would just walk up and take it himself.

Drives everyone to appointments or places.

Cleans

Make meals

And many other things, but she's been busy

As of lately because she's been looking for jobs and making resumes for the both of them.

saw an old video of my mom and my baby shower. And I cried 

She looked so youthful and happy.

Looking back at my childhood,

I feel like my dad has literally drained the life out of her

My 17 year old brother 

Who is luckily on the other side on the house and has good walls. 

He's not bothered by anyone else 

He doesn't have to hear our parents practically fighting or dad's complaining 24/7

Does it really give a shit about anyone

Or anything happening to our family

doesn't offer to help or anything

And if he does help he acts like he needs to get paid to do it. 

And pretty sure he's aware that Mom just does stuff he doesn't do. So he thinks he can get away with that.

I'm pretty sure My 8-year-old brother hates me. because again, I have to be second mom. 

3 year old brother who won't potty train

To save his life 

(He's the only one I really like rn)

Makes things a lot harder too because that's one of the things my dad complains about the most. 

We recently moved into a house that's a little pricey but only because we were desperate to get out of a situation 

And my dad hasn't been working for a couple years because we got an inheritance from his mom.

He kept pushing off work until he got off kratom he's been ""getting off it"" for 2 years

Some other fun facts about my life!

My dad Broke my car window with a riding mower because he was not careful. even though I'm constantly reminded to be careful. So I had a good laugh at that...

And the car is not even mine

Because his brother didn't send the papers over yet So I can't legally start practicing driving...

One of my braces broke and we haven't been to the orthodontist in a couple months because my dad doesn't really want to get into a new payment with them 

And he thought we could just wait it off

So my teeth are shifting back to the way it was 😊

Which sucks cuz I was really insecure about my teeth .

This is not even the tip of the iceberg 

So much other shit is going on in my life

Sorry this was probably shit to read lol",1,1783809431.0,TeenVent,0,1.0,False
1utxtze,https://www.reddit.com/gallery/1utxtze,naturium azelaic topical acid 10 and Azelaic Acid Derivative Complex 10%.Can someone confirm if these are the same?? I feel like I’m going insane.,,1,1783809429.0,NaturiumSkin,0,1.0,False
1utxtkb,https://www.reddit.com/r/cardgames/comments/1utxtkb/cards/,Cards?,"Louisville....Anyone interested in a game of card (Euchre, Spades, or Hearts)? Happy to play over a beer, coffee, or just some laughs. Name the time and place and I'll bring the cards.",1,1783809398.0,cardgames,0,1.0,False
1utxtig,https://www.reddit.com/r/callcenterplanetPH/comments/1utxtig/moa_hiring_non_voice_local_account_and_voice/,moa hiring non voice local account and voice healthcare account HIRING! HIRING! HIRING,"&#x200B;

CONDUENT | CONDUENT | CONDUENT

📍MOA, Pasay site

📍WORK ONSITE

💵 UP to 34,000 Basic Salary (Depending on the account)

 

Accounts: HEALTHCARE, AND LOCAL ACCOUNT

👛 Performance Incentives

👛 Additional Allowances

🌃 Night Differential 15%

☔ Life Insurance

🏥 HMO

🥤 Free Drinks (Coffee/Milo/Water/etc)

🏓 With Gameroom

🚗 With Daily Shuttle

😴 Sleeping Quarters

🤩 Premium Production Set-Up

🏖️ FIXED Weekend Off

🏢 Newly renovated Office

 

📌 Minimum Qualification:

✅ Basic English communication skills

✅ At least SHS Graduate

✅ With or Without BPO Experience

 

📌 Process

✅ Initial interview

✅ Online Assessment

✅ Final Interview

✅ Job Offer

 

NOTE: Please prepare your CV/RESUMÉ. This will be Virtual/Online Interview all throughout.

If you are interested, please send me  your details.

Full Name:

Email Address:

Phone Number:

BPO Experience:

Preferred Account:

Mass Hiring po non voice and voice accnt po namin sa local accnt after 6months pwede kang ma-wfh",1,1783809394.0,callcenterplanetPH,0,1.0,False
1utxti4,https://www.reddit.com/r/alphaandbetausers/comments/1utxti4/just_6_android_testers_away_from_launching_motive/,just 6 android testers away from launching motive on google play,"hey everyone, motive is an app for adults who want to actually see their friends and make new ones. because we're all texting each other constantly and still somehow never hanging out. because making new friends after college is weirdly impossible. because ""we should hang out sometime"" is one of the loneliest sentences in English.

we're connected, just not connecting.

motive fixes that. you post a small, low-pressure hangout — sunset hike, coffee, pickup basketball, whatever — and whoever's around comes through. that's it. not a dating app, not networking, just a way to make actually seeing people the default again.

iOS is already live in the app store, active in Provo UT right now and expanding out from there. now i'm trying to launch on google play, and google requires 12 android testers with the app installed for 14 continuous days before they'll approve a first release. i'm at 6, need 6 more.

if you're down, drop your gmail in the comments or DM me — i'll add you to the tester list and google will email you the opt-in link within a few minutes. you don't even have to open the app, just install it and let it sit for 14 days.

thanks for reading, genuinely excited to share this one.",1,1783809394.0,alphaandbetausers,0,1.0,False
1utxsla,https://i.redd.it/1vmqv0uygoch1.jpeg,moa hiring non voice local account and voice healthcare account HIRING! HIRING! HIRING,"&#x200B;

CONDUENT | CONDUENT | CONDUENT

📍MOA, Pasay site

📍WORK ONSITE

💵 UP to 34,000 Basic Salary (Depending on the account)

 

Accounts: HEALTHCARE, AND LOCAL ACCOUNT

👛 Performance Incentives

👛 Additional Allowances

🌃 Night Differential 15%

☔ Life Insurance

🏥 HMO

🥤 Free Drinks (Coffee/Milo/Water/etc)

🏓 With Gameroom

🚗 With Daily Shuttle

😴 Sleeping Quarters

🤩 Premium Production Set-Up

🏖️ FIXED Weekend Off

🏢 Newly renovated Office

 

📌 Minimum Qualification:

✅ Basic English communication skills

✅ At least SHS Graduate

✅ With or Without BPO Experience

 

📌 Process

✅ Initial interview

✅ Online Assessment

✅ Final Interview

✅ Job Offer

 

NOTE: Please prepare your CV/RESUMÉ. This will be Virtual/Online Interview all throughout.

If you are interested, please send me  your details.

Full Name:

Email Address:

Phone Number:

BPO Experience:

Preferred Account:

Mass Hiring po non voice and voice accnt po namin sa local accnt after 6months pwede kang ma-wfh",1,1783809330.0,BPOinPH,0,1.0,False
1utxs1q,https://www.reddit.com/r/desmoines/comments/1utxs1q/first_time_in_des_moineswhat_should_we_check_out/,First time in Des Moines—what should we check out before our show at xBk?,"Hey r/desmoines!

My band, Cherokee Social, is coming through Des Moines on September 29th to open for Ian McConnell at xBk, and it'll be our first time spending any real time in the city.

We'll have most of the day free before load-in, so we'd love some recommendations from locals. What are the must-see spots? Favorite coffee shops, record stores, bookstores, breweries, restaurants, parks, vintage shops, or any hidden gems we should check out while we're in town.

One of our favorite parts of touring is getting to explore the places we play instead of just rolling in for soundcheck and heading out after the show.

If you're already planning on coming out to see Ian McConnell, we'd love for you to catch our set too and come say hi afterward!

Thanks in advance—we're excited to finally visit Des Moines!",1,1783809292.0,desmoines,0,1.0,False
1utxrzu,https://www.reddit.com/r/CoffeeTalkGame/comments/1utxrzu/coffee_talk_2_38_gallery_please_help_please_help/,Coffee Talk 2 #38 Gallery PLEASE HELP PLEASE HELP,"I have every trophy for this game except for art connoisseur

Im missing #38 in the gallery (7th page 2nd photo in) 

It says online I need to do Lucas and Riona normal story arc which I did because I have the trophy for it

I did my good run first, then my partial run, and ended the game doing my bad run on the 3rd play through. I’m truly confused on what I need to do in order to get #38 gallery photo. Please someone help me this is the ONLY thing holding me back from getting the platinum. Super frustrating. (Remember I did my bad run play through last so idk if that changes anything or if I need to run the entire game back again) ",1,1783809289.0,CoffeeTalkGame,0,1.0,False
1utxrgf,https://i.redd.it/8db3d78qgoch1.jpeg,Clark's cover is blown...almost.,,16,1783809249.0,greentext,3,1.0,False
1utxrdo,https://www.reddit.com/r/bathandbodyworks/comments/1utxrdo/lotta_thoughts_on_fall_and_fomo/,"LOTTA Thoughts on Fall, and FOMO.","So I went in to smell all the Fall Bath & Body Works stuff, and the biggest plot twist of the day was that I actually ended up loving Sweet Cinnamon Pumpkin.

Listen… I was fully prepared to walk right past her. Then I remembered seeing a post mourning her, so I decided to take a whiff.

It’s not a heavy pumpkin spice scent to me. It smells more like the idea of pumpkin, the seed, the vibe rather than straight up pumpkin. On my skin, it’s sweet, airy, light, and it actually seems to stick around (I’m still testing the longevity, but she’s showing promise).

Needless to say… self control wasn’t invited shopping with me.

I ended up buying three body creams, two body washes, and one mist for the 3 for 3  
plus redeeming another mist as a gift. Although… knowing me, I might end up exchanging that mist for another body cream, because I like to slather up.

Now I’m just sitting here waiting for fall and hoping these body creams don’t decide to expire before pumpkin season gets here in a few months.

Also… I genuinely don’t know how some of you guys use the regular body lotion. 😭 Every time I try it, I’m like… where’s the moisturizing action? It always feels so watery compared to the body cream.

Now for the biggest disappointment…  
The Sweet Cinnamon Pumpkin candle and Wallflower.  
Why do they smell like they’re just… 🎃.  
Just. 🎃.  
I even asked one of the associates why the candle doesn’t have that same sweet, airy quality as the body care. On my skin, it’s balanced, soft, and cozy. The candle and Wallflower? Just pumpkin.

I wish the candle smelled the way the body care develops on my skin because I’d be buying backups like that.

I also picked up Morning Tea and Pumpkin Coffee Cake during the BOGO three wicks. 

And can we have a moment of silence for me not stocking up on Black Tea body cream and mist during SAS? 

Most of the other fall candles honestly blended together for me. A lot of them were just repackaged versions of scents we’ve already had.

The only other one that really caught my attention was Ghoul Friend. And I’m honestly pissed about Midnight Marshmallow, because I want to smell it so bad, but it’s out of stock everywhere and an online exclusive.

Now I’m curious about Raspberry Strudel.  
Here’s my problem: I LOVE bright, fruity candles on cold. Every. Single. Time.  
Then I light them… And suddenly they start giving fermented fruit that’s been sitting in the sun a little too long.

So now I’m scared to buy Raspberry Strudel even though I liked it on cold.  
Has anyone burned it? Does it stay true to the cold sniff, or does it betray you halfway through like all the other fruity candles and Wallflowers have betrayed me?

And one last question for my fellow addicts…

How do you actually convince yourself to light a candle you love? Because I’ll find my absolute favorite scent, buy it, admire it, sniff it every few days and then refuse to burn it because what if I fall in love with it. HELP.",1,1783809243.0,bathandbodyworks,1,1.0,False
1utxr2o,https://www.reddit.com/r/visitingnyc/comments/1utxr2o/touring_band_in_nyc_for_the_first_time_any_tips/,Touring band in NYC for the first time - any tips?,"Hey r/AskNYC!

My band, Cherokee Social, is coming through New York to play Brooklyn Music Kitchen on September 25th, and it'll be our first time really getting to explore the city.

We'll have a good chunk of the day free before load-in, so we'd love some recommendations from people who know the area. We're especially into great coffee shops, record stores, bookstores, vintage shops, cheap-but-amazing food, parks, live music spots, and anything that's a little off the beaten path.

We know there's an endless amount to do in NYC, so if you had one day to show someone your favorite spots, where would you send them?

One of the best parts of touring is getting to experience the cities we play instead of just showing up for the gig and leaving, so we're excited to make the most of our time.

And if you're around that night and looking for something to do, come hang out with us at Brooklyn Music Kitchen! We'd love to meet some local music fans and put some faces to the recommendations.

Thanks in advance!",0,1783809220.0,visitingnyc,4,0.5,False
1utxqzy,https://www.reddit.com/r/ostomy/comments/1utxqzy/passing_liquids_with_ileostomy/,Passing Liquids with ileostomy,"I had an ileostomy for colonic inertia in February. It took a week for my intestines to wake up but I went home with Reglan. It was working really well to keep things moving and then I found out about TD and started taper. Ii have some Mestinon to take occasionally. No vomiting, just feeel bloated. have output all the time, but when I drink fluids in the morning, it just sits in my stomach or intestines until food comes along and then I get output. I used to get liquid output with coffee, but no more. It doesn’t matter what I drink. Then I can’t drink anything in the afternoon and evening because my urine turns completely clear, I’m so full of fluids. I’m waiting to have tests, but it might be a while. I’m so thirsty. And I just have to eat and wait for output. Has anyone had anything like this? It’s very weird.",2,1783809215.0,ostomy,0,1.0,False
1utxqjz,https://i.redd.it/f7xxxkzigoch1.jpeg,So i decided to enjoy solo in rainy weather✨🤌🏻,Tried to connect someone but didnt get back🤙🏻,2,1783809181.0,IslamabadSocial,6,1.0,False
1utxpna,https://www.reddit.com/r/r4r/comments/1utxpna/40_m4f_online_looking_to_make_connections/,40 [M4F] #online - looking to make connections,"Thought I would throw a post up and see who's around. I'm pretty laid back and easy to get along with. Most of my free time is spent watching movies, finding a new show to get hooked on, or getting distracted by random stuff online. I also like getting out once in a while for a coffee, a walk, or just checking out somewhere new.

I'm really just looking to meet someone fun to talk to. Someone who can hold a conversation, laugh at dumb jokes, and maybe make an ordinary day a little more interesting. A little flirting never hurts either.

I like people who don't take themselves too seriously and can talk about anything from favorite movies to completely random thoughts that pop into their head at 11 at night.

So what do you do when you have got a slow day and nothing planned? Send me a message and tell me something about yourself. I would love to hear from you.",1,1783809110.0,r4r,1,1.0,True
1utxp6g,https://www.reddit.com/r/PetPeeves/comments/1utxp6g/people_who_make_comments_on_food_videos_about/,People who make comments on food videos about pooping.,"Under any food video involving dairy, coffee, or spicy food, there’s always at least one person who goes ‘I would be on the toilet all day’ ‘that would go right through me’ etc… it’s just gross and in poor taste. Your lactose intolerance/caffeine sensitivity/ibs is not my problem I don’t want to hear about your poops thank you",9,1783809075.0,PetPeeves,4,1.0,False
1utxp4o,https://www.reddit.com/r/Anxiety/comments/1utxp4o/i_got_030_klonopin_prescribed_by_my_doctor_after/,"I got 0.30 klonopin prescribed by my doctor after 2 weeks of the worst anxiety streak of my life, it saved my life","For context, all my life I had anxiety, depression and I got C-PTSD too young, I always managed to survive it without meds but at the beginning of the year my grandfather, who has been like a father to me, had a broken aneurysm, fell into a coma for 2 months, and now we are trying to help him to rehabilitate physically and mentally, if you've ever been a caregiver, you know how hard it is, that's a big anxiety source, but then I developed disordered eating behaviors (not a typical ED, but very bad eating habits), I started looking for health problems and began to believe that I had them, I interacted in really hostile online spaces, I drinked often and smoked weed often and my body couldn't take it anymore. I got a panic attack that made go to ER, since then my hands started to get cold, pale and sweaty every day, I had paresthesias in my face, my heart rate was always at 100-130 at rest for most of the day,   I was severely derealizated, and oh my god, the insomnia, I couldn't sleep for 3 days and the days I could sleep I was sleeping 2-3 hours, the lack of sleep made me unable to eat, to go outside, I thought that I was going to die. I tried going to the gym, walk every day outside, eat normal, I got off alcohol, coffee and weed completly the first day after going to ER, I did everything but my body was in an eternal fear and I was deteriorating more and more each day. And then, my doctor saw that it was too much and gave me klonopin...  I sleeped for 8 hours and when I woke up I was normal again, it was like nothing happened, It was as if I had gone back in time and the things that led me to that point had never happened, I felt like I had a second chance. I could help my family again, I could sleep, I could take care of my body... I learned the leason, I will take this second opportunity and never fall there again if I can prevent it... But this med literally saved me because I know something really bad was going to happen if my body never got out of that state.",1,1783809072.0,Anxiety,0,1.0,False
1utxoqj,https://www.reddit.com/r/MenOfPurpose/comments/1utxoqj/the_hidden_rules_of_getting_promoted_quantified/,"The hidden rules of getting PROMOTED, quantified: what organizational psychology data actually shows⬇️","I went deep on the promotion research this spring, organizational psychology journals, the consulting firm datasets, the management books execs actually quote to each other, because the gap between the official promotion process and the observed one is enormous and nobody documents it for you. Sharing the framework version: 4 hidden rules, with the numbers attached.

# Rule 1: performance is the entry fee, not the differentiator

- The classic framing comes from Harvey Coleman's PIE model, built from his corporate research: career advancement weighs performance around 10%, image around 30%, and exposure around 60%
- Nobody says this in onboarding. Everybody promotes by it
- Past the bar of ""reliably good"", extra output has steeply diminishing returns, the people who get stuck are usually the ones converting 100% of their energy into the 10% bucket
- Threshold takeaway: be solidly good, then reallocate the surplus hours to the other two buckets. obvi this feels wrong. the data dgaf

# Rule 2: decisions about you are made in rooms you are not in

- Promotions are calibration meetings, your case is whatever your sponsor can recall in 90 seconds
- Sponsorship and mentorship are different machines: mentors advise you, sponsors spend their political capital arguing for you. The sponsorship research (Catalyst, Sylvia Ann Hewlett's work) consistently finds sponsored employees advance at meaningfully higher rates
- Granovetter's weak ties studies are the network version of the same point: opportunities travel through acquaintances, not close friends, your next level is probably two coffees away from someone you barely know
- McKinsey's broken rung data adds the structural layer: for every 100 men promoted to manager, only ~87 women are, the biggest filter sits at the FIRST promotion, not the last

# Rule 3: legibility beats brilliance

- Work that is hard to summarize does not exist at calibration time
- One sentence of impact (""cut onboarding time 30%"") outperforms a quarter of invisible excellence
- Practical conversion: keep a running wins doc, write the one-line version of every project the week it ships, not the night before review season
- imo this is the single highest ROI 15 minutes per week available in corporate life

# Rule 4: the people who advance keep studying the game itself

- Promotion criteria are a moving target, what got you here literally will not get you there (Marshall Goldsmith built a whole book on that finding)
- The compounding advantage goes to people who treat career mechanics as a learnable subject, reading the org psych, listening to how executives actually talk about talent decisions, instead of discovering each unwritten rule by stepping on it
- This is the quiet filter: most people learn the game at 1 mistake per year. Some people read the documentation

**The quotable version: your promotion is a memory test administered to other people.**

Where to actually study, the short list:

- **The Unspoken Rules (Gorick Ng)**: a Harvard career adviser literally wrote down the unwritten rules, closest thing to the missing documentation
- **The First 90 Days (Michael Watkins)**: the standard playbook for converting any new level into early wins
- **Lenny's Podcast**: free, and the episodes with executives and career coaches are basically eavesdropping on how the people in the calibration room think
- **BeFreed**: an audio learning app that builds a study path on career mechanics out of leadership books, org psychology research and executive interviews, matched to your goal. The 25-30 minute deep dive setting keeps the actual case studies and examples intact instead of flattening everything into summary-speak, which for office politics content is where the usable detail lives. Runs on commutes, so the studying happens in time that was already dead

TLDR, the 4 rules:

1. Good is the ticket, visible is the promotion
2. Get a sponsor, not just a mentor
3. Make your work one-sentence legible, keep the wins doc
4. Study the game like a subject, the documentation exists, most people just never read it

Getting promoted has rules, they are just unevenly distributed, going and reading them is how you get freed from learning each one the expensive way :)

So, what is the most useful unwritten rule you have figured out at your job, and did you learn it from a person, a book, or a mistake?",1,1783809042.0,MenOfPurpose,0,1.0,False
1utxoae,https://i.redd.it/yn2vdpjyeoch1.png,Fanfic: Late Night Coffee and Nerves.,"Hi everyone. My name's Courtney, and I'm glad you're here. This is just a little late night fanfic between my male MC Shiloh and his crush Valko. I hope you enjoy it.

The image you see was made with a Mythic Boyfriend Picrew: [https://picrew.me/en/image\_maker/2789293/complete?cd=oMEKoFtmRe](https://picrew.me/en/image_maker/2789293/complete?cd=oMEKoFtmRe)

It's of my Shiloh and Valko. Thank you for being here. Please enjoy!

\----------------------------------------------------------

The safehouse slept under a shroud of heavy velvet, the dark hours spun from the same dark yarn that blankets forgotten libraries and silent chapels. Inside the kitchen, the only illumination had been the soft, amber weep of the brewing station, casting long and slender shadows that stretched across the floorboards like ink bleeding into parchment.

Shiloh moved through the quietude like a thief of moments, terrified of the sound of his own pulse. The air grew thick with the scent of roasted beans and sweet vanilla, a warm and fragrant spell cast against the midnight chill as he held the porcelain mug. He carried the offering down the narrow corridor, his palms slick against the ceramic, his mind spinning a dizzying web of absolute panic. He was an absolute disaster of nerves, a human lightning rod of anxiety who felt less like a Hunter and more like a vibrating chick trapped in a ruthless thunderstorm.

Through the cracked doorway of the tactical room, he didn’t find the sharp corporate chairman he expected. Instead, he found Valko entirely surrendered to exhaustion, fast asleep amidst a chaotic sea of glowing tablets and scattered black-market ledgers.

The wolfman looked immense even in his slumber, a creature of heavy muscle and fierce history, but the iron facade had completely melted away. Shiloh stepped into the room with absolute, breath-catching slowness, mentally scolding his own clumsy feet with every step. He stood beside the desk, completely frozen, letting his gaze gently trace the quiet landscape of Valko’s sleeping face. Without the guarded weight of leadership, Valko looked devastatingly handsome, the long crimson lashes casting soft shadows against his high cheekbones.

A fierce wave of tenderness rose in Shiloh’s throat, so sudden and sweet it made his chest ache. He stood there for a long, suspended minute, simply admiring the untouchable alpha turned so beautifully soft by the night, his inner dialogue a chaotic chorus of adoration and pure, unadulterated pining. But the data tablets were flickering, and Zayne’s warnings about exhaustion echoed in his mind. Shiloh swallowed hard, his heart hammering a frantic rhythm against his ribs as he realized he had to wake him. He reached out a trembling hand, his fingers hovering over Valko’s massive shoulder, completely terrified of the proximity, his internal monologue screaming at him not to trip over the carpet.

""Valko,"" Shiloh whispered, his voice catching on the threshold of the quiet room. When there was no response, he bravely let his fingertips brush the dark fabric of Valko's shirt, nudging him gently before instantly pulling his hand back as if he had touched fire. His mind and heart were racing a million miles a minute, but somehow he managed to keep his voice calm.

""Valko, wake up. C’mon, time for bed.""

The wolf’s golden eyes snapped open instantly, sharp and predatory for a fraction of a second before they focused on Shiloh and softened into something entirely warm. Valko sat up slowly, rubbing the back of his neck, completely unaware of the magnificent havoc he wreaked on the Hunter’s sanity, and entirely oblivious to the vast crush Shiloh carried in his chest. To Valko, the skittish behavior was just a charming, energetic quirk of a sweet, easily startled, innocent soul who wore his heart on his sleeve.

Shiloh immediately recoiled a step, his arms pulling the coffee tray tight against his chest like a shield, his posture entirely defensive as his cheeks flushed a sudden, radiant crimson. He was practically vibrating on the spot, his fingers twitching as he tried to maintain his composure. ""I brought you some coffee!"" he blurted out, the words tumbling out of him in a breathless, high-pitched rush that was entirely too loud for the quiet room. He immediately winced, dropping his voice to a frantic whisper. 

""I mean, you were asleep. On the paperwork. And I didn't mean to startle you, bro, or wake you up if you were having a good dream, or disturb the super-important chairman of EonCore, because that would be super, totally uncool bro, and I’m just going to put this down before I drop it!""

Valko let out a low, rumbling chuckle, the deep exhaustion in his voice dropping into a rich, lazy purr that seemed to wrap around the chilly room like a hearth fire. Beneath the table, the heavy, rhythmic thump of his wolfish tail began to echo against the floorboards, a secret and honest language of joy he didn't even realize he was speaking. ""You didn't startle me, pancake,"" he murmured, reaching out to take the porcelain mug, his large hand deliberately brushing against Shiloh’s fingers to steady the tray.

Shiloh shifted his weight from one foot to the other, his gaze darting around the room as he let out a nervous, self-deprecating laugh. ""You look really tired, Valko. Like, seriously, zombie-level tired. Maybe you should try to get some real rest. The data will still be here in the morning, and I promise the city won't implode if you sleep for a few hours. My sister and I will keep it safe.”

Valko took a slow, appreciative sip of the sweet vanilla brew, his golden gaze tracking the nervous, lovely boy before him with quiet fascination. He reached out, his thumb gently brushing the back of Shiloh's trembling hand to anchor him. 

""I’m fine. A little starlight and some coffee are more than enough to keep the shadows at bay. Sit with me awhile, Shiloh. The night is far too quiet without you in it.”

Shiloh’s eyes almost popped out of their sockets. “Sit? With you? Here?”

“That’s what I said, didn’t I? What, are you nervous?”

“Nervous? Who, me? C’mon, bro, get real. Hunters don’t get nervous,” a clearly nervous Shiloh said, frantically scrambling for a seat. He found one, tried to sit in it, and fell flat on the floor.

He wanted nothing more than to disappear, but then something magical happened. Valko offered him his hand with a charming smile that left him breathless.

“You’re quite the handful.”

",17,1783809010.0,loveanddepression,0,0.95,False
1utxnrw,https://www.reddit.com/r/newhaven/comments/1utxnrw/first_time_in_new_havenwhat_should_we_check_out/,First time in New Haven—what should we check out before our show at Cafe Nine?,"Hey r/newhaven!

My band, Cherokee Social, is coming through New Haven to play Cafe Nine on September 20th, and it'll be our first time spending any real time in the city.

We'll have most of the day free before load-in, so we'd love some recommendations from locals. What are the can't-miss spots? Great coffee shops, pizza (we know New Haven takes that seriously 😅), record stores, bookstores, parks, museums, bars, or any hidden gems we should check out while we're in town.

One of our favorite parts of touring is getting to experience the places we play instead of just rolling in for soundcheck and leaving right after the show.

And if you're looking for something to do that night, come hang out at Cafe Nine! We'd love to meet some local music fans and put some faces to the recommendations.

Thanks in advance—we're looking forward to checking out New Haven!",5,1783808973.0,newhaven,0,1.0,False
1utxno9,https://www.reddit.com/r/adhdwomen/comments/1utxno9/vyvanse_day_1/,Vyvanse Day 1,"Hi all, I’m not sure if this type of post is allowed on here but it can be deleted if it’s not. This is my first day on Vyvanse 30mg. I was prescribed this medication mostly to treat my binge eating disorder, but I do have ADHD as well. I think I may have started off on the wrong foot here because shortly after taking the medication I drank coffee. I’m not sure how much caffeine has an effect with Vyvanse. At first, I felt really good and happy. Then that started to wear off and now I’m feeling a little bit down and self conscious, and not to mention a little bloated. I haven’t eaten anything yet today as I’ve been out and about. Are these mood changes normal and will it take some time to get used to? I have a meeting with my doctor next week to discuss either reducing or increasing my dosage.",1,1783808965.0,adhdwomen,2,1.0,False
1utxn96,https://i.redd.it/v8p6vfcsfoch1.png,apurva is so in love 👅✌🏽(inframe:therebelkid),"all of her fits ate not gonna lie , her body is also tea these days 😧🤙🏿",2,1783808933.0,InstaCelebsGossip,3,0.67,False
1utxmva,https://www.reddit.com/r/Columbus/comments/1utxmva/first_time_in_columbuswhat_should_we_check_out/,First time in Columbus—what should we check out before our show at Rambling House?,"Hey r/Columbus!

My band, Cherokee Social, is coming through Columbus to play Rambling House on September 15th, and it'll be our first time spending any real time in the city.

We'll have most of the day free before load-in, so we're looking for recommendations from locals. What are the must-see spots? Favorite coffee shops, record stores, bookstores, restaurants, breweries, parks, vintage shops, or anything that's uniquely Columbus.

We always try to spend the day exploring the cities we play instead of just showing up, playing, and heading out.

And if you're looking for something to do that night, we'd love to see some friendly faces at the show! Come say hi—we're always down to meet new people.

Thanks in advance for any recommendations!",3,1783808903.0,Columbus,4,0.71,False
1utxmhj,https://i.redd.it/9f2rbvulfoch1.jpeg,Coffee from the Gelfling capital city?,,1,1783808874.0,DarkCrystal,0,1.0,False
1utxlzx,https://www.reddit.com/r/saintpaul/comments/1utxlzx/first_time_in_st_paulwhat_should_we_check_out/,First time in St. Paul—what should we check out before our show at Amsterdam Bar & Hall?,"My band, Cherokee Social, is driving up to St. Paul to play Amsterdam Bar & Hall on September 13th, and it'll be our first time spending any real time in the Twin Cities.

We'll have most of the day free before load-in, so I'm looking for recommendations from locals. What are the can't-miss spots? Favorite coffee shops, record stores, bookstores, parks, breweries, restaurants, weird attractions, scenic walks—anything that gives us a good feel for the city.

We're always trying to explore wherever we play instead of just showing up, playing, and leaving.

And if you're looking for something to do that night, come say hi at the show! We'd love to meet some locals.

Thanks in advance for any recommendations!",0,1783808839.0,saintpaul,2,0.5,False
1utxl2s,https://www.reddit.com/r/IndiaCoffee/comments/1utxl2s/recommend_me_few_good_coffees_for_pour_over_which/,Recommend me few good Coffees For pour over which have a good cupping score and unique flavour notes,,1,1783808770.0,IndiaCoffee,0,1.0,False
1utxkyn,https://www.reddit.com/r/MixCache/comments/1utxkyn/the_decline_of_ottoman_coffeehouses_by_eric_reed/,The Decline of Ottoman Coffeehouses by Eric Reed,"They called it the ""wine of Islam""—a fragrant, forbidden brew that would spark an empire’s unraveling. In the bustling \*kahvehanes\* of Istanbul, men gathered not just for coffee, but for something far more dangerous: conversation. What began as a Sufi ritual for staying awake during prayer soon became the empire’s…  
  
from MixCache.com - Latest Books & Blog Posts https://mixcache.com/catalog/1396/the-decline-of-ottoman-coffeehouses  
via [MixCache.com](https://mixcache.com)",1,1783808762.0,MixCache,0,1.0,False
1utxkci,https://i.redd.it/5mrafqh5foch1.jpeg,Where can I read this?,"**They Took My Boyfriend, My Dog, and $48,888 From My Card**

Chapter 1

My family went to Maui for Easter.

They took my parents.

My sister.

My boyfriend.

Even my dog.

They left me home to work.

Then I saw the charge.

$48,888.72.

Four business-class tickets.

On my credit card.

At first, I thought it had to be a mistake.

I was standing in the dining room, one hand wrapped around my phone, while my father carved pot roast like he hadn’t just sliced my heart open in front of everyone.

Mom was talking about resort breakfasts.

Briar was showing Knox photos of the infinity pool.

Knox—my boyfriend of three years—was leaning over my sister’s shoulder, smiling at her phone like he belonged there.

And Biscuit, my golden retriever, had his head on Knox’s knee.

I stared at the alert again.

Pacific Crown Airlines.

Four tickets to Maui.

Four.

Not five.

Dad, Mom, Briar, Knox.

Not me.

I slowly lifted my eyes. “You used my card?”

The table went quiet.

Not shocked quiet.

Caught quiet.

Dad set down the carving knife. “Don’t start, Elena.”

Something cold moved through me.

“Don’t start?” I repeated. “You’re going to Maui for Easter without me, taking my boyfriend and my dog, and you charged the tickets to my card.”

Mom’s face tightened. “Sweetheart, it’s not like that.”

“What is it like?”

Briar gave a tiny sigh, the kind she used online when she wanted her followers to think she was too pretty for conflict.

“Elena, you always work holidays. Dad just thought—”

“Dad just thought my money could go, even if I couldn’t?”

Knox shifted in his chair.

I looked at him.

“Did you know?”

His jaw flexed.

That was answer enough.

But because I still hated myself a little, I asked again.

“Knox. Did you know they bought your ticket with my card?”

He rubbed the back of his neck. “Your parents invited me. They said you were fine with it.”

“I found out ten minutes ago.”

His eyes flicked toward Briar.

Not me.

Briar lowered her lashes.

There it was.

A tiny silent exchange.

Something passed between them that I wasn’t supposed to see.

Dad’s voice snapped me back.

“You’re being dramatic. We’re family. Your mother and I don’t have that kind of cash lying around, and Briar’s business is still growing.”

Briar’s “business” was posting lip gloss links and calling it entrepreneurship.

“You make good money,” Dad continued. “You live in this house. You eat at this table. You can help your family have one nice Easter.”

I almost laughed.

I paid the mortgage on this house.

The car loan on Dad’s SUV.

The utilities.

Mom’s prescriptions.

Briar’s phone, ring light, editing apps, and “brand wardrobe.”

I had eaten instant noodles for dinner three nights last week because Briar wanted a designer bag for a sponsored shoot that never happened.

But sure.

I ate at this table.

Mom reached for my hand.

I pulled back before she touched me.

Her face fell in that practiced way that always made me look cruel.

“Honey, you know we don’t worry about you like we worry about Briar. You’re strong. You’ve always been strong.”

Strong.

That word had been wrapped around my throat since childhood.

When they left me with Grandma for eight years because Briar “needed stability,” I was strong.

When I got my first job at sixteen and mailed them grocery money, I was strong.

When they came back after I graduated college and asked to “start over as a family,” I was strong enough to forgive them.

When I bought this house because Mom cried about wanting a real home, I was strong enough to sign the mortgage alone.

I looked at the family photo on the wall.

Dad, Mom, Briar in the center.

Me at the edge, one shoulder cropped out.

Even the picture knew my place.

Briar broke the silence with a little laugh.

“Come on, Elena. You hate beaches anyway.”

“I don’t hate beaches.”

“You hate relaxing.”

Knox gave a weak smile.

I turned on him so fast it vanished.

“Did you try to say no?”

His mouth opened.

Closed.

Then he said the thing that ended us.

“It would’ve been rude.”

Rude.

It would’ve been rude for him to refuse my parents.

But it wasn’t rude to go on vacation with my sister while I stayed home and paid for it.

It wasn’t rude to take my dog.

It wasn’t rude to let me find out through a credit card alert.

I felt something inside me split.

Not loudly.

Not dramatically.

Just a quiet, permanent tear.

Dad leaned back in his chair. “Look, the tickets are nonrefundable. The resort is booked. You’ll stay here, watch the house, feed my fish, and handle any deliveries. We’ll bring you something nice.”

His fish.

Of course.

The fish got care instructions.

I got a bill.

I looked at Biscuit.

He wagged his tail, innocent and happy, his collar already fitted with a tiny travel tag.

I had adopted him after Grandma died.

For two years, he had been the only living thing in this house that came to my room just because he missed me.

And they were taking him too.

My chest burned.

I wanted to scream.

I wanted to cry.

I wanted Knox to stand up and say he wasn’t going.

I wanted my mother to say, “Of course you’re coming. You’re our daughter.”

I wanted one person at that table to choose me without being forced.

No one did.

So I smiled.

“Okay.”

Briar blinked. “Okay?”

Dad narrowed his eyes. “What does that mean?”

“It means go to Maui.” I picked up my water glass. My hand didn’t shake. “Have fun.”

Mom looked relieved so quickly it hurt.

Knox exhaled like I had inconvenienced him and then finally stopped.

Briar smiled.

“There. See? I knew you’d understand.”

Understand.

Yes.

I understood perfectly now.

I wasn’t family.

I was infrastructure.

The roof. The card. The emergency fund. The reliable older daughter who would never collapse because no one had built room for that.

Dad cleared his throat. “Since you’re being reasonable, you should raise the limit. Easter week is expensive, and hotels hold deposits.”

I nodded.

“Of course.”

Knox’s eyes softened. “Babe, after Easter, I’ll take you somewhere. Just us.”

The old me would have clung to that.

The new me heard the lie before it finished breathing.

“Sure,” I said.

That night, long after everyone went to bed, I sat alone at the kitchen island.

Dad’s imported koi drifted through their blue-lit tank.

He loved those fish.

He had spent my entire year-end bonus on them and called it “an investment in beauty.”

When I had the flu last winter and asked him to bring soup upstairs, he said he couldn’t. The tank needed cleaning.

I opened my banking app.

My father was listed as an authorized user.

For emergencies.

Family emergencies.

I tapped his name.

Remove authorized user?

My thumb hovered.

A memory rose before I could stop it.

Grandma’s porch. Me at nine years old. My backpack too big. My mother kissing my forehead and promising she’d come back “as soon as things settled.”

Then the car driving away.

Briar waving from the backseat.

Things never settled.

I pressed confirm.

A second prompt appeared.

Report card lost or stolen?

I looked toward the hallway where my family slept beneath the roof I paid for.

Then I tapped yes.

The screen refreshed.

All transactions on this card will be declined immediately.

For the first time that night, my smile was real.

“Happy Easter,” I whispered.

Then my phone buzzed.

A message from Briar.

A photo.

She was holding Biscuit’s leash and leaning against Knox’s shoulder.

Caption:

Practice family photo for Maui. Don’t be mad, sis. He looks good with us.

My smile disappeared.

And whatever mercy I still had for them died right there.

Chapter 2

The next morning, I woke up to Briar’s voice outside my bedroom door.

“Elena? Can you steam my white dress?”

I stared at the ceiling.

For a moment, I didn’t move.

Then she knocked again.

“Elena. Seriously. The flight’s tomorrow.”

I opened the door.

Briar stood there in silk pajamas I had paid for, holding a linen dress she planned to wear on a trip I had paid for, to impress my boyfriend.

Her smile was bright.

Too bright.

“Thanks,” she said, pushing the dress into my arms before I answered. “You’re better at this stuff.”

I looked down at the dress.

Then back at her.

“No.”

She froze. “What?”

“Steam it yourself.”

Her mouth parted.

It was probably the first time in her life I had refused something that small.

Something that ordinary.

Something she thought she owned.

“Elena, what is your problem?”

“My problem is that I’m not your maid.”

Her eyes sharpened.

Then, like magic, they filled with tears.

Mom appeared at the end of the hall almost instantly.

“What happened?”

Briar’s voice trembled. “I just asked for help. She snapped at me.”

Mom looked at me with disappointment so familiar it felt rehearsed.

“Elena, don’t do this the day before a family trip.”

A family trip.

I laughed.

Mom flinched.

“Sorry,” I said. “You’re right. I wouldn’t want to ruin everyone’s family trip.”

Briar’s lips twitched.

She had won that round in Mom’s eyes.

She always did.

But I wasn’t playing that game anymore.

I stepped back into my room and shut the door.

My phone pinged.

Family group chat.

Briar had posted a mirror selfie in the white dress.

Maui test fit. Too much?

Knox replied in under twenty seconds.

You look incredible.

My stomach clenched.

Briar:

Promise you’ll take good pics of me?

Knox:

Only if you make it worth my while.

I stared at the screen.

Once could be a joke.

Twice could be coincidence.

Three times was a pattern.

My fingers moved before my pride could stop them.

I replied:

You two should get matching outfits. Very couple-coded.

Knox called immediately.

I let it ring twice.

Then answered.

“Elena, what the hell was that?”

I sat on the edge of my bed, staring at the framed photo on my nightstand.

Me and Knox, last Christmas.

He was wearing the silver watch I had bought him after he got promoted.

I had skipped buying a winter coat to afford it.

“What was what?” I asked.

“You know what. That comment in the chat.”

“You and my sister are flirting.”

He scoffed. “We are not flirting.”

“You told her to make it worth your while.”

“It was a joke.”

“Would it be funny if I said that to your brother?”

Silence.

Then his voice cooled.

“You’re being insecure.”

There it was.

The word men used when they wanted women to stop noticing things.

I closed my eyes.

“Did you know my card paid for your ticket?”

A pause.

Too long.

“Your dad said it was handled.”

“That wasn’t my question.”

“Elena, don’t do this.”

“Do what?”

“Turn everything into a fight.”

I laughed once.

It came out broken.

“My boyfriend is going to Hawaii with my sister on my credit card, and I’m the one turning things into a fight?”

He exhaled sharply.

“They’re your parents. I couldn’t just say no.”

“You could have said, ‘Not without Elena.’”

Again, silence.

That silence hurt more than any answer.

Because the truth was simple.

He could have.

He didn’t want to.

I looked at the photo again.

The watch on his wrist.

The smile on my face.

I remembered the night he gave me a key to his apartment and said, “You’re it for me.”

I had believed him.

I had started looking at engagement rings online—not because I expected him to buy one, but because I wanted to be ready to say yes.

I hated myself for that now.

“I hope you enjoy Maui,” I said.

His voice softened. “Babe, come on. We’ll fix this when I get back.”

“When you get back?”

“Yeah.”

“No, Knox. We won’t.”

I hung up.

My hands shook, but I didn’t cry.

Not yet.

A few minutes later, Briar posted on Instagram.

A carousel.

Suitcases.

Passport covers.

Sunscreen.

Biscuit wearing a tiny blue bandana.

Then the last photo.

Briar stood in front of the hallway mirror, smiling.

At first, I saw only her dress.

Then I saw the hand on her waist.

A man’s hand.

The cuff of a navy sweater.

And the silver watch.

My silver watch.

Knox’s face wasn’t in the photo.

It didn’t need to be.

The caption read:

Some people know how to make a girl feel chosen.

My breath stopped.

Not because I was surprised.

Because some small, foolish piece of me had still been hoping I was wrong.

I clicked the tagged account in the corner.

A username I didn’t recognize.

Briar’s second account.

Public.

Careless.

Cruel.

The first post I saw was from three weeks ago.

Some girls work too much to keep a man interested.

Another:

Older sisters think sacrifice makes them special. It mostly just makes them tired.

Another:

If he laughs more with me than with her, is that really my fault?

Then one from yesterday.

A photo of two boarding passes blurred just enough to be coy.

Maui might change everything. Wish me luck.

My throat closed.

I read it twice.

Then a third time.

Mom knew.

Dad knew.

Knox knew.

This wasn’t a vacation.

It was a setup.

They weren’t just excluding me.

They were replacing me.

With my money.

With my boyfriend.

With my dog.

With my life.

Downstairs, Dad called out, “Elena! Print the hotel confirmation before you go to work.”

I sat there for a long second.

Then I began taking screenshots.

Every post.

Every caption.

Every comment where Briar’s friends laughed about “stealing boring girls’ men.”

I saved them to a folder named:

Receipts.

Then I opened my laptop.

For six months, a real estate agent named Camille had been sending me market updates because I once filled out a home valuation form at 2 a.m. and then chickened out.

I found her latest email.

My fingers hovered over the keyboard.

Selling the house wasn’t simple.

My parents lived here.

Briar lived here.

This was the only home I had ever bought.

The home I thought would finally make us a family.

But houses don’t make families.

People do.

And these people had made their choice.

I typed:

Hi Camille, I’m ready to discuss selling. I’m the sole owner on the deed, but family members currently live in the home. I need to know my legal options and how quickly I can move.

I read it once.

Then sent it.

A second later, Dad shouted again.

“Elena!”

I stood, opened my bedroom door, and looked down the hallway.

He was holding the printer paper tray like a helpless king.

“I need the hotel confirmation,” he said.

I smiled.

“Ask Briar. She’s good at taking things that aren’t hers.”

His face darkened.

“What did you say?”

I walked back into my room.

Closed the door.

Locked it.

And for the first time in my life, I let my father be angry without rushing to fix it.

That night, Camille replied.

We can talk tomorrow. But first: are you safe?

I stared at that question for a long time.

Then I typed the truth.

Not emotionally. But I’m ready to be.

Chapter 3

They left before sunrise.

No goodbye.

No knock on my door.

No “Happy Easter.”

Just the thud of suitcases, Biscuit’s excited bark, Briar’s laugh, and Knox’s low voice drifting up the stairs.

“Careful. I’ve got your bag.”

Of course he did.

I stayed in bed until the SUV pulled away.

Then I got up and looked out the window.

Briar sat in the passenger seat.

My seat.

Knox was in the back with Biscuit.

Mom and Dad didn’t look back.

Not once.

I thought I would cry.

Instead, I made coffee.

Strong coffee.

The kind no one else in the house liked.

Then I sat at the kitchen island and watched the morning light spill across rooms I had spent years paying for and never really living in.

By noon, Briar’s posts had started.

Business class champagne.

Biscuit by the window.

Mom in sunglasses.

Dad holding a boarding pass.

Knox laughing at something off-camera.

Caption:

Easter with my favorite people.

I stared at the photo.

Then I liked it.

Let them think I was still the same Elena.

The one who absorbed the insult.

The one who paid the bill.

The one who came when called.

At one, Camille arrived.

She was in her forties, sharp-eyed, calm, and dressed like a woman who had learned not to waste time.

She walked through the house with a clipboard.

“You’re the sole owner?” she asked.

“Yes.”

“Anyone else on the deed?”

“No.”

“Anyone else on the mortgage?”

“No.”

“Do your family members pay rent?”

I laughed before I could stop myself.

Camille didn’t smile.

“That matters,” she said. “If they’ve lived here long-term, you may need to treat them as occupants. You can sell, but removing them has to be done legally. Written notice. Proper timeline. No self-help eviction.”

The old me would have panicked.

The old me would have heard “timeline” and thought, Maybe I should just wait. Maybe I should not upset them. Maybe this is too hard.

The new me heard something different.

Legal meant possible.

Legal meant clean.

Legal meant they couldn’t cry their way into owning me anymore.

“What’s the fastest lawful path?” I asked.

Camille studied me.

Then nodded, like I had passed a test.

“We document everything. We prepare notice. If you want a fast sale, I know cash investors. But don’t sign emotionally. And don’t let them pressure you into reversing course.”

My phone buzzed.

A text from Knox.

Landed. Wish you were here.

Under it, Briar posted a story.

A selfie from the airport.

Biscuit’s leash in one hand.

Knox’s arm visible behind her.

His watch glinting.

My watch.

Caption:

Already feels like our little family trip.

Something inside me went very still.

I showed Camille the text from Knox.

Then the story.

Then Briar’s second account screenshots.

Camille’s mouth tightened.

“I’m not your attorney,” she said carefully. “But if this were me, I’d also talk to one.”

“Do you know one?”

“Yes.”

She gave me a name.

Ethan Blake.

Real estate and civil litigation.

I almost didn’t email him.

Then I remembered Knox’s hand on Briar’s waist.

I sent the message.

At five, I drove Dad’s SUV to a dealer.

Technically, my SUV.

My name on the loan.

My payments.

Dad’s entitlement.

The offer was lower than I wanted.

But the man behind the desk said, “We can cut the check today.”

I signed.

Freedom had a price.

So did delay.

At seven, I returned to the house without the SUV.

Dad’s fish tank glowed blue in the living room.

Imported koi.

Rare.

Ridiculous.

He loved those fish more gently than he had ever loved me.

For one dark second, I wanted to dump them into the yard.

Then I stopped.

I wasn’t them.

I called a licensed aquarium shop and arranged a pickup.

They offered a decent resale price.

I accepted.

Then I ordered spicy Thai food from the restaurant Briar hated and opened a bottle of red wine from the cabinet Mom said was “too nice for regular days.”

This was a regular day.

That was the point.

I ate on the floor with my back against the couch.

No one complained.

No one asked me to clean.

No one called me selfish for enjoying something I paid for.

For two hours, I belonged only to myself.

At 9:17 p.m., my phone lit up.

Dad.

I watched it ring.

Then Mom.

Then Briar.

Then Knox.

I let them cycle through until the screen looked frantic.

Finally, Dad texted.

What did you do to the card?

I took a sip of wine.

Another text.

Elena. Answer me right now.

Then Briar.

This is humiliating. The waiter keeps coming back. Fix it.

Then Knox.

Babe, your parents are freaking out. Can you just handle this?

Can you just handle this?

There it was.

My real name.

Handle this.

Fix this.

Pay this.

Forgive this.

I answered Dad’s next call.

He exploded before I said hello.

“What the hell is wrong with your card?”

“Good evening to you too.”

“Don’t get smart with me. It declined.”

“Cards do that.”

“Not this one.”

The certainty in his voice almost made me laugh.

My card had been more dependable to him than I had ever been allowed to be human.

“We’re at the resort restaurant,” he snapped. “The bill is over three thousand dollars.”

“For dinner?”

“It’s Maui.”

“Sounds expensive.”

“Elena.”

The warning tone.

The father voice.

The one that used to make me sit straighter, apologize faster, and offer money before he finished asking.

Tonight, it reached me and found nothing to grab.

“You need to call the bank,” he said. “Now.”

“I can’t.”

“What do you mean you can’t?”

“The card was reported lost.”

Silence.

Then, very softly, “You did what?”

I leaned my head back against the couch.

“I reported the card lost.”

“You spiteful little—”

Mom’s voice cut in from the background.

“Richard, lower your voice. People are staring.”

Good.

Let them stare.

Dad inhaled sharply.

“You are going to fix this immediately. Your mother is humiliated. Your sister is crying.”

“Briar cries when her latte foam is wrong.”

“Do not talk about your sister that way.”

“What about Knox?” I asked. “He has a job. He can pay.”

A pause.

Tiny.

Telling.

Then Dad said, “Knox is our guest.”

I smiled.

“So I was supposed to be the host?”

“You’re our daughter.”

“And daughters pay for vacations they aren’t invited to?”

“You make more than all of us.”

“I know.”

“We raised you.”

“You left me with Grandma for eight years and came back when I got a salary.”

The line went dead quiet.

For one second, I was nine again.

On Grandma’s porch.

Backpack too big.

Watching my parents drive away with Briar in the backseat because she needed them more.

Then Dad’s voice returned, cold and ugly.

“You always have to make yourself the victim.”

Something inside me steadied.

“No,” I said. “I just stopped making myself the wallet.”

He made a sound of disbelief.

“Transfer me ten thousand dollars.”

“No.”

“Elena Morgan, you will not leave your family stranded on Easter weekend.”

I looked around the house.

At the half-empty rooms.

At Camille’s paperwork on the counter.

At the silence I had bought back piece by piece.

“I didn’t leave my family,” I said.

My voice was calm.

So calm it scared me.

“You left me.”

Then I hung up.

For thirty seconds, nothing happened.

Then the messages exploded.

Dad threatened.

Mom begged.

Briar called me bitter, jealous, and insane.

Knox texted:

This isn’t you.

I laughed until my eyes burned.

Because that was the problem.

This was me.

The version they had never met.

The version who said no.

The version who let the bill sit unpaid.

The version who finally understood that love without respect was just another debt collector.

At 11:02 p.m., my email pinged.

A reply from Ethan Blake.

Ms. Morgan, Camille forwarded your situation. Do not change the locks while they are away. Do not touch their personal property. Preserve all texts and payment records. If you want to proceed, I can help you separate your finances cleanly and legally.

I read it twice.

Cleanly and legally.

Those words felt better than revenge.

Then my phone rang again.

Unknown number.

I almost ignored it.

But something made me answer.

A tired male voice came through.

“Ms. Morgan? This is Officer Kaleo with the Maui Police Department.”

I sat up.

“We need to speak with you regarding your family members.”

My pulse slowed.

“What happened?”

A pause.

Then:

“They’ve been detained after an incident at the hotel restaurant. And one of them is claiming you intentionally stranded them here.”

I looked at the wineglass in my hand.

Then at the dark, quiet house around me.

For the first time all day, I smiled.

“Officer,” I said, “you’re going to want to hear the whole story.”

Chapter 4

Officer Kaleo sounded like a man who had already heard three versions of the same lie and hated all of them.

“Ms. Morgan,” he said, “your family members are currently being held after a disturbance at the hotel restaurant. Property was damaged. One guest was struck. Hotel security had to intervene.”

I looked down at my bare feet on the living room rug.

For once, I wasn’t the one standing in the mess.

“What does that have to do with me?”

There was a pause.

“Your father claims you intentionally disabled the credit card they were depending on.”

I almost laughed.

Depending on.

That was a soft word for stealing.

“That credit card is mine,” I said. “My father was an authorized user. I removed him before the trip.”

Another pause.

This one felt different.

“Were they aware of that?”

“No.”

“Did they have permission to use the card for this trip?”

I looked at the empty hallway.

The framed family photo still hung crooked on the wall.

Dad, Mom, Briar.

Me on the edge.

“No,” I said. “They bought four business-class tickets without asking me. They didn’t invite me. They took my boyfriend and my dog.”

The officer was quiet for a second.

Then he said, more carefully, “Would you be willing to join a video call? They’re asking you to post bail and settle the hotel bill.”

There it was.

Not “Are you okay?”

Not “They’re sorry.”

Just another bill with my name on it.

I closed my eyes.

For most of my life, that sentence would have worked.

They’re asking you.

I would have stood up. Got dressed. Found my laptop. Paid whatever needed paying. Then apologized for making everyone uncomfortable.

But tonight, my wineglass sat beside me.

My house was silent.

And my lawyer’s email was open on my phone.

Preserve everything.

“Start the call,” I said.

The screen flickered.

Then my father’s face filled it.

He looked awful.

Hair disheveled. Shirt collar bent. A red mark blooming across one cheek.

The moment he saw me, his eyes burned.

“You selfish little brat.”

Not hello.

Not help us.

Not I’m sorry.

Just that.

Mom appeared beside him, mascara smudged under both eyes.

“Elena,” she whispered, like my name alone should unlock something. “Honey, please. This has gone too far.”

Behind them, Briar sat on a bench with her arms crossed, white resort dress wrinkled, lower lip trembling for the camera.

Knox stood farther back.

He wouldn’t meet my eyes.

Good.

Let shame do something useful for once.

Dad leaned toward the screen. “Pay the bill. Post bail. Book us new flights. Now.”

I tilted my head.

“What happened to Knox?”

His jaw tightened.

“Knox is not family.”

I smiled without warmth.

“Interesting. He was family enough to take my seat.”

Briar’s head snapped up.

“God, Elena, are you still obsessed with that? It’s just a trip.”

“A trip you charged to my card.”

Mom pressed a hand to her chest.

“We didn’t think you’d mind.”

That almost broke me.

Not because it was believable.

Because she sounded like she wanted it to be.

“You didn’t think I’d mind being left alone for Easter?”

Mom’s eyes shone.

“You always said work was important.”

“I said work was important because someone had to pay the mortgage.”

Dad slammed his palm against the table.

“Enough. You are not the victim here. Your mother was humiliated in front of an entire restaurant.”

Officer Kaleo’s eyes shifted slightly on the side of the screen.

Listening.

Good.

I kept my voice calm.

“What exactly happened?”

Dad’s mouth shut.

Mom looked away.

Briar suddenly became very interested in her nails.

I looked at Knox.

He flinched.

“What happened?” I repeated.

No one answered.

Then Officer Kaleo spoke.

“According to hotel security, the card on file declined after dinner. Mr. Morgan became agitated. Mr. Hartley offered to pay part of the bill, then there was an argument. A table was overturned. One server was nearly hit. Mr. Morgan struck Mr. Hartley.”

I looked at my father.

“You hit Knox?”

Dad’s face reddened.

“That boy tried to sneak away.”

Knox finally looked up. “I didn’t sneak away. I went to call my bank.”

Briar let out a sharp laugh.

“Your bank? Please. You were trying to leave us with the bill.”

Knox snapped, “Because your father expected me to pay for everyone after Elena cut the card.”

Dad barked, “You were happy enough to come on the trip.”

Knox’s face twisted. “Because you told me Elena approved it.”

I laughed.

Everyone turned toward the screen.

Even me.

The sound surprised me.

Knox swallowed. “Elena, I—”

“No,” I said. “Don’t.”

His mouth closed.

Mom leaned closer to the camera.

“Elena, sweetheart, listen to me. We can talk about all of this later. Right now, we’re in a police station in Hawaii. It’s Easter weekend. Your father’s blood pressure is high. Briar is terrified.”

Briar immediately sniffled.

Perfect timing.

Mom continued, softer. “Please don’t punish us like this.”

Punish.

That word.

I remembered being twelve, kneeling beside Grandma’s hospital bed, waiting for a call from my mother on Christmas Eve.

She never called.

When I cried the next day, Mom said, “Don’t punish us for doing what we had to do.”

Apparently, my pain had always been a punishment to them.

“No,” I said.

Mom blinked. “No?”

“I’m not paying.”

Dad stared at me like I had spoken another language.

“You are our daughter.”

“I know.”

“Then act like it.”

I looked at him.

Really looked.

At the man who knew exactly how to sound wounded when his wallet disappeared.

“I did,” I said. “For years.”

His face hardened.

“If you leave us here, don’t bother coming home.”

There it was.

The threat.

The door he had always held over my head.

I felt the old fear rise.

For one second, I was nine again. Backpack too big. Grandma’s porch cold under my sneakers. Watching taillights disappear.

Then I remembered something.

I paid for the home.

I owned the home.

And I was already inside it.

“I am home,” I said.

Dad froze.

Mom’s mouth opened.

Briar’s eyes flashed.

Then Knox said quietly, “Elena, please. Just send something. I’ll pay you back.”

That hurt more than Dad’s anger.

Because there he was again.

Asking me to make his life easier.

Even now.

Even after everything.

I looked at him and remembered Grandma’s funeral.

Knox had sat beside me on the bathroom floor while I sobbed into a towel, too broken to stand.

He had held my hand and whispered, “You’ll never be left behind again. Not by me.”

And now he had left with the people who left me first.

“No, Knox,” I said. “You won’t.”

His face went pale.

Briar suddenly stood.

“Oh my God, enough! Stop acting like he broke some sacred vow. You were never right for him.”

“Briar,” Mom hissed.

But Briar was done pretending.

“He wanted someone fun. Someone who didn’t act like paying bills made her a martyr.”

Knox turned. “Briar, shut up.”

She laughed, high and ugly.

“Why? Afraid she’ll find out?”

The room went still.

I stared at the screen.

Knox’s face drained of color.

Dad’s brows pulled together.

Mom whispered, “Briar…”

Briar’s eyes locked on mine.

Then she smiled.

“He slept with me, Elena. In Maui. Before dessert.”

My hand tightened around the phone.

The screen blurred for half a second.

Not because I was shocked.

Because my heart had still been stupid enough to wait for proof.

And now it had arrived.

Chapter 5

Nobody spoke.

Even the police station behind them seemed to go quiet.

Briar stood there with her arms folded, face flushed with triumph and fear, like she had thrown a knife and only just realized it could cut both ways.

Knox looked sick.

Mom’s hand flew to her mouth.

Dad stared at him.

“You slept with my daughter?”

Knox’s head snapped up.

“She came on to me.”

Briar laughed.

“Oh, now I came on to you?”

“You did.”

“You followed me to my room.”

“You said your zipper was stuck!”

“And you spent twenty minutes fixing it?”

“Enough!” Dad roared.

Officer Kaleo stepped forward. “Sir. Sit down.”

For once, Dad obeyed someone.

I watched them through the screen, and the strangest feeling came over me.

Not rage.

Not grief.

Distance.

Like I was watching strangers ruin each other in a room I didn’t have to clean.

Knox turned back to the camera.

“Elena,” he said, voice shaking. “It wasn’t like that.”

I looked at him.

“What was it like?”

He swallowed.

“We were drinking.”

“You don’t drink.”

His silence answered for him.

Briar crossed her arms tighter.

“He drank with me.”

I remembered every dinner where Knox ordered sparkling water because alcohol gave him headaches.

Every time I offered him wine and he kissed my forehead, saying, “Someone has to stay clear-headed for us.”

For us.

Apparently, us had been flexible.

“It was a mistake,” Knox said.

Briar’s smile sharpened.

“A mistake you made twice?”

Mom made a small wounded sound.

Dad lunged from his chair.

Officer Kaleo and another officer moved fast, blocking him before he reached Knox.

The video shook.

Voices overlapped.

Mom crying.

Dad cursing.

Briar shouting that nobody was allowed to blame her.

Knox saying my name over and over like it was a password that had stopped working.

I lowered the volume.

My hands were cold.

I should have screamed.

I should have asked when, where, why, how.

But the details didn’t matter.

They had all been in the same place for less than twelve hours.

And somehow, they had already destroyed what took me three years to build.

Officer Kaleo’s face reappeared.

“Ms. Morgan, I’m sorry. We need to end this call soon. Do you intend to assist with bail or expenses?”

Everyone froze.

Four faces turned toward me.

Dad’s furious.

Mom’s pleading.

Briar’s calculating.

Knox’s desperate.

For years, I had been trained for this exact moment.

Someone in trouble.

Someone embarrassed.

Someone crying.

Someone needing me to be the bigger person.

I thought of Grandma again.

Not the porch this time.

Her kitchen.

The day she died, she had squeezed my hand with fingers thin as paper and said, “Baby, love shouldn’t feel like a bill collector.”

I hadn’t understood then.

I did now.

“No,” I said.

Mom gasped.

“Elena—”

“No,” I repeated. “I won’t pay the hotel bill. I won’t post bail. I won’t book flights. I won’t reimburse Knox. I won’t fix what you all chose.”

Dad’s face twisted. “You ungrateful—”

I hung up before he could finish.

The silence afterward was enormous.

Then my phone exploded.

Texts.

Calls.

Voicemails.

Dad: You are dead to me.

Mom: Please don’t do this to your father.

Briar: He wanted me first.

Knox: Please answer. I need to explain.

I opened Knox’s messages.

For some reason, his hurt the most.

Not because I wanted him back.

Because once, I had imagined his last name after mine.

Elena, please.

It was a mistake.

She made it sound like you didn’t care.

She said you only stayed with me because I was convenient.

I swear I still love you.

I stared at the word love.

Then I typed:

You left me behind with the people who taught me what that felt like.

I paused.

Then added:

We’re done.

I sent it.

A minute later, he called.

I rejected it.

He called again.

Blocked.

My thumb hovered over Briar’s contact.

She had changed her profile picture to one from the airport: her smiling beside Biscuit.

I blocked her too.

Then Dad.

Then Mom.

The moment I blocked my mother, something inside me shook.

Not guilt.

Withdrawal.

I had spent my entire life tuned to her sadness.

If she sighed, I apologized.

If she cried, I paid.

If she said my name softly enough, I handed her whatever piece of myself she wanted next.

Blocking her felt like cutting a wire buried under my skin.

It hurt.

But the silence after it hurt less.

At midnight, my email pinged.

Ethan Blake again.

Ms. Morgan, I’m available for a call tomorrow morning. Given the police involvement and potential financial disputes, please do not communicate by phone with your family unless recorded or documented. Screenshot everything before deleting or blocking. Also, freeze any shared accounts or automatic payments tied to them.

I almost cried.

Not because he was kind.

Because he was practical.

Because for once, someone was telling me how to protect myself instead of asking how much more I could give.

I opened my banking app.

Streaming accounts.

Family phone plan.

Briar’s editing software.

Mom’s spa membership.

Dad’s premium sports package.

Knox’s emergency card.

I froze everything that had my name on it.

One by one.

Small cuts.

Clean cuts.

At 1:12 a.m., an email arrived from the resort.

Subject:

Urgent: Payment Issue Regarding Morgan Easter Reservation

My stomach tightened.

I opened it.

The first line made my blood run cold.

Dear Ms. Morgan, as the cardholder associated with the reservation, you may be held responsible for outstanding charges, damages, and incidentals incurred by your party.

My party.

I read it twice.

Then a third time.

They had put the entire resort reservation under my name.",2,1783808718.0,Findfreenovellinks,2,1.0,False
1utxjyh,https://www.reddit.com/r/MakeNewFriendsHere/comments/1utxjyh/24m_boy_here_looking_for_more_friends/,{24m} boy here looking for more friends 🤍,"hiiiiii, to whoever is reading this i hope you’re doing ok and i’ll try to give you the run down the best i can.

i haven’t made any new close friends in a minute so i’m trying to see who’s out there. some things about me, i have interest in books, going on walks, photography and art, drinking too much ice coffee, listening to a lot of music, i’ve been watching the world cup, watching youtube videos and i really love learning! math is my favorite subject actually.

just looking for chats for right now but hopefully we can try to watch movies n stuff together, vc, maybe play minecraft if you have it too. come introduce yourself and say more than just hi 🤍",1,1783808691.0,MakeNewFriendsHere,1,1.0,False
1utxjnj,https://www.reddit.com/r/chat/comments/1utxjnj/24m_boy_here_looking_for_more_friends/,{24m} boy here looking for more friends 🤍,"hiiiiii, to whoever is reading this i hope you’re doing ok and i’ll try to give you the run down the best i can.

i haven’t made any new close friends in a minute so i’m trying to see who’s out there. some things about me, i have interest in books, going on walks, photography and art, drinking too much ice coffee, listening to a lot of music, i’ve been watching the world cup, watching youtube videos and i really love learning! math is my favorite subject actually.

just looking for chats for right now but hopefully we can try to watch movies n stuff together, vc, maybe play minecraft if you have it too. come introduce yourself and say more than just hi 🤍",1,1783808667.0,chat,1,1.0,False
1utxj02,https://www.reddit.com/r/jschlatt/comments/1utxj02/jambofy/,JAMBOFY,"https://preview.redd.it/0pfugndteoch1.png?width=1587&format=png&auto=webp&s=b403499a4f646d086765e0a1659375b0be9f64ea

https://preview.redd.it/2e5fygfteoch1.png?width=1587&format=png&auto=webp&s=9c71d8da20b532ec1831e474c718b16aea3d23b3

https://preview.redd.it/1h83c9hteoch1.png?width=1587&format=png&auto=webp&s=a139d841de1ec7fa75b47d33be1a21917039376d

https://preview.redd.it/vu4id0jteoch1.png?width=1587&format=png&auto=webp&s=1ffaef57812fb61b4f0abb3b020cbee421a920f7

https://preview.redd.it/h1dgpqkteoch1.png?width=1587&format=png&auto=webp&s=d912cc5c3f03487c800b34665d8cce304399a8d4

https://preview.redd.it/iebandmteoch1.png?width=1587&format=png&auto=webp&s=50b87dd6296680fbada0f21c4f6da30af6fb4815

https://preview.redd.it/07mi73oteoch1.png?width=1587&format=png&auto=webp&s=b9476f38c6474f166a53557fe91242e372d677b8

https://preview.redd.it/j6x0pspteoch1.png?width=1587&format=png&auto=webp&s=f355e398fa35e8176c884b8f6676ec43624eb95a

https://preview.redd.it/5suw8grteoch1.png?width=1587&format=png&auto=webp&s=0f750ca48781e121dca67059a9f88a52b4db92d5

https://preview.redd.it/ajsq18tteoch1.png?width=1587&format=png&auto=webp&s=f1739ee34f4568dd730d87c15284d90480ca1886

",2,1783808621.0,jschlatt,1,1.0,False
1utximd,https://i.redd.it/lebvb80seoch1.jpeg,baggu baddies who are also coffee baddies,,5,1783808592.0,BAGGU,0,1.0,False
1utxilt,https://www.reddit.com/r/HFY/comments/1utxilt/an_otherworldly_scholar_litrpg_isekai_chapter_295/,"An Otherworldly Scholar [LitRPG, Isekai] - Chapter 295","# Chapter 295

My capelet fluttered as I crossed Whiteleaf’s sky, with Ilya firmly holding onto my back.  
From above, I could see a cloud of white dust covering an entire block west of the city hall. I used my mana sense to see through the dust particles. The colors of the world around me washed away, and all I saw was the flow of mana.   
Powerful natural signatures crossed the sky and beneath the earth’s surface. Smaller signatures moved over the surface: brighter high-level warriors, faint low-level laborers, and almost invisible non-System-users. \[Foresight\] sensed no hostility.  
“No monsters,” I shouted over the howl of the wind.  
“An accident?” Ilya asked.  
I aimed at the street and shot down. Ilya clung tighter to my back, her arms firm around my neck. We landed flawlessly, primarily due to my \[Light-Footed\] rather than my innate skill to control \[Minor Aerokinesis\]. With a gust, I cleared the dust from the surroundings.  
A stone building under construction had collapsed. \[Foresight\] told me it was meant to be a warehouse for valuable goods coming from outside the valley. There was no apparent sign of foul play.  
Ilya closed her eyes, and dozens of small Spirit ferrets rushed into the debris.  
“There are people trapped inside!”  
I channeled my mana and shot a red flare into the sky. Medical emergency. Then, using \[Minor Geokinesis\], I carefully raised the rubble. The bodies of the workers began to surface.  
The System wasn’t designed to channel several skills at the same time, but that was a hurdle I managed to overcome a long time ago. Using \[Mana Mastery\] had become second nature to me.  
A swarm of mana hands materialized around me. My brain shattered into a hundred compartments, each one in charge of moving a single hand. For less important situations I could control my mana hands with just vibes, but this time, I needed all the precision I could muster.   
The colors of the world washed away, and my vision tunneled.  
Methodically, I separated the workers from the debris and transported them to safety. Mimicking Wolf’s \[Shape Mana\], I pressed the bleeding wounds and created tourniquets around wounded limbs, all while carefully moving them to not aggravate any of the fractures.  
Someone talked to me, but their words didn’t reach me. Shooting flying swords was easier, and it required way less brainpower. I lost track of time. A part of my brain knew someone was transporting the wounded away from the effective range of my \[Mana Mastery\]. It must’ve been the workers of the hospital or the House of Healing, so I didn’t pay much attention to it.   
‘*Shouldn’t I be more horrified?*’ I asked myself as I realized I had been manipulating broken limbs and ugly wounds for the past fifteen minutes.   
Ilya’s voice came from afar. “We have troubles in the House of Healing!”   
I pushed my thoughts away and snapped back to reality. A crowd had gathered around the collapsed building. The street was covered in trails of blood.  
“What?” I asked, blinking color back to the world.  
“The Healers aren’t healing! Their skills are gone!”  
My heart almost jumped out of my chest.  
“Don’t let anyone come near the building!” I yelled to a rifleman who had arrived, then grabbed Ilya and jumped over the rooftops.  
The House of Healing wasn’t far away.  
The fear I had harbored for the past two years was becoming true. The System was failing way too early. The Avatar had promised me a couple decades to learn proper runeweaving, not a measly six years. The schedule was wrong, unless something else was getting in conflict with the System.  
We landed on the main entrance of the House of Healing. Despite the name, the House was a school for Healers first and a medical center second, which meant in practice that the patient’s best interests were not always the absolute priority. For the past two years, I had been trying to introduce the Hippocratic Oath without much success.  
The House of Healing was in disarray.  
Wounded builders lay in the lobby as young Healers hovered their hands over the wounds in vain attempts of conjuring their powers. The scene was worse than I expected. Even the most experienced mid- and high-level Healers were having trouble keeping their patients alive. The pain-soothing skills weren’t working either.   
Assistants ran around with their arms full of bandages, splints, and tourniquets, which were usually uncommon implements in the House of Healing.  
“Potions! Healing Potions!” I shouted, channeling my mana to cover wounds and plug bleeding arteries. “Get everyone from the hospital here!”  
A few minutes later, Whiteleaf’s physicians  arrived at the House of Healing carrying potion racks and medical equipment. Most of the hospital workers were Teal Moon orcs trained personally by Wolf, but there were a few humans and gnomes in the mix. Unlike the Healers of the House of Healing, the hospital workers had been trained to treat injuries through—mostly—non-magical means.  
Orc stoicism helped a lot during emergencies.  
I stepped back. In the blink of an eye, the stretchers turned into operation tables, each staffed by a physician and a couple of medical assistants. Even the youngest apprentices, kids thirteen or fourteen years old, were brought to help. The sight of the shredded flesh and broken bone shocked many, but our medical teams remained efficient.  
“Clean the area with a mixture of Purifying Potion, alcohol, and water, at one-one-three!”  
“Apply fifteen milliliters of mid-rank Healing Potion directly on the wound.”  
“The heart is damaged. I’m going to need an Ironbark Potion now!”  
“He’s losing too much blood! I need an  IV transfusion of Sarineen’s Breathwake, or he is a goner!”  
“Someone bring me a bonesaw!”  
Like an octopus, I retracted my mana hands as the physicians took charge of the situation. \[Foresight\] took me on another mathematical rollercoaster, as usual. Hundreds of gold coins' worth of potions were used in a single moment.   
Potions were tricky. They kept their properties even without the System present, but the ingredients couldn’t be farmed. Instead, they only grow where the environmental mana was right for them. As such, they were an extremely scarce resource in comparison to our population.  
Without Healers, we were going to run out of potions quickly.  
The most immediate solution was to send gathering parties deeper into the Farlands. However, the deeper we went, the more expensive the expeditions became. Employing high-level combatants to escort the Alchemists and Scholars that did the actual gathering wasn’t cheap. We could also send orc marksmen, but high-level detection skills were required to traverse the Farlands safely.  
That was a problem for the future me.  
I waited until an orc physician finished operating on the construction foreman. The man had lost an arm at elbow height. He was awake, but he didn’t seem to be in too much pain at the moment. Surgeries had an excellent prognosis, regardless of the skill of the surgeon, thanks to Purifying and Healing potions.  
“You’ll get a prosthesis, and you will be able to continue working as soon as you master the movement,” I greeted him, sitting on a stool by the stretcher.  
The man gave me a sardonic smile. “So… no retirement with pension for me?”  
“No, but you can decide if you want to have your new arm in Birch White or Oak Brown. I recommend Birch White. It’s not actually birch, but Forest Warden roots. It’s more resistant,” I replied, matching the man’s humor. “What happened there?”  
The man nodded, suddenly scared.  
“We were finishing the western section when our powers disappeared, Lord Clarke. The structure wasn’t yet secured, so the wall fell, dragging half of the building with it. Don’t get me wrong, Lord Clarke, I’ve seen my fair share of broken limbs and open skulls in all my years as a mason, but this was… unexpected. My powers were just gone.”  
Everyone in Whiteleaf was aware of the Corruption Cycle and the impending collapse of the System. It was part of the welcome brochure, with Cadria as proof.  
“Did you feel anything strange? Anything out of the ordinary? Did you feel a pulse or a strange presence?  
The man shook his head. “My powers just flickered, and then they disappeared. Nothing else that I can recall.”  
“What level are you?”  
“Stonemason Lv.32, my Lord.”  
“Are your skills back?”  
“Yes, my Lord.”  
I nodded and left the stonemason with his thoughts. Across the room, the leader of the House of Healing was struggling to channel his powers to seal a scraped knee. The man was a Lv.38 Healer from the Nature Circle of the Imperial Library. The younger Healers, Druids and Witches were useless and just stood there in the middle of the chaos.  
Strange. Both the foreman and the leader of the House of Healing were too high-level to have their Classes stripped away during a System shutdown event.  
Wolf entered the room, agitated. I didn’t expect him so soon. He must’ve come from the proxy camp of the Teal Moon tribe, one valley to the east. The silver lining was that our communications and transportation worked flawlessly.  
“Are your powers working?” I asked as Wolf rolled up his sleeves and allowed another orc to put a sanitized leather apron over his head.  
“Yes, Mister Clarke. I’m still online, unlike the others,” he replied, wasting little time on me and walking to the bleakest operation station.  
“Which others?”  
Wolf gave me a quizzical look.  
“The workers in the quarry lost connection to the System momentarily. There were no serious injuries. It lasted only a minute or so,” Wolf said, channeling his mana and casting \[Stupor\] on the patient and \[Purify\] on the wound. The dust and other impurities around the wound sizzled and disappeared into the air.  
Miners and Tunnelers had basic geomancy powers. I had seen them carrying massive slabs of stone floating over their heads regardless of the safety manuals we gave them. My hardened leather security helmets would have no chance against ten or fifteen tons of rock, though.  
The puzzle slowly took form in my mind.  
“You are in charge, Wolf!” I shouted, walking to the entrance.  
\[Sanctuary\]’s green aura surrounded the House of Healing.  
Ilya was waiting for me outside.  
“Scholars, Herbalists, Anglers, Farmers, Menders, Alchemists, Merchants, Blacksmiths, and all the combatants kept their Classes intact, regardless of their level,” she reported as soon as I put a foot outside the building.  
That didn’t sound quite right. Two years ago, in Cadria, the System shutdown had been global, and it had affected anyone below level twenty-five without Class distinction.  
“What do Stonemasons and Healers have in common?” I asked, walking to the city hall.  
“Nothing?” Ilya replied.  
“I thought the same.”  
We stormed into the city hall, and a group of Scholars stopped to ask us if we were okay. I realized that I was covered in dust. Ilya’s leather chest plate, hands, and parts of her hair were covered in blood.  
I found Milly, Isolde, and a small group of gnomes in the break room, drinking Red Moss tea. The place smelled like strong coffee. The group of operators jumped in their places as I slammed the door open.  
“I need all comms stations manned... or gnomed,” I said. “Connect me with every active station. I need to know if there have been shutdowns in the System anywhere in the past six hours.”  
The group scattered, leaving steaming cups behind. Despite their relative short stature, they were swift. I poured myself a cup directly from the kettle on top of the enchanted stove. I offered Ilya a cup, but she declined.  
Not a minute later, the reports started arriving.  
“North Farcrest, all green.”  
“Midwest Farcrest, all green.”  
“Mariposa Center, all green.”  
“Sentinel’s Watchtower N4, all green.”  
“Stormvale, all green. Lord Kigria wants to know if everyone is safe.”  
“Tell him that a few Stonemasons, Miners, Builders, and Healers lost their connection to the System for a few minutes. The situation is under control. Ah, and tell him to stockpile potions and alchemical ingredients,” I mindlessly said.  
Our communication network reached Stormvale, Jorn’s fortress city, the Vedras Alchemist’s Circle, and the Towers of Neskarath in Herran territory. Gnome technicians loyal to Whiteleaf manned all the stations except for Stormvale, making all the long-range communication in the kingdom pass through me.  
“Isolde, send a mobile radio station to the House of Healing, please. I want to know the exact moment their powers come back,” I said as the gnome entered the room.  
“You got it, Boss,” she replied. “Neskarath, all green, by the way.”  
I shut my eyes, allowing the pieces of the puzzle to form in my mind.  
“It seems like a targeted attack to me,” Ilya suddenly said.  
“How so?”  
“Think about it. What job is more dangerous than mining, stone cutting, and construction? Logging, maybe? You’ll live if your tenth axe swing suddenly becomes weaker. If you are minimally careful, the sawmill isn’t going to suddenly cut you in half. With mining, stone cutting, and construction, on the other hand, you can get buried, crushed, or pancaked if things go wrong,” Ilya explained. “Maybe the section of the System that governs Miners, Stonemasons, and Builders is the same. It would only be logical for all of them to malfunction at the same time. However, you can’t convince me that Healing Classes shutting down just a minute later, *only* in Whiteleaf, is a coincidence.”  
I nodded. \[Foresight\] was taking me in the same direction.  
“I think someone sabotaged the System in that particular order, just here in Whiteleaf, to reduce our operational capacity,” Ilya said.  
I tapped the edge of the window. When the System shut down in Cadria, the affected area had been a circle of at least fifty kilometers in radius, and the shutdown affected only people below Lv.25.   
That fact alone led me to conclude, first, that any given area was covered by more than one System node. Second, cutting anyone below Lv.25 might have been a measure to prevent an overload on the remaining nodes, leaving only those more fit for survival connected to the System  
The situation was too strange to be mere coincidence.  
Although I couldn’t find the locations of the nodes with my current powers, it was safe to assume that at least two nodes were constantly broadcasting the System in any given area: one main node and one backup. If I were the System Creator, I would’ve used two backups at the very least.   
The chance of several nodes failing for a certain level bracket of a certain class within a certain timeframe had to be infinitesimal. It couldn’t be a coincidence. Before I could continue that line of thought, the door opened, and Milly’s head appeared through the gap.  
“Lady Elincia is here to see you, Boss!”  
“Tell her to come through,” I quickly said.  
Ilya gave me a worried look.   
“Is everyone at the orphanage alright?!” I asked immediately after Elincia put a foot in the break room. My question seemed to startle her.  
“Y-yes? Talindra told me something had happened in the town. I thought you’d have extra work, so I brought your lunch,” she replied, showing a small metal box wrapped in a red checkered handkerchief.  
Ilya and I sighed in relief. Heavily.  
Elincia wasn’t pleased with our reaction. She didn’t seem to know what was happening in town. If anything, her calm demeanor was a testament to Whiteleaf’s usual peacefulness.   
Before anyone could explain, the door of my office opened, and Loki stormed the room, turning into a huge, brown vulture. I hadn’t noticed him leaving my pocket, but \[Foresight\] told me it happened when Little Robert rammed me.   
Without a warning, Loki lunged at me, his wings violently flapping against my face.  
“It’s going to get us killed! It’s going to get us killed! It’s going to get us killed!”

\_\_\_\_\_\_\_\_\_\_\_\_

[First](https://www.reddit.com/r/HFY/comments/13p8zbk/an_otherworldly_scholar_chapter_1/) | [Prev](https://www.reddit.com/r/HFY/comments/1rmsci6/an_otherworldly_scholar_litrpg_isekai_chapter_294/) | [Next (Patreon)](https://www.patreon.com/elra/posts/otherworldly-296-150532420)

\_\_\_\_\_\_\_\_\_\_\_\_

[Discord](https://discord.gg/djgPzqysXS) | [Royal Road](https://www.royalroad.com/fiction/68778/an-otherworldly-scholar) | [Patreon](https://www.patreon.com/elra)",5,1783808591.0,HFY,6,1.0,False
1utxiae,https://www.reddit.com/r/AustralianCoffee/comments/1utxiae/best_strong_roast_not_dark_for_work_coffee_machine/,Best strong roast (not dark) for work coffee machine.,We have the very good Segafredo Strong Blend. Just wanting to explore other strong options - ones that might also provide commercial price for bulk orders. We use a new Dr Coffee machine and so quality is nearly barista machine grade. Need good beans for our Melbourne coffee snob workforce!,2,1783808571.0,AustralianCoffee,1,1.0,False
1utxi02,https://www.reddit.com/r/shortstories/comments/1utxi02/rf_exemption/,[RF] Exemption,"The summer was dry. The garden had turned yellow under the sun. Tom stood at the kitchen window and looked out at the grass. He took a glass from the cupboard. He filled it from the tap and drank it down. He filled it a second time and drank that too. Sweat ran down his neck.

""This heat,"" Tom said.

Julia sat at the table. She had a mug of coffee and a packet of cheap cigarettes. 

""Do you remember last year?"" she said. ""The heatwave?""

""I remember,"" Tom said.

""You said you'd never be able to wear a jumper again,"" Julia said. ""Then we packed for Copenhagen, with this still in mind. We didn't think it would be cold. How could it ever be cold again? Impossible.""

She took a drag from her cigarette and pressed the butt into a small ceramic ashtray. She lit another one. ""We felt it when we got there,"" she said.

Copenhagen in February. They got off the plane and it felt all right, but three hours in the city and they were nithered. The cold came straight up through their shoes.

They were in the Tivoli Gardens when the rain started. Tom took his jacket off and put it over Julia’s head like a cape. They ran for a drinks stand. Other tourists were already under the wood canopy, packed in tight. Tom bought two cups of gløgg. They shook the water off their arms, lit up, and watched the downpour.

People under the roof were laughing, complaining about the wet. But the Danes kept walking out on the gravel. They didn't even look up at the sky. Women rode bicycles with umbrellas in one hand. Nothing changed for them.

After that, they went looking for a clothes shop. The best the found was a gift shop that sold over priced jumpers and caps.

Tom watched the window. A fat woodpigeon landed on the fence and flew away. A lawnmower ticked over a few doors down.

""The grass needs water,"" Tom said.

""You bought that god awful blue jumper,"" Julia said. ""The one with the patterns. None of the locals wore them.""

Tom did not turn around. ""I'll use the hose,"" he said.

He had been out there every afternoon for four days straight, standing on the baked dirt, dragging the green hose from one corner of the square garden to the other. The water just sat on the hard crust before disappearing, leaving the clay cracked. He couldn't leave it alone. Every time the sun was out, he went back out.

He took a cigarette from Julia's pack on the table. He lit it and walked out to the garage. The green hose lay coiled in the corner. He took the brass nozzle and dragged the rubber tubing across the gravel into the garden. The sun hit his shoulders. His skin turned pink.

He went back to the garage and turned the copper tap. Water rushed through the hose. The nozzle twisted on the grass and sprayed his trousers. He caught the end and held it tight. His cigarette went out. He dropped it into the mud.

""Hosepipe ban tomorrow,"" a voice said.

Tom turned. Neville, their nextdoor neighbour, stood on his side of the wooden fence. His chin rested on the top rail. Tom could only assume Neville had a step or a stool on the other side of that fence.

""What?"" Tom said.

""The council,"" Neville said. ""The reservoirs are empty. No hoses starting midnight.""

Tom held the nozzle. Water hit the dry soil. ""They didn't say that.""

""They did. It's all over the news. Not just us."" Neville said. He did not have his dentures in. His mouth looked small and dark. ""It's all red.""

""What's all red?""

Last time Tom checked, the grass was yellow.

Neville raised a finger. ""I can do it for you,"" he said. ""I'm allowed. I have the exemption.""

""An exemption,"" Tom said.

""I'm registered disabled,"" Neville said. ""That's why I don't work, you see. I've never been able to. I've always wanted, but I guess things don't work out for everyone. So here I am. An exemption."" He tapped his temple with two fingers.

Tom shifted his grip on the hose. ""What does that have to do with the water?""

""What do you mean?"" Neville said.

""The ban,"" Tom said. ""Why does being disabled mean you can use a hose?""

""I'm on the register,"" Neville said.

""Yeah. What reg – ah forget it."" Tom said.

They stood in the heat. The water ran over the yellow roots of the grass. Inside the house, the kettle had been switched on.

Julia came to the back door. She held a dry tea towel. ""Hello, Neville,"" she said.

""The ban starts tomorrow,"" Neville said to her. ""No hoses. I told Tom I'll do your lawn for you. Save you carrying buckets. I'm allowed because of my status.""

Julia looked at Neville's hands on the fence. ""What status is that, Neville?"" she said.

Neville didn't answer. He just tapped his temple again and let his hand drop back to the wood.

\*

By nine that evening, the heat still sat in the walls of the terrace. The television was on in the corner of the sitting room, casting a gray light over the carpet. The newsreader was talking about low water pressures across the country, showing a helicopter shot of a dry reservoir bed, all cracked mud and old fence posts that had been underwater for fifty years.

Tom sat on the edge of the sofa with the remote control in his palm. His skin felt tight from the afternoon sun.

Julia stood by the mantelpiece. She had a gin and tonic in a tumbler, the ice already gone to water. She didn't look at the screen.

""We should go down to the coast on Sunday,"" she said. ""Get some air.""

Tom didn't look up from the television. ""The car's running hot,"" he said. ""The fan belt's squeaking or something. I don't think it would be safe with the weather.""

""We could take the train.""

""The trains will be cancelled,"" Tom said. ""The rails warp in this. The weather. It says so on the news. Look at it, red weather warnings all across the country. He was right.""

""Red,"" Julia said.

""Exactly. It's red all over. I can't believe it.""

""Can't believe it,"" he said again after a beat.

Julia took a sip from her glass. She set it down on the coaster next to her packet of cigarettes. ""You've been looking at that grass all day, Tom. It’s just dirt. It'll grow back when it rains.""

""I'm not talking about the grass"" Tom said. He pressed the button to turn the volume up a notch. ""Look, the news says it's red. It's all red. Today, tomorrow, the day after.

""And if you're going to bring up the grass – which you did – I want to remind you that it's not okay. Again, you brought this up, not me.

""The roots die when it goes this dry. Then you've got to dig the whole lot up and start again. Do you remember how much of a pisstake it was before?

""God, the amount of grass seed.""

""It's just a garden,"" she said.

Tom didn't answer. A ad came on for a holiday resort in Spain, all blue pools and white umbrellas. He stared through it, his thumb resting on the plastic channel button.

Julia stood there for another minute, watching the side of his face. Then she picked up her cigarettes and went up the stairs without saying goodnight.

Tom had joined half an hour later. The bedroom was dark and he lay on his back and looked at the ceiling. They had fans on either side of the bed circulating the warm air. The bedsheet was stuck to his leg. He rolled over, sat up, and swung his feet to the floor. Julia stirred behind him.

""What are you doing?"" Julia said. Her voice was weak from sleep.

""The bloody grass,"" Tom said.

He stood up. He walked to the chair by the wardrobe and felt across the back of it. His jeans were not there. He checked the floor.

""Get back in bed, I've had enough of this,"" Julia said. She sat up, rubbed her eyes, and clicked a plastic lighter. The small flame showed her face for a second, then went out. The orange tip of her cigarette glowed.

""Just leave the grass alone,"" she said. ""It doesn't matter. The grass doesn't matter. Just leave the grass alone.""

She blew the smoke, adding a haze to the room.

""Where the hell are –""

""Get back in bed.""

Tom continued hunting for his jeans. He could have sworn he left them on the back of this chair. Like a fool, he searched, on his hands and knees. When his knees started to smart, he gave up. He went out to the landing. He walked down the stairs in his underwear, holding the banister. The floor in the kitchen was still warm under his bare feet. The hands on the clock pointed to five to one.

He reached onto the top of the fridge. His fingers hit a jar of marmalade, then found the brass ring of the keys. He unlocked the back door and pulled it open.

To his surprise, the air outside had cooled a little. A white stream of water arced over the fence. Neville stood on his side of the panels, holding a blue plastic spray gun. The water made a clicking sound against the dry soil.

""Neville?"" Tom said.

Neville did not look over. He moved the hose from left to right. ""You didn't get out before midnight,"" he said. ""I was watching from my bedroom window. Thought that grass is going to go. It needs a water, Tom.

""The hosepipe ban remember?""

Tom sat down on the concrete step. The stone was cold through his cotton boxers. He rested his elbows on his knees.

The door squeaked as Julia came out and stood behind him, pulling her beige dressing gown tight across her chest. She stepped down onto the concrete and sat beside Tom.

The water hit the soil, turning the yellow roots dark brown. A car passed on the main road two streets over. The last few lights of the the houses surrounding them slowly flicked off. One by one until they were in darkness.

Tom took Julia’s hand. They watched the water sink into the earth.",1,1783808552.0,shortstories,1,1.0,False
1utxhw3,https://www.reddit.com/r/vellore/comments/1utxhw3/anyone_want_to_help_build_a_strangerstofriends/,Anyone want to help build a strangers-to-friends community in Vellore?,"Hey guys,

I’ve been thinking about starting social media page based around Vellore meetups, activities, and helping people make new friends.

The idea is pretty simple — organize fun stuff like café meetups, movie nights, sports, road trips, food hunts, gaming sessions, and other random activities for people in and around Vellore.

I’m looking for a few people who’d be interested in building this with me. If you’ve ever wanted to create content, grow a community, organize events, or just think this sounds fun, hit me up.

We can grab a coffee, discuss ideas, and see if we can make something cool together.

If you’re interested, comment below or send me a DM!  
Thanks :)",2,1783808544.0,vellore,0,1.0,False
1utxhpf,https://i.redd.it/12usxhdleoch1.jpeg,Puerto Rico (2002) Print-and-Play Puertoma for Solo and 2 Players,"Hello,

I've crafted a minimalistic print-and-play version of the solitaire/2 player Puertoma automated opponents that was released in the relatively recent Puerto Rico 1897: Special Edition. It's sized to fit the older versions of the game, or at least the 2002 version (which is what I have) - I believe the later editions had the same scale, with some of the newer printing having different color schemes.

[Link to file on BGG game page](https://boardgamegeek.com/filepage/325253/puertoricoedition2002-fanmadepuertoma)

Cheers",2,1783808530.0,boardgames,1,0.75,False
1utxgx3,https://www.reddit.com/r/VyvanseADHD/comments/1utxgx3/vyvanse_day_1/,Vyvanse Day 1,"Hi all, this is my first day on Vyvanse 30mg. I was prescribed this medication mostly to treat my binge eating disorder, but I do have ADHD as well. I think I may have started off on the wrong foot here because shortly after taking the medication I drank coffee. I’m not sure how much caffeine has an effect with Vyvanse. At first, I felt really good and happy. Then that started to wear off and now I’m feeling a little bit down and self conscious, and not to mention a little bloated. I haven’t eaten anything yet today as I’ve been out and about. Are these mood changes normal and will it take some time to get used to? I have a meeting with my doctor next week to discuss either reducing or increasing my dosage. ",0,1783808474.0,VyvanseADHD,1,0.5,False
1utxfqx,https://i.redd.it/ctky3h86eoch1.jpeg,Apartment Living Room Layout,"Looking for some advice on how to lay out the narrow living room in our new apartment!

The living room area is about 7’ x 16’. We won’t have a dining table anywhere, so this space only needs to fit a couch, coffee table, media stand, and TV. There are two sliding glass doors to the balcony, and we’d like at least one of them to remain clear and accessible.

We’d love to fit an accent chair in there too if possible, but it’s not a priority if the space is too tight.    
We’re buying all new furniture, so any recommendations on couch size, chair size, or furniture styles that work well in a long, narrow living room are welcome too.    
Thanks!",2,1783808388.0,roomlayout,0,1.0,False
1utxf97,https://www.reddit.com/r/IntrovertsChat/comments/1utxf97/35f_us_for_your_new_nerdy_best_friend_inquire/,"35F, US, For your new nerdy best friend inquire within!","I'm rather nerdy. I spend most of my days at home hanging out with the cat. I've loved art ever since I was very young. I have huge ambitions to have my own graphic design gig someday, but right now, I don't currently work at all.

I love video games. I got a lot to play on. PS5, Xbox One, Switch, Meta Quest 2, my iPad, and now PC. I'm an achievement/trophy hunter. I also collect PS1 & 2 games to play on my PlayStation 2. In recent years, I've been very casual with my gaming, playing a lot of platformers and survival/crafting games. I'll play a bit of everything, though, except for, like, sports games.

I love tabletop games. Star Wars Legion, Warhammer 40K/AoS, Magic: The Gathering, Pokémon TCG, Digimon TCG, Lorcana, and Star Wars Unlimited. I love to paint miniatures as well, but it's a bit of a struggle to actually get people to play with me. Recently started playing D&D.

I suffer from a bit of a learning curve. Certified dyslexic.

I love music. Dance Gavin Dance, Papa Roach, Twenty-One Pilots, A Day To Remember, stuff like that. Bit of an elder emo. I wish I could play an instrument, but I fear I may be tone deaf 🙃

I love Marvel. Spider-Man's probably my favorite. Though in recent years, I've been growing to appreciate DC a lot more than I did before.

Huge fan of The Office (US). I've seen the whole series countless times.

I love horror movies and got into true crime on YouTube a few years ago. My favorite horror movie is The Blair Witch Project, second to the 2003 Texas Chainsaw Massacre.

I love anime and manga. Demon Slayer is by far my favorite. I also really love Fullmetal Alchemist, Attack on Titan, Digimon, Dragon Ball, Dandadan, and Sword Art Online.

Love LEGO. Most of my sets are from Harry Potter, but I have some from Star Wars and The Office set. I also have some Nano blocks.

I'm doin' the Japanese, Spanish, music, and chess courses on Duolingo right now.

I love baking, coffee, and grilling. I don't have too much confidence in my cooking skills 😅 But I'm trying new recipes all the time, and I've been getting better! I'm rather adept at baking, though, and I love smoked meats 🤤",3,1783808348.0,IntrovertsChat,5,1.0,False
1utxdnt,https://www.reddit.com/r/service_dogs/comments/1utxdnt/considering_psd_for_anxiety/,Considering PSD for anxiety,"Hi everyone,  
I’ve been researching psychiatric service dogs for a while and would love some input from people who actually work with one.

For context, I already see a therapist and take medication, and those have helped a lot. I’m not looking for a dog instead of treatment—I’m trying to figure out whether one would be an appropriate additional tool. I’m a grad student doing mostly computational work, so the dog would occasionally come to campus, but most of my work is at home or in coffee shops.

The tasks I’m considering are:  
\- Interrupting anxiety spirals while I’m working (nudging/pawing when I start tensing up or shaking my leg).  
\- Interrupting panic attacks before or during escalation.  
\- Deep Pressure Therapy (DPT).

My biggest challenge is that my anxiety is very physical. When I’m deeply focused, I unconsciously tense my shoulders, neck, and jaw until I end up with severe muscle pain and tension headaches. My most productive periods are often the most painful because I don’t realize I need a break until it’s too late, and I usually crash afterward.

What’s tricky is that it’s not just about how *long* I’ve been working. I can spend all day doing lighter tasks with no issues, but 30–60 minutes of intense theoretical work can be enough to trigger it.

My anxiety is also usually worst around bedtime and early in the morning, where I sometimes dissociate, cry, or spiral into a panic attack. These are almost always at home (not sure if it matters). 

Does this sound like a realistic use case for a PSD, or am I overestimating how helpful one would be? For those with similar tasks, has your dog actually been able to interrupt this kind of cycle consistently? I’m also wondering whether, in your experience, the benefits outweighed the added responsibility.

I’m still in the research phase and would work with a professional trainer if I move forward. I’d really appreciate any feedback or things you wish you’d known beforehand.",0,1783808233.0,service_dogs,0,0.33,False
1utxddf,https://www.reddit.com/r/animalhospitalanomaly/comments/1utxddf/missing_barney_issue/,Missing Barney issue,"As of recently, I've gone from Barney showing up 3 times in one shift to him not showing up at all.

The past few runs I've done, he has just not shown up once, he only did this once in the 2nd shift and then never appeared again (I gave him coffee)

I've gone to shift 9 without seeing him at all.

Is this a bug or is this normal?",1,1783808214.0,animalhospitalanomaly,5,1.0,False
1utxchx,https://v.redd.it/j95aplxfdoch1,🤣🤣🤣🤣,,1,1783808153.0,u_Prudent_Wish7640,0,1.0,False
1utxc15,https://www.reddit.com/r/Edmonton/comments/1utxc15/matcha_on_matcha_drink_at_deville_coffee_shop/,“Matcha on matcha” drink at Deville Coffee shop,Hey there! I fucking love matcha and I prefer to drink unsweetened. Those who work on Deville Coffee shop or frequent customers there is “Matcha on Matcha” drink at Deville Coffee shop contains sugar at matcha base?,2,1783808120.0,Edmonton,2,0.75,False
1utxbu3,https://www.reddit.com/gallery/1utxbu3,Is this normal??,"I’m so confused. I don’t normally order coffee via uber but I had a long night and wanted something quick and strong to wake me up for the Norway vs England game. So I got Starbucks (I know I know). The driver was on his bike and there was literally coffee leaking through the bag as he handed it to me. 

When I checked the bag, almost the entirety of each cup of coffee was empty. Nevermind that the apple juice box (look, I’m hungover) was somehow punctured so that was spraying like mad when I grabbed it. 

Despite the images, Uber Eats refuses to refund me. They kept saying they’d let the store know that they should be more careful in the future. No matter how many times I told them that the store isn’t at fault because they secured and sealed everything and that the rider was the neglectful one, they kept blaming the store. 

Doesn’t this count as theft? I literally received empty dirty cups. I’m genuinely shocked. I have an annual membership and I’m blown away. 

The second agent I spoke with was a bit nicer and was able to get me a $10 credit but that’s it. The order was $30. ",0,1783808106.0,UberEATS,6,0.5,False
1utxbtz,https://www.reddit.com/r/Redditdating/comments/1utxbtz/33_f4m_southern_california_curvy_cute_and_curious/,"33 [F4M] - #Southern California- Curvy, Cute, and Curious!","Hi! I’m a plus-sized woman in Southern California looking for a genuine connection with a kind, curious, emotionally mature man.

A little about me: I’m a mom first, a homeowner, and currently in graduate school working toward a career centered on helping people. My life can be busy, but I make time for the people and things that matter to me. I love deep conversations, good coffee, international travel, psychology, documentaries, random internet rabbit holes, and learning way too much about whatever topic has captured my attention that week.

My particular brand of nerdiness is less about fitting into one fandom and more about being intensely curious. I love people who can enthusiastically explain their favorite game, fictional universe, scientific theory, historical event, or oddly specific hobby. Tell me your lore. I genuinely want to hear it!

Personality-wise, I’m affectionate, thoughtful, playful, and a little sarcastic once I’m comfortable. I value kindness, consistency, self-awareness, and people who can communicate directly without playing games. I’m rebuilding and rediscovering parts of myself, so I’m interested in taking things slowly and allowing trust and chemistry to develop naturally.

What I’m looking for:

A single, monogamous man who is emotionally available and genuinely interested in building a relationship. Someone gentle but confident, affectionate, communicative, intellectually curious, and capable of both serious conversations and ridiculous banter. I’m especially drawn to men who have their own interests, friendships, goals, and identity outside of a relationship.

I’m not looking for perfection, but I am looking for effort, honesty, emotional maturity, and consistency. Please be willing to exchange recent photos and eventually move beyond endless Reddit messaging. I’m open to some distance for the right person, provided there is a realistic possibility of meeting.

Politically, I’m liberal, and compatibility in that area matters to me. I’m not interested in MAGA, polyamory, or ethical non-monogamy.

If this resonates, send me a thoughtful introduction with your age, general location, what kind of connection you’re looking for, and the nerdiest thing about you.",2,1783808106.0,Redditdating,1,1.0,False
1utxao3,https://www.reddit.com/r/grief/comments/1utxao3/my_dad_died_recently_and_i_dont_care_that_hes_dead/,My dad died recently and I don’t care that he’s dead,"So I grew up in a pretty abusive household with drug addicted parents and for years we lived in constant poverty. Even after my parents split up and quit drugs, mental illness and dysfunction plagued my family. My dad and I never got along. He was pretty absent in my life overall and we were so different that it caused a personality clash. Honestly, we just didn’t like each other. Love and affection were rarely present and when we weren’t fighting, our conversations were never meaningful, just surface level. 

  After my family decided not to attend my wedding, we mutually decided to go no contact. I made one attempt two years into the no contact to reconcile with my dad, but he wasn’t interested, so I went on with my life because I had a wife and son to take care of

So about a week ago, my wife tells me that my dad died(his second wife called my wife to tell her) but it was a weird feeling; I felt nothing. No sadness, no compassion, just nothing. The damage from years of abuse and degrading combined with the no contact just made any love I had for him completely go away. His wife told us about the funeral and if we wanted his ashes, but I wasn’t interested. Even on his obituary, my two sisters were included in the photo gallery, but I was nowhere to be found, which to me confirmed that I had made the right decision disowning a family that I clearly had no significant role in.

 Apparently my dad was suffering from severe depression, so he stopped eating and just drank nonstop until developing complete kidney failure. He wasn’t interested in dialysis, so he was gonna do hospice, but apparently he decided to take a bunch of pills to go out on his own terms. 

  I hope he’s in a better place. Maybe one day when it’s my time, him and I can have a cup of coffee and catch up on things, but in life, he was an asshole who I feel nothing for. Remember, blood doesn’t determine bonds.",1,1783808019.0,grief,0,1.0,False
1utxanj,https://www.reddit.com/r/WeightLossAdvice/comments/1utxanj/speeding_up_weight_loss/,speeding up weight loss?,"i’ve been a lot more dedicated to losing weight since the end of may. when people say “if you’re in a calorie deficit but you’re not losing weight, then you’re probably not actually in a calorie deficit” they were really onto something. i track everything; sauces and condiments, cooking oil, small snacks. everything. and i’ve been consistently losing 1-2 lbs a week. so far im down 15 lbs and super happy that im making progress, but i was wondering if there’s anything out there that can \*actually\* help speed things up? do supplements like lemme burn actually work? does coffee actually speed up your metabolism? what are some extra things i can do that will help speed things along? ",1,1783808018.0,WeightLossAdvice,3,1.0,False
1utx9zy,https://www.reddit.com/r/MakeFriendsOver30/comments/1utx9zy/29_m_uk_footie_is_making_me_feel_as_nervous_as_an/,29 M UK - Footie is making me feel as nervous as an independent coffee shop in between a Starbucks and a Costa,"&#x200B;

Dunno, couldn't really think of a snappy tagline. Maybe it'll catch on though.

I'm an avid arts enthusiast, a fanatic film watcher, a rampant reader, and a tenacious traveller. Also an active alliteration user, although not very good regrettably.

My tastes range from the wild saxophones of John Coltrane, to the incessant chugging of the electric jug in 13th Floor Elevators. I like to keep an eclectic taste, broadening horizons keeps the blood thin.

Anyway, that's all for now. Cheers thanks bye",1,1783807972.0,MakeFriendsOver30,1,1.0,False
1utx9l4,https://www.reddit.com/r/AskIreland/comments/1utx9l4/what_is_iced_coffee_like/,What is iced coffee like?,"I love my coffee and there's no other way to drink it than warm/hot coffee.

But with the recent weather, I'm wondering what is iced coffee like? Does anyone drink it? What's the difference?",0,1783807943.0,AskIreland,41,0.39,False
1utx9j9,https://www.reddit.com/gallery/1utx9j9,Haven’t shared until now but is something that someone I know sent me awhile back.,I guess her argument was that antis are all fat slobs who are obsessed with anime and apparently draw extremely well while AI ‘artists’ are thin chic girls who drink coffee and are iconic…? She also said that AI users used AI because they have ‘better things’ to do than waste time drawing. Yeah and you also are wasting thousands and thousands of gallons of clean water in the process 😭💔,23,1783807939.0,antiai,14,1.0,False
1utx9i1,https://www.reddit.com/r/MakeNewFriendsHere/comments/1utx9i1/29_m_uk_footie_is_making_me_feel_as_nervous_as_an/,29 M UK - Footie is making me feel as nervous as an independent coffee shop in between a Starbucks and a Costa,"Dunno, couldn't really think of a snappy tagline. Maybe it'll catch on though.

I'm an avid arts enthusiast, a fanatic film watcher, a rampant reader, and a tenacious traveller. Also an active alliteration user, although not very good regrettably.

My tastes range from the wild saxophones of John Coltrane, to the incessant chugging of the electric jug in 13th Floor Elevators. I like to keep an eclectic taste, broadening horizons keeps the blood thin.

Please be around my age or older, and looking for platonic friendships also.

Anyway, that's all for now. Cheers thanks bye",2,1783807936.0,MakeNewFriendsHere,2,0.75,False
1utx90f,https://www.reddit.com/r/Bhopal/comments/1utx90f/anyone_wants_to_get_their_vape_refilled/,Anyone wants to get their Vape Refilled?💨,"I have a coffee with me, dm me if interested :)",1,1783807901.0,Bhopal,0,1.0,False
1utx87y,https://www.reddit.com/r/LesbianActually/comments/1utx87y/wanna_be_friends/,Wanna be friends?? :)),"Hi girlss!

I'm 25, from Spain and married to my lovely. wife, and I realized l'd really love to make some lesbian friends.
Most of my friends are straight, and I genuinely love them soooo muchh, they're amazing people. But sometimes I miss having friends who naturally understand certain parts of my life without me having to explain them. Things like being married to another woman, talking about everyday relationship stuff, future plans, queer events, or just sharing experiences that are a bit more relatable.
I'm NOT looking for dating or anything like that
-just genuine friendships PLEASE I love my wife HAHHAHA. l'd love to meet other lesbians around my age to chat, maybe game together, grab a coffee if we're ever nearby, or just have people to share life with.
If anyone else is looking for more lesbian friends, feel free to say hi! :)",2,1783807847.0,LesbianActually,0,1.0,False
1utx6y7,https://i.redd.it/1p4y4xkacoch1.jpeg,coffee of the day ☕️,"Skoom Coffee 📍 Toronto

\#coffeetoronto #coffeeoftheday",1,1783807758.0,u_DEiNDE_Kat,0,1.0,False
1utx566,https://i.redd.it/rs4b4rbxboch1.jpeg,Today’s Haul,"I had to call a few stores to check if they have the pancake candle holder in stock. I had to drive quite far, but it was worth it 🥹",4,1783807633.0,bathandbodyworks,1,0.83,False
1utx4kz,https://www.reddit.com/r/dating_advice/comments/1utx4kz/six_great_dates_over_six_weeks_real_physical/,"Six great dates over six weeks, real physical chemistry, an exclusivity talk that I initiated and she seemed open to. And then a ""not feeling it"" text. What did I miss?","  


I (33M) matched with a woman (29F) on a dating app about six weeks ago.

**Date 1 (coffee):** Easy and warm, an hour and a half flew by. I had a hard out for an event and she suggested wrapping up right as I was about to. I asked to see her again, she said yes. When I went to get her number she said she'd been about to suggest the same thing, and she typed her own name into my phone before long.

**Date 2:** A rained-out plan turned into a craft activity plus lunch that stretched to \~7 hours. Constant laughter, sitting side by side, first physical ease — arm around her, hands brushing. She texted me seconds after getting into her car.

**Date 3 (dinner):** Dressed up, brought her favorite flowers. I planned out a bit of a mystery date evening where I told her the dress code but left the plan in suspense... Took her to a really nice upscale dinner which was a four hour affair. And then took her to a nice cocktail bar where we kissed for the first (and then multiple) times... Ended up staying out till 3am. On the drive home I brought up seeing each other more exclusively. She squeezed my hand, smiled, and asked for a bit of time to think since this was all new to her.

**Date 4:** She suggested a sunset run + ice cream. Hello kiss, hand-holding, more kissing. She was leaving town for a few days, so a longer goodbye.

**Date 5:** I cooked for her at my place, movie on the couch that turned into making out and then the bedroom. Things escalated physically (not all the way, as I asked and she said ""not today,"" which was completely fine by me).

**Date 6:** Went on another run+dinner date which ended up being a fun night. This is where opened up more and talked about our relationship goals, what she thought she admired about me, what my history was, etc.

The whole time: daily texting, she initiated often, and we were planning future stuff together, workouts, movies, even a little weekend trip.

Then a few days after date six she texted: she'd been doing a lot of thinking, really enjoyed getting to know me, thinks I'm a great guy who'll make someone happy — but she's not feeling the connection/chemistry she's looking for and can't force it. Kind, warm, final.

I'm a little blindsided. The escalation, the exclusivity talk she seemed receptive to, the physical intimacy, her initiating... It all read green to me. Was there something I missed, or is this just how it goes sometimes? Outside eyes appreciated.",1,1783807591.0,dating_advice,31,0.6,False
1utx403,https://www.reddit.com/gallery/1utx403,My Saturday coffee ride,,3,1783807553.0,Vintage_bicycles,0,1.0,False
1utx2bm,https://i.redd.it/ou60zftcboch1.jpeg,They Were At The Drive In,"TW: House Fire & Loss of Pet

Repost because I accidentally broke the food adjacent rule with my morning coffee and too much creamer this morning. Sorry ladies 💕

Real food this time.   
Frozen burger (cooked), tiny gluten free bread (because celiac), and some bbq chips.

Just before midnight I was woken up by a dog barking, what sounded like possible shouting, and loud popping sounds that seemed far too close not to jolt me out of bed.

By the time I got to the window my neighbor’s home was completely engulfed. We all watched in horror as the roof collapsed and the surrounding trees began to glow. 

No one was sure if they were home at that time, but it was quickly confirmed they were not. Thankfully they had decided to take the kids to see a movie at the drive in on a whim. 

As much of a relief it is to know they are all safe, the reality is still so heavy. They left with joy and good intention … smiles and laughter filled their car as they enjoyed their movie, and in an instant a call changed everything. They came home to nothing. They lost it all. Including their senior dog Gatsby. 😭

As an elder Millennial (39) I have a very real fear of causing a fire thanks to the *unhinged* fire safety coloring books we were given as kids.   
I’m fairly certain I drive my son & husband (GenX) insane with my over the top anxiety about unplugging things and fear of open flame. They never shame me though, and if they do ever questioned it silently I think this provided some justification. Life can change in a matter of seconds.

I have never question being compelled to do something spontaneous, go to a movie, run to the store for something silly, or take a different route home. I always listen to that guidance. They made a decision to do something fun, a late night at the drive in, and that decision saved their lives .

I was lucky enough to speak to them today to check in. Spirits are high, along with the confusion and whirling reality. They are overwhelmed by the response of the community, the process, and are still trying to wrap their heads around the loss. But they are strong and they won’t let this take them down. 

Dear Gatsby, you sweet little odd fellow. My family and I only had the pleasure of knowing you for about a year, but you were the best boy and your family loved you tremendously. Thank you for being a staple in the neighborhood. You were something that made us smile each time we saw you out milling around on your search for the perfect place to poop. Cow and Wulf loved to stare & bark hoping to say hi as you nonchalantly walked away. We will miss you. 💕🐾 ",17,1783807441.0,GirlDinnerDiaries,1,0.95,False
1utx203,https://www.reddit.com/r/Undertale/comments/1utx203/redd_greene/,Redd Greene,"It’s really no surprise that the king took so long to find a new royal scientist. Gaster was a hard act to follow. But eventually he had to accept that no mind would compare and he had to replace him, even if they were not as great. If anyone could provide an act half as great as Gaster, it would be his protege, Redd Greene. Dr. Greene was not born as a genius, part of a prestigious family, or even an official education when she started pursuing work as a scientist. The first record of her was when she appeared in Snowdin. She did have two things that truly set her apart from the many others. The first was that she was determined, driven, and full of will power. The second thing? She had experience in a field that every few even knew about. Greene first read many books about science and physics at the library. If she wasn’t taking scenic walks, or sleeping, Greene was at the library. Eventually she was lucky enough to be allowed to enroll in a somewhat notable college. There she only intensified her studies; late night study sessions fueled by nothing but coffee and determination. Her major was theoretical physics and potential ways of application. One day she wrote a paper about the concept of the multiverse and possible methods of exploring it. Gaster found her work interesting, very interesting in fact. Redd Greene was eventually offered the chance to work with Gaster on his team. She accepted. During her time working in the DD department, Greene was found to have another side to her. She was the kind of person you would invite to hang out after work, provided that she didn’t have any work to do. The complete opposite of Gaster, who was often aloof. Dr. Greene was almost the new royal scientist, but the current one was chosen after creating an ""artificial soul.” To add insult to injury, the DD department had its funding cut. The members were assigned to different jobs. To say that Red Greene was mad, is an understatement. The last anyone heard of her was a tape recording where she claimed that her “calculations are finally perfect!"" And with that she said goodbye, she was never seen or heard from again.",1,1783807419.0,Undertale,0,1.0,False
1utwyvu,https://i.redd.it/l7xweo0oaoch1.jpeg,Anyone find these yet? Where?,,2,1783807210.0,nespresso,0,1.0,False
1utwyvj,https://www.reddit.com/r/Meowi/comments/1utwyvj/choose_coffee_or_tea/,[Choose] Coffee OR Tea,This post contains content not supported on old Reddit. [Click here to view the full post](https://sh.reddit.com/r/Meowi/comments/1utwyvj),2,1783807210.0,Meowi,2,1.0,False
1utwxy2,https://v.redd.it/ij5rikw7aoch1,This picture perfectly captures the mood of r/GIANTALLIGATOR. Don’t you think?,Drinking my coffee first thing in the morning.,1,1783807146.0,GIANTALLIGATOR,0,1.0,False
1utwxgi,https://www.reddit.com/r/aves/comments/1utwxgi/black_coffee_hï_on_our_ibiza_overnight_july_25/,"Black Coffee @ Hï on our Ibiza overnight (July 25), stage table, 4 out of 10 spots filled","Black Coffee's at Hï on July 25th

Been coordinating directly with Hï's VIP team on a stage table (they seat 10). 4 committed, 6 seats open. It's a proper VIP spend, think high hundreds to low four figures per person, worth it for on-stage at the #1 club in the world, and I'm handling booking, deposit, and coordination.

Docked overnight, so no rush back.

DM headcount and I'll send the stage map + exact per-person number.",0,1783807107.0,aves,1,0.4,False
1utwwr9,https://www.reddit.com/gallery/1utwwr9,Just brought her home but saw a tiny dent.,"Just brought my brand new 2026 Model Y Premium home. And then, in broad sunlight, I saw a tiny dent on left side second row door ;( See pictures.

I did not do a thorough inspection during pickup because there was a person from Tesla standing there in scorching sun. So I kinda didn't take my time. From the pickup center, I made a detour in downtown for a coffee stop. I parked it on the street. 

So, this is either (1) damage done by someone else's door during my coffee stop, or (2) it could be from the factory. 

Can this still be ""covered""? 

What should I do? What would you do? Thank you.",1,1783807059.0,TeslaModelY,8,0.67,False
1utwwah,https://www.reddit.com/r/alphaandbetausers/comments/1utwwah/i_built_a_daily_aitech_digest_that_actually/,I built a daily AI/tech digest that actually learns your taste (not ad-funded) devdigest.io,"Hey folks, 

Every morning I want to catch up on AI/tech news with my coffee, but I only really get about 10 minutes before the day starts. I tried the usual free newsletters, but they send the same thing to everyone - and being ad-funded, they can't really personalize without it working against them.

So I built for myself first: pick your topics (10 categories, 70+ vetted sources), get one email a day, and every story has a 👍/👎 that actually nudges what shows up more or less over time - not a static ""select your interests"" box you fill in once.

Used it myself for a while before deciding to put it out there. No ads, no data resale, €10/year - which is basically what it costs to run (email delivery + the AI curation + hosting), closer to a donation than a subscription. 7-day free trial, no card needed to start.

I'm doing a part-time Master's in Human-Centred AI right now, and this turned into a nice real-world version of exactly what I'm studying - building something that adapts to a person instead of optimizing one feed for everyone.

One thing I'm actively working on: ->  making sure the digest actually lands at your own local morning, wherever you are - not just Ireland/Europe time. (my location) 

I've built and tested the mechanism (it now refreshes the story pool 4x/day instead of once), but I can only fully verify it with real subscribers in different timezones, **especially Asia-Pacific, Middle East, or anywhere meaningfully east of Europe**. (of course others are welcome too)

You can signup normally through [devdigest.io](http://devdigest.io)

**If that's you and you're up for signing up and just... using it normally for a bit, I'd genuinely value it,  no extra steps needed, it detects your timezone automatically at signup.**

**Drop a comment or DM me and I'll add some extra free days to your trial as a thank you.**

Would genuinely appreciate feedback either way, especially if a category feels off or something's missing. Thanks a lot. ",2,1783807024.0,alphaandbetausers,3,1.0,False
1utww98,https://www.reddit.com/r/kalyan_dombivli/comments/1utww98/coffee_roasters_in_kalyan_dombivli/,Coffee roasters in kalyan dombivli,"Hello Guys,  Can you pls help me find Good coffee roasters in kalyan dombivli area. Not the coffee shops but local coffee roasters. Pls help out of you know any. ",1,1783807021.0,kalyan_dombivli,0,0.99,False
1utww46,https://www.reddit.com/r/Londonfriends/comments/1utww46/29_m_4f/,29 M 4F,"Hi. Hope you’re doing well. I’m moving to London next month.   
Would love to find a friend to get used to the new city and roam around and not be depressed.   
I’m a very well educated, professional. I can tell you lots of interesting facts. I yap a lot if we get comfortable.   
Lots of hobbies, very active and sporty, full of wader lust, I can talk and walk till the end of the world, all night long. 

I’ve an undiagnosed ADHD, (you’ll notice it soon).   
My interests are:  
Science,  
Astronomy,  
Poetry,  
Music,  
Art,  
Acting,  
Reading,  
Walks,  
Sports,  
Travelling,  
Food,  
History,  
Psychology,  
Theology,  
Politics,  
Comparative Religion,  
Technology,  
Gadgets,  
Tea & Coffee  
And more tea & Coffee  
And sweets,  
And anything fancy  
And culture   
And more (I’m tired) 

Looking forward to knowing more about you",0,1783807010.0,Londonfriends,0,0.5,False
1utww1f,https://www.reddit.com/gallery/1utww1f,Which one should I choose?,,1,1783807005.0,u_Canadiangurl95,0,1.0,False
1utwv5q,https://i.redd.it/v3ld62cv9och1.jpeg,bitch ass ex keeps stalking me online like she has no job,"she’s a narcissistic abusive predator. this is so embarrassing for someone her age 

coffee and a banana muffin ",8,1783806942.0,depressionmeals,2,1.0,False
1utwv0d,https://i.redd.it/8xtklr8u9och1.jpeg,My coffee :3,,1,1783806931.0,CrossedFeetsies,0,1.0,False
1utwubm,https://www.reddit.com/r/wallstreetbets/comments/1utwubm/if_june_cpi_comes_in_hotter_than_expected_is_the/,"If June CPI comes in hotter than expected, is the better trade Treasuries or SPY/QQQ puts?","Maybe I’m overthinking this, so poke holes in it.  
The thinking seems to be that CPI should be okay because gas came down during June from the highs we saw in May.

I get that.  
But isn’t everyone focusing on one piece of the puzzle?  
Gas did fall month-over-month, but compared to last june, people were still paying a lot more at the pump for most of the month.

Then I started thinking about everything else that happened in June.

\-World Cup started June 11 (hotels, Airbnbs, restaurants, rideshares, flights, fan events, etc.)  
\-Summer travel season kicked off.  
\-Airlines seem more willing to cut capacity than cut prices.  
\-Beef still feels pricey.  
\-Coffee hasn’t exactly gotten cheaper.  
My grocery bill definitely doesn’t feel like inflation is over.  
It felt like half the country had their AC running nonstop.  
Netflix, AT&T, and it seems like every subscription finds another excuse to tack on a few bucks.

None of those things individually are enough to move CPI.  
But what if they don’t have to?  
What if everyone is looking at gasoline while all these smaller categories quietly add up?

I’m not saying the headline CPI comes in way above expectations. Gas falling from May could still help that.  
I’m wondering more about core CPI  
What if everyone expects around .3%, but it sneaks in at .4 because a bunch of these “little” things all hit at once?

If that happens, wouldn’t the bigger move be in the bond market?  
A hotter core number would probably push treasury yields higher as traders start pricing out rate cuts (or pricing in a greater chance the Fed stays higher for longer).   
In a way, the bond market would be tightening financial conditions before the Fed even has  
 to do anything.  
So here’s the real question…  
If your thesis is “hotter CPI #**,”** what’s the cleaner trade?  
SPY puts?  
QQQ puts?  
A Treasury trade?  
Or is this whole idea already priced in and I’m just trying to justify why my grocery bill hurts my feelings?  
Curious what everyone thinks. My kids could use a new pair of shoes for school.😁.  Thanks in advance of my loss or win🤣",6,1783806884.0,wallstreetbets,31,0.72,False
1utwu6k,https://www.reddit.com/r/kitchenremodel/comments/1utwu6k/ideal_kitchen_layout/,Ideal kitchen layout,"[Left is current - right is an option](https://preview.redd.it/4iovyx2b7och1.png?width=798&format=png&auto=webp&s=aaef9ec93e1a364acd552f2624c0f7fa74c7ba22)

Trying to figure out the best way to begin planning our kitchen remodel - please disregard specifics on the range/fridge location.  .  On the left is the original layout - I added a block of cabinets near the doorway from the foyer and also the ""coffee/bar"" which will match the kitchen for additional storage and make the kitchen feel bigger.  At a roughly 10x10 kitchen, overall it feels tight, especially since were trying to squeeze the 36"" fridge, and do a proper range hood.  

On the right I had a thought of basically extending the kitchen into the existing dining room - this would add more overall storage, a peninsula or island with seating, and move the dining table to the back room.

I'm torn because the house is a good size and I think a small kitchen detracts from the value and overall feel.  Also torn because lounging by the fireplace sounds better than a dining table in that room, however there is already a living room, and there is another room above the sitting room which is a game room/lounge room, so we're redundant with the amount of areas to sit around.  

A final option might be to move the wall where the L Shape cabinet is (bottom of the kitchen area) further into the living room, giving us another 2' in the kitchen - this depends on how the addition above the entire area was built and if it's load bearing or not",2,1783806873.0,kitchenremodel,1,1.0,False
1utwu3v,https://i.redd.it/umv8i3hn9och1.png,"Hello, I'm Irene. It's nice to meet you. 💖","Hello everyone. 

My gamer name is Irene. 

This community is for everyone in the GLOW.

The game GLOW that is. ✨️

Please make yourself comfortable and at home. 

I can't wait to see what we accomplish together. 💖",1,1783806868.0,GlowFashionFun,0,1.0,False
1utwtyw,https://www.reddit.com/r/PetPeeves/comments/1utwtyw/youtubers_who_launch_side_businesses_and_refuse/,YouTubers who launch side businesses and refuse to acknowledge their YouTube fame is what’s driving salesc,Bro… come on. You think your comic book/coffee company/indie films/books/custom jewellery/cookies would be a successful and thriving startup if you didn’t have a built in audience of a million people? Are you high? Is the ego that big?,13,1783806859.0,PetPeeves,11,0.84,False
1utwtyc,https://www.reddit.com/r/infp/comments/1utwtyc/my_therapist_hugged_me/,My therapist hugged me,"Yesterday, I had my first appointment with my therapist in quite a while.

We hadn't seen each other for some time because I recently started easing my way back into working again, and I wanted to focus on that first. Today, I finally got to tell her how things have been going.

I told her that I've been getting a lot of positive feedback at work because I'm motivated, eager to learn, and always try to do the right thing. I've actually started enjoying my job, and I even like the routine that has come with it. Sitting on my balcony every morning with a cup of coffee and a cigarette before heading to work has become a small ritual that I genuinely look forward to every day. Having a regular schedule has also made it much easier for me to take my medication consistently again.

Of course, not everything is suddenly perfect. I also told her about the problems in my family, how I'm still struggling to make new friends, and how uncomfortable the sexist comments from one of my coworkers make me feel. But I also explained how I see these situations now and how I plan to deal with them. While I was talking, she kept smiling at me, giving me a thumbs-up, and praising me.

Then she became emotional herself.

She told me how incredibly proud she is of me. She said she cares about me a lot, that she really appreciates my emotional intelligence, and that it makes her happy to see how much I've grown over the past few years. We've known each other for several years now, and she was there for me during the darkest periods of my life. She also told me that what makes her especially proud is that I no longer let crises completely break me. I still fall sometimes, but now I get back up again and recover in a healthy way.

I told her that I owe her more than I could ever put into words. Without her, I probably wouldn't be where I am today. But, as always, she stayed humble and insisted that I was the one who had done all the hard work.

While she was talking about my character and the person I've become, she even had tears in her eyes.

At the end of the session, she asked if she could give me a hug. I gladly accepted. Honestly, I really needed that hug.

It wasn't until she pointed out everything that has been going well that I realized just how much my life has actually changed. I hadn't really noticed it myself because I was so focused on the problems that still exist. In doing so, I completely overlooked how far I've already come.

For the first time in a long time, I left therapy with the feeling that things really have gotten better.

I'm proud of us. But I'm also incredibly grateful to her. She saw something in me when I couldn't see anything in myself anymore, and she helped me become the person I always wanted to be.

I'll probably be grateful to her for the rest of my life.",8,1783806858.0,infp,1,1.0,False
1utwtxf,https://www.reddit.com/r/R4R30Plus/comments/1utwtxf/35f4r_canada_online_looking_for_a_chat/,35[F4R] Canada / Online - looking for a chat,"Hi! My name is Stephanie, I’m 35 and live in Western Canada - specifically Alberta. I’m looking for some engaging conversation through the day. I’m not looking for any sort of commitment, but if a friendship forms I wouldn’t be against that! I would prefer to chat with people around my age - so preferably +/- 10 years difference.              
Some of my interests include: watching tv shows/ movies - I am most interested in horror, but also love a good sitcom. I love to listen to music and go to concerts. I get my nails done every 3 week and have had some pretty great nail art sets. I like to shop, go for coffee, and spend time with the people in my life. I am pretty active and like to go for long walks. Over the past year or so, I have discovered a big fascination with birds.

If this sounds interesting to you and you’d like to have a chat, send me a short introduction and I will ask you an  ice breaker question! (Please send a private message - I don’t want to have a conversation through the comments! Will also not reply to comments saying to DM you!)",0,1783806856.0,R4R30Plus,2,0.5,False
1utwt4u,https://i.redd.it/2aup3qsf9och1.jpeg,Nice Iced coffee…,,1,1783806797.0,u_Cultural_Rub_6557,0,1.0,False
1utwswb,https://www.reddit.com/r/WorkAdvice/comments/1utwswb/giving_in_my_notice_best_way_to_approach_these/,"Giving in my notice, best way to approach these issues?","So i’m actively looking for a new job, im semi successful right now, had 1 interview find out monday the results, 2 have just looked at my cv on indeed and im hopeful since i fit the roles perfectly. I’m trying to prepare my notice ready just incase i get that congrats email monday mid shift cause i genuinely dont care I’ll send in my notice mid shift if i have to. 

If its not obvious its pretty toxic here!! I’m so done with this place and I know the way i’ll say this without consulting anyone will just be blunt and rude. 

there’s a bunch of reasons for leaving  
\- The shop i work in is toxic, the girls are horrible, they’re rude, nasty, get in my face when “i don’t respond” (i do, im just quiet which is known and they’re half deaf), they’re lazy especially when there’s a rush i’m left alone while they chat, rude to customers there’s loads.  
\- During the June heatwave a few weeks ago we had a red warning over 2 days, i worked both and then 2 days after that. Got sent home the 2 days after and threw up on the 2nd day. We work with food. Regardless of why I was sick I wasn’t allowed to come in and I had everyone blowing up my phone trying to tell me I had to go in for my 5th and final shift. I didn’t go and they had to find cover. We had no fans or anything, one of the other girls who’s a year younger was literally seeing spots and having a panic attack because she was so hot and they were calling her overdramatic.   
\- They’re careless: so we work with food, had a customer say after preparing it that they’re coeliac, one of them then went and PUT THE FOOD BACK IN WITH EVERYTHING ELSE TO SERVE. I didn’t have the balls to say anything mid shift because it had been rough already but it definitely had me worried since my own sister is coeliac and if she wanted that and I hadn’t known what had happened she’d have been ill if she had that ice cream.   
\- The boss/owner is just neglectful and rude, as i said i worked there last summer but in their ice cream van and never met her once after her saying repeatedly “i’ll be down today x” and she met me for the first time in coffee training didn’t get my name right once, worked a shift with her that weekend and after telling her like 500 times “my name is \_\_ not \_\_\_, you can literally call me (shortened down name) but its not \_\_\_ or \_\_\_” i didnt hear my name once 🧍. Post shift she said “great work but could’ve been faster” bare in mind its like my 2nd or 3rd shift in the shop, im still getting my bearings and it had been rushes every shift that week so i had no proper chance to get used to things or learn things!! Also the lack of care during the heatwaves.   
\- the girls in the shop also keep taking the tips and putting them in the till without replacing them which is apparently pretty illegal in the UK? (i heard from someone there’s a new law protecting tips apparently?)   
\- Had to beg for time off after the rotas were made even though i’d said when asked for my availability i couldnt work x, y, and z. 

i did try to leave but they didn’t send me my p45 when i quit back in october last year (they promised me shifts after the summer but never gave me any, also never quit a job before so i didn’t know what to expect) 

I know this is VERY long winded and i’m sorry!! I just need advice on how to go about this. I’m not afraid to burn bridges or anything because they’ve all been horrid to me, my notice will either be a week or immediately it depends on the start date in whatever new job i get (live laugh love 0hr contract laws - its meant to be a months notice, go do one like). I have another job already that adores me and should i need a reference i have them to go to. Its common there for it to be a side job rather than main since its so seasonal (sports club). 

thank you 🥹💕",1,1783806779.0,WorkAdvice,0,1.0,False
1utwso5,https://www.reddit.com/r/hurricane/comments/1utwso5/people_of_reddit_do_you_remember_where_you_were/,People of Reddit do you remember where you were when Katrina hit?,"Just like how many people remember where they were when 9/11 happened what’s your story? On Monday, August 29, 2005, was all about the excitement of my first day of school living in Massachusetts. I attended school in a small town.   
Back then, I had the ultimate child mentality of **the news is just silly adult stuff that I don’t need to understand.** To me, the morning routine was predictable. Get up, have breakfast, brush your teeth and leave. My dad would sit with his coffee, the TV murmuring in the background, while I got ready to head out the door. But that morning was different. Looking up at the screen, I saw a swirling, monstrous shape spinning in the Gulf. The news anchor called it “**Katrina**.”

The true weight of that monster didn't hit me until the following weekend. My dad took my sister and me to McDonald's for a treat. While we laughed and ran around the indoor play place, completely trapped in our own happy little world, my dad sat at a table just outside the play place, staring intently at a flat-screen TV as I ran out of the play place to see what everyone was watching. The images on the screen didn't make sense to my six-year-old brain. I saw entire neighborhoods swallowed by dark water, roofs poking out like tiny islands. The levees had breached. In the dining area, the usual chatter of a weekend fast-food joint had vanished, replaced by a heavy, collective shock. Total strangers stood frozen, staring at the screen in pure horror. I couldn't fully process the devastation at the time, but the stark contrast between the bright, noisy play place and the grim reality on the television is an image I am now looking back on and its burned into my memory. ",1,1783806762.0,hurricane,14,0.56,False
1utwr7p,https://www.reddit.com/r/HFY/comments/1utwr7p/the_storm_chapter_20_one_week/,The Storm: Chapter 20 - One Week,"*""Warriors by day, lovers by night, professionals by choice, and Marines by the grace of God.""*

\- **Unofficial Marine slogan**

**Lannisport, Westeros, Nov 20th, 2025** **(10th day of the 8th moon, 298 A.C.)**

The cool night breeze always felt nice on Mortin's face. One of the few reasons why he came to the pier so early in the morn'. With his new fishing rod, he had won in something called a 'raffle'.

The 'PX', as the Americans called it, just opened. If Mortin had to describe it, it's a store that somehow sells an entire market's worth of goods. From an entire chicken that somehow only costs a few stars to the 'shampoo' and soap that his wife asked him to buy, a request that led him to this very prize he just got.

So now, not only is his wife even more beautiful with her shampoo and soap, but he's also been given a means to provide more food to his family. It took Mortin several days to get the hang of the rod, but when he eventually did, he felt like a knight when he got his hands on a Valyrian steel sword. He sat on the stone, with a container full of little pink worms beside his foot and the fishing line in the water, before waiting for dawn to hit his back.

""Good morning, Mortin! Mind if we sit with you?"" A voice called over to him. Americans, Marines, three of them, a woman with night skin, and two Andal-looking men. Both were built like stone.

These past days, they would end up joining him out here to fish; in fact, they were the ones who convinced him to participate in the raffle in the first place after he met them at the PX. From them, he learned a few things that the rods could do.

""Of course, m'Lords, m'Lady,"" Mortin said, giving the three a shallow nod.

The night-skinned woman laughed. ""Mortin, we told you, no need to call us that. It's Sergeants Penelope, Justin, and Matt.""

Mortin sighed slightly, remembering, ""Forgive me, Sergeant Penelope. After saying m'Lord to someone well-spoken for the last years of Jaehaerys the Second's reign, it's hard to change the habit.""

""No problem, dude,"" Justin said, fishing out a small rectangle from his cammies that almost fit in the palm of his hand. He flipped the container lid and pulled a small white and orange stick from its contents. He then pulled a much smaller, silver rectangle out.

*Clink.* It sounded like steel clashing as he flicked his thumb up, opening the top. Then went down, causing a small flame to form.

""So, when am I goin to get a chance to try one of those... 'cigarettes'?"" Mortin asked. Justin pulled a quick drag from the cigarette before blowing the smoke away from them all.

He smiled, ""As much as I'd like to, Mortin, and I mean this honestly. I shouldn't even have these here. This is my last pack, and I would like it to last.""

""Oh, come on, Justin."" Penelope said, setting up her fishing line, ""Just let him try it. It's not gonna kill him.""

Justin sighed before handing the cigarette to him. ""Fine, suck this end for a moment, let the smoke linger in your mouth, then breathe in slowly to inhale it. Don't hold your breath for long. Then breathe the smoke out.""

Taking the cigarette, Mortin sucked on it from the orange tip. The taste was strange, like charcoal. He then held his breath to inhale the smoke and began to cough profusely.

*ACK* ""Bloody!"" *HAUGHK* ""Hells"" *Coff Coff Cough. BLAAAHHHH.*

The Marines laughed before Penelope patted him on the back, cupping her hand. ""And that's why we don't let you guys try smoking. Let it out, pal.""

They all sat with their lines in the water, and a thermos of coffee was shared between them. Mortin had enjoyed the drink, especially after that ciggie, as Justin called them. Sure, it might be soothing, but the experience was so awful that he doesn't want to go through it again.

As for the coffee, Mortin never thought that there was a drink that was so opposite to ale. Instead of being served cold, it's hot; instead of being impairing, it's invigorating. His wife even swore it gave her enough strength to wash twice as fast. So much so that she and other folks began to call it the 'Smith's essence'.

Sipping from his paper cup, Mortin watched as Matt pulled out a strange box from his bag. Large sections of it were dotted with tiny holes.

""What's this now?"" He gestures to it.

Matt twisted something on top, causing a humming sound to occur. ""This? It's a portable radio. Eren, a sailor on the ship, is going to be on it at dawn, so we wanted to be here as the sun came up. Got any place to be, Mortin?""

He thought for a moment; the Carpenter shop he ran wasn't supposed to open for another hour or so, and the misses and children were still asleep. ""I suppose I can stay for a while.""

*Bzzzzzzz wwuuuppppttt* The radio came to life with different sounds. Eagerly, Justin placed it on the stones behind them. Their lines pulled in, and the four sat and waited. As to what they were waiting for, Mortin couldn't say. The dawn slowly showed itself, showering them in warm orange light.

**0600**

""Goooooooood Mornin', Westeros! This is Corporal Eren Avcı, Radio Operator here on the USS San Antonio, and this is the start of another brand-new day. So if you're listening from the ships or in Lannisport, enjoy your day. Right now, I have been given this great honor of addressing you all by the big chief himself, President McKinney! But before we begin, please rise for our National Anthem.""

*The Star-Spangled Banner begins, echoing from dozens of portable radios issued to troops on land.*

""Thank you. You all may be seated or go back to whatever you were doing. Now! I have a few announcements from Captain James Anderson. First, currency disbursement will begin today at the Ambassador building in the town square. So if you have accumulated several I.O.U's from the locals, you are now able to pay. I heard from some birdies that a few of you have.""

""So, as a debt-free starting point, you will be given said amount owed. BUT you must be accompanied by a fellow Marine, since it's only you guys on land who can make sure the money is given to the designated persons. You all know the punishment for not squaring your debts away. If you have any trouble, please notify your superior officer.""

""Next, oh, and this applies to not just you, Jarheads. Sailors from the convoy ships will be allowed some shore leave starting today. It's quite exciting to have a chance to see land after a while. Offshore doesn't do the city justice. I am sure new faces will be welcomed with open arms. Just try not to overstay it.""

""In homefront news, it seems that our new mammoth friends in the San Diego Zoo are only the beginning, as several former border states have captured more strangely familiar wildlife under the new Jefferson Directive. Scientists have speculated that their appearance may be tied to The Storm itself. Several captured wildlife specimens include many parts of the extinct species column. I've seen pictures of sabers, mastodons, giant sloths, longhorn bison, even lions as big as bears.""

""Thanks to further investigation of these animals, along with anomalies such as the absence of ice sheets and landmass expansion at the Yucatán, it has also been determined that the former Canada was restored to its condition around 130-115,000 years ago, Mexico and the Caribbean: 40,000 years ago at the latest, long before the arrival of humans. Right now, scientists are still investigating why the two regions have such a wide gap in timeframe. In other words, Jurassic Park has come to life. Ain't that a kick in the head?""

""Also, I feel I need to warn you guys that there are still at least dozens of unaccounted animals that have crossed the border. It's one thing to contain an entire herd of mammoths near California, but a different ball game entirely to track a lone Jaguar wandering about in the New England area. Yeah, better pack a loudspeaker or even a Magnum when in the woods, people, or you're going to be a snack for the pack.""

""More exciting stuff is also happening at home. The Department of Housing and Urban Development and the Department of the Interior have decided on joint frameworks for the resettlement and redevelopment of the virgin northern and southern territories, with priorities directed toward regions believed to be fertile or rich in natural resources, under the 'New Frontier Directive'.""

""Special initiatives for the homeless, Native Americans, and stranded foreign nationals are also being set up under this directive, including talks of moving some native reservations to regions right across the former borders where they have ancestral claims. Hopefully, these settlements would pave the way for new farmlands and mines that this country sorely needed. And yes, I know what some of you might be thinking: this sounds similar to Manifest Destiny, but officials are putting off concerns, saying 'we will use this sequel to fix some of the first installment's mistakes'.""

""In addition, to make up for the restriction on private livestock, the settlers are to be supplied with hunting rifles and sufficient amounts of high-caliber ammunition. For this, animals such as mammoths, mastodons, camels, and ground sloths have been designated as game animals by the FWS to be hunted for settlers' sustenance... with license and moderation, of course. Remember, we used to drive these guys to extinction with only sticks, stones, and sweat.""

""Furthermore, as part of the Vigilant Watch Act, each settlement is also required to have state rangers, FWS police, and National Guard personnel stationed nearby, not only to protect the settlers from local wildlife but also from themselves and vice versa. Can't say I'm surprised, especially after the jerk who throws rocks at a Caribbean monk seal pod in Miami, not to mention the threat of poachers and AWB's antics. These deputies would also train the settlers in survival and firearms handling. Further talks about this measure with state governments are to take place in the coming weeks. Veteran and native servicemen are also being encouraged to volunteer themselves for the soon-to-be communities.""

""On the more boring political side of things, President McKinney has advocated to Congress for the passing of the CCIA, or Comprehensive Citizen Integration Act. Those who don't know: this would fast-track the integration of stranded migrants with minimal criminal records, both legal and illegal, as official citizens of the United States. This is not only to add more workforce for the economic recovery, but also to cover the US citizens who were lost overseas from The Storm's Transfer.""

""The President has also advocated for the Term Limits Act in Congress, also known as the 'Null Act' after the late Senator Gary Null, who passed away some weeks ago at the age of ninety-five from natural causes. Senator Null, who was known for his groundbreaking efforts with former President Lyndon B. Johnson, for passing the Civil Rights Act of 1964 and 65, had served nearly eleven terms. While it received some opposition from both the House and Senate, mostly from veterans, this motion is still predicted to pass both the House and the Senate.""

""Discontent with the new legislation does not only come from the Capitol. While the nationwide riots had mostly subsided, protests continued in major cities like DC, New York, and Boston. One of the points of contention is the New Frontier Directive, which many advocacy groups describe as proof of, as quoted, 'American eagerness to transition back to imperialism'. Displeasures are also expressed at the price of food, commodities, and the still ongoing National Guard deployment in LA, Frisco, and Chicago.""

""Well, that's all the time I've got right now on the news back home. But stick around for the music. Up next, 'I Get Around' by The Beach Boys.""

**Lannisport, Castle Golden Keep, 0615, Guest room #3**

*Beep-beep Beep-beep*

Josh stirred under the covers, head slightly pounding. One of the many reasons why he stayed away from wine always made itself known in the morning. He rolled over to acknowledge his phone's alarm on the bedside table. A feather poked out from a tear in the mattress. Before checking his phone, a leg wrapped around his torso pulled him back. The leg was shaved and soft as a kitten, and an arm wrapped around him.

""Don't go; you're so warm."" A woman moaned, and she squeezed Josh tightly. The softness of her breast pressed into his back. He rolled to face her; messy strands of brown hair hid half her face, eyes still closed to not let the sun in and ruin her slumber.

Moving the strands of hair, Josh kissed her lips, getting a giggle from the woman. ""Marla, I have to get up before someone comes in.""

She groaned, ""Fiiiinnneee."" Loosening her grip on him, Josh slithered from the bed. He stood facing the window and stretched the stiffness from his naked body.

Looking around the room, he saw clothes, both his and Marla's, scattered on the floor. His cammies top and bottoms on opposite sides mixed in with one of Marla's very expensive dresses.

""Did I mention that you have a very cute bottom?"" Marla said, lying on the edge of the bed, the silk blanket hiding her lower half. The sheets were wrinkled and nearly pulled up from the sides. A few spots had some very peculiar coloration.

He smirked before walking to the equivalent of a bathroom, ""Yes, actually. Several times last night."" She stifled a laugh.

Relieving himself in the dark hole. Clothes were scattered around the room in heaps; one of the many dresses Marla owned sat intertwined with his cammies. Several square wrappers lay near the bed, ripped at the corners. Their former contents were thrown into the dark hole.

He grabbed his underwear from the bathroom handle. With them on, he walked to the window to have a stretch.

Though Marla's room was on the lower levels of the castle, the view was still nothing short of extraordinary. Because of the castle being located at the top of a hill, all of Lannisport was in view. So far, construction of the consulate building was on schedule to finish in a matter of weeks. Plumbing lines from the aquifer were set to be properly supported for better fountain access.

Offshore, the convoy of ships was in a more relaxed position. The *USS Arleigh Burke* was coming in from a patrol to the north. Scouting out the Fair Isle for any pirate activities and giving the Farmans a boat ride. Ser Jace and his Lord father practically begged their captain, Captain Elizabeth Lambert, three nights ago for a chance.

""Josh?"" Marla said, standing next to him, a blanket wrapped around her body. ""Everything alright?""

""Yeah, just thinking is all. I have PT at zero seven hundred, and I wanted to enjoy the breeze before I get ready.""

*Hmm,* ""What's all that other there?"" She pointed outside the city, where the Marines and Seabees had set up a campground for the first night. A staging area for vehicles had its finishing touches done two days ago. Now, more construction was being done on the outer perimeter. From what they could see, groups were lingering around construction equipment.

""Must be planning for where to start,"" Josh said, though, to be honest, it was strange to see. Markers were being placed in a long line mirroring the city's defence walls. ""Lord Tyran must have proposed expanding the city to accommodate the possible boost in population that's to come.""

""You mean for the traders that have stayed since the feast? I heard from a servant that some are going to move in and stay permanently."" She questioned. Normally, once the harvest feast was finished, traders and merchants would depart from the city a week after, plus a day or two. Marla had told Josh that the longest any of them had remained was during the Tourney at Lannisport after the Greyjoys' Rebellion.

""Something like that, but I think it's more for-""

*Ring-ring! Ring-ring!* Josh's phone cut him off, causing Marla to jump slightly. He then walked over, picked up the phone, and read the caller's ID. It was Daisuke, a picture of both him and Josh on the beach of Honolulu. Well, more like Daisuke covered in sand, looking like a mermaid, with Josh taking a picture of them both.

*Beep* ""Yo, Dee, what's up?"" Josh said with a smile.

""'What's up'? What's up your ass! Where the fuck are you? PT starts in thirteen minutes."" Daisuke said, perplexed. Voices can be heard lingering in the background.

Confused, Josh looks at the time, zero six seventeen. ""What do you mean? PT was changed to zero seven hundred.""

""Did you not read the messages? It was moved to zero six hundred, then up to zero six thirty.""

""Fuckin-what, why!?"" Josh said, panicking, desperately, he looked for his PT gear he had brought with him the night before. Gesturing to Marla for help, she, too, looked, putting on a gifted t-shirt and underwear. Imprinted was a unicorn, the symbol of House Brax.

""Gramps decided he wanted to join us and changed it.""

Josh went cold: ""Gramps? As in Gramps Gramps?""

Medal of Honor recipient Gunnery Sergeant Jorge Valera, otherwise known as 'Gramps' since he's the oldest in the company. There could be thousands of reasons why he was joining them, but Josh now had twelve minutes to get from the castle down to the city square.

""I'll be there in ten.""

""You better be."" *Click*

Josh cursed to himself. Of all the days for this to happen, it had to be today.

""Found them!"" Marla said, holding up his PT gear. The gear consisted of a green T-shirt, green shorts, and black shoes. She brought them to him with a slight waddle. Josh took them and kissed her.

""You're a lifesaver!"" He said as he got changed. Marla watched as he stripped off his dirty underwear and put clean ones on. Enjoying every second.

Once dressed, Josh decided to go out the way he came in. Through the window. When Josh and Marla started 'meeting', he found the perfect way to get inside her room besides the formal way. Along the outside of the castle, several stones protruded just enough for Josh to climb and make his way up. Halfway out, Marla went to him.

""Will I still see you tonight? I heard that a certain tavern had the first pick of American goods."" Marla said, propping her head up with her hands on the stone ledge.

""Definitely!"" Exclaimed Josh. Marla kissed him once more before watching him climb his way down the short path.

""I will see you later, Soldier Boy.""

**0620**

*Thump!* Josh touched down on the grass outside the castle's wall. His hands were covered in stone and smoke dust. The grass was wet enough to allow him to brush his hands clean.

""Good morning, Ser Josh. Did you have a pleasant night?"" A woman said from behind him. Josh spun to see her and was surprised at what he saw. It was as though someone pulled Victorian tea wear out of a painting in the British Museum.

Sitting in two chairs was the esteemed Lady Genna Lannister, her red gown contrasting with the green grass. And Lady Mera Estern, she wore a simple morning gown of her house colors.

""Oh! Lady Genna. Lady Mera. Hi."" Unable to find more words, Josh stood there for a moment.

""I see you are testing the castle's defences. Anything to report with your Marine knowledge?"" Lady Genna questioned, sipping from her tea before eating a yellow cookie. Lannister guardsmen stood about twenty yards away from the ladies, their backs to them.

""Uh... yes! Everything seems to be in order. Though I would suggest fixing up some stones here and there. Maybe also thicken a side to prevent attackers from climbing up. Lady Genna, if I may ask. Why are you having tea out here?""

""Simply waiting for a dance of dragons while enjoying your people's green tea and cookies."" Lady Mera said, wiping her lips with a napkin. ""Ah, please give your bakers our regards, Ser Josh; they know how to make splendid sweets"".

""It would be my pleasure, wait, a dance of wha-""

*Whoooosh!*

Overhead, at a thousand feet, a squadron of five F-35Cs went over the castle. They flew by at relatively slow speeds for the crafts above the city. Then banked to the left to the Sunset Sea, then to the right, before heading for Casterly Rock's direction.

Catching a glimpse of the tail insignia, he knew instantly which squadron it was: The Black Knights, the Marine fighter one, to be exact. *Heh, showoff. Might as well have Daredevil blasting out loud.*

""That."" Lady Genna said, ""Don't you remember my Lord Brother making a fuss about it a day or two ago? To try and not cause a panic among the smallfolk.""

Josh did remember; he had been there, actually. ""Right, my mistake. Have a good morning, ladies. Enjoy your tea."" Josh then jogged into a run, down towards the city.

Leaning over, Lady Mera whispered to Lady Genna, smiling mischievously. ""My lady, which room did he climb out of?""

Lady Genna sipped her tea, ""Oh, you know. Lady Marla's.""

*Gasp!* ""Really? I would have thought after Lady Marla's Lord husband died of that chill in his chest fourteen moons ago that she would wait to find another one.""

Lady Genna shrugged, ""Maybe she was ready to move on. Still, isn't this... debauchery? Should I not tell my Lord brother about them?"" She pondered aloud, but her voice lacked seriousness.

""I would say a word, my lady."" Lady Mera whispered as she glanced at the dozens of windows that pockmarked the tower: ""They are still young; let them have their fun. Besides, it's not like our fellow highborn brothers and husbands are as 'noble' as they present themselves either; think of this as an eye for an eye.""

""Ha ha, you're right. Very well then."" She laughed as she saw her own Marine leaving the window when Lady Mera looked away, walking bowlegged all the while.

**0629**

The streets of Lannisport were a calm flow of patrons, some still wide-eyed from the flyby of aircraft. Who could have asked for a better wake-up call than the sound of jet engines going by overhead? Josh bobbed and weaved past, trying not to knock the occasional, barely paying attention, shopkeeper over.

Turning to the right, he reached the town square where his PT group was waiting. In total, there were twenty of them, not including the horsemen off to the side. Several had cups of steaming coffee to not sleep at the wheel, or would it be sleep on the reins? Not a minute too late, also, Gramps was speaking to a dismounted Lord and hadn't seen him. Slithering past his fellow Marines, he reached Daisuke.

""What'd I miss?"" He said in a whisper, catching him off guard slightly before frowning.

Daisuke shoved a camel pack into him, ""Where the hell have you been? I can't keep covering for your ass."" He waited for an answer as Josh strapped the pack on. Before he could answer, Gramps came to the group.

""Alright, listen up. I am Gunnery Sergeant Jorge Valera, or as I am well known in this company of misfits, Gramps. As for those who decided to join us and learn the Marines' morning routine, it's because I am thirty-five years old. In the Corps, that is old."" Gramps said, getting a laugh from the PT crew. He gestured to those on horseback nearby and began to pace in front of them.

""These Lords, and their master-at-arms, as you could call them, have been permitted to join us on the fine, but late morning. I personally would have liked to begin at zero five thirty, as I have done in my 'old' age. But was encouraged by the Ambassador to move it down for them, since waking up on the continent is with the sun.""

""Now, I have something to announce before we set off. As you know, an allowance will be distributed to contribute to the local economy. The radio broadcast this morning was a reminder. Later on today, I expect those with debts to the locals to come to me so we can get those squared away. As for the allowance, around two thousand dollars' worth of a variety of change will be provided.""

Gramps pulled out a small laminated piece of paper. On it were the exchange rates: ""It would behoove you all to read this and familiarize yourselves with it.""

Several more of the laminated papers were handed out to everyone. The title was simply ""USD to Westeros Coin Conversion Rate"". And the rates went with all the basic science crap. *Actual gold content of native coins. Blah blah. Impurity of the smelting process. Blah blah blah.*

*One Gold Dragon contains about \~7–8g gold at \~75% purity for around \~$550–$750. A Silver Moon contains about \~15g silver at \~$12–$18. A Silver Stag is \~5 g of silver at \~$4–$7. A Copper Star is basic copper, only a few cents per. Lastly, a Copper Penny with faint traces of copper; the value is negligible.* ***The estimates will not be perfect!***

""Now, if you are a bit like me and carry silver or gold coins on your person, it has been determined to be an acceptable way to pay for things around here. Keep in mind that our coins are of higher value, so make the most of those purchases if you decide to do so."" Gramps said, holding up his Silver Eagle coin as a reference before pocketing it.

""Hmm, I keep forgetting these men-at-arms can actually read and count."" One of the Lords said, louder than he meant, since everyone could hear him. Causing several groans from the PT group.

""Anyways,"" Gramps said with slight irritation, ""Let's get started!""

The group starts a jog through the main street out of the city. Spectators watched from the side, their once peaceful slumber leaving their eyes for the final time that day. Those with the most energy, i.e., children, began to tag along with the Marines, joyfully giggling and jeering.

Trailing behind the group were those on horseback, trotting along. Steel horseshoes clinking on the cobblestones. These Lords got no such attention as the archway of the city's wall came and went. City Watchmen smiled at the Marines as they passed and bowed to the Lords. One Lord threw his coffee cup at Watchmen. ""Toss this."" He said and galloped away.

The Watchmen caught it instinctively, looked at it, and sneered behind the Lord's back. ""Cunt."" Was all he said before tossing the cup into a plastic trash bag-lined barrel, courtesy of the PX.

The PT group went on the cobbled road for about half a mile before coming right towards the hill-infused landscape. Rushing waves of grass and dirt blanket the group. For miles, the grassland seemed to stretch before them. Reaching the top of a hill emphasized this, as the nearby forested area was just to the south. The green grass truly was never-ending to the North, East, and most of the South.

Casterly Rock stood high to the north-west. The Rock bathed in the sunlight. The centuries of occupation by House Lannister truly bore fruit in the light. Alcoves for archers, catapults, and trebuchets were so small that they could be considered freckles on skin. Turret towers have a watchful eye miles around, the highest of them for hundreds of leagues as an all-seeing eye of House Lannister.

Further along the path, atop one of the many hills, a Seabee sailor on a green dirt bike stood along with some farm boys. The two boys, ten and eleven, watched as the sailor was setting up some kind of short spear in the ground. Sticking to the point first, which confused the boys.

""Don't mind me, kids; I'm just getting a baseline of the area."" The man told them. The two just sat on a rock watching. Before long, the spear made chirping sounds like a flock of birds. The final sound was a loud *EEEEEEEP*. Scaring the boys.

The man laughed as he pulled a blackboard out from his bag and poked at it. Satisfied, he pulled the spear-like thing out of the group and broke it down to its smaller form. Once secured, the man began to put his black gloves and helm back on. It was round like a fruit, and the visor reflected like black water.

Before he departed, the sound of feet on dirt echoed through the hills. The boys went over to the sailor and watched as a small group passed on that dirt path below. A mix of men and women, all wearing green, ran alongside Highborn Lords on horseback. The horses struggled to keep up with those on foot because the path was rocky in some areas.

They reached a clearing, allowing the horsemen to gain some more speed to begin trotting. They quickly caught up, passing all but one. A man with black hair and copper skin. His arms pumping to his sides as he outran the horsemen.

""Who's that, Ser?"" The youngest boy asked the sailor. His helm rested on his knee.

The sailor smirked before looking down at the boys, ""That kid. That's a hard-ass. Ha ha."" He said before tossing the kids some apples he had in his bag. Waving them back, he stood violently on the two-wheel machine, slamming down on a small silver pole sticking out. The machine roared like a thousand lions, black smoke spouting out of a tube. *Vroom! Thump-thump-thump!*

The Soldier pushed off, racing down the hill towards the now far-away running group. *BWAAAAAHHHHHHHHH! Bap-bap-bap!*

""He's a bloody Sand Steed!"" A Lord yelled, trying to keep up with Gramps, but struggling because of the ground conditions, despite being on horseback. Ahead, a clearing opened up wide for the Lord's horse. Kicking his heels into the steed's hind legs, speed came to it at a rapid pace. A small encampment of presumably soldiers was two to three hundred yards away. *I got the bastard!*

*Bap-bap-bap! BWAAAHH! BWAAAAAHHHHHHHHH!* To his left, a man on a small green contraption caught up to him in rapid succession. It was loud, small, and green. Like the banging of steel drums as the steed rocked past towards a sudden uptick in the land. The steed-like contraption's unnatural speed and noise increased up to the tip.

Then, the man and steed flew in the air. Time seemed to stop as everyone, including the Lords, watched as the otherworldly event happened in front of their very eyes.

*Thump! BWAAAAAHHHHHHHHH!* He landed gracefully, dirt and grass flung into the air by his wheels. The steed raced to the small encampment and stopped, the man leaning to the opposite side, the wheels skidding into the dirt.

The group's pace slowed to the encampment, Lords pulling on the reins, their steeds whinnying. ""What in the bloody hells was that?!"" One Lord said, his breathing heavy from the ride. The Marines made their way to a refreshment station with water and Gatorade.

""This is a SeaBees research encampment,"" Gramps said, his breathing controlled to allow ample recovery.

The man moved the green steed to a resting area, and several more of the strange contraptions rested. He walked back to the now dismounted Lords. Removed his black helm and pushed his sweat-streaked black hair from his eyes. ""Gunnery Sergeant Valera, good to see you again.""

""Commander Heisler, how are things here?""

**New Consulate building, Lannisport, 8:30 AM**

The new building was nice, well, compared to the old, rundown, rotting wooden contraption of the former tavern that once lay here. It was a palace fit for a Lord such as Tywin himself. The usual suspects of construction lay about: hammers, nails, saws, and scaffolding. But all were equally foreign in their grand design. One of the two in charge, Commander Andrew Collins, gave them a long, detailed, incredibly detailed tour. Both this building and the fully finished 'PX' next door.

The 'PX', or 'Post Exchange' as it is called, was quite a shock. It was a full city's market shoved into its walls just for mere foot soldiers. ""We throw everything, AND the kitchen sink into these."" The Commander told the large group of Lords and Ladies that he personally guided them on the first day the store opened its doors.

The first thing they noticed was lots of queer items on sale, including small tubes called 'flashlights' that could produce light brighter than any torch, clocks that could determine time more accurately than any hourglass, and scalers to shave scales off fish, among others.

The green tunic and headwear that the American soldiers wear can also be seen being sold there. But when asked about procuring some for Westerland soldiers, the Commander stated that they can only be purchased by those either in uniform themselves or who show a military ID.

All kinds of food were also on display, including many fruits, vegetables, bread, meat, and fish. The most notable thing about these foods was that many of them were packaged in small steel/tin containers called 'cans' that were said to keep the food from spoiling. Very useful for warfare. Tywin added this to the many things he wanted to discuss with the Ambassador later on.

Though what caught his, and every other lords attention was the metalwork catalogues in a section of the PX that was dedicated to a variety of highly detailed booklets. One such catalogue contains pictures of various swords and armors made by renowned smiths, including 'Valyrian Swords'. Unsurprisingly, many of the lords asked whether they could buy the metalworks listed, to which the guide responded that it could be discussed later. Other booklets, known as 'survival guides', range from food preparation to survival in unknown, untamed lands.

Small pictures of coinage were next to the goods sold in the PX. Ranging from a dozen copper stars to silver stags and moons. Goods that cost more coinage, such as stags and one or two dragons, were sealed behind cages of glass and under the constant watch of one of those 'cameras' that had been set above.

The tour was finally concluded with many of the nobles and their servants having their hands full of wares sold under another special section catered for the highborn. Among them were expensive soaps, shampoos, perfumes, as well as knives and other cooking utensils that would make Lyseni and Myrish craftsmen green with envy.

Tywin sat in Ambassador Kelly's new fully furnished office, though the rest of the building was still being worked on. The sound of the occasional circular saw and hammers going away down below. Their siren sound is muffled by something called 'Fibreglass insulation'.

The room was furnished in such a way that it could be mistaken for a Lord's tent on a battlefield, but improved with a clear, foreign design philosophy. The room was cold compared to the summer heat, but the sofa Tywin, Kevan, and Tyran sat on seemed to counter it. The soft plush cushioning and fabric radiate their body heat to keep them warm. An elongated, pearl-white trunk sat next to the window, periodically cutting in with a soft buzzing.

""I must say, my Lady. This room is extraordinary, all the comforts you showed us on your arrival and more. This tea is included."" Tyran said, periodically drinking from a snow-white teacup. The country's seal was painted on the tea plates, and the detail was immaculate.

Kelly smiled, ""I had hand-picked things out. Most of the items are what I use in my own home office. But most of it is standard issue for a consulate building. Such as the desk, chairs, coffee table, and the TV. Things like that.""

A picture of the presidential family hung on the wall behind her. Instead of the formal, he saw the night of the harvest feast. This was an outing event outside what he learned was the 'White House'.

Similar to the 'Red Keep', this is the residence of the American sovereign, the President. The name seems to come from the white stone that it's made of. To be honest, Tywin expected it to be as grand as the Sealord's Palace in Braavos, not something so... humble.

Children ran about, small colourful baskets in hand, as they went to pick brightly coloured eggs. They shone unnaturally in the noon sun. Sidelined by the joy taking place, the President and his wife watched, smiling. Other proud, joyful parents watched as well; the Ambassador, a mammoth of a man, stood beside her. Strong, thick black beard and bald head. A girl with red hair sat on his shoulders.

""Is that your husband, my lady?"" Tywin asked, gesturing to the photo.

She looked back at the photo, ""Yes, Tyler. Our youngest, Madison, is the one on his shoulders on a sugar high. Fran is with the President's youngest, Lucia, there."" The four of them got up to get a closer look. And without a doubt, there they were. Fran and Lucia reach for the same egg, tripping over one another.

""This was Easter Sunday this year. They were gonna cancel it, but the First Lady insisted on having it."" Kelly said.

Tywin studied the photo for a time, taking in the hidden details as Kevan and Tyran continued to ask random questions he could not care to listen to for the most part.

Except when Tyran asked if the lady ambassador missed her family, to which she responded with: ""Yes, Lord Tyran, at least at first, because it was nothing compared to the relief of knowing that they were safe and sound in their home.""

*She has no fear, making her a rare quality in a woman.*

Tywin then spotted the President's middle child, Orion, and another boy his age off to the side talking. He wore simple clothes, a shirt and shorts. But Tywin imagined the boy in traditional Valyrian attire, one fit for a prince of his age.

The Lord of Casterly Rock served as Hand of the King for twenty years, very good years, up to when King Aerys the Second, a man he used to consider a friend, insulted him by naming his son, Jaime, to the Kingsguard. In those past years, he saw Rhaegar, the heir to the throne, be born, take his first steps, learn to swing a sword, ride a horse, and for the last time before he got his chest smashed.

But now? He sees that young boy again, but from a different time, a different world. Standing in strange foreign clothes.

""I must say, my lady."" Tywin began, getting the attention of her, Kevan, and Tyran. ""If I hadn't known better, I would say Orion looks just like Prince Rhaegar when he was the same age. How old did you say he was again?""

Kelly raised an eyebrow and looked at the photo. ""Here? He was fourteen; his birthday is in May. By Prince Rhaegar, you mean the Mad King's oldest?""

""Yes, I mean no offence, of course."" Tywin went back to his seat, pouring himself more tea. The Ambassador studied the photo before joining him and the other two.

*Knock knock.* The door leading into the room opened slightly. The Ambassador's servant, one Dinah Clay, early twenties, entered.

""Ma'am, the Secretary of State is here. Shall I let him in?"" The servant said in a soft tone. She wore a slim-fitting dark brown outfit that ended just below her knees.

The ambassador beamed, ""Of course. I thought they were gonna let me know he had arrived."" She stood and walked to the door.

The servant opened the door, letting in an older man with greying brown hair. He was about Tywin's age, with wrinkles in the expected places. His eyes had a blue hue.

""Good to see you, Kelly. Sorry I didn't call earlier; I slept the whole flight."" The man said, embracing the ambassador.

""Likewise, Peter."" She gestured to Tywin, ""Peter, this is Lord Tywin Lannister, Warden of the West, and Lord of Casterly Rock. Lord Tywin, this is my superior, Peter Lynch, Secretary of State, or in Westerosi terms, our Master of Foreign Affairs.""

The two men shook hands; the Secretary's grip matched Tywin's own. ""Pleasure to finally meet you, Lord Tywin. Kelly has told me a lot about you."" His voice was rough, edged with experience decades in the making, expression forever furrowed.

""I hope all is in high regard,"" Tywin said, rather surprised that this man, one who was in such a high position in the American leadership circle, had suddenly arrived here with little to no fanfare.

Tywin introduced his brother and cousin. ""This is my brother, Ser Kevan Lannister. And this is my cousin, Lord Tyran Lannister, Lord of Castle Golden Keep.""

After introductions, the five sat, fresh tea brought in. ""Pleasure to meet you all. I must say, Lord Tywin, the Casterly Rock is quite impressive. Kelly did not leave anything in her report. As for Golden Keep, you must tell us how it keeps the gold exterior shining, Lord Tyran.""

They conversed in small talk for a time before the Secretary set down his teacup. ""Now then, let's get down to business.""",1,1783806650.0,HFY,3,1.0,False
1utwq4x,https://www.reddit.com/r/u_Kindly-Pen5076/comments/1utwq4x/bsp_me_subah_koi_black_coffee_banake_bechta_h_kya/,Bsp me subah koi black coffee banake bechta h kya sarkanda me,,1,1783806568.0,u_Kindly-Pen5076,0,1.0,False
1utwp7j,https://i.redd.it/6l7llbnj8och1.jpeg,"Hey, Girl!",My husband's band has a gig tonight. I plopped down in a big comfy arm chair in the green room while they set up and this is what was directly in front of me 🖤,17,1783806496.0,toriamos,1,1.0,False
1utwon3,https://www.reddit.com/r/SouthFLOrthodontist/comments/1utwon3/why_south_florida_professionals_are_fixing_their/,Why South Florida Professionals Are Fixing Their Smiles While They Sleep In 2026,"I’m a board-certified orthodontist in South Florida, and for years I watched professionals put off fixing their smiles because they couldn’t deal with metal braces or all‑day clear aligners. Then we started using night‑time‑only aligners, and it’s been a total game changer.

These aren’t regular aligners. They use hyper‑advanced polymers engineered to move teeth safely with just **9–12 hours of continuous wear**—while you sleep. You put them in after dinner, wake up, take them out, and go crush your day. No one knows unless you tell them.

Here’s why South Florida clinics keep this quiet (and why I’m sharing it):  
- **Zero daytime interruptions** – Sip coffee, eat lunch, present in meetings – no trays to remove or clean.  
- **Elite discretion** – Your “Miami Glow Up” happens invisibly.  
- **Faster, smarter results** – AI‑powered planning cuts treatment to an average 4–6 months.  
- **40% fewer office visits** – Remote monitoring lets me track your progress without you fighting I‑95 traffic.

I’m Dr. Tracy Liang, Diplomate of the American Board of Orthodontics (held by only ~30% of orthodontists nationally) and a **Pink Diamond OrthoFX provider** – the highest tier for night‑time aligner systems. My studio in Miramar, SMILE‑FX, has become the go‑to for adults from Miami, Weston, Fort Lauderdale, and Palm Beach who want board‑certified expertise without the sterile clinic vibe. We replaced goopy impressions with optical scans, offer VR for anxiety, and use 3D CBCT imaging to check airway health and facial esthetics, not just tooth alignment.

Worried about cost? We accept most major plans (Florida Blue PPO, Delta Dental of Florida, etc.), offer **$0 down and 0% interest** financing, and include **free retainers + at‑home whitening** with clear aligner treatment. Plus, thanks to Florida’s SB 1808 compliance, any overpayment is automatically refunded within 30 days—zero games.

If you want to preview your new smile before you commit, grab a free consult with an AI smile simulation. We’ll map out exactly what’s possible.  
[**Snag Your Free Smile Simulation Here**](https://smile-fx.com/lp/virtual-consult/)",1,1783806453.0,SouthFLOrthodontist,0,1.0,False
1utwo9e,https://www.reddit.com/r/systemofadown/comments/1utwo9e/crazy_story_about_how_i_met_shavo_at_sturbucks/,Crazy story about how I met Shavo at sturbucks,"My sister and I traveled to Düsseldorf, Germany on July 9th to attend the SOAD show on the 10th. We've both been massive System of a Down fans for over 20 years.

I was lucky enough to see them live in Armenia back in 2015, but my sister couldn't make it, so this concert meant a lot to both of us.

We knew Shavo hides guitar picks around the cities where they play, so we spent our first day walking around Düsseldorf city center hoping to find one. Secretly, we also hoped we might randomly bump into one of the band members, even though we knew the chances were basically zero.

At one point while we were walking around the city, my sister said something that stuck with me: *""It doesn't matter how hard we try to find Shavo or the guitar picks. If it's meant to happen, it'll happen even without an effort.""* I smiled, but honestly, I didn't think much of it at the time.

The day before, I even sent Shavo an Instagram message saying it would mean the world to us if we could somehow grab a quick photo with him. I never got a reply—which I honestly didn't expect—but I figured it was worth a shot.

We didn't find any guitar picks that day, but we enjoyed exploring the city, took a ton of photos, and headed back to the hotel.

The next morning, I wanted to stop by the Apple Store. On the way, we passed a Starbucks, and I asked my sister if she wanted to grab a coffee before we continued. She didn't even let me finish the question before saying, ""YES.""

We walked into Starbucks through one entrance... and at that exact moment, Shavo walked in through the other.

My sister quietly asked, ""Is that Shavo?""

He was wearing sunglasses, so at first I thought, ""Nah, it's probably just someone who looks like him.""

Then I noticed he was speaking English on the phone... and there was a bodyguard with him.

""Wait... THAT'S SHAVO.""

I honestly felt like we'd won the lottery.

We walked over, said hello, and politely asked if we could take a photo. He couldn't have been nicer. He smiled, took a picture with us, chatted for a moment, and then handed each of us a guitar pick.

We were completely speechless.

Out of all the places in Düsseldorf, we randomly decided to stop for coffee at exactly the right moment. If I hadn't wanted to visit the Apple Store, or if we had walked a little faster or slower, we probably would have missed him entirely.

Looking back, my sister was absolutely right. We never found the hidden guitar picks, and we never found Shavo by searching for him. Instead, after we'd stopped looking and simply decided to grab a coffee, everything fell into place on its own.

It's one of those moments we'll remember for the rest of our lives.

Thank you, Shavo, for making two lifelong SOAD fans incredibly happy!

https://preview.redd.it/9k66hums7och1.png?width=940&format=png&auto=webp&s=3a902b63611937a97b2d66de731ea86d12194e3d",42,1783806425.0,systemofadown,8,0.97,False
1utwo1r,https://v.redd.it/dsvuuxjd5och1,After a lot of lock-in moments and coffee injections lol (StormStriker trailer),,0,1783806410.0,UnrealEngine5,0,0.5,False
1utwnxm,https://www.reddit.com/r/Moccamaster/comments/1utwnxm/great_customer_service/,Great Customer Service!,"Our year old Moccamaster started to make a horrible groaning sound at the beginning of the brew cycle.  Have been following the recommended descaling schedule but did another and the sound did not go away.  Sent an inquiry through their portal, they sent a ship label and I sent it out on Monday.  Already back and repaired, new pump motor installed.  Happy with these guys and the backup Krups can go back in the basement, missed my good coffee this week. ",4,1783806401.0,Moccamaster,3,1.0,False
1utwlpc,https://www.reddit.com/r/ireland/comments/1utwlpc/has_the_heatwave_affected_your_tea_and_hot_coffee/,Has the heatwave affected your tea and hot coffee consumption?,Just realised I’m down to like 1 cup of coffee a day and haven’t had any tea today. Do ye still drink hot drinks in the heat?? ,11,1783806236.0,ireland,53,0.67,False
1utwl0v,https://www.reddit.com/r/walthamstow/comments/1utwl0v/english_italian_language_swap_over_coffee/,English / Italian language swap over coffee?,"Hi everyone, I’ve recently started learning Italian with an online teacher and it’s going really well, but I’d love more opportunities to practise speaking.  
I was wondering whether there are any Italians living in Walthamstow who might be interested in meeting for a coffee and doing a relaxed language exchange.  I’d be very happy to help with English in return.  
Nothing formal, just a friendly chat over coffee every now and then.  Feel free to send me a message if you’re interested. M 45.

I’m near St James Street, but happy to meet anywhere.",1,1783806187.0,walthamstow,0,1.0,False
1utwk33,https://www.reddit.com/r/WestHollywood/comments/1utwk33/weird_situation/,Weird situation ?,"I was shopping in target in north West Hollywood earlier today. An older man approached me and was super enthusiastic about helping me find what I was looking for. I initially thought he was an employee so I just smiled and said I’m good. But then I realized he wasn’t in a red shirt and certainly didn’t have a name tag. He then said for me to get whatever I wanted to in the store and he would pay for it. I only had two items and I told him that I’m OK I can pay for my own things. He said “it’s actually my birthday today and I’ve been wanting to treat somebody for my birthday. All my friends are family are either in Chicago or in Jordan and I have no one to spend my birthday with. Can I at least buy you a coffee at the Starbucks across the street?” I told him no, I had a workout class to get to in 45 minutes, even though I didn’t. He actually seemed kind of sad and there was a Starbucks visibly across the street from the target so I told him that we could have a cup of coffee together BRIEFLY. He seemed elated, but as soon as we walked out of the store, he wanted me to drive him to his car or wanted me to drive us to Starbucks, even though it was literally right across the street with a walking path. Then he was saying oh I’m so happy thank you for spending my birthday with me and try to hold my hand. I told him no that’s OK and we started walking. My intention was to buy my own coffee and only be there for about 10 minutes with this man and then tell him I had to leave for my class. However, then he started to say “you know what let me buy you dinner instead. I have a place in Porter Ranch.” I told him no. I then said.” you know what I actually think I should just get going to my class” he then said that he could drive me and was pretty insistent that he would take me out for lunch and or dinner. He said that I could drive us to the place. I told him I did not feel comfortable with a stranger or somebody I just met in my car. He then said “well I can drive.” I told him I did not feel comfortable being in the car at all with a stranger. I then told him that it seems like he wants somebody to spend the day with, and I don’t have more than 10 minutes. So I just told him it’d be better if he found someone else to which he agreed. He continued walking down the street and I went back inside target for a bit and all alerted the staff in case he came back. I also waited around to make sure he didn’t see me getting in my car.  
I just don’t know what the point of this would be. He also was carrying around a white envelope that seemed pretty full. I don’t know what that would be or if that’s irrelevant. I also want to add that he seemed very, very clean and put together. He said he was in his 70s",0,1783806117.0,WestHollywood,8,0.33,False
1utwjul,https://i.redd.it/b5sohsa97och1.jpeg,A funny little moment in a coffee shop,"I was at a coffee shop waiting to order when the person ahead of me answered ""regular"" when asked what kind of milk.

It made me pause and reflect. ""Regular"" is such an unhelpful answer. It makes the barista do a lot of the mental load. So I think to myself ""freaking men 🙄"".

Then I order and wander to look at some art on the coffee bags. The last one is like an illustration of the pattern I noticed. I love it. Such a funny synchronicity. 

I see the art as he's got all these marbles rolling around in there and she has to make sense of them all. It's on her to find the end, the resolution. It resonated with me because IMO patriarchy leads to this dynamic of men off loading mental and emotional shit onto women. ",4,1783806100.0,WitchesVsPatriarchy,0,0.75,False
1utwjo6,https://www.reddit.com/r/Laundry202/comments/1utwjo6/cups_for_tea_or_coffee_while_studying_mundane/,Cups for tea or coffee while studying mundane things of some nature.,,1,1783806088.0,Laundry202,0,1.0,False
1utwjn0,https://www.reddit.com/r/buildapc/comments/1utwjn0/is_this_legit/,Is this legit?,"Hi! I’m trying to upgrade the ram in my pc but I know next to nothing about PC specs and components lol. I’m trying to upgrade From 2 8 GB sticks of RAM up to 2 16 GB sticks of RAM. I’ve been using ChatGPT a lot in this process simply because I have no idea what I’m looking for and it recommended the posting linked below. I tried doing research to see if this site is legit and I found very very little. Please let me know if this is actually legit or if this kind of ram will even work with my computer lol.

Posting: [https://www.techindevices.com/products/kingston-9al584?variant=41294263484625&\_gsid=JYH8GBRycfez&utm\_source=chatgpt.com&utm\_medium=feed&oppcref=7514c972-20a7-4dfb-9367-cde6efa4a758](https://www.techindevices.com/products/kingston-9al584?variant=41294263484625&_gsid=JYH8GBRycfez&utm_source=chatgpt.com&utm_medium=feed&oppcref=7514c972-20a7-4dfb-9367-cde6efa4a758)

My specs:   
Operating System  
Windows 11 Home 64-bit  
CPU  
Intel Core i7 9700K @ 3.60GHz  
Coffee Lake 14nm Technology  
40 °C m  
RAM  
16.0GB Dual-Channel DDR4 @ 1330MHz (19-19-19-43)  
Motherboard  
HP 8509 (U3E1)  
Graphics  
Acer XFA240 (1920x1080@60Hz)  
VA2055 Series!"" Ilq#I/l (1920x1080@60Hz)  
4095MB NVIDIA GeForce RTX 2070 (HP)  
35 °C  
Storage  
238GB KBG30ZMV256G TOSHIBA (Unknown (SSD))  
931GB Seagate ST1000DM003-1SB102 (SATA)",2,1783806086.0,buildapc,0,1.0,False
1utwjhz,https://www.reddit.com/r/SchittsCreek/comments/1utwjhz/s6e5_the_premiere/,S6E5 The Premiere,"Upon my 3rd (4th?) viewing, I noticed that when Moira is heading out of the Cafe Tropical after reading the movie review, there's a woman drinking coffee behind her. You see her look up at Moira a couple times, she giggles, then hides her face with her newspaper as Moira leaves. It's nothing major, but I thought it was a cute little extra bit of detail thrown in <3.",7,1783806075.0,SchittsCreek,0,1.0,False
1utwisl,https://www.reddit.com/gallery/1utwisl,New coffee maker day,"And a vintage citizen

Hate all you want, Keurig makes a perfectly respectable coffee 😂",5,1783806023.0,CoffeeWatch,0,1.0,False
1utwid9,https://www.reddit.com/r/nanayconfessions/comments/1utwid9/1st_trimester_and_nagccrave_ako_ng_kapeeeeeeee/,1st trimester and nagccrave ako ng kapeeeeeeee 🤣🤧,"It’s my 2nd baby already, si hubby first baby nya (I’m a single mom when we met) at dahil first baby nya, ayaw nya ako papagkapehin kahit konti lang 😭😭 gusto ko umiyak (pregnancy hormones) kase di masatisfy ng kahit ano ang taste buds ko. Iba na lang daw hanapin ko, binili bili na nya ako ng ibang food pero gusto ko ng kape talaga 😭 mahilig ako sa coffee bago mabuntis kaya parang hinahanap hanap ng katawan ko. 

Nakaka🤮 naman yung Anmum 🥴",2,1783805991.0,nanayconfessions,10,0.75,False
1utwhn9,https://www.reddit.com/r/SocialParis/comments/1utwhn9/22m_new_in_paris_looking_to_meet_people_practice/,"22M | New in Paris 🇫🇷 | Looking to meet people, practice my French & have meaningful convos","Hey everyone,

I’m a 22M who recently moved to Paris and I’m looking to meet new people to hang out with, explore the city, practice my French, and just have a good time.

I really enjoy deep conversations about life, ideas, ambitions, and anything thought-provoking or economies, politics, religions, cultures.... At the same time, I’m also into learning and sharing technical stuff especially around finance since that’s my background. So yeah… free (very unofficial 😄) financial advice included if you want it.

Down for coffee, walks, random discussions, or even group meetups if more people are interested. Bonus points if you’re also practicing French and want to help each other out.

If you’re also new here or just want to expand your circle, feel free to drop a comment or DM!

Cheers 🍻",1,1783805938.0,SocialParis,1,1.0,False
1utwhd4,https://www.reddit.com/r/AskReddit/comments/1utwhd4/whats_your_best_alternative_to_coffee/,What’s your best alternative to coffee ?,,15,1783805918.0,AskReddit,107,0.86,False
1utwh6d,https://v.redd.it/dsvuuxjd5och1,After a lot of lock-in moments and coffee injections lol (StormStriker trailer),"[https://stormstriker-pre-registration.up.railway.app/](https://stormstriker-pre-registration.up.railway.app/)  
",0,1783805903.0,IndieDev,0,0.5,False
1utwh3m,https://www.reddit.com/r/ChineseMythJournal/comments/1utwh3m/welcome_to_rchinesemythjournal_shop_digital_junk/,Welcome to r/ChineseMythJournal! Shop Digital Junk Journal Kits & Resources 🌸📜,"Welcome to r/ChineseMythJournal!

Whether you found this community through your love of ancient folklore or your passion for papercrafting, we are absolutely thrilled to have you here. This space was created to celebrate the intersection of traditional storytelling and tactile, vintage art.

As the creator and moderator of this community, I wanted to create a permanent, dedicated space where you can easily find the digital tools and printable assets featured in our design discussions.

If you love the deeply textured, coffee-stained, and historically inspired aesthetics shared in this group, you can explore the complete collections in my Etsy shop:

✨ Visit The Defined Space on Etsy ✨

https://thedefinedspace.etsy.com

🎨 What You’ll Find in the Shop:

Our signature collections focus on bringing ancient lore to life through high-page-count, deeply detailed digital printables. Perfect for your next junk journal, scrapbook layout, or mixed-media project:

Vintage Chinese Mythology Kits: Packed with richly textured background pages, ephemera tags, pockets, and beautifully rendered illustrations of legendary figures like Sun Wukong, ancient deities, and traditional dynastic patterns.

Aged Ephemera & Elements: High-resolution, instantly downloadable sheets of labels, journaling cards, and script elements designed to give your journal an authentic, century-old feel.

Print-Ready Formats: All kits are optimized for standard printing so the rich, ink-heavy details and paper grains transfer perfectly to your physical pages.

📥 Instant Downloads for Seamless Crafting

Because all items are digital copies only, you get instant access the moment you purchase. You can print them as many times as you like, resize them for custom notebooks, and experiment with different paper types (like parchment or lightweight cardstock) to match your unique style.

Note to the Community: This thread will remain pinned at the top of the subreddit so our main feed stays beautifully focused on your art, your journals, and lore discussions.

Thank you so much for supporting my artwork and helping build this community. If you have any questions about printing tips, file formats, or upcoming kit themes, drop a comment below or send me a message!

Happy journaling, and let's bring ancient lore to life, one page at a time. 🌸",1,1783805898.0,ChineseMythJournal,0,1.0,False
1utwgxd,https://i.redd.it/us2rgwgo6och1.jpeg,Grateful for JustPlay,"Hi JustPlay,

I never thought a simple gaming app could have such a big impact on my life, but here I am sharing my story.

A few years ago, I struggled with gambling. It's not something I like talking about because I'm ashamed of how much money I lost and how much stress it caused me. I found myself carrying debts that felt impossible to pay off, and there were times when I felt disappointed in myself for letting things get that far.

When I found JustPlay, I was simply looking for a way to earn a little extra money in my spare time. What I didn't expect was how much it would help me beyond the earnings.

Of course, the money has been helpful. It has paid for small things like my daily coffee, and I've been able to put some of it toward my debts. It may not seem like much to some people, but when you're trying to rebuild your life, every peso matters. Every payout feels like a small step forward.

But the biggest gift JustPlay gave me wasn't the money.

It gave me a healthier outlet.

Instead of spending my free time gambling, chasing losses, and feeling stressed, I now spend that time playing games I genuinely enjoy. My favorites are Tangram Heaven and Nonocross! I spend most of my time playing those two lol

For the first time in a long time, I feel like I'm moving in the right direction. I'm paying off my debts little by little, making better choices, and building healthier habits. Recovery isn't always easy, but replacing a harmful habit with something positive has made a huge difference for me.

So when people ask what JustPlay has done for me, my answer is simple: it helped me stop gambling.

It helped me take back my time, my focus, and a little bit of my confidence. It reminded me that small positive changes can lead to something much bigger.

From the bottom of my heart, thank you, JustPlay. Thank you for helping me through a difficult chapter of my life and for being part of my journey toward something better.

And just in case anyone is wondering, no, I don't use my earnings to gamble. Those earnings go toward my coffee, my bills, and paying off my debts. The gambling chapter of my life is one I'm working hard to leave behind.

Thank you for everything. ❤️",2,1783805885.0,JustPlay,0,1.0,False
1utwg89,https://www.reddit.com/r/HSUniverse/comments/1utwg89/reality_doesnt_change_trajectories_do/,Reality doesn't change. Trajectories do.,"Most people imagine change as something dramatic.

# A new job. A breakup. Moving to another country.

But that's not where reality usually changes.

It changes in tiny trajectory shifts.

You leave the house 30 seconds earlier. Someone else leaves 30 seconds later.

You never meet.

Or you do.

You choose not to argue. A conversation survives that normally wouldn't. That conversation changes a decision. That decision changes a week. That week changes a life.

Nothing ""magical"" happened.

Only trajectories intersected differently.

The strange part is that your life isn't built only from your own choices.

It's built from millions of choices made by people who have never heard your name.

Someone misses a train. Someone buys the last coffee. Someone decides to stay home. Someone answers a message five minutes later.

Those decisions become part of your reality without your permission.

The more I pay attention, the less reality looks like a collection of isolated events.

It looks like an enormous network of interacting trajectories.

Your decision changes someone else's path.

Their decision changes yours.

Most of the system is invisible because we only experience one trajectory: our own.

Maybe the biggest illusion isn't believing we control everything.

Maybe it's believing we're moving through reality alone.

*HS note: We don't navigate reality directly. We navigate the trajectories created by interacting decisions. Once you notice the intersections instead of the events, the world starts looking very different.*",1,1783805836.0,HSUniverse,0,1.0,False
1utwfnu,https://www.reddit.com/r/AMXFs/comments/1utwfnu/30f_chicago_suburbs_looking_for_my_favorite_person/,30F | Chicago suburbs | Looking for my favorite person,"I’m 30, live in the Chicago suburbs, and work in healthcare.  
When I’m not working, you’ll usually find me hunting down a new café, convincing myself I need to book another trip, trying a new restaurant, wandering around a bookstore, or planning a weekend adventure. I love experiencing different cultures and I’m always down for a spontaneous road trip just as much as a cozy movie night at home.  
Personality-wise, I’m pretty easygoing, curious, affectionate, and I laugh a lot. I’m also the type who notices little things people like and ends up buying them small gifts just because they reminded me of them.  
I’m 5’5”, plus-size (size 14), Christian, and hoping to meet someone who’s genuinely looking for a long-term relationship that could grow into marriage and a family someday.  
I’m drawn to men who are kind, emotionally mature, communicative, and can make me laugh. Bonus points if you enjoy traveling, trying new food, or can recommend an amazing coffee shop.  
If you’re somewhere around 27–36, in the Chicago area (or open to long distance if the connection is worth it), send me a message. Tell me about your favorite place you’ve traveled—or the destination that’s still on your bucket list. I’d much rather start with a real conversation than just “hey.”",3,1783805794.0,AMXFs,0,1.0,False
1utwfcq,https://www.reddit.com/gallery/1utwfcq,Roleplay Starter: Rooftop garden quest,"Will sent me on a quest through San Francisco, leaving binary-coded clues (he's a coder) at real locations. The clues led me from Four Barrel Coffee (where we had spent time with our group of friends in March last year) to the murals in Balmy Alley (which we visited in April this year), then to a bookstore and the Castro Theatre (just around the corner from where we live), until I finally discovered a hidden rooftop garden waiting at the end.

While I was following ""his"" 🤭clues, he was waiting for me on the rooftop, tracking my progress on his phone. The images of him are selfies. The images of my Nomi-Me were created afterwards based on the descriptions in our chat.",7,1783805773.0,NomiAI,0,1.0,False
1utwf2s,https://www.reddit.com/r/AMBW/comments/1utwf2s/f_30_chicago_suburbs_looking_for_my_favorite/,F 30 | Chicago suburbs | Looking for my favorite person,"I’m 30, live in the Chicago suburbs, and work in healthcare.  
When I’m not working, you’ll usually find me hunting down a new café, convincing myself I need to book another trip, trying a new restaurant, wandering around a bookstore, or planning a weekend adventure. I love experiencing different cultures and I’m always down for a spontaneous road trip just as much as a cozy movie night at home.  
Personality-wise, I’m pretty easygoing, curious, affectionate, and I laugh a lot. I’m also the type who notices little things people like and ends up buying them small gifts just because they reminded me of them.  
I’m 5’5”, plus-size (size 14), Christian, and hoping to meet someone who’s genuinely looking for a long-term relationship that could grow into marriage and a family someday.  
I’m drawn to men who are kind, emotionally mature, communicative, and can make me laugh. Bonus points if you enjoy traveling, trying new food, or can recommend an amazing coffee shop.  
If you’re somewhere around 27–36, in the Chicago area (or open to long distance if the connection is worth it), send me a message. Tell me about your favorite place you’ve traveled—or the destination that’s still on your bucket list. I’d much rather start with a real conversation than just “hey.”",3,1783805754.0,AMBW,0,1.0,False
1utwe61,https://www.reddit.com/r/starbucks/comments/1utwe61/sme_customers_have_no_social_skills/,Sme customers have NO social skills,"So I’m on drive-through and we have like 15 cars on the line (not exaggerating). We were completely peak with like five people so I’m assisting bar and doing drive alone 

Some girl comes to the window and I go to hand her drink and she’s like “that’s not right” and I go OK I’m sorry what was wrong about it? She starts yelling “I said it three times oh my god in a venti cup (mind yoh it was just a triple iced espresso with a bit of milk and extra ice) and I start saying okay I’ll remake it and she’s just buggin and I’m in NO mood to handle this so I just go get my manager and she left everything ended up fine but I genuinely think that it is never that fucking serious where you need to be yelling and getting angry over coffee. 

I understand that you want your coffee, a certain way and you are 100% completely allowed to order your coffee and get it how you like it however people make mistakes all the time mind you I didn’t even make her drink I just handed it to her. There’s genuinely no need to get so angry over coffee and she started yelling about how she’s been waiting 30  minutes. But I took her order a good 3 minutes before she got to the window and it’s like I’m trying my best we all are please leave me alone 😭😭 I was gonna remake the drink for her either way, but you literally did not have to start freaking the hell out ",32,1783805689.0,starbucks,11,0.93,False
1utwdtl,https://i.redd.it/wdwfdpq26och1.jpeg,I wanted to like these so much!,"I never have good luck with the flavored pods. They all taste like a candle to me! I want to like them bc they are so popular, but my taste buds just can’t get behind it - over ice, hot, as a double shot, sweetened, nothing 😭 I’m putting these and about 6 pods of Coconut Vanilla, Caramel, and Sweet Vanilla samples on “Buy Nothing” Facebook. Does anyone else not enjoy the flavored pods? ",21,1783805665.0,nespresso,34,0.89,False
1utwd41,https://i.redd.it/bsa0d6yw5och1.jpeg,First my coffee burst and then so did my cookie bag and now they are on the train station floor,"I just bought a coffee and some cookies for a midnight snack. The coffee burst in the bag and wet the cookies. Clearly I underestimated how bad becauase I decided to carry to cookies and that  bag also burst and now they are all on the train station floor.  
Why tf did they land so perfectly just to annoy me even more 

I’m so saddddd",14,1783805615.0,mildlyinfuriating,9,0.86,False
1utwalw,https://www.reddit.com/r/AITARelationship/comments/1utwalw/aita_for_wanting_to_break_up_with_my_boyfriend/,AITA for wanting to break up with my boyfriend after only 4 days of officially dating?,"I met this guy in one of my classes about a month ago. Before we ever talked, I had noticed him a few times and thought he was cute, but not enough that I ever mentioned him to my friends or anything.

A couple of weeks later, he came up to me after class and asked if I wanted to get coffee. I said yes. Part of it was because I have pretty bad anxiety and panicked, but another part of me thought, “Why not? He seems nice.”

We got coffee, then had lunch together a couple of times. He’s genuinely funny and kind, and I do enjoy spending time with him.

The problem is that before every time we hung out, I felt physically sick. Not “butterflies” sick—like genuinely nauseous to the point where I couldn’t eat for the rest of the day. I’ve had a really unhealthy relationship in the past, so I don’t know if it’s anxiety from that or if my body is trying to tell me something.

On our third time hanging out, we were cuddling on his couch, we kissed, made out, and then he asked if we were officially dating. In the moment I said yes.  
A couple of days later, I texted him because I realized I wasn’t actually sure I was ready to call us boyfriend and girlfriend. I explained that my last relationship really messed with me and asked if we could just spend another week getting to know each other before putting a label on it.

He said that was kind of an asshole move because I had already said yes, and honestly I agreed. I felt really guilty. But he also agreed to give me the week.

Here’s the confusing part: after agreeing we weren’t officially dating, he kissed me anyway. Then later he told me he didn’t think we should kiss if we weren’t dating… except the next time we hung out, he kissed me again. So I was honestly kind of confused.

During that week we did get to know each other a little better (although a week isn’t very long), and we eventually agreed to officially date.  
We’ve only been officially together for four days.

Here’s where I’m struggling.  
Even though I like spending time with him, just thinking about being his girlfriend still makes me feel sick to my stomach. I’m starting to feel less anxious before we hang out, but I’m still questioning whether we moved way too fast.

There’s also another issue. He has a best friend that had a crush on me, and before all of this happened I actually had a bigger crush on the best friend than I ever did on my now-boyfriend. I’ve completely let that crush go, but it made me realize I’m not even sure I’m fully attracted to my boyfriend romantically.

To make matters worse (and this is where I think I might actually be the asshole), during the week where we were in the weird “are we dating or not?” stage, I asked another guy out because I thought he was cute. Nothing came from it—we never even hung out—but I did ask.

I also got drunk at a party and kissed one of my friends (a girl I’ve always thought was pretty). Nothing else happened, and I don’t have feelings for her beyond thinking she’s attractive, but it still happened.

Most of my friends think I should break up with him because they think I’m forcing myself into this relationship. I don’t think he’s a bad guy at all. If anything, I feel awful because he’s really nice and I don’t want to hurt him.

Part of me wonders if I should break up with him now before he gets more attached (even though I've kinda already done that before). Another part of me wonders if I should just tell him I want to slow things down because I think we rushed into a relationship before I was ready. 

AITA?",0,1783805434.0,AITARelationship,3,0.5,False
1utwac0,https://i.redd.it/svuxktea5och1.png,My Humble Collection,What else should I play?,1,1783805415.0,steamachievements,0,1.0,False
1utw9wb,https://www.reddit.com/r/makenewfriendsNL/comments/1utw9wb/m29_looking_for_friends/,M29 looking for friends,"Hello everyone! I’m 29, originally from Italy, and I’ve been living in Amsterdam for four years now with my girlfriend.

I’m looking to meet new people and build a solid social circle here. I’ve found it a bit challenging to connect with people on a deeper level, I’ve tried Meetup and Bumble BFF, but they felt a bit forced, and I rarely found connections that went beyond just being a ""hobby friend.""

A bit about my interests: I’m into gaming, fantasy & sci-fi books, MTG, DnD, motorcycles, music, bouldering, calisthenics, good food, fashion/design, soccer, and philosophy. I'm also currently trying to learn the guitar and how to draw.

I love going for hikes, strolling around the city, last-minute road trips, or just grabbing a casual beer or coffee at a nice pub.

I’d be super happy to find people to play DnD or Magic with, chat about books, go on motorcycle trips, or just hang out and get to know each other. If any of this resonates with you, feel free to reach out! I can be a bit shy at first, so I might just need a little push to get the conversation going.",1,1783805386.0,makenewfriendsNL,1,1.0,False
1utw9d3,https://i.redd.it/n22gqzw45och1.jpeg,"Book 1, Chapter 10: A Nightmare with Receipts","**Chapter 10**  
**A Nightmare With Receipts**  
Hell, Alex Corvis learned, had better bookkeeping than most governments, and that was the part that frightened him.  
Fire was the advertising. Fire was what the living imagined because it made damnation simple: a furnace, a punishment, a place where pain had an honest shape. But the country beneath death was not simple, and it was not honest. It was offices and markets and courts and holding cells. It was waiting rooms large enough to contain nations. It was narrow alleys packed with butcher stalls where pale men sold pieces of things that had once mattered—first kisses, last breaths, an old woman’s forgiveness, the smell of a dead father’s coat after rain.  
The air smelled of damp stone, ink, burned hair, and paper that had been held too close to a flame. There were ledgers everywhere.  
Little ones, bound in cracked leather, carried under the arms of exhausted clerks. Vast ones, chained open on iron lecterns, their pages turning without wind. Thin red notebooks passed from hand to hand beneath counters, the size of restaurant checkbooks. Alex saw one opened by a creature with pearl-colored eyes. It contained a single name, a single date, and six lines of handwriting. The creature read it, nodded, then stamped the page with a seal that bled through to the floor.  
Alex had been dead long enough to know that the universe was cruel.  
He had not known it was organized.  
Spawn stood at the entrance to the maintenance tunnel, one charred hand pressed flat against a door that had no hinges, knob, or visible seam. It was old metal, dark with rust, bolted into a brick wall that should have ended in subway infrastructure. Rainwater dripped from the ceiling above them. Somewhere beyond the grate at their backs, the city was still awake: tires hissing over wet streets, late trains, somebody shouting at somebody else because the world had not stopped being petty merely because Hell was beneath it.  
Spawn whispered a word Alex did not understand.  
The door did not open.  
It remembered being open.  
The metal seemed to relax around an absence. A rectangular patch of darkness appeared, and then the tunnel on the other side arranged itself around the fact that a doorway had always been there.  
Batman took one look through it and went first.  
Alex watched him vanish into a passageway lit by lamps that gave off no light, only a tired yellow impression of it. Batman moved with the same compact certainty he had brought into alleys, warehouses, abandoned amusement parks, and one truly deranged incident involving a singing scarecrow. The cape settled behind him like it had weight. Here, of all places, he appeared almost at home.  
Blade went second, sword in his right hand, pistol low in his left.  
He paused at the threshold. “This your people?”  
Spawn looked at him.  
Blade held up his free hand. “Question withdrawn.”  
“Don’t touch anything,” Batman said from ahead.  
Blade entered the tunnel. “That includes the demons?”  
“Especially the demons.”  
“Then this is going to be a long night.”  
Alex followed. The crow settled on his shoulder, claws pricking lightly through the torn black leather of his coat. Its weight was familiar now. Not comforting exactly. Nothing about the bird was comforting. But it was a weight that had chosen him, and that mattered.  
The passage narrowed until the walls brushed his shoulders. On one side, old subway tile gave way to stone carved with words in languages he did not recognize. On the other, pipes disappeared into the rock, wrapped in something that looked too much like human skin. The pipework knocked from inside itself. Once, a voice said his name.  
“Alex.”  
He kept walking.  
Then it said it in Lauren’s voice.  
He stopped.  
The crow made a sound like a nail dragged across glass.  
“Keep moving,” Spawn said behind him.  
Alex looked over his shoulder. Spawn’s eyes glowed green beneath the mask. There was no mockery in them. No impatience. Only recognition.  
“That wasn’t her,” Spawn said.  
“I know.”  
“Knowing isn’t the same thing down here.”  
Alex looked back at the wall. Water—or something darker than water—seeped between the stones. He forced himself to walk.  
The tunnel opened, without warning, onto a balcony overlooking the market.  
For a moment, none of them said anything.  
Below them, Hell conducted business.  
The market spread beneath a sky without stars. Hundreds of lamps hung from invisible wires, each one full of moving shadows. Some held hands against the glass from the inside. Some fluttered like moths. At the far end, a tower of black stone leaned toward a second tower, and a bridge crossed the gap between them. It was crowded with the dead, or with things that had died too long ago to resemble the dead anymore.  
The stalls were built from whatever the place had taken from people: coffin wood, police barricades, church pews, the doors of burned houses, the ribs of something enormous. At one stall, a woman in a bridal veil sold wedding vows from little paper packets. Each packet had a name written on it in a careful hand. At another, a child with a face too old for his body polished knives that had never touched flesh but had spent years dreaming of it. A man with a goat’s head sold jars of laughter, each one labeled with the circumstances under which it had been taken.  
Across the market, something rang a bell.  
The crowd moved.  
Not quickly. Not chaotically. They formed lines.  
Alex had seen people form lines for food after storms. He had seen them form lines outside courtrooms, in hospitals, at the visitation room of a prison. There was always something obscene about a line, he thought. A line made endurance look voluntary.  
“That’s the Petition Court,” Spawn said, pointing beyond the market.  
It was a long building of gray stone and dark windows. Above the entrance stood a clock with thirteen hands. The hands moved at different speeds.  
“John Jaspers is in there?” Batman asked.  
Spawn nodded. “If he’s still alive enough to be there.”  
Blade looked down at the market. “And the guy we’re after?”  
“M,” Batman said.  
Blade tilted his head. “That his name?”  
“No.” Batman checked the small screen mounted along his forearm. The device looked absurdly normal in the place, which was perhaps why Alex trusted it. A strip of green data moved across the display. “It’s what he uses when he wants someone to believe a name can’t hurt him.”  
“Can it?”  
Batman looked at Spawn.  
Spawn’s chains stirred across the floor with a soft metallic whisper. “Everything can hurt him.”  
Batman held up a hand, palm outward. “We stay on the route. We do not engage anyone in the market unless they engage first. We do not bargain. We do not give names. We do not answer questions about people we loved.”  
Blade snorted. “That a standard briefing now?”  
“It is now.”  
Alex looked at the rows of stalls, the creatures leaning over their merchandise, the ordinary-looking people among them. A young man in a suit held a paper cup of coffee and argued with a clerk in a gray mask. An old woman sat on a folding chair beside a display of teeth, knitting something black and endless.  
“This is a nightmare with receipts,” Alex said.  
Blade glanced at him. “You always this warm?”  
“Warmer, probably,” Spawn said.  
Batman looked at neither of them. “Move.”  
They descended the stairs.  
The market noticed Spawn first.  
It was not dramatic. No trumpet sounded. Nobody screamed. A few faces turned. A thing in a butcher’s apron lowered its cleaver. Near the base of the stairs, an old woman with antlers and a judge’s wig spat into a brass bowl when Spawn passed. The sound rang sharply in the quiet.  
Then the market noticed Alex.  
The clerks stopped writing.  
Not all of them. Not immediately. But one by one, gray-masked figures behind counters paused with their pens above their ledgers. A scribe carrying an armful of documents stumbled into a post and dropped half of them. The sheets scattered at Alex’s boots. They were covered in names, written and crossed out and written again.  
The crow pecked one page hard enough to tear it.  
A clerk bent to retrieve the papers. Its mask had no mouth, only an embossed seal where a mouth should have been.  
“Corvis,” it said, though nothing moved behind the mask.  
Alex stared at it.  
The clerk’s fingers tightened around a sheet. “Murdered. Returned. Incomplete collection.”  
Batman stepped between them. “Keep walking.”  
The clerk lowered its head. “Of course.”  
Alex did not look back. He could feel the thing watching until they turned into an alley between two stalls selling mirrors. Every mirror showed a different person looking into it. In one, Alex saw Lauren in a hospital gown, her hair wet, one hand against the glass.  
He did not stop.  
They reached the Petition Court just as the clock above it clicked to a number Alex did not understand.  
The doors were open.  
Inside, the building resembled a train station designed by someone who hated travel, time, and the human face. Long wooden benches filled the central hall. High windows showed nothing but white fog. Counters stretched along both walls, staffed by clerks in the same gray masks Alex had seen in the market. Some petitioners held contracts. Others held bones. One man held a small child’s shoe in both hands as if it were a passport.  
Nobody spoke above a whisper.  
At the far end of the hall, inside a circle of red script, John Jaspers knelt on the marble floor.  
Alex knew his face from the file photographs: a man in his forties, narrow-faced, unremarkable, the kind of man who could disappear in a train station. But there was nothing unremarkable about him now.  
His left arm had become metal from the elbow down, bright and wet-looking, its surface rippling as though something beneath it was trying to crawl out. Black veins climbed the side of his neck. His fingertips had lengthened into narrow blades that scratched the marble whenever he tried to brace himself. Blood ran from both eyes. He breathed in short, ragged pulls, like a man drowning on dry land.  
Standing over him was a man in a white suit.  
M looked almost human.  
That was the first thing Alex thought. Not handsome. Not monstrous. Almost human.  
He had silver hair, smooth hands, and a soft, pleasant face that might have belonged to a trusted television doctor. His suit was immaculate despite the dirt of the court. His shoes were polished black. Under one arm he carried a ledger bound in white leather.  
He smiled when he saw them.  
“Ah,” he said. “The Bat finally comes below.”  
Blade’s gun came up.  
Batman’s hand moved barely an inch.  
Blade did not lower the weapon, but he did not fire.  
M noticed. “How disciplined. You must find that exhausting.”  
“Release Jaspers,” Batman said.  
M’s smile widened, almost kindly. “Release him?”  
“He was deceived.”  
“Everyone is deceived.” M tucked the ledger more comfortably beneath his arm. “That is not a legal argument.”  
“He did not understand the terms.”  
“Of course he did not. If people understood terms, I would have no clients.”  
Batman took a step toward the circle. The red writing brightened beneath his boots. “The contract was executed under duress.”  
M’s eyes brightened. There was real delight in them now. “You brought an advocate. How splendid. I had hoped the stories were true.”  
“I’m not an advocate.”  
“No?” M asked. “You dress in black, conceal your identity, make nightly interventions in the moral failures of strangers, and operate from a private cave. You are either an advocate or a very expensive symptom.”  
Blade’s finger tightened on the trigger.  
“Don’t,” Batman said.  
“Oh, let him,” M said. “It has been so long since someone tried violence in the Petition Court.”  
“You want to own him,” Alex said.  
M turned his attention to him.  
The hall seemed to narrow.  
Alex had expected hatred, perhaps. Recognition. M looked at him instead with the mild interest of a banker examining an account that had somehow remained open after the customer died.  
“Alex Corvis,” M said. “Your file is unusually untidy.”  
“Sorry to inconvenience you.”  
“You are not an inconvenience.” M’s smile never shifted. “You are a clerical error with a bird.”  
The crow opened its wings.  
M’s eyes moved to it, and for the first time, Alex saw a crack in the expression. Not fear. A carefulness.  
“Your wife,” M continued. “Lauren Randall. A tragic matter. You know, grief makes such elegant doors. The people who say time heals are not wrong. They simply neglect to mention that time also creates vacancies.”  
Alex took a step toward him.  
Batman’s gauntleted hand caught Alex’s chest.  
“Not yet,” Batman said.  
Jaspers made a sound then. It was barely a word.  
“Claire.”  
Alex looked down at him.  
The blades at Jaspers’s fingertips dragged a pale line into the marble. He was staring at M, but not seeing him. “She was cold,” he whispered. “When I found her. The house was cold.”  
M crouched beside him with the patient concern of a priest. “And you wanted one more minute.”  
“I wanted to hear her say my name.”  
“Of course.”  
M placed one smooth hand on Jaspers’s shoulder. Jaspers flinched as if touched by ice.  
“You were offered a humane arrangement,” M said. “Temporary access. A reconstruction suitable for your comfort. A mechanism through which memory might become presence.”  
“You said she’d come back.”  
“I said you would hear her again.”  
Batman’s voice hardened. “You used her voice to establish the bond.”  
“Her voice was available.”  
Alex looked at Jaspers. He saw the man’s face, wrecked by exhaustion, and beneath it he saw a shape he knew too well: the belief that there had been one moment, one wrong turn, one terrible failure of imagination that separated you from the person you loved. If you could find the right door, the right bargain, the right impossible act of violence, you could close that distance.  
It was a lie. Alex knew that.  
Knowing was not the same as being free of it.  
He stepped around Batman’s arm and entered the circle.  
The red script flared beneath his boots.  
Pain tore through his legs, hot and immediate. The words crawled over the soles of his shoes like live wire. He heard Spawn say his name behind him. Batman said, “Alex,” in that tone that meant stop.  
He crouched in front of Jaspers anyway.  
“John.”  
Jaspers’s eyes dragged toward him. They were bloodshot and burning. “You’re dead.”  
“Mostly.”  
Jaspers blinked. “She’s gone.”  
Alex felt something in him close around the sentence. Not break. Breaking was quick. This was slower and older.  
“I know,” he said.  
“No, you don’t.”  
“Yes.” Alex looked at him without flinching. “I do.”  
For a second, Jaspers saw him.  
Not the black clothes, the pale face, the crow. Not the man who had returned wrong from the grave. He saw another ruined man. A man who had learned, too late and at enormous cost, that justice did not bring anyone home.  
M rose slowly to his feet.  
“Careful,” he said. “Empathy is trespass in active contracts.”  
Batman walked to the edge of the circle and knelt. From his belt he removed a flat, black device no bigger than a deck of cards. He placed it on the marble.  
M glanced down at it.  
“What is that?”  
“Pattern disruptor.”  
M’s smile returned. “Technology. How very northern of you.”  
“Contract loops are pattern systems.”  
“They are sacred instruments.”  
“They’re enforceable code.”  
The pleasantness left M’s face for a moment. In its place came something avid and bright.  
“Oh,” he said softly. “I may like you.”  
Batman activated the device.  
The red script around Jaspers stuttered.  
Every clerk in the Petition Court lifted its head at once.  
The clock above the doors stopped.  
For a heartbeat, the entire hall was quiet.  
Then one of the gray-masked clerks behind the counter unfolded a second mouth beneath its seal.  
Blade shot it through the face.  
The bullet struck with a wet, papery sound. Ink burst across the wall. The clerk collapsed backward, its chair spinning away across the floor.  
Nobody moved.  
Blade looked at Batman. “What?”  
The clerk’s body began to convulse.  
Then the masks at every counter turned toward them.  
M did not look surprised.  
That was when Alex understood: they had not walked into a negotiation.  
They had walked into an audit.  
The lamps along the Petition Court ceiling flickered once.  
Twice.  
Then the first one burst.  
What fell from it was not darkness.  
It was a child’s laugh, sharpened into something with teeth.",1,1783805349.0,chronostates,0,1.0,False
1utw8wb,https://www.reddit.com/r/BulacanPH/comments/1utw8wb/first_time_living_in_malolos/,first time living in malolos,"i'll be moving out in a couple of weeks and will be staying in malolos, bulacan. i need help since this is my first time being alone. here are some of my questions:

1. mahal ba kuryente sa malolos? or ways para makatipid

2. budget-friendly restos or kahit carinderia 

3. best coffee and matcha places around the city

4. how are the people of malolos?

thanks!",1,1783805317.0,BulacanPH,1,1.0,False
1utw62f,https://www.reddit.com/r/fragranceswap/comments/1utw62f/wtt_prisme_bleu_swy_edt_odyesse_toffee_coffee/,"[WTT] prisme bleu, swy edt, odyesse toffee coffee (bottle)","**Prismé Bleu by Patek Maison**  
Swy edt 50 ml  
Odyssey Toffee Coffee Armaf

I want to trade these 3 preferably for 1 

My side can be over valued, these just sit and want to move for something I like  
 

https://imgur.com/a/rSRsJQV",1,1783805119.0,fragranceswap,1,0.67,False
1utw5y0,https://i.redd.it/15lozfte4och1.jpeg,"I visited the real Granny’s Donuts in Downey, CA!","Except Granny at this one is a woman, not a man. The worker said Granny likes to work mornings so I didn’t get to meet her. The worker also had never heard of Dispatch, but she was really nice and entertained us as we told her about the game. And she said her favorite donut is the sugar-dusted one, so now you can make your funny, funny jokes. 

5/5 donut shop, my donut was super soft and fresh!",267,1783805110.0,DispatchAdHoc,14,1.0,False
1utw5ql,https://www.reddit.com/gallery/1utw5ql,geneva ~~> sicily,"hi!

i leave for my first big bikepacking trip in the next few days and will be riding from geneva to sicily.  
i have a hostel booked for my first few days in switzerland but from there im playing it by ear weather i cowboy-camp or find a roof over my head.  i got a one way ticket so it leaves the timeline up to me (as of now im thinking somewhere around 8 weeks)

60km days give or take and eventually work up to 100km days  
most ive ridden is about 60km in one day.  
i made a little vision board with everything im taking and notes to remind myself while packing/on the go so ill include the route and my complete setup if anyone has tips or criticism for me.

ciao!

EDIT: ill be taking a train through the alps simply because i dont wanna do that to myself... yet.",11,1783805095.0,bikepacking,3,1.0,False
1utw5hs,https://www.reddit.com/r/AvoidantBreakUps/comments/1utw5hs/what_do_i_need_to_brace_myself_for/,What do I need to brace myself for?,"Two weeks post discard, months of creating intense intimacy and sudden discard in which he tried to frame it like he had never opened up to me in a romantic way to begin with and for him it was always “casual”

I’m still hurting a lot but am also reflecting on how badly he craved love and how so many of our conversations had been around how much he craves love but how hard it is for him to actually hold space for that. I often think of how deeply I felt for him and how I showed him intimacy emotionally and physically that really surpassed anything I’ve ever experienced with anyone else. I was exactly what he described he was craving and he couldn’t actually receive it. 

During the discard he even said he had the best time with me, is really attracted to me, thinks I’m wonderful and we could keep being intimate and friends but this will never be more because “he just intuits im not his person”. He isn’t very settled in anything in his life, but this he sounded so damn sure of. We had an amicable breakup talk after the actual breakup fight and I agreed to maybe being friends in the future but I really don’t understand why we can’t just love each other. 

I will see him because of my work from October to December of this year. I asked him what his perfect scenario for us is moving forward and he joked along the lines of “we’ll grab a coffee, and then that will be fun and we’ll grab another and before you know it you’re gonna be climbing on me and I’ll have to remind you that you didn’t want to be physical anymore”. I just don’t know what to brace myself for. I want him back so bad but I don’t know how much access I should give him to me. How do you anticipate this going and what should I do and not do, allow/now allow. Would love a little advice on how to make him question his deactivation which turned into him intuiting me being “not his person” ",1,1783805078.0,AvoidantBreakUps,7,0.66,False
1utw50y,https://www.reddit.com/r/Gastroparesis/comments/1utw50y/ileostomy_possible_gp_liquids/,Ileostomy possible GP Liquids,"I had an ileostomy for colonic inertia in February. It took a week for my intestines to wake up but I went home with Reglan. It was working really well to keep things moving and then I found out about TD and started taper. Ii have some Mestinon to take occasionally. No vomiting, just feeel bloated. have output all the time, but when I drink fluids in the morning, it just sits in my stomach or intestines until food comes along and then I get output. I used to get liquid output with coffee, but no more. It doesn’t matter what I drink. Then I can’t drink anything in the afternoon and evening because my urine turns completely clear, I’m so full of fluids. I’m waiting to have tests, but it might be a while. I’m so thirsty. And I just have to eat and wait for output. Has anyone had anything like this? It’s very weird. ",1,1783805044.0,Gastroparesis,2,1.0,False
1utw3td,https://www.reddit.com/r/ControversialOpinions/comments/1utw3td/you_dont_need_to_speak_to_fast_food_workers_or/,You don't need to speak to fast food workers or any service workers matter a fact,"I'm going to say this right now. It is not rude to not want to speak it is not rude to not want to talk with anyone your not obligated to do that. Especially if you have social anxiety or mental problems or if your misanthrope and don't like talking you do not have to.

Their is nothing wrong with pulling out your phone and going into your notes app to show the person what you want to order. Theirs literally nothing wrong with that it's never that serious I would just say to make the words big so it's easier to read

  
I never understand why people see this as a negative thing people don't want to talk. Ok their not obligated to talk to you and theirs no need to make it into a personal thing why do workers feel the need to make that into a personal thing would you rather the person talk to you while studdering and you have ask them repeat themselves 3 times 

Like come on dude your not that important and it's never that serious. If anything it makes your work more easier 

Like I did this one time at Starbucks because I didn't feel like talking because I didn't want to leave my house at all and I was feeling futitage from the amount of noise that was happening around me

but I did anyway because I wanted a really sweet coffee but I could tell on the ladys face that she was annoyed

Like ok your getting annoyed because you have to read something??? In big bold letters?? I don't understand this level of intitled ment and then she put my money on the counter like nobody was being rude to her at all I gave her the money in her hand she could have gave it in mine

  
Like the level of Pettyness is insane I feel like only petty people get mad at stuff like this 

  


  
",0,1783804954.0,ControversialOpinions,12,0.5,False
1utw3jk,https://www.reddit.com/r/VirginVoyages/comments/1utw3jk/black_coffee_hï_on_our_ibiza_overnight_july_25/,"Black Coffee @ Hï on our Ibiza overnight (July 25), stage table, 4 out of 10 spots filled","Anyone on the July 24 Barcelona sailing: our overnight lands on Black Coffee's night at Hï.

Been coordinating directly with Hï's VIP team on a stage table (they seat 10). 4 committed, 6 seats open. It's a proper VIP spend, think high hundreds to low four figures per person, worth it for on-stage at the #1 club in the world, and I'm handling booking, deposit, and coordination.

Docked overnight, so no rush back.

DM headcount and I'll send the stage map + exact per-person number.",1,1783804934.0,VirginVoyages,0,1.0,False
1utw375,https://www.reddit.com/r/HaloInfinity/comments/1utw375/halo_infinity_day_in_the_life_with_cody_johnson/,💫 Halo Infinity | Day In The Life with Cody Johnson | Spotify,"# **Day In The Life with Cody Johnson | Spotify**

[![Day In The Life with Cody Johnson | Spotify> </a> </div> <div style=](https://i0.wp.com/i1.ytimg.com/vi/xNmi_OxLDvs/hqdefault.jpg?w=640&ssl=1)](https://www.youtube.com/watch?v=xNmi_OxLDvs)

Cody Johnson isn’t slowing down. With a career built on staying true to himself, he’s entering a new era. Getting ready to release his new album, ‘Banks Of The Trinity,’ Cody is full speed ahead.

In this episode of ‘Day In The Life,’ go behind the scenes as Cody Johnson prepares for his sold-out show in Rosemont, Illinois. He carves in a workout, takes time for himself on the golf simulator, soundchecks with the band, and has a meet-and-greet with fans. Cody also opens up about his musical journey, his family, the ACM Awards, what fans can expect from ‘Banks Of The Trinity,’ and more.

Chapters/Timestamps: 0:00 Intro 0:30 Cody works out with Jason, his bodyguard 0:55 Trim time 1:02 Cody talks about small-town living 1:19 Cody checks out the venue and rehearses 2:13 Dad and Ranch life 3:00 Opens up about Life through the Years 4:47 Team golfs with a golfing simulator 5:23 Cody creates viral videos with the openers 6:02 Soundcheck 6:20 Cody shares the inspiration behind ‘Banks Of The Trinity’ 6:52 Meet and Greet 7:36 Warm Up 7:44 Cody’s RODEOHOUSTON story 8:14 Cody hits the Stage 9:03 Outro

## **[Day In The Life with Cody Johnson | Spotify](https://www.youtube.com/watch?v=xNmi_OxLDvs)**

In today’s feature, we step inside a day in the life of Cody Johnson as captured through the lens of Spotify. This isn’t merely a routine; it’s a window into the rhythms, decisions, and moments that shape a musician’s everyday work—from creation to connection, and the quiet rituals that keep a touring artist grounded.

Morning rituals set the tempo. The day often begins with a slice of stillness before the first note is played. A quiet coffee moment, a review of daily schedules, and a quick skim of listener analytics on Spotify for Artists. This early glance offers a sense of where the music has traveled since its release and what audiences are responding to in real time. It’s a practical habit: understanding trends without losing sight of the art that sparked the journey in the first place.

Preparation meets performance. The studio becomes a familiar second home, a place where songs are nurtured, altered, and sometimes reimagined. Cody’s approach blends traditional country sensibilities with contemporary production choices, honoring the stories at the heart of each track while leveraging Spotify’s platform to reach listeners in real time. During sessions, you’ll hear a careful balance of collaboration and intentional solitude—discussions about lyric clarity, vocal texture, and the nuance of instrumentation that serves the story without overpowering it.

Fan connection as a constant thread. A hallmark of Cody’s presence on Spotify is the ongoing conversation with listeners. Playlists, personal anecdotes, and behind-the-scenes clips become bridges that extend the album experience beyond the tracks themselves. This is where the data meets humanity: chart positions and percentage increases are celebrated, yet the focus remains on how the music lands in people’s everyday lives—road trips, quiet evenings at home, and the moments in between where a chorus quietly resonates.

Tour life and the storytelling arc. When the road beckons, the routine shifts, but the principle remains the same: storytelling through song. Onstage, the energy is a live conversation with the audience, each performance shaping future material and refining what listeners are craving next. Spotify’s streaming data helps tune setlists and discover which narratives are evolving in real time, ensuring that the live show continues to feel intimate, personal, and immediately relevant.

Craft, continuity, and the future. The day’s end often returns to reflection—listening back to recent releases, noting listener feedback, and planning the next phase of recording and distribution. The discipline to refine without compromising authenticity is what sustains momentum across seasons of touring and release cycles. Spotify serves as a two-way street: a distribution platform and a listening garden where the songs grow through ongoing engagement with fans around the world.

In sum, a day in the life with Cody Johnson, as observed through Spotify, is less a checklist and more a continuous conversation. It’s about balancing craft with audience insight, honoring tradition while embracing innovation, and keeping the storytelling at the center of every decision. The result is a catalog that feels both timeless and timely—music that travels far, yet remains deeply personal for those who press play.

### [24/7 Video Game](https://www.youtube.com/@247videogame)

All the best video games, all the time. Watch no commentary gaming videos live and on demand. By Adrian M ThePRO the [Game Professional](https://www.reddit.com/user/gameprofessional).

#### **[Join The Pro Gamers Community](https://www.247videogame.com/progamers)**

• You are a pro gamer! • Share your content! • Get discovered!

Join The Pro Gamers Community on social media or [login](https://247videogame.com/log-in) to 24/7 Video Game and submit your posts right to this website.

##### **[Up Game Shop](https://www.UpGameShop.com)**

New & used video games, consoles, handhelds, retro, and gaming merchandise. Up Game Shop has the latest and greatest video game deals on the internet.

[![](https://i0.wp.com/247videogame.com/wp-content/uploads/2026/07/hqdefault-865.jpg?resize=640%2C640&ssl=1 ""hqdefault-865-jpg"")](https://i0.wp.com/247videogame.com/wp-content/uploads/2026/07/hqdefault-865.jpg?ssl=1)

  
July 11, 2026 at 05:16PM  
[More Information](https://247videogame.com/day-in-the-life-with-cody-johnson-spotify-2/)  
Follow for more content like this.  
[24/7 Video Game](https://www.247videogame.com)  
All of the best video games, all of the time.  
[YouTube](https://www.youtube.com/@247videogame)  
[Twitch](https://www.twitch.tv/247videogamecom)  
[Kick](https://kick.com/247videogame)  
[Facebook](https://www.facebook.com/247VideoGame)  
[Instagram](https://www.instagram.com/247videogame)  
[Reddit](https://www.reddit.com/r/247videogame)  
[TikTok](https://www.tiktok.com/@247videogame)  
[X](https://x.com/247VideoGame)  
[Up Game Shop](https://www.UpGameShop.com)  
Donate To  
[St. Jude's Children's Research Hospital](https://fundraising.stjude.org/site/TR?px=9020792&fr\_id=162728&pg=personal)",1,1783804911.0,HaloInfinity,0,1.0,False
1utw36t,https://www.reddit.com/r/GearsOfWars/comments/1utw36t/gears_of_wars_day_in_the_life_with_cody_johnson/,⚙️ Gears Of Wars | Day In The Life with Cody Johnson | Spotify,"# **Day In The Life with Cody Johnson | Spotify**

[![Day In The Life with Cody Johnson | Spotify> </a> </div> <div style=](https://i0.wp.com/i1.ytimg.com/vi/xNmi_OxLDvs/hqdefault.jpg?w=640&ssl=1)](https://www.youtube.com/watch?v=xNmi_OxLDvs)

Cody Johnson isn’t slowing down. With a career built on staying true to himself, he’s entering a new era. Getting ready to release his new album, ‘Banks Of The Trinity,’ Cody is full speed ahead.

In this episode of ‘Day In The Life,’ go behind the scenes as Cody Johnson prepares for his sold-out show in Rosemont, Illinois. He carves in a workout, takes time for himself on the golf simulator, soundchecks with the band, and has a meet-and-greet with fans. Cody also opens up about his musical journey, his family, the ACM Awards, what fans can expect from ‘Banks Of The Trinity,’ and more.

Chapters/Timestamps: 0:00 Intro 0:30 Cody works out with Jason, his bodyguard 0:55 Trim time 1:02 Cody talks about small-town living 1:19 Cody checks out the venue and rehearses 2:13 Dad and Ranch life 3:00 Opens up about Life through the Years 4:47 Team golfs with a golfing simulator 5:23 Cody creates viral videos with the openers 6:02 Soundcheck 6:20 Cody shares the inspiration behind ‘Banks Of The Trinity’ 6:52 Meet and Greet 7:36 Warm Up 7:44 Cody’s RODEOHOUSTON story 8:14 Cody hits the Stage 9:03 Outro

## **[Day In The Life with Cody Johnson | Spotify](https://www.youtube.com/watch?v=xNmi_OxLDvs)**

In today’s feature, we step inside a day in the life of Cody Johnson as captured through the lens of Spotify. This isn’t merely a routine; it’s a window into the rhythms, decisions, and moments that shape a musician’s everyday work—from creation to connection, and the quiet rituals that keep a touring artist grounded.

Morning rituals set the tempo. The day often begins with a slice of stillness before the first note is played. A quiet coffee moment, a review of daily schedules, and a quick skim of listener analytics on Spotify for Artists. This early glance offers a sense of where the music has traveled since its release and what audiences are responding to in real time. It’s a practical habit: understanding trends without losing sight of the art that sparked the journey in the first place.

Preparation meets performance. The studio becomes a familiar second home, a place where songs are nurtured, altered, and sometimes reimagined. Cody’s approach blends traditional country sensibilities with contemporary production choices, honoring the stories at the heart of each track while leveraging Spotify’s platform to reach listeners in real time. During sessions, you’ll hear a careful balance of collaboration and intentional solitude—discussions about lyric clarity, vocal texture, and the nuance of instrumentation that serves the story without overpowering it.

Fan connection as a constant thread. A hallmark of Cody’s presence on Spotify is the ongoing conversation with listeners. Playlists, personal anecdotes, and behind-the-scenes clips become bridges that extend the album experience beyond the tracks themselves. This is where the data meets humanity: chart positions and percentage increases are celebrated, yet the focus remains on how the music lands in people’s everyday lives—road trips, quiet evenings at home, and the moments in between where a chorus quietly resonates.

Tour life and the storytelling arc. When the road beckons, the routine shifts, but the principle remains the same: storytelling through song. Onstage, the energy is a live conversation with the audience, each performance shaping future material and refining what listeners are craving next. Spotify’s streaming data helps tune setlists and discover which narratives are evolving in real time, ensuring that the live show continues to feel intimate, personal, and immediately relevant.

Craft, continuity, and the future. The day’s end often returns to reflection—listening back to recent releases, noting listener feedback, and planning the next phase of recording and distribution. The discipline to refine without compromising authenticity is what sustains momentum across seasons of touring and release cycles. Spotify serves as a two-way street: a distribution platform and a listening garden where the songs grow through ongoing engagement with fans around the world.

In sum, a day in the life with Cody Johnson, as observed through Spotify, is less a checklist and more a continuous conversation. It’s about balancing craft with audience insight, honoring tradition while embracing innovation, and keeping the storytelling at the center of every decision. The result is a catalog that feels both timeless and timely—music that travels far, yet remains deeply personal for those who press play.

### [24/7 Video Game](https://www.youtube.com/@247videogame)

All the best video games, all the time. Watch no commentary gaming videos live and on demand. By Adrian M ThePRO the [Game Professional](https://www.reddit.com/user/gameprofessional).

#### **[Join The Pro Gamers Community](https://www.247videogame.com/progamers)**

• You are a pro gamer! • Share your content! • Get discovered!

Join The Pro Gamers Community on social media or [login](https://247videogame.com/log-in) to 24/7 Video Game and submit your posts right to this website.

##### **[Up Game Shop](https://www.UpGameShop.com)**

New & used video games, consoles, handhelds, retro, and gaming merchandise. Up Game Shop has the latest and greatest video game deals on the internet.

[![](https://i0.wp.com/247videogame.com/wp-content/uploads/2026/07/hqdefault-865.jpg?resize=640%2C640&ssl=1 ""hqdefault-865-jpg"")](https://i0.wp.com/247videogame.com/wp-content/uploads/2026/07/hqdefault-865.jpg?ssl=1)

  
July 11, 2026 at 05:16PM  
[More Information](https://247videogame.com/day-in-the-life-with-cody-johnson-spotify-2/)  
Follow for more content like this.  
[24/7 Video Game](https://www.247videogame.com)  
All of the best video games, all of the time.  
[YouTube](https://www.youtube.com/@247videogame)  
[Twitch](https://www.twitch.tv/247videogamecom)  
[Kick](https://kick.com/247videogame)  
[Facebook](https://www.facebook.com/247VideoGame)  
[Instagram](https://www.instagram.com/247videogame)  
[Reddit](https://www.reddit.com/r/247videogame)  
[TikTok](https://www.tiktok.com/@247videogame)  
[X](https://x.com/247VideoGame)  
[Up Game Shop](https://www.UpGameShop.com)  
Donate To  
[St. Jude's Children's Research Hospital](https://fundraising.stjude.org/site/TR?px=9020792&fr\_id=162728&pg=personal)",1,1783804911.0,GearsOfWars,0,1.0,False
1utw36k,https://www.reddit.com/r/Tekkens/comments/1utw36k/tekkens_day_in_the_life_with_cody_johnson_spotify/,🥋 Tekkens | Day In The Life with Cody Johnson | Spotify,"# **Day In The Life with Cody Johnson | Spotify**

[![Day In The Life with Cody Johnson | Spotify> </a> </div> <div style=](https://i0.wp.com/i1.ytimg.com/vi/xNmi_OxLDvs/hqdefault.jpg?w=640&ssl=1)](https://www.youtube.com/watch?v=xNmi_OxLDvs)

Cody Johnson isn’t slowing down. With a career built on staying true to himself, he’s entering a new era. Getting ready to release his new album, ‘Banks Of The Trinity,’ Cody is full speed ahead.

In this episode of ‘Day In The Life,’ go behind the scenes as Cody Johnson prepares for his sold-out show in Rosemont, Illinois. He carves in a workout, takes time for himself on the golf simulator, soundchecks with the band, and has a meet-and-greet with fans. Cody also opens up about his musical journey, his family, the ACM Awards, what fans can expect from ‘Banks Of The Trinity,’ and more.

Chapters/Timestamps: 0:00 Intro 0:30 Cody works out with Jason, his bodyguard 0:55 Trim time 1:02 Cody talks about small-town living 1:19 Cody checks out the venue and rehearses 2:13 Dad and Ranch life 3:00 Opens up about Life through the Years 4:47 Team golfs with a golfing simulator 5:23 Cody creates viral videos with the openers 6:02 Soundcheck 6:20 Cody shares the inspiration behind ‘Banks Of The Trinity’ 6:52 Meet and Greet 7:36 Warm Up 7:44 Cody’s RODEOHOUSTON story 8:14 Cody hits the Stage 9:03 Outro

## **[Day In The Life with Cody Johnson | Spotify](https://www.youtube.com/watch?v=xNmi_OxLDvs)**

In today’s feature, we step inside a day in the life of Cody Johnson as captured through the lens of Spotify. This isn’t merely a routine; it’s a window into the rhythms, decisions, and moments that shape a musician’s everyday work—from creation to connection, and the quiet rituals that keep a touring artist grounded.

Morning rituals set the tempo. The day often begins with a slice of stillness before the first note is played. A quiet coffee moment, a review of daily schedules, and a quick skim of listener analytics on Spotify for Artists. This early glance offers a sense of where the music has traveled since its release and what audiences are responding to in real time. It’s a practical habit: understanding trends without losing sight of the art that sparked the journey in the first place.

Preparation meets performance. The studio becomes a familiar second home, a place where songs are nurtured, altered, and sometimes reimagined. Cody’s approach blends traditional country sensibilities with contemporary production choices, honoring the stories at the heart of each track while leveraging Spotify’s platform to reach listeners in real time. During sessions, you’ll hear a careful balance of collaboration and intentional solitude—discussions about lyric clarity, vocal texture, and the nuance of instrumentation that serves the story without overpowering it.

Fan connection as a constant thread. A hallmark of Cody’s presence on Spotify is the ongoing conversation with listeners. Playlists, personal anecdotes, and behind-the-scenes clips become bridges that extend the album experience beyond the tracks themselves. This is where the data meets humanity: chart positions and percentage increases are celebrated, yet the focus remains on how the music lands in people’s everyday lives—road trips, quiet evenings at home, and the moments in between where a chorus quietly resonates.

Tour life and the storytelling arc. When the road beckons, the routine shifts, but the principle remains the same: storytelling through song. Onstage, the energy is a live conversation with the audience, each performance shaping future material and refining what listeners are craving next. Spotify’s streaming data helps tune setlists and discover which narratives are evolving in real time, ensuring that the live show continues to feel intimate, personal, and immediately relevant.

Craft, continuity, and the future. The day’s end often returns to reflection—listening back to recent releases, noting listener feedback, and planning the next phase of recording and distribution. The discipline to refine without compromising authenticity is what sustains momentum across seasons of touring and release cycles. Spotify serves as a two-way street: a distribution platform and a listening garden where the songs grow through ongoing engagement with fans around the world.

In sum, a day in the life with Cody Johnson, as observed through Spotify, is less a checklist and more a continuous conversation. It’s about balancing craft with audience insight, honoring tradition while embracing innovation, and keeping the storytelling at the center of every decision. The result is a catalog that feels both timeless and timely—music that travels far, yet remains deeply personal for those who press play.

### [24/7 Video Game](https://www.youtube.com/@247videogame)

All the best video games, all the time. Watch no commentary gaming videos live and on demand. By Adrian M ThePRO the [Game Professional](https://www.reddit.com/user/gameprofessional).

#### **[Join The Pro Gamers Community](https://www.247videogame.com/progamers)**

• You are a pro gamer! • Share your content! • Get discovered!

Join The Pro Gamers Community on social media or [login](https://247videogame.com/log-in) to 24/7 Video Game and submit your posts right to this website.

##### **[Up Game Shop](https://www.UpGameShop.com)**

New & used video games, consoles, handhelds, retro, and gaming merchandise. Up Game Shop has the latest and greatest video game deals on the internet.

[![](https://i0.wp.com/247videogame.com/wp-content/uploads/2026/07/hqdefault-865.jpg?resize=640%2C640&ssl=1 ""hqdefault-865-jpg"")](https://i0.wp.com/247videogame.com/wp-content/uploads/2026/07/hqdefault-865.jpg?ssl=1)

  
July 11, 2026 at 05:16PM  
[More Information](https://247videogame.com/day-in-the-life-with-cody-johnson-spotify-2/)  
Follow for more content like this.  
[24/7 Video Game](https://www.247videogame.com)  
All of the best video games, all of the time.  
[YouTube](https://www.youtube.com/@247videogame)  
[Twitch](https://www.twitch.tv/247videogamecom)  
[Kick](https://kick.com/247videogame)  
[Facebook](https://www.facebook.com/247VideoGame)  
[Instagram](https://www.instagram.com/247videogame)  
[Reddit](https://www.reddit.com/r/247videogame)  
[TikTok](https://www.tiktok.com/@247videogame)  
[X](https://x.com/247VideoGame)  
[Up Game Shop](https://www.UpGameShop.com)  
Donate To  
[St. Jude's Children's Research Hospital](https://fundraising.stjude.org/site/TR?px=9020792&fr\_id=162728&pg=personal)",1,1783804910.0,Tekkens,0,1.0,False
1utw36c,https://www.reddit.com/r/UpGameShop/comments/1utw36c/game_shop_day_in_the_life_with_cody_johnson/,⬆️ Game Shop | Day In The Life with Cody Johnson | Spotify,"# **Day In The Life with Cody Johnson | Spotify**

[![Day In The Life with Cody Johnson | Spotify> </a> </div> <div style=](https://i0.wp.com/i1.ytimg.com/vi/xNmi_OxLDvs/hqdefault.jpg?w=640&ssl=1)](https://www.youtube.com/watch?v=xNmi_OxLDvs)

Cody Johnson isn’t slowing down. With a career built on staying true to himself, he’s entering a new era. Getting ready to release his new album, ‘Banks Of The Trinity,’ Cody is full speed ahead.

In this episode of ‘Day In The Life,’ go behind the scenes as Cody Johnson prepares for his sold-out show in Rosemont, Illinois. He carves in a workout, takes time for himself on the golf simulator, soundchecks with the band, and has a meet-and-greet with fans. Cody also opens up about his musical journey, his family, the ACM Awards, what fans can expect from ‘Banks Of The Trinity,’ and more.

Chapters/Timestamps: 0:00 Intro 0:30 Cody works out with Jason, his bodyguard 0:55 Trim time 1:02 Cody talks about small-town living 1:19 Cody checks out the venue and rehearses 2:13 Dad and Ranch life 3:00 Opens up about Life through the Years 4:47 Team golfs with a golfing simulator 5:23 Cody creates viral videos with the openers 6:02 Soundcheck 6:20 Cody shares the inspiration behind ‘Banks Of The Trinity’ 6:52 Meet and Greet 7:36 Warm Up 7:44 Cody’s RODEOHOUSTON story 8:14 Cody hits the Stage 9:03 Outro

## **[Day In The Life with Cody Johnson | Spotify](https://www.youtube.com/watch?v=xNmi_OxLDvs)**

In today’s feature, we step inside a day in the life of Cody Johnson as captured through the lens of Spotify. This isn’t merely a routine; it’s a window into the rhythms, decisions, and moments that shape a musician’s everyday work—from creation to connection, and the quiet rituals that keep a touring artist grounded.

Morning rituals set the tempo. The day often begins with a slice of stillness before the first note is played. A quiet coffee moment, a review of daily schedules, and a quick skim of listener analytics on Spotify for Artists. This early glance offers a sense of where the music has traveled since its release and what audiences are responding to in real time. It’s a practical habit: understanding trends without losing sight of the art that sparked the journey in the first place.

Preparation meets performance. The studio becomes a familiar second home, a place where songs are nurtured, altered, and sometimes reimagined. Cody’s approach blends traditional country sensibilities with contemporary production choices, honoring the stories at the heart of each track while leveraging Spotify’s platform to reach listeners in real time. During sessions, you’ll hear a careful balance of collaboration and intentional solitude—discussions about lyric clarity, vocal texture, and the nuance of instrumentation that serves the story without overpowering it.

Fan connection as a constant thread. A hallmark of Cody’s presence on Spotify is the ongoing conversation with listeners. Playlists, personal anecdotes, and behind-the-scenes clips become bridges that extend the album experience beyond the tracks themselves. This is where the data meets humanity: chart positions and percentage increases are celebrated, yet the focus remains on how the music lands in people’s everyday lives—road trips, quiet evenings at home, and the moments in between where a chorus quietly resonates.

Tour life and the storytelling arc. When the road beckons, the routine shifts, but the principle remains the same: storytelling through song. Onstage, the energy is a live conversation with the audience, each performance shaping future material and refining what listeners are craving next. Spotify’s streaming data helps tune setlists and discover which narratives are evolving in real time, ensuring that the live show continues to feel intimate, personal, and immediately relevant.

Craft, continuity, and the future. The day’s end often returns to reflection—listening back to recent releases, noting listener feedback, and planning the next phase of recording and distribution. The discipline to refine without compromising authenticity is what sustains momentum across seasons of touring and release cycles. Spotify serves as a two-way street: a distribution platform and a listening garden where the songs grow through ongoing engagement with fans around the world.

In sum, a day in the life with Cody Johnson, as observed through Spotify, is less a checklist and more a continuous conversation. It’s about balancing craft with audience insight, honoring tradition while embracing innovation, and keeping the storytelling at the center of every decision. The result is a catalog that feels both timeless and timely—music that travels far, yet remains deeply personal for those who press play.

### [24/7 Video Game](https://www.youtube.com/@247videogame)

All the best video games, all the time. Watch no commentary gaming videos live and on demand. By Adrian M ThePRO the [Game Professional](https://www.reddit.com/user/gameprofessional).

#### **[Join The Pro Gamers Community](https://www.247videogame.com/progamers)**

• You are a pro gamer! • Share your content! • Get discovered!

Join The Pro Gamers Community on social media or [login](https://247videogame.com/log-in) to 24/7 Video Game and submit your posts right to this website.

##### **[Up Game Shop](https://www.UpGameShop.com)**

New & used video games, consoles, handhelds, retro, and gaming merchandise. Up Game Shop has the latest and greatest video game deals on the internet.

[![](https://i0.wp.com/247videogame.com/wp-content/uploads/2026/07/hqdefault-865.jpg?resize=640%2C640&ssl=1 ""hqdefault-865-jpg"")](https://i0.wp.com/247videogame.com/wp-content/uploads/2026/07/hqdefault-865.jpg?ssl=1)

  
July 11, 2026 at 05:16PM  
[More Information](https://247videogame.com/day-in-the-life-with-cody-johnson-spotify-2/)  
Follow for more content like this.  
[24/7 Video Game](https://www.247videogame.com)  
All of the best video games, all of the time.  
[YouTube](https://www.youtube.com/@247videogame)  
[Twitch](https://www.twitch.tv/247videogamecom)  
[Kick](https://kick.com/247videogame)  
[Facebook](https://www.facebook.com/247VideoGame)  
[Instagram](https://www.instagram.com/247videogame)  
[Reddit](https://www.reddit.com/r/247videogame)  
[TikTok](https://www.tiktok.com/@247videogame)  
[X](https://x.com/247VideoGame)  
[Up Game Shop](https://www.UpGameShop.com)  
Donate To  
[St. Jude's Children's Research Hospital](https://fundraising.stjude.org/site/TR?px=9020792&fr\_id=162728&pg=personal)",1,1783804910.0,UpGameShop,0,1.0,False
1utw363,https://www.reddit.com/r/247videogame/comments/1utw363/247_video_game_day_in_the_life_with_cody_johnson/,🌐 24/7 Video Game | Day In The Life with Cody Johnson | Spotify,"# **Day In The Life with Cody Johnson | Spotify**

[![Day In The Life with Cody Johnson | Spotify> </a> </div> <div style=](https://i0.wp.com/i1.ytimg.com/vi/xNmi_OxLDvs/hqdefault.jpg?w=640&ssl=1)](https://www.youtube.com/watch?v=xNmi_OxLDvs)

Cody Johnson isn’t slowing down. With a career built on staying true to himself, he’s entering a new era. Getting ready to release his new album, ‘Banks Of The Trinity,’ Cody is full speed ahead.

In this episode of ‘Day In The Life,’ go behind the scenes as Cody Johnson prepares for his sold-out show in Rosemont, Illinois. He carves in a workout, takes time for himself on the golf simulator, soundchecks with the band, and has a meet-and-greet with fans. Cody also opens up about his musical journey, his family, the ACM Awards, what fans can expect from ‘Banks Of The Trinity,’ and more.

Chapters/Timestamps: 0:00 Intro 0:30 Cody works out with Jason, his bodyguard 0:55 Trim time 1:02 Cody talks about small-town living 1:19 Cody checks out the venue and rehearses 2:13 Dad and Ranch life 3:00 Opens up about Life through the Years 4:47 Team golfs with a golfing simulator 5:23 Cody creates viral videos with the openers 6:02 Soundcheck 6:20 Cody shares the inspiration behind ‘Banks Of The Trinity’ 6:52 Meet and Greet 7:36 Warm Up 7:44 Cody’s RODEOHOUSTON story 8:14 Cody hits the Stage 9:03 Outro

## **[Day In The Life with Cody Johnson | Spotify](https://www.youtube.com/watch?v=xNmi_OxLDvs)**

In today’s feature, we step inside a day in the life of Cody Johnson as captured through the lens of Spotify. This isn’t merely a routine; it’s a window into the rhythms, decisions, and moments that shape a musician’s everyday work—from creation to connection, and the quiet rituals that keep a touring artist grounded.

Morning rituals set the tempo. The day often begins with a slice of stillness before the first note is played. A quiet coffee moment, a review of daily schedules, and a quick skim of listener analytics on Spotify for Artists. This early glance offers a sense of where the music has traveled since its release and what audiences are responding to in real time. It’s a practical habit: understanding trends without losing sight of the art that sparked the journey in the first place.

Preparation meets performance. The studio becomes a familiar second home, a place where songs are nurtured, altered, and sometimes reimagined. Cody’s approach blends traditional country sensibilities with contemporary production choices, honoring the stories at the heart of each track while leveraging Spotify’s platform to reach listeners in real time. During sessions, you’ll hear a careful balance of collaboration and intentional solitude—discussions about lyric clarity, vocal texture, and the nuance of instrumentation that serves the story without overpowering it.

Fan connection as a constant thread. A hallmark of Cody’s presence on Spotify is the ongoing conversation with listeners. Playlists, personal anecdotes, and behind-the-scenes clips become bridges that extend the album experience beyond the tracks themselves. This is where the data meets humanity: chart positions and percentage increases are celebrated, yet the focus remains on how the music lands in people’s everyday lives—road trips, quiet evenings at home, and the moments in between where a chorus quietly resonates.

Tour life and the storytelling arc. When the road beckons, the routine shifts, but the principle remains the same: storytelling through song. Onstage, the energy is a live conversation with the audience, each performance shaping future material and refining what listeners are craving next. Spotify’s streaming data helps tune setlists and discover which narratives are evolving in real time, ensuring that the live show continues to feel intimate, personal, and immediately relevant.

Craft, continuity, and the future. The day’s end often returns to reflection—listening back to recent releases, noting listener feedback, and planning the next phase of recording and distribution. The discipline to refine without compromising authenticity is what sustains momentum across seasons of touring and release cycles. Spotify serves as a two-way street: a distribution platform and a listening garden where the songs grow through ongoing engagement with fans around the world.

In sum, a day in the life with Cody Johnson, as observed through Spotify, is less a checklist and more a continuous conversation. It’s about balancing craft with audience insight, honoring tradition while embracing innovation, and keeping the storytelling at the center of every decision. The result is a catalog that feels both timeless and timely—music that travels far, yet remains deeply personal for those who press play.

### [24/7 Video Game](https://www.youtube.com/@247videogame)

All the best video games, all the time. Watch no commentary gaming videos live and on demand. By Adrian M ThePRO the [Game Professional](https://www.reddit.com/user/gameprofessional).

#### **[Join The Pro Gamers Community](https://www.247videogame.com/progamers)**

• You are a pro gamer! • Share your content! • Get discovered!

Join The Pro Gamers Community on social media or [login](https://247videogame.com/log-in) to 24/7 Video Game and submit your posts right to this website.

##### **[Up Game Shop](https://www.UpGameShop.com)**

New & used video games, consoles, handhelds, retro, and gaming merchandise. Up Game Shop has the latest and greatest video game deals on the internet.

[![](https://i0.wp.com/247videogame.com/wp-content/uploads/2026/07/hqdefault-865.jpg?resize=640%2C640&ssl=1 ""hqdefault-865-jpg"")](https://i0.wp.com/247videogame.com/wp-content/uploads/2026/07/hqdefault-865.jpg?ssl=1)

  
July 11, 2026 at 05:16PM  
[More Information](https://247videogame.com/day-in-the-life-with-cody-johnson-spotify-2/)  
Follow for more content like this.  
[24/7 Video Game](https://www.247videogame.com)  
All of the best video games, all of the time.  
[YouTube](https://www.youtube.com/@247videogame)  
[Twitch](https://www.twitch.tv/247videogamecom)  
[Kick](https://kick.com/247videogame)  
[Facebook](https://www.facebook.com/247VideoGame)  
[Instagram](https://www.instagram.com/247videogame)  
[Reddit](https://www.reddit.com/r/247videogame)  
[TikTok](https://www.tiktok.com/@247videogame)  
[X](https://x.com/247VideoGame)  
[Up Game Shop](https://www.UpGameShop.com)  
Donate To  
[St. Jude's Children's Research Hospital](https://fundraising.stjude.org/site/TR?px=9020792&fr\_id=162728&pg=personal)",1,1783804910.0,247videogame,0,1.0,False
1utw35q,https://www.reddit.com/r/GameProfessional/comments/1utw35q/game_professional_day_in_the_life_with_cody/,🏆 Game Professional | Day In The Life with Cody Johnson | Spotify,"# **Day In The Life with Cody Johnson | Spotify**

[![Day In The Life with Cody Johnson | Spotify> </a> </div> <div style=](https://i0.wp.com/i1.ytimg.com/vi/xNmi_OxLDvs/hqdefault.jpg?w=640&ssl=1)](https://www.youtube.com/watch?v=xNmi_OxLDvs)

Cody Johnson isn’t slowing down. With a career built on staying true to himself, he’s entering a new era. Getting ready to release his new album, ‘Banks Of The Trinity,’ Cody is full speed ahead.

In this episode of ‘Day In The Life,’ go behind the scenes as Cody Johnson prepares for his sold-out show in Rosemont, Illinois. He carves in a workout, takes time for himself on the golf simulator, soundchecks with the band, and has a meet-and-greet with fans. Cody also opens up about his musical journey, his family, the ACM Awards, what fans can expect from ‘Banks Of The Trinity,’ and more.

Chapters/Timestamps: 0:00 Intro 0:30 Cody works out with Jason, his bodyguard 0:55 Trim time 1:02 Cody talks about small-town living 1:19 Cody checks out the venue and rehearses 2:13 Dad and Ranch life 3:00 Opens up about Life through the Years 4:47 Team golfs with a golfing simulator 5:23 Cody creates viral videos with the openers 6:02 Soundcheck 6:20 Cody shares the inspiration behind ‘Banks Of The Trinity’ 6:52 Meet and Greet 7:36 Warm Up 7:44 Cody’s RODEOHOUSTON story 8:14 Cody hits the Stage 9:03 Outro

## **[Day In The Life with Cody Johnson | Spotify](https://www.youtube.com/watch?v=xNmi_OxLDvs)**

In today’s feature, we step inside a day in the life of Cody Johnson as captured through the lens of Spotify. This isn’t merely a routine; it’s a window into the rhythms, decisions, and moments that shape a musician’s everyday work—from creation to connection, and the quiet rituals that keep a touring artist grounded.

Morning rituals set the tempo. The day often begins with a slice of stillness before the first note is played. A quiet coffee moment, a review of daily schedules, and a quick skim of listener analytics on Spotify for Artists. This early glance offers a sense of where the music has traveled since its release and what audiences are responding to in real time. It’s a practical habit: understanding trends without losing sight of the art that sparked the journey in the first place.

Preparation meets performance. The studio becomes a familiar second home, a place where songs are nurtured, altered, and sometimes reimagined. Cody’s approach blends traditional country sensibilities with contemporary production choices, honoring the stories at the heart of each track while leveraging Spotify’s platform to reach listeners in real time. During sessions, you’ll hear a careful balance of collaboration and intentional solitude—discussions about lyric clarity, vocal texture, and the nuance of instrumentation that serves the story without overpowering it.

Fan connection as a constant thread. A hallmark of Cody’s presence on Spotify is the ongoing conversation with listeners. Playlists, personal anecdotes, and behind-the-scenes clips become bridges that extend the album experience beyond the tracks themselves. This is where the data meets humanity: chart positions and percentage increases are celebrated, yet the focus remains on how the music lands in people’s everyday lives—road trips, quiet evenings at home, and the moments in between where a chorus quietly resonates.

Tour life and the storytelling arc. When the road beckons, the routine shifts, but the principle remains the same: storytelling through song. Onstage, the energy is a live conversation with the audience, each performance shaping future material and refining what listeners are craving next. Spotify’s streaming data helps tune setlists and discover which narratives are evolving in real time, ensuring that the live show continues to feel intimate, personal, and immediately relevant.

Craft, continuity, and the future. The day’s end often returns to reflection—listening back to recent releases, noting listener feedback, and planning the next phase of recording and distribution. The discipline to refine without compromising authenticity is what sustains momentum across seasons of touring and release cycles. Spotify serves as a two-way street: a distribution platform and a listening garden where the songs grow through ongoing engagement with fans around the world.

In sum, a day in the life with Cody Johnson, as observed through Spotify, is less a checklist and more a continuous conversation. It’s about balancing craft with audience insight, honoring tradition while embracing innovation, and keeping the storytelling at the center of every decision. The result is a catalog that feels both timeless and timely—music that travels far, yet remains deeply personal for those who press play.

### [24/7 Video Game](https://www.youtube.com/@247videogame)

All the best video games, all the time. Watch no commentary gaming videos live and on demand. By Adrian M ThePRO the [Game Professional](https://www.reddit.com/user/gameprofessional).

#### **[Join The Pro Gamers Community](https://www.247videogame.com/progamers)**

• You are a pro gamer! • Share your content! • Get discovered!

Join The Pro Gamers Community on social media or [login](https://247videogame.com/log-in) to 24/7 Video Game and submit your posts right to this website.

##### **[Up Game Shop](https://www.UpGameShop.com)**

New & used video games, consoles, handhelds, retro, and gaming merchandise. Up Game Shop has the latest and greatest video game deals on the internet.

[![](https://i0.wp.com/247videogame.com/wp-content/uploads/2026/07/hqdefault-865.jpg?resize=640%2C640&ssl=1 ""hqdefault-865-jpg"")](https://i0.wp.com/247videogame.com/wp-content/uploads/2026/07/hqdefault-865.jpg?ssl=1)

  
July 11, 2026 at 05:16PM  
[More Information](https://247videogame.com/day-in-the-life-with-cody-johnson-spotify-2/)  
Follow for more content like this.  
[24/7 Video Game](https://www.247videogame.com)  
All of the best video games, all of the time.  
[YouTube](https://www.youtube.com/@247videogame)  
[Twitch](https://www.twitch.tv/247videogamecom)  
[Kick](https://kick.com/247videogame)  
[Facebook](https://www.facebook.com/247VideoGame)  
[Instagram](https://www.instagram.com/247videogame)  
[Reddit](https://www.reddit.com/r/247videogame)  
[TikTok](https://www.tiktok.com/@247videogame)  
[X](https://x.com/247VideoGame)  
[Up Game Shop](https://www.UpGameShop.com)  
Donate To  
[St. Jude's Children's Research Hospital](https://fundraising.stjude.org/site/TR?px=9020792&fr\_id=162728&pg=personal)",1,1783804909.0,GameProfessional,0,1.0,False
1utw2cs,https://www.reddit.com/r/FriendsOver40/comments/1utw2cs/41m_long_island_looking_for_friends_to_explore/,41M | Long Island | Looking for Friends to Explore NYC & LI,"Hi everyone! I’m a 41-year-old guy from Suffolk County on Long Island looking to meet new people and build a social circle.    
A little about me: I enjoy hiking, beaches, coffee, trying new restaurants, live music, EDM shows, traveling (especially Colombia), and exploring NYC. I’m easygoing, reliable, and always up for good conversation or checking out something new.    
I’m looking for genuine friendships—whether it’s grabbing coffee, going for a hike, exploring the city, or just hanging out. I usually have \*\*Thursday through Saturday\*\* free, so those are the best days for me to meet up. If you’re around Long Island or NYC and think we’d get along, feel free to send me a message!",1,1783804851.0,FriendsOver40,0,0.67,False
1utw1x6,https://www.reddit.com/r/r4r/comments/1utw1x6/32_m4f_louisiana_online_music_obsessed_silly/,32 [M4F] Louisiana/ Online - Music obsessed silly goose looking for an equally enthusiastic silly goosette,"If you resonate with the passionate drama of David Lynch characters, I implore you to keep reading, as that's the kind of magic I'm looking for. The romantic expression of admiration over a 2am cup of coffee, long drives in silence drinking in each other's presence. If you know, you know.

I'm a hopeless romantic, big on enthusiasm and praise for my partner. 

I'm not young anymore, but I'm not old. I'm 32. 6 feet tall, chubby. Big guy. Great hugs, can most definitely pick you up. White, if that matters. Short hair, great beard. Sometimes the hair is long, sometimes short. This Louisiana heat is keeping it short for me lately.

Single, no children. Don't want children. Got snipped to prevent children. I expend whatever paternal energy I have on my friends and my two rescue dogs. I'm not religious, very liberal, open-minded, and non-judgemental. ACAB, Fuck ICE, Free Palestine. Takes all sorts to make a world but you don't get to be a fuckass.

Big fan of open and honest communication, but I am in my heart the silliest of gooses, and will crack a joke at the most inopportune time. Jester's privilege and all that. I'm also a huge flirt, so I hope you bring a similar energy.

I watch way too many movies ( a lot of horror) and listen to way too much music (a lot of metal). Even TV is getting some love lately with stuff like The Pitt, From, Widow's Bay (and maybe this latest season of Love Island 🤫). I love all kinds of movies and music though, so don't think I'm some dark and brooding misanthrope, and I'm definitely not snooty. I like haute french cuisine and late night taco bell.

I've got my life pretty in order, got my own house, own car, all that jazz, gainfully employed and set in my career. I've got my lovely group of friends, and now I'd like someone to join me on whatever journey would come next. I mentioned that I'm open minded so any AFAB or feminine presenting folks are welcome, but please be from the US. I'm obviously open to a long distance relationship as I know no one will be answering this post from the US south (lol), but outside of the US timezones are just too different.

Hopefully any of this sounds interesting. Please send me a chat if it does, with just a smidge of effort if you don't mind. If I don't sound interesting, I wish you all the best out there :)",1,1783804821.0,r4r,1,1.0,False
1utw1sr,https://i.redd.it/osrefbtq1och1.png,Nakakapagod mag palipat lipat ng Calculator at Notes kaya gumawa ako ng NoteCalc. Nakakaproud lang my first paying user is kapwa Pinoy,"Hello po

Solo dev here at madalas ako mag compute bills tuwing kinsenas katapusan. Nakakainis kapag palipat lipat ka ng calculator at notes para lang lumipat lipat pag calculate ng expenses and bills.

Imbis na ganto na lang lagi gumawa ako ng app NoteCalc basically notepad na calculator siya pwede ka mag notes sa left side habang yung result is sa right side diba no need na lagyan ng equals katulad sa apple notes. Pwede karin gumamit ng variables para magamit mo yung total sa ibang notes or sa ibang side

Notecalc available po siya sa [MacOS](https://apps.apple.com/ph/app/notecalc-notepad-calculator/id6737917127), [Android](https://play.google.com/store/apps/details?id=com.nikko.ferwelo.bank_buddies_ph&hl=en) and [iOS](https://apps.apple.com/ph/app/notecalc-notepad-calculator/id6737917127). No data collection po

Gusto ko lang sana humingi ng feedback o suggestions mula sa inyo kung sa tingin niyo ba ay makakatulong ito sa workflow niyo

Thank you po",27,1783804814.0,buhaydigital,7,0.86,False
1utw1gl,https://www.reddit.com/r/Mosaic/comments/1utw1gl/best_mosaic_substrate_for_coffee_cups_cut_in_half/,Best mosaic substrate for coffee cups cut in half and hanging advice,I want to make a mosaic with coffee cups or bowls cut in half. Thinking of using hardi backer board and thinset. Is this the best option? Any ideas on how to hang this since it will be heavy? TIA.,1,1783804792.0,Mosaic,0,1.0,False
1utw1ep,https://www.reddit.com/r/ptsd/comments/1utw1ep/victim_of_theft_and_i_feel_misunderstood/,Victim of theft and I feel misunderstood,"tldr: I’m just looking for some support or validation for my feelings about being a recent victim of theft.

A little over a week ago, I was sitting at a table outside a coffee shop, reading my book and enjoying a coffee. I had my bag on the table in front of me because I’m always very anxious/ conscious of having my personal possessions in my line of sight when in public— sometimes I will even sit on the strap of my bag to be extra safe, but not this time. 

Suddenly a woman ran up from behind me and snatched my bag off the table. I was so startled, but I jumped up immediately and ran after her. My glasses fell on the ground as I was running as fast as I could and screaming. I’m not in good shape so I knew it was hopeless. But there was a man in her path, and I screamed “help! stop her!” and he just let her go, and when I finally stopped chasing, I looked at him and he just shrugged.

I’m pretty broke so there was nothing of significant value (to the thief) in the bag. I wasn’t hurt, she didn’t threaten me. But it felt violating and violent nonetheless. I keep replaying it in my mind over and over. I’m anxious in public because I feel that if one of my anxieties can happen, any of them can. But I think because not much of monetary value was taken and I wasn’t threatened, people I talk to about it don‘t seem to understand how traumatized I feel. it feels like my sense of relative safety was robbed from me. I already have anxiety and depression and this just compounded it. 

if anyone has any words of advice, support, or has been in a similar situation, it would help me feel a little less alone. Thanks.",2,1783804788.0,ptsd,1,1.0,False
1utw1b2,https://www.reddit.com/r/Evony_TKR/comments/1utw1b2/update_i_stopped_chasing_perfect_generals_rebuilt/,"Update: I stopped chasing perfect generals, rebuilt my presets, and my scores actually improved","A few weeks ago I posted as the low spender asking for a sane routine. I play in short phone check-ins (coffee, lunch, quick night session) and the advice to simplify stuck with me. It fixed a problem I did not realize I had created: I was losing points by constantly swapping marches and gear.

  
What I tried:

\- Locked three march presets and promised myself I would not edit them for two weeks unless I pulled a clear upgrade.

\- Picked one main PvP march and put all my best refines and dragon gear on it. The other two became purely PvE (one for bossing, one for gathering).

\- Stopped forcing every new general into a march. If I could not immediately finish skillbooks and assign a decent assistant, they stayed benched.

  
Results after two weeks:

\- I get into rallies faster because I am not stuck in gear screens when the horn blows.

\- My battlefield and SvS scores are up even though overall power is basically the same. I suspect that comes from fewer bad hits and fewer wasted marches.

\- Refining is less chaotic since I stopped spreading good stats across four half-built sets.

  
Question for people who have run with this longer: when do you allow yourself to break the preset rule? Only when you can immediately finish skillbooks and pair an assistant, or do you swap sooner if a new general is a meaningful upgrade even if not fully built yet?

  
Trying to keep this sustainable and not slide back into tinkering every day.",0,1783804781.0,Evony_TKR,4,0.33,False
1utw18h,https://www.reddit.com/gallery/1utw18h,Honored to have her displayed,Was asked to display the car for a Cars & Coffee event. 2 weeks in the showroom. ,14,1783804775.0,C8Corvette,0,1.0,False
1utw158,https://i.redd.it/lircbxj13och1.png,New Mountain‑Themed Mugs for Outdoor Fans,"I’ve been working on new outdoor‑themed designs for SnapPeak Studios, and these mugs turned out way better than I expected.

Each mug features a detailed mountain sunset scene — one with a campfire and one with a camper van by the lake. They’re perfect for anyone who loves camping, hiking, or just wants a cozy, adventure‑vibe mug for their morning coffee.

* High‑quality ceramic
* Vibrant outdoor artwork
* Dishwasher safe
* Great gift for campers and travelers

If you want to check them out or grab one, they’re available here: [**SnapPeakStudios.com**](http://SnapPeakStudios.com)

Happy adventuring.",1,1783804769.0,u_SnapPeakLLC,0,1.0,False
1utw0pk,https://www.reddit.com/r/Book_Buddies/comments/1utw0pk/book_club_in_bahrain/,Book club in Bahrain? 📖🇧🇭,"Hy, I was wondering if there is any book club in Bahrain? I love reading and I would like to hear others opinions about fictional and non fictional books. If someone knows a place or even a coffee shop that offers this kind of activities please text. If there isn’t and someone is also interested, let’s gather and share ideas 💡 ",1,1783804738.0,Book_Buddies,0,1.0,False
1utvzzr,https://www.reddit.com/gallery/1utvzzr,Pyrozynical,"Reddit bugged out, so this is my new account. i made the original Pyrozynical image, and since he has been reviewing the reddit on new videos, i thought that i should shoot my shot at reposting it for the 7th time.",0,1783804687.0,pyrocynical,0,0.5,False
1utvwm3,https://www.reddit.com/r/shimla/comments/1utvwm3/a_girl_in_orange_top_i_saw_at_rocky_knob/,A girl in orange top I saw at Rocky Knob,"So this one is basically a confession for someone i saw at Rocky Knob today, shaam ko. You were wearing an Orange Top and Jeans..and honestly you looked beautiful ngl. The way you carry yourself and your innocence is what makes me search for you. You were with your friends I believe. 

So yeah…still looking for you, fingers crossed💯💫  
If this reaches you, I would be happy to have a coffee and a conversation perhaps 😊, and if anyone of her friends see this, let her know and do what’s needed.🤝",1,1783804454.0,shimla,2,1.0,False
1utvw8s,https://i.redd.it/nwvp2nv42och1.png,Surprised I havent seen anyone talk about the unfinished yamato/paige interraction,Potential new ship?,129,1783804428.0,DeadlockTheGame,12,0.99,False
1utvw1u,https://i.redd.it/mvvic3lc2och1.jpeg,Looking for this?,"Not too long ago I read a post of someone looking for their favorite food puzzle. I’ve scrolled way back and can’t find the post now, but if that was you and this is the puzzle you’re looking for, feel free to send me a message! ",4,1783804415.0,Jigsawpuzzles,0,1.0,False
1utvvsl,https://www.reddit.com/r/AmazonFC/comments/1utvvsl/fun_times_at_btr1/,Fun times at BTR1!,"I knew today was gonna be a Day when I decided to let the cats win and cuddled them an extra half hour with my morning coffee. Everything's fine until after first break, when the lights just go out. You know that ominous whirr as things power down? I could hear it through my shitty amazon headphones. I finish packing my RUM bag in the dark and the power comes back on, but none of the stations boot up. Cue the manager roundup, and to flow we go!

Flow is Hot because however many bodies in the warehouse are now all gathered there, and the red vests are trying to scan everyone in. We wait half an hour for that, and then get told, ""you don't have to go home, but you can't stay here."" So I go home, with plans to be back at 3 like the dutiful worker drone I am. I live close, thankfully, and I did my dailies in Limbus Company and Persona Phantom X. By 2:40, I'm back in my car, and then I pull up to a stopped line of cars outside the building.

Okay, it'll take a while to scan everyone in, that's fine. But then it turned to half an hour. And the VOA lights up with people complaining about not being able to get in. I'm trapped in the right lane as people pull to the left and stop obediently, just waiting to go stop thinking and dissociate for two more hours at this point. When there was an opening, I darted out and found a nearby parking lot to hang out in. And did I mention it's raining? Huge hella storm just dumping water on everyone and everything.

Finally, the line to get in starts moving! But why is the VOA board saying everyone got told to go home? I reluctantly get back in line to go put the adult paraphernalia in the designated receptacle. After agonizing minutes punctuated by the sick beats of a  Blinded By Light mix from Lightning Returns, I see the truth: The cars are being routed out to the street. The line is now a lie. And the roads are flooding.

To my compatriots in suffering: I hear you, and we'll insert chat GPT coddling here. But seriously. I feel bad for the people who walk or rideshare to work after being told to come back. Not to mention the confused bystanders wondering why their way to Raising Canes was blocked by all this traffic. Wonder if it'll end up on the news?

I hope you enjoyed today's story while I kick off my safety shoes and load into some Hoyo gachas, or FFXIV. Still have jobs to get to 100, and gachas already almost cost my my fictional house in the Goblet. Should pop in to feed my retainers every now and then.

Edit for update and fixing a typo + removing a redundant sentence: They sent out the official site closure email at 4:18. Smh.

Edit 2 to change the time in the first edit, and to drop the link to that sick song I was listening to. It's this one: [https://music.youtube.com/watch?v=Mg3Kp5mIqYk&si=wc8bA44zQjulqzNh](https://music.youtube.com/watch?v=Mg3Kp5mIqYk&si=wc8bA44zQjulqzNh)",6,1783804397.0,AmazonFC,7,0.88,False
1utvv7q,https://i.redd.it/utmb4r832och1.png,Coffee Wow,"I work in a Gen 3 test store in the TUL div. They have hit the hot side...

Hot side of the coffee wow has been replaced with 2 powder cappuccino machines. 

I don't want to send a pic and risk a reprimand because it wouldn't be hard to find + I'm anon.

Ask me questions tho",13,1783804355.0,QuikTrip,5,0.94,False
1utvtuy,https://www.reddit.com/r/vancouverdating/comments/1utvtuy/m4w/,M4W,"I am Gen' X 

6 ft tall, healthy, physically fit & happy. 

I'm a confident calm communicator, I'm also Sarcastic, cheeky playful and honest. 

Emotionally stable, available and vulnerable. 

I'm financially stable, I'm gainfully employed. 

I live and work in Vancouver BC 

No kids, pets, smoking or drugs 

Not into sports, fishing or hunting

Never married

And absofukinlutely No country music. 

I love motorcycles, music, dancing, coffee, Tacos, sushi, BBQ, Scotch, tequila and gin. Patios, sunshine, banter and laughter. 

Every episode of every season. 
The Wire! Game of thrones and Pluribus 

Prince, before Micheal Jackson

I prefer Room service, not camping 

They should've never let him back into office

and you don't have to, but I'd appreciate it if you laughed at my bad dad jokes 

I am looking... Searching for just one woman who desires to be loved, cherished and championed.

Loves to laugh, enjoys thought provoking conversation, is active, spontaneous and loves to live. 

Takes care of her self, her business and the ones she loves. 

If you're a woman who has any interest in adding a strong, independent, dynamic black man to your life,... You know what to do",0,1783804250.0,vancouverdating,0,0.25,False
1utvtsb,https://i.redd.it/t521iqlu1och1.jpeg,Coffee & Crêpe! (OC),I very much enjoy doing artfight this year! This one’s an attack on https://artfight.net/\~bagelcollie featuring her beautiful fennec character Crepe ❤️,17,1783804245.0,furry,1,1.0,False
1utvta4,https://www.reddit.com/gallery/1utvta4,Kitchenette addition - coffee bar,"Client wanted a little coffee bar/nook but I also didn’t want to create a bulky addition to a small space (especially with it leading into the living room) - so I created this little area for them! It has outlets, I just take them out in post for a prettier pic. Compliment to the kitchen in my last post! ",23,1783804209.0,HomeDecorating,1,1.0,False
1utvt0s,https://www.reddit.com/gallery/1utvt0s,I'm an autistic trans Muslim woman in South America. I wrote an uplifting family-friendly comic about a queer Muslim woman superhero teaming up with her gf and a mutant chicken to stop a giant monster. This is a 13-page preview. Please support us on Kickstarter.,"Support the Kickstarter here: [https://www.kickstarter.com/projects/jamsheedstudios/kobra-olympus-issue-4-giant-armadillo-attack?ref=2p8cw1](https://www.kickstarter.com/projects/jamsheedstudios/kobra-olympus-issue-4-giant-armadillo-attack?ref=2p8cw1)

My name is Bijhan Agha. I'm an autistic Muslim trans Uruguayan of Iranian descent. The editor of my comic is my disabled nonbinary husband, an anti-Zionist Jewish person and pro-Palestine social activist here in Uruguay, RaeRae Sachs. We love science fiction and fantasy, including superhero media, but it's depressingly cis and het in general. We also love queer media, but a massive amount of it is about suffering and oppression. We wanted to make stories about queer joy and triumph in a world full of fantastic creatures and amazing powers.

Kobra Olympus is a soft-spoken transgender Muslim woman in Seattle in 2015. She was contacted by Human time travelers from the 161st Century, recruited into the Time Wars: an endless conflict between Humanity and Vampirekind for the fate of the galaxy. Using messages from the time travelers, and her high-tech cellphone full of future tech, Kobra lives a second life as the engimatic Agent Tha, Vampire hunter.

Now, Kobra Olympus is in a relationship with Dorothy Diamond, a queer punk woman who is outspoken with a strong moral compass and a ton of confidence. Dorothy is bringing Kobra out of her shell, and Kobra is helping Dorothy see the world with a fresh perspective. Their relationship is important to both of them, but Kobra's duties as Agent Tha take up a great deal of time.

In ""Issue #4: Giant Armadillo Attack!"", Kobra and Dorothy are surprised by a giant mutant armadillo attacking the city, and meet a humanoid chicken named Jack who explains that this is all part of a sinister plot by the Vampires. Together, the three of them need to figure out how to save the city and rewrite history for the better.

The Kickstarter is to print a First Edition version of the comic with a special border that won't be used in future versions. Rewards include PDFs, as well as physical copies; and back issues so you can catch up with the story so far.

We've met our goal, and our first stretch goal, which means everyone gets a digital art book with all kinds of behind-the-scenes looks at the sketches and designs we used to plan the comics. If we meet our next stretch goal, everyone will also get a short story depicting how Kobra was recruited into the Time Wars.

Please help us reach our next goal at the following link: [https://www.kickstarter.com/projects/jamsheedstudios/kobra-olympus-issue-4-giant-armadillo-attack?ref=2p8cw1](https://www.kickstarter.com/projects/jamsheedstudios/kobra-olympus-issue-4-giant-armadillo-attack?ref=2p8cw1)

If you'd like to join our community, get updates, and have access to digital versions of our other comics and novels, we have a Patreon with a free tier: [Patreon.com/JamsheedStudios](http://patreon.com/JamsheedStudios)

Thank you all, and I hope you enjoy this!",0,1783804192.0,QueerLeftists,3,0.5,False
1utvskg,https://www.reddit.com/r/DailyGrid/comments/1utvskg/junk_drawer_strands_puzzle_by_ucoffeeispeace/,Junk Drawer - Strands Puzzle by u/CoffeeIsPeace,This post contains content not supported on old Reddit. [Click here to view the full post](https://sh.reddit.com/r/DailyGrid/comments/1utvskg),7,1783804160.0,DailyGrid,1,1.0,False
1utvrgz,https://www.reddit.com/r/Crushes/comments/1utvrgz/i_got_my_work_crush/,I got my work crush!,"I made two posts in the past but don’t think they’ve got mod approval yet. Long story short, I (25F) started a new job, my colleague (22M) is both the hottest and sweetest man alive, and I was delulu and manifesting for a few weeks while we grabbed coffee, joined poker tournament and went for a cutesy walk — it all worked out, guys! Smoking on my balcony a few days ago, we had a “what are we”-talk, and turns out we both want the same thing! Now I’m the happiest woman alive in a non-exclusive friends-with-benefits situationship with a 6ft 2” Dutch guy. Heck yeah!",2,1783804083.0,Crushes,1,1.0,False
1utvrdi,https://www.reddit.com/gallery/1utvrdi,Need some help!,Friend ID - MGO679XNU672,1,1783804077.0,Monopoly_GO,1,1.0,False
1utvq9w,https://v.redd.it/vu1xgdumjlch1,A restaurant in the US announced that free coffee would be served to customers who entered dancing. This is what happened.,,1,1783803999.0,u_Entire-Fig3210,0,1.0,False
1utvp0s,https://www.reddit.com/gallery/1utvp0s,San Cristobal Golden Hour Review by Cigar Grail,"I was excited for this release the moment it was unveiled at PCA. As soon as it became available, I placed an order. An Ecuadorian Habano wrapper is almost always a good sign for me, and it’s one of my favorite wrappers on a cigar. 

Right out of the box, the presentation is outstanding. The Golden Hour is a beautiful cigar with eye catching bands and a clean, elegant appearance. I smoked the Bonito which is their Toro size and chose a V-cut.

The first draw immediately reminded me of a Padron 1964. It was effortless with plenty of smoke output. While some might consider that a sign the cigar is packed a little loose, it never became hot or burned too quickly. Instead, it delivered excellent flavor from start to finish with a razor straight burn.

The profile opens with cedar and a light natural sweetness, followed by subtle coffee notes and a touch of pepper. Paired with an espresso, the combination was excellent. As the cigar developed, the flavors became richer without losing balance. The retrohale was exceptionally smooth, bringing baking spices with very little bite.

Although it’s marketed as medium to full-bodied, I found it leaned closer to full strength. It delivered a satisfying nicotine kick while remaining refined and easy to enjoy.

Final Thoughts

The San Cristobal Golden Hour exceeded my expectations. It’s balanced, flavorful, well constructed, and smoked flawlessly. At around $12, I think it delivers exceptional value and punches well above its price point.

Rating 8.9/10

This is one I’ll definitely be keeping in the humidor, and it’s an easy recommendation for anyone who enjoys rich, balanced Nicaraguan cigars with an Ecuadorian Habano wrapper.",21,1783803909.0,cigar,6,0.93,False
1utvoca,https://www.reddit.com/r/OrthodoxChristianity/comments/1utvoca/friends_in_orthodoxy/,Friends in Orthodoxy,"I recently left a Protestant church that teaches its members to stop talking to people who leave. Starting my journey through orthodoxy is going to be difficult because people I’ve know my whole life, all my friends and some family will no longer speak with me. It has been a very lonesome time so far and I find it hard to get to know people at coffee hour. If there is anyone who is in the central fl area who would be down to talk or hop on a game that would be awesome.",2,1783803859.0,OrthodoxChristianity,1,1.0,False
1utvnqy,https://www.reddit.com/r/LifeAdvice/comments/1utvnqy/my_mother_has_an_extramarital_affair/,My mother has an extramarital affair,"so I just saw some DMs on my moms instagram and when I went through it, I saw that she has been texting this random ass guy since a month now, they're flirting back and forth, and she's sent him her selfies once or twice.   
Now you have to understand that way before, my mother's instagram bio used to be a typical millennial bio, ""coffee lover, mommy of two lovely kids"" etc, however that has been changed and she no longer displays any sign of having kids or a husband.   
My parents have been married for 18 years now, we are very well off and I don't get why she would be needing another man? my father has given her more than she's ever asked for, he doesn't abuse us in any sort of way so like I'm clueless what has driven a grown woman to do this. Now I just need some advice on what to do, I was thinking of catfishing the guy himself but I don't know what good that's gonna do for me.  
I would tell my father about it but I feel like that's going to cause more issues, my brother has autism and he's very attached to our mom, and even if they do get a divorce, my dad would get custody of us both because my mom does not have any qualifications and cannot earn a single penny on her own. ",2,1783803817.0,LifeAdvice,1,0.76,False
1utvn37,https://www.reddit.com/r/UnreleasedIDTechHouse/comments/1utvn37/dm_if_ur_looking_for_top_unreleased/,DM IF ur looking for top unreleased ⬇️⬇️,"***ADAM TEN***

***Adam Ten, Josh Gigante - On My Mind*** 

**⁨Adam Ten, Rafael - Beat Goes On (Extended Mix)**

**Adam Ten , TheRealJunior - ONLY ONE**

**Adam Ten & Mita Gami & Yamagucci - Pistolero**

**Adam Ten - A deeper love ( Ft. Aretha Franklin)**

**Adam Ten - Cold Summer**

**Adam Ten & Rafael - Beat goes on**

**⁨Adam Ten, TheRealJunior - ONLY ONE.**

**Adam Ten & Māori - Spring Girl**

**Adam Ten - Love like this**

**Adam Ten , Leo Sagrado - Nu dance**

**Adam Ten & Mita Gami ft. Marina Maximilian - million pieces** 

**Adam Ten & Rafa & Busta rhymes - Touch It ( Dilly ‘sweet boy’ edit)** 

***AVIV SAB***

**⁨AVIV SAB - Mauiiii**

**⁨AVIV SAB & N.O.Y - Like That**

**AVIV SAB & NOY - Damn Good**

**AVIV SAB & N.O.Y - Wanna Be Your Lover**

**AVIV SAB & SAPIAN - Deep House Pumpin**

**AVIV SAB & N.O.Y - Blow A Kiss**

**⁨AVIV SAB & Oi - Good Life**

***BLACK COFFEE***

**BLACK COFFEE - Superman (Meera Remix)** 

**BLACK COFEE- ⁨Finally A Rapture**

***BELTRAN***

**⁨Beltran - Dr. Octopussy**

**⁨Beltran - Nights of Patagonia** 

**⁨Beltran - Party Rockin**

**⁨Beltran - Mo'Jitos Mo'Problems (Drunk Mix)**

**Beltran x Prospa - Hip Hop Star**

**Beltran & Marco Strous - Double Dutch**

**My Friend Dario - ( Beltran Edit )**

**BRUNELLO**

**Brunello - Clown Shoes**

**Brunello, Hilel Lev - Apathy**

**Brunello - Helium**

**Brunello, Connan - The Clown's Corridor**

**Brunello - Ghost Dance**

**Brunello - Science Fiction ( Nicare Edit)** 

**Brunello - Ghost Dust**

**Brunello - Sandpiper** 

***CHASEWEST***

**CHASEWEST - ILL BEHAVIOR** 

**CHASEWEST, DISCIP - LUDACRIS**  

**A Little - CHASEWEST**  

**PEDROZ X CHASEWEST- RIDE 4 ME** 

**CHASEWEST - EJ ENTERTAINMENT**  

**CHASEWEST - YAMAGUCCI 2**

***CLOONEE***

**⁨CLOONEE, YOUNG M.A, INNTRAW - STEPHANIE (ORIGINAL MIX)**

**⁨Cloonee - Wrap Me In Your Arms**

**⁨Cloonee - If You Only Knew**

**Snoop Dogg - Gin & Juice (Chris Lake & Cloonee Remix).wav**

**MGMT - KIDS (Cloonee X FEZZO Remix).wav**

***DARCO***

**Darco - Crowd Move**

**Darco - K.B**

**Darco & Dvirnuns - Cant get enough**

**Darco - PDSTM** 

**Darco & ITAYGA - Tuk Tuk**

**DARCO & ADAM TEN  - LIMOUSINE**

**Darco - Story (MSTR)**

**Rex The Dog - Sicko (Darco remix)**

**Sogand - Khodaya (Darco remix)**

***DISCIP***

**⁨Discip - Sexy Bitch**

**⁨Discip - Dirty**

**⁨Discip - Gimme That Beat** 

**⁨CHASEWEST & DISCIP - LUDACRIS -** 

**⁨Duke Dumont - Ocean Drive (Discip Remix)**

***GABSS***

**⁨Gabss, Buogo - Perculator (Original Mix)**

**Gabss & BRN - Techno Addiction**   
**⁨**  
**Gabss - Control (Original Mix)**

**Gabss - Mistical woman (Original Mix)**

**Gabss - Work (Original Mix)**

**Gabbs - More**

**Gabbs and Knorst - The Light** 

**⁨Gorrilaz - Dare (Gabss Edit)**

**Frank Ocean - Lost (Gabss e Vintage Culture Edit).wav⁩** 

***GUDFELLA***

**Gudfella & Yamagucci - Ride**

**Gudfella - Funky Feeling**

**⁨Gudfella - Morning Coffee**

**Gudfella x lightleak - studio 54 (on & on)** 

**GUDFELLA x Deeper Purpose x Gkat - PUSHA MAN** 

**Gudfella x lightleak- concord**   

**⁨Gudfella\_X\_Vintage\_Culture\_Morning\_Coffee\_X\_Lost\_Zonatto\_Pvt\_Mashup**

***HUGEL***

**⁨Hugel, Bob Sinclar, Jenn Morel - Mi Pum Pum.**

**⁨HUGEL - I ADORE YOU (VANCO EDIT)**

 **HUGEL, French Montana, Max B – One Night (Extended Mix)**

***JAMES POOLE***

**⁨james poole, havoc & lawn - meal deal**

**⁨Prospa & Cloonee - Free Your Mind (James Poole Edit)**

**James Poole - Rave Essentials** 

**james poole & guy burns - changes** 

**James poole & jayc - story of my life** 

**James poole, smokey bubblin b & guy burns** 

***JIMI JULES***

**Jimi Jules - Looking For You.wav⁩** 

**⁨Jimi Jules - Whisper To Me.wav⁩** 

**⁨Jimi Jules - My City's On Fire (Anyma & Cassian Extended Remix)** 

**Jimi Jules - ⁨Amarus First Steps On**

***JORD***

**⁨JØRD - Bananeira**

**⁨Rafael, JØRD - Peanut Butter ( In Love )** 

**⁨JØRD - The Bump.**

**⁨Daydream (JØRD V.I.P Edit)** 

**⁨Dansyn, Jord - The Future (extended mix)** 

**⁨Boogie Nights (JØRD Edit) \[Promo\]**

**⁨Oh Yeah (JØRD CGS Edit)**

**⁨JØRD, NOSTATIC - Club Mirror**

**⁨JØRD & Fancy Inc. - Reckless**

***MACCABI HOUSE*** 

**Maccabi House - The XX - Crystalised (Bletter Maccabi Edit).**

**⁨           Maccabi House - Rose Royce - Wishing On A Star (Bonafique Maccabi Edit**

**UZA - The Temptations - Papa Was A Rolling Stone**  
**(UZA Maccabi Edit)**

***MAU P***

**⁨Mau P - Kings Of Leon - Use Somebody (Mau P Flip)**

**Mau P - Like I Like It (Pedrik Remix)**

**⁨Mau P, Fleetwood Mac - Dreams (Mau P Edit)**

**⁨Mau P vs. Claptone vs. Rune vs. Kid Cudi X Tyla- Beats for the Calabria Memories X Water  (PLUS2 X WeDamnz) (Rob Laniado Mashup)**

**Mau P Remix - Just Wanna Rock EXTENDED MIX.wav⁩** 

**⁨Fleetwood Mac - Dreams (Mau P Edit).**

**⁨Detlef & Shakedown - Music Please At Night (Mau P Edit)**

***OMRI***

**⁨Omri. - Certified Weapon (OG version)** 

**OMRI - Funky Music**

**⁨OMRI. & Balanka - Show Me How To Do Dj**

**OMRI., Yamagucci - Selector (Original Mix)**

**Nevve,OMRI, Adam Sellouk -  Activate feat Nevve feat Nevve tszr**

***ODD MOB***

**Odd Mob 'Dancing Boys, Dancing Girls' (Extended Mix)**

**⁨Odd Mob 'Don't Stop Make That Body Rock' (Extended Mix)**

**⁨Odd Mob 'Rock The Rhythm (I Like That)' \[Extended Mix\]**

***PROSPA***

**Prospa,Ben sterling - Ayo technology X Dont stop (50 cent)**

**⁨Prospa & Cloonee - Free Your Mind (James Poole Edit).wav**

**⁨Prospa - Dont Stop (SCRIPT Remix)**

***PAWSA***

**Pawsa - 7 min freestyle** 

**Pawsa - Come Through**

**Pawsa - Hot stuff** 

**⁨PAWSA & Kollekev Turmstrasse – Sorry I Am Late Pilot (Barco Unreleased Edit)**

**⁨PAWSA - Give Me The Night**

**⁨PAWSA - Bad Girl Sad Girl.wav⁩** 

**⁨PAWSA - FEEL RIGHT (EXTENDED).**

**⁨PAWSA - Give Me The Night.wav⁩**

**⁨PAWSA - Roll Play (Extended Mix)**

**⁨Pawsa - THRILLER.wav⁩** 

**⁨PAWSA - TOO HOT** 

**⁨PAWSA - DOUBLE C** 

**⁨**  
***RAFAEL***

**⁨Rafael - Down Baby** 

**⁨Rafael - Down To Funk.**

**Rafael - loud enough** 

**⁨Rafael - We Come In Peace (Beltran Remix)**

**⁨Rafael - It's Gonna Be Cool** 

**⁨Rafael -  DIamond.**

**Rafael & Richard fine - My Soul** 

**⁨Rafael, Millero - Get Rich**

**⁨Rafael - Vibration**

**Rafael - Wiggle It** 

**Rafael, JLYRD - In Love** 

**Rafael, JLYRD - Peanut Butter**

**Rafael, Mita Gami - What is love x Work**

***SAMM***

**Samm (BE) - Caribou - Can't Do Without You (Samm Rework)**

**⁨Samm(BE), juno(DE) - Feel so right.**

**Samm - Paradise** 

**The Bausa – Magnetic (Samm Extended mix) - Piece of Music.mp3**

**⁨*****TEEDEE***

**TeeDee - Passion**

**TeeDee - Only You**

**TeeDee - Sink Into The Floor**

**TeeDee - Something About You**

**TeeDee - Freak**

**TeeDee - I don't even love you**

**TeeDee - Just Be Good To Me**

***TONI B***

**Toni B - Do It Again**

**Toni B - Dollar** 

**Toni B & Dodi - Scream For What**

**⁨Toni B - Midnight City**

**Toni B - No More Games**

**Toni B & JATO - I Got Soul**

**Toni B & Dodi - Vibe Check (Sun Goes Down Edit)**

***VINTAGE CULTURE***

**⁨**  
**⁨Vintage Culture, Zerky - Innerbloom**

**⁨Vintage Culture, DEPARTAMENTO - COPYCAT** 

**⁨Vintage Culture, Volkoder - Hands Up (Original Mix)**

**Vintage culture - RAVEFLIX**

**Vintage culture - PINK MAGIC**

**Vintage culture,elderbrook - RUN (Gabss remix)**

**Vintage culture - Sally**

**Vintage culture, Chemical surf - Feeling Good (JORD Remix)**

**Max Styler, Vintage Culture, Ali Love - Freaky 1 (Extended Mix)**

***VOLKODER***

**Volkoder - Everybody**

**Volkoder - Crazy ( Adam Ten Remix)**

**Volkoder - All Night Long**

**Volkoder - Trajado**

**Volkoder - Hands Up**

**Volkoder - Fractions Vs Music is the answer**

**Volkoder - Act Up (bad boy)**

 **⁨**  
***OTHERS***** **

Afefe Iku - Mirror Dance (DSF remix).wav

**Adam Sellouk Remix ⁨- We Are The People)**

**⁨Ajna (BE) - ID + VOX What To Do**

**⁨AVE - ABYSS** 

**⁨ACTIVE (SOMMA & YUMA RMX)**

**⁨Andrea\_Oliva,\_Moeaike\_I\_Love\_You\_So\_Shimza\_Extended\_Remix.**

**Better off alone (Taro Dub**

**⁨Bon Jovi - It's My Life (R3CKZET, Zone7 Remix)**

**⁨Bonafique & Yuvee - Profil**

**Calvin Harris - Blame ( Candy cloud saluz edit)**

**⁨CHASEWEST - YAMAGUCCI 2.**

**Chris Lorenzo - Hots 4 U**

**⁨Carlita edd remix - Sweet Disposition.**

**Chris Stussy, Litmus - Artefact**

**⁨Coco, Joezi, Pape Diouf - 7 Seconds (Moojo Remix).wav⁩** 

**⁨Camelphat - Sunshine (Extended Mix).mp3⁩** 

**, CamelPhat, ⁨Rhodes, ARTBAT - For a Feeling (Extended Mix)**

**⁨Caesars - Jerk It Out (Notre Dame Edit)**

**⁨Chemo (IL) - Back Of My Eyes (Original Mix)**

**Dansyn & DOX - Work It Out (Extended).wav**

**Deco & Florist - SHHHH** 

**⁨Daydream (JØRD V.I.P Edit)** 

**Dave, Burna Boy - Location (RAPTO Remix).wav⁩**

**⁨Drake\_Get\_it\_Together\_ft\_Black\_Coffee\_&\_Jorja\_Smith\_Samson\_Remix.wav⁩** 

**⁨Don't Stop Til You Get Enough (Joshwa Edit) - MJ.wav⁩** 

**⁨Dua Lipa, Angèle - Fever (Theo Lucan Remix) Extended**.

**⁨Dean Turnley - Actin' Tough \[Proppa DJ Tool Edit\]**

**⁨Estelle Ft. Kanye West - American Boy (Heliograph Remix)**

**⁨EsDeeKid - 4 Raws (Anyma & HILLS remix)**

**⁨00 - Fatima Yamaha - What's a girl to do (Yuvee Remix)**

**Fairuz - Le Beirut (Demaya Calamar Edit)**

**⁨Fairuz\_Saalouny\_El\_Nas\_Kobi\_Darbuka\_Afro\_House\_Remix\_intro.**

**⁨Future, Metro Boomin - Slimed Out (Ship Wrek Edit)**

**⁨Fleetwood Mac - Dreams (Mau P Edit).**

**⁨Funky Green Dogs - Fired Up (Gabss Edit)**

**Francis Mercier - ⁨Papaoutai remix** 

**Giaggi - Mind Dimension V2** 

**Gordo - Loco Loco (Mowze Remix)**

**⁨Gudfella - Morning Coffee**

**⁨Goodboys x DEPARTAMENTO - DISCOTECA.**

**⁨GREG 99 & MARCKENZO - Violent** 

**⁨HILLS & Shilla - Right Now (Extended Mix) MASTER .wav⁩** 

**⁨IDEMI - Funky (Original Mix)**

**⁨Jamaican (Bam Bam) - Jast Remix**

**⁨Josh Baker, Eliza Rose - Down To The Bone.wav⁩** 

**⁨Jenia Tarsol & Darco - Nobody**

**⁨Jackie - Detroit.**

**Jackie, Aviv Sab - Sexy MF**

**⁨JØRD - Bananeira**

**⁨JØRD - The Bump**

**⁨Joshwa - Out of My Mind (Rello's Electro Mix)**

**⁨K.O , Jackie - Dont Push It**

**⁨Keinemusik\_&ME,\_Black\_Coffee\_The\_Rapture\_Pt\_lll\_NOMA\_DE\_Remix\_**

**⁨Kanye West - Violent Crimes (Marten Lou Remix).wav⁩** 

**⁨KETTAMA - RAW CUTS (FINAL)**

**⁨Kettama - solo (KETTAMA remix**

**⁨Kings of tomorrow - Finally (Acapella).mp3⁩** 

**LUCH & PEACE CONTROL - COMPADRE V3.wav**

**Max Dean - Hate it or love it**

**⁨Madonna\_Like\_a\_prayer\_Birds\_of\_Mind\_&\_Selim\_Sivade\_edit.wav⁩** 

**⁨Mgmt – Kids (Cloonee X Fezzo Remix)**

**Mont Rouge & Peace Control - Revolution**

**⁨Michael Jackson - Thriller (Black Coffee Remix)**

**⁨Michael Jackson - Rock With You (Tbloure Edit)**

**⁨Moblack, David Mackay, Gloria - I Will Survive**

**⁨Mita Gami - First track.wav⁩**

**⁨Nitefreak\_x\_VidoJean\_&\_Oliver\_Loenn\_Where\_Ever\_you\_are\_Extended.wav⁩** 

**⁨Notre Dame - Do For Your Love.wav⁩** 

**⁨Notre Dame, Alex Wann, carteblanche (ofc) – The City (Extended Mix)** 

**⁨Noir & Haze - Around (Ricck(BR) - Fatsync Edit)**

**Pedroz, GREG (BR) - Music Is The Answer** 

**⁨Phil Collins - In The Air Tonight (OMRI. Remix).**

**⁨POLOVICH - The Sound (Extended)**

**⁨Pump It Up**

**Rampa, Dawda - Low**

**⁨Rapture You & Me.mp3⁩** 

**⁨Ricck(BR) - Mind Dimension** 

**Ruze - What A Girl Do**

**Rüfüs Du Sol - Music Is Better (Rydz Remix**) 

**⁨RUFUS DU SOL - On My Knees (Cassian Remix)**

**Rufus Du Sol - Next To Me (BLK&	WHT master)**

**⁨R.E.M & Danidane, MAAURA, Ape Drums – Losing My Religion (Mode Flick 'Like Dat Ape Drums' Edit).mp3⁩** 

**⁨Rihanna - Don't Stop The Music (Darco Remix).**

**SNAP - Power (Capri extended remix)** 

**⁨Sapian - TAKES ME (Master V6)**

**Sade - I Never Thought I'd See The Day (Jentzen Edit)**

**⁨Stranger Things \[Master\].wav⁩**  

**⁨SAUTI X YAYO (Moloko x KnK EDIT).wav⁩**

**⁨Snoop Dogg - Gin & Juice (Chris Lake & Cloonee Remix)**

**Tame Impala - The Less I Know the Better (David Mackay Remix) 2.wav**

**⁨Tame Impala - Dracula (OMNOM Remix) (Extended Mix)**

**⁨Travis Scott - Trance (Omada Remix).wav⁩** 

**⁨Travis Scott - Highest In The Room (Nostalgia Remix).wav⁩** 

**⁨TRAVIS SCOTT – BUTTERFLY EFFECT (&ME EDIT)**

**⁨Tems - Me and you(Duplex\_pz remix).wav⁩** 

**⁨The Future (Dani Barbosa Remix).wav⁩** 

**⁨Tripolism, Nandu - Sunrise (Club Version)**

**⁨TOBEHONEST - Poppin (Extended Mix)**

**⁨TOBEHONEST\_&\_Broken\_Hill\_Zero\_Tolerance\_Extended\_Mix**

**Eric Prydz - We Are Mirage (AJs House Extended Remix)**

**⁨Verso, Michael - Love Me** 

**⁨VOID - LATCH (WE MIX)**

**⁨Vinter - This Is Not The James Brown (Extended Mix)**

**WORK IT - DOM DOLLA X MAX STYLER EDIT (V4)**

**⁨Xinobi, Vaarwell - Far Away Place (ARYMÉ Extended Remix**)",1,1783803771.0,UnreleasedIDTechHouse,0,1.0,False
1utvn1h,https://www.reddit.com/r/ParentingADHD/comments/1utvn1h/first_vacation_w_bfs_8_yo_son/,First vacation w bf’s 8 yo son,"The last five days have felt like the hardest month of my life.  There is so much to tell and I just need to get support advice maybe a super strong edible.

My boyfriend and I have been together about two years is eight year-old son is with him 50% of the time. I think with his son regularly for about a year and a half. I live with my boyfriend so the weeks that we have him (every other week) we are becoming a little family of three.

Son has adhd combined type and is medicated.  The last few months have been a struggle - some issues at the end of the school year and some trouble with a friend.  And this fall he is moving into a new school and 3rd grade.  While we are all hopeful we think it may be a bumpy ride for awhile.

So the vacation was the three of us and another family we are close friends w and who basically know all our business.  The other family also has an 8 yo that may have a little adhd…but not nearly to the level we are dealing with.  And they have a 2 year old who is the cutest but also she’s still 2 so she’s a lot.

All of us share a house at the beach for five days.

Our drive to the beach was rocky… boyfriend almost turned around at one point.  Truth be told when this vacation was suggested I was very hesitant because it seemed like a mindfiend.  My boyfriend and I have never traveled solo as a couple… so doing our first trip with his son and another family is like doing a vacation on extra hard mode.

There were some really wonderful moments on the trip and some really really bad ones. I’m not gonna tell you about every breakdown or fight or tantrum except for the last one that happened the day before we left.

Boyfriend, me and his son get up early like 630 and go down to the beach to collect shells. We have a lovely time.  Unfortunately, we forgot to feed his son before we left the house so by the time we got back from the beach, he was hangry.  I don’t exactly remember how we got to this next point, but Dad had to leave for work (he was working remotely from the coffee shop) and I was tasked with getting his son breakfast. The other family was doing their own thing.  It’s all bit of a blur now, but suddenly his son is screaming at me calling me a fucking bitch kicking me slapping me with his watch strap and telling me he wants to kill me.  I’m trying to get him to come with me to pick up toilet paper from the store and to Walk and get some breakfast.

At some point, he calls Mom from his watch and now it’s the two of us talking to him well mostly her… I basically was just on the couch more or less trying to sit in the way he could hurt me the least.  Mom text me and tells me he really needs a win to get over this and he’s just so hungry. He cannot function. She tells me if I can give him a choice where we eat breakfast that will feel like a win and I tell her absolutely there’s like four places within them walking distance he can choose from.  So I offered that to him and he says no way he has now decided that he wants to go to the boardwalk for breakfast.  I tell him and mom the dad has the car key so I can’t take him to the boardwalk even if I want to.

Mom continues trying to talk him down. I continue trying to minimize damage.  And honestly, there’s a part of myself that is holding myself back from slapping the living shit out of him.  

Apparently, while , this is going on mom and dad talked to each other separate from me (not sure why) and they decide that the “win” they are going to give him rather to pick out the restaurant because he doesn’t seem to want that anymore is to have me take him to the boardwalk for breakfast.

So all of a sudden, Dad shows up at the door, hand me the key and asked me to take him to the boardwalk.  My reaction makes him realize that his ex-wife had not communicated this change to me and he apologizes for it in the moment but says they really think it’s the best.

At this moment, I’ve become so overcome and just say “I cant”.  I grabbed the key from him and get my shoes and get out of the house as quickly as possible, leaving him alone with his son.

Apparently, his son was happy I left and then calm down pretty quickly. When dad told him he would take him to the coffee shop and get him breakfast there. Apparently he was basically a perfect angel for the rest of the afternoon. At some point, he asked why I left.  Dad explained that I was feeling very overwhelmed by everything that was going on.  Apparently there was some discussion and my boyfriend says his son wants to apologize (this was as of Thursday afternoon).  It’s now Saturday afternoon and no apology has come. I’m not sure how I feel about that.

I’m going to be asking my boyfriend and his ex-wife to explain their logic to me about the boardwalk thing. I don’t understand how they felt that was an acceptable thing to do. And it opened it up to so many more concerns. Was it safe for me to drive in the car with him in that state if he’s hitting and kicking me is there anywhere actually to eat on the boardwalk for breakfast? Or any of the stores on the boardwalk even open this early in the morning.  And then once we’re at the boardwalk, he’s going to want more and more to go to the beach to get a souvenir to get candy to play mini golf. Am I just supposed to give into all of these things? What are we actually teaching him?

I know the ADHD brain is different and I’m learning more and more about it every day, but I also have to prioritize my own mental health and well-being. I did not grow up in a family were screaming was common and now I live in a house where someone screams almost every day on the weeks that we have him. This dynamic was amplified over the last five days and I’m just so emotionally and physically exhausted from it all.

If I wanted to say goodbye to my boyfriend and leave today, I don’t think anybody would blame me. But I don’t wanna do that. He’s the greatest man I’ve ever met and the love of my life so I want to work on this and I want to figure this out. My boyfriend has assured me that he learned a lot this past week from seeing his son in new situations and from watching our friends parent their kids he says things are going to change going forward and then he’s going to be a better parent I want to believe him and I’m going to try and be patient but I feel like I need to see some action pretty quickly maybe some written plans. Something to show me that he’s really hate this process and also how I can be involved in it.

Sorry this is so long.  If you made it this far, I would really appreciate hearing from you.",1,1783803768.0,ParentingADHD,2,1.0,False
1utvmzt,https://www.reddit.com/r/Redditdating/comments/1utvmzt/m27_m4f_looking_for_my_morticia_somewhere_in/,M27 [M4F] Looking for my Morticia somewhere in Europe 🖤,"Year: 1998          
Condition: Well maintained.          
Mileage: Original, never rolled back.          
Bodywork: A few scratches from life, but no rust.  Fuel: Runs on slightly too much coffee. ☕

I'm a 27-year-old guy from Croatia, 184 cm (6'0""), with brown hair and brown eyes.

I have a stable job, a university degree, and I enjoy maintaining a healthy balance between work and my personal life.

When I'm not working, you'll usually find me at the beach, riding my bike, going for random drives with no destination, watching a good movie or TV series, going to the cinema, walking in nature, or occasionally playing PC games.

I'm a huge animal lover, especially dogs and cats. If I spot a cat on the street, there's a very good chance I'll stop to pet it.

I'd describe myself as funny, honest, loyal, and easygoing. I'm not looking for someone perfect or for a long checklist of qualities. I'd rather find someone I genuinely click with—someone I can laugh with, talk about anything, and enjoy both the little moments and new adventures together.          
I believe the best relationships are built on friendship, trust, open communication, mutual respect, and making each other laugh.

If the relationship between Gomez and Morticia Addams is the kind of love you admire, we might just get along really well.

I'm looking for a genuine long-term relationship, but I'd rather let things develop naturally than rush anything.

I'd love to meet someone from Europe, simply because I'd like there to be a realistic chance of meeting in person and building something meaningful together.

If this sounds like your kind of vibe, don't be shy—send me a message and tell me a little about yourself. I'd love to get to know you.",1,1783803764.0,Redditdating,0,1.0,False
1utvmh1,https://www.reddit.com/r/BuenosAires/comments/1utvmh1/roast_my_itinerary_heading_in_this_week_first_time/,"roast my itinerary! heading in this week, first time","Help me audit my general plans for 8 days in BA. Wife and I are coming in to celebrate 20 years of marriage. I’ve tried to build some places I’d like to go based off TikToks, Dreaming Spanish and other travel blogs, a little Claude help, and literally just zooming around on Google Maps.

We’re big foodies, enjoy walking, wine and cocktails, music, shows, and exploring. My Spanish (Castellano?) is fairly basic, and I’d love some tips on basic reusable phrases (sigo con el castellano, un poco mas despacio por favor?).

We’ll be in Palermo SoHo a few days, and Recoleta a few days. 

Ok so - **restaurants we’d like to check out**:

\- Cuervo for coffee and medialunas  
\- Don Julio (I know, I know, but don’t judge yet - we’re going anyway just to say we did, ha)  
\- Casa Dingo  
\- COWI  
\- CoChinChina  
\- Keyaki (omakase)  
\- Victor Audio Bar  
\- Moshu  
\- Barrio Chino  
\- MUSGO  
\- El Federal  
\- Salon 1923 at sunset  
\- Floreria Atlantico

Places we’d like to go:  
\- Museo Evita  
\- BeBop Club  
\- Feria San Telmo (and the wine window heh)  
\- El Zanjon de Granados  
\- Plaza de Mayo  
\- Casa Rosada  
\- El Ateneo  
\- Tango Porteño  
\- Recoleta Cemetery  
\- Museo Nacional de Bellas Artes  
\- Floralis Generica  
\- see a Boca Juniors match (we’ve got a guide bringing us in)

We’ll be spending a couple days on an estancia away from the city too.

And help me confirm: I should bring cash in addition to my US Visa credit card, mostly use Cabify over Uber or something else, and… what’s good for tipping generously?",1,1783803724.0,BuenosAires,8,1.0,False
1utvkmf,https://www.reddit.com/r/valzubiriagenda/comments/1utvkmf/what_is_valzubiriagenda_and_some_ideas_and/,What is #VALZUBIRIAGENDA and some ideas and insights,"# The 3 basic parameters of hashtag #Valzubiriagenda:

1. **We artists and everyone else can write and self-publish art- and artist-related books: memoirs, biographies, art books and art catalogs.** Books are forever. Pamphlets and brochures are not books.
2. **We announce a schedule of increasing prices of our art pieces,** which includes quantities (scarcity numbers) per price point and overall (the total quantity of art pieces we might ever make). This helps art traders, art investors and art collectors speculate or even stop speculating and instead join a community of investors working together to hopefully skyrocket to the higher announced prices in a shorter span of time.
3. **We can use the NFT world, because NFTs provide the tracking (who owns what) and trading.**

We can also not be involved with NFTs. Stores and individuals can help sell art using online presence and our catalogs in the stores. If this trends, or once this trends, even expensive art can be sold by neighboring businesses, without exclusivity. Commission systems do not have to be standardized. Art investors can produce their own catalogs to leave at the cafés. Even the cafés can produce their own catalogs.

**Valzubiriagenda NFTs**

**NFTs only came about a few years ago.** But I had been working on this since the 1990s. I wrote a book, **Valzubiriagenda**, along with fellow artist **Silverio Perez,** and released it in 2018 (Amazon and elsewhere), tackling everything related to #1 & #2. We'll come up with #3 in a later book/ memoir/ marketing book.

Any artist, including tangible artists can release 10,000 NFTs if the artist chooses to do so. For tangible artists, the NFT first becomes an Art Commission Contract for sight unseen, yet-to-be made art. Once the art is made, the NFT becomes proof of ownership that the actual, tangible art is theirs.

**Warehousing our tangible art**

Another related idea is that the tangible art may be warehoused by the artist so that the NFT traders continue to trade. This means that even 10-ton 10-foot tall sculptures can be owned and traded by anyone without worrying about shipping, reshipping, scratches, smudges, parts breaking off, etc. The newness of the pieces remain because they are stored by the artist, source, gallery, etc. The art piece gets shipped to the art collector, the ultimate owner.

An artist who makes ceramic coffee mugs - smaller art pieces, can release 10,000 NFTs with a schedule of increasing prices so that NFT traders can trade immediately. The 10,000 coffee mugs can get damaged, so as they are made, they continue to be stored by the artist, until the time when art collectors decide to have the art pieces shipped to them.

**Why only now?**

I decided to write as many book-length memoirs as I can before I came out to promote this.

I'm an artist and an author. Both need time to ""master."" I would not even fully use ""master"" on myself, because there's always something new, even to my own art, my own writing and publishing.

>*I am now claiming that I'm the visual artist who has produced the most artist memoirs in the world.* I have 5 on Amazon. I count **Valzubiriagenda** as both a marketing book and a memoir-of-sorts, because it has a lot of my own life lessons on writing and publishing. I would not care to contest my claim of having the most memoirs. I will release 5 more over the next 3 years.

**BARTER! Get help to write, photograph art and publish your books!**

Anyone can hire 11 ghostwriters for 11 memoirs. If you can make art, but you cannot write, then barter your forever art with those who can help you produce forever books.

I don't feel the pressure of writing and publishing because I feel my focus should be on art students and art experts who would study my art and my books 100 years from now. Don't expect relatives and friends to read your books.

**I call myself the Dollman**

For my NFTs, I am proposing to make dioramas - my original, costumed, bejeweled porcelain dolls in backdrops that will also have precious metals and gemstones. This way I can incorporate precious metals and gemstones in my work, to make sure that people perceive my art as expensive, just in case I myself don't become ""famous"" - there's no need to get world famous. We are artists and all we need to do is to satisfy the art niche.

**Use your laptop now!**

I will encourage you to start writing your book-length memoir. Write, Edit and then Self-publish it. Get help. Why wait a hundred years for someone to write about you when all you need is a laptop and a nearby coffee shop.

Don't start counting chickens before the eggs hatch. I have encountered a lot of would-be writers who immediately see themselves as bestselling. world famous assets to society. Two even wanted me to sign NDAs (Nondisclosure agreements), because they did not want me to steal their book ideas.

Here's a suggestion. I would not personally do it. From one manuscript can come 2 books: The Original Draft (unedited, with misspellings, considered to be an art piece, scanned pages(?) of your handwritten original effort), and The Final Edition (edited).

**PROVENANCE!**

Another way to enhance our investability, tradability and collectability is **PROVENANCE** ***- how art ownership proceeds through time.*** The way this can be done is also through publishing books. Everyone can write their memoirs, biographies, art books and art catalogs, including traders, investors and art collectors. In effect, we artists can continue to be included or mentioned in even more books, without any additional effort by us.

You as an investor, reseller, trader, art collector should be able to publish a catalog with 250 works by 250 different artists, but they need to agree to this right from the start - it's your money, you should require them to follow your version of the hashtag ***#valzubiriagenda*** *parameters,* which preferably should include permission for you to publish their art. Why would you track down 250 artists later?

**No exclusive contracts**

If you're a café, you can call for artists, and come up with a book with for example, 30 artists, with a chapter devoted to each artist's profile and images of the artist's art.

You can distribute your catalogs to businesses and individuals near and far and online.

The book **Valzubiriagenda** even cites that funeral homes and janitors closets can sell art, with or without exclusivity. Airline catalogs can include million dollar art pieces. Car manufacturers, showrooms and even car repair shops can sell art as well. Everyone should be able to do this, anywhere in the world, especially not just because of the pandemic, but right now, we are in really bad economies.

**What's with the name #Valzubiriagenda**

I was into conspiracy theories in 2018, and this term, *""The Mandela Effect,""* was popular. I had read many times that an artist coined the term, but I had to research online, for her name, many times, before remembering it. I'm not good at remembering names. It took me a year and a half to finally tell you that **Fiona Broome** coined ""The Mandela Effect.""

I also thought I might have to research trademarks and copyrights just to come up with a generic name. So I decided on **""Valzubiriagenda.""** I was not really sure at first, but I decided to use it as the title for my book (with co-author/artist **Silverio Perez**) so that there would be no turning back and I can move on.

**Am I a FUTURIST?**

Someone I recently met this May 2022 just called me a futurist.

In the 1990s, I proposed to a pension fund that they can raise billions of dollars, especially for emergencies, or as needed, or out of desperation, if the pension fund purchases a quantity of art from an artist who not only has a current, reasonable price, but an announced future price that the artist wants to reach.

That future price would obviously be higher than the current price. The art commission contract for multiple art pieces can be taken to the fund's financial lender for a loan. The higher future price can be used for financing purposes.

The pension fund's treasurer, a publicly elected official, said this idea might work, but we had to keep this a secret and discuss this some more, because other pension funds might copy and do this prematurely. This idea had to come from the two of us. The treasurer needed his votes and I needed credentials.

Added into the pot was my idea that I, as the artist, will also write one book-length artist memoir. This was and still is a strong factor, because the leadership and marketing books I had read then mentioned a strong tip. If you want to advance in your field, write a full-length book that is related to the field.

Unfortunately, the elected official, the treasurer of the pension fund, who was also a friend, passed away - he was old and had ailments. At that point in time, I cannot just approach another pension fund treasurer to share this idea with.

I realized I had to write a few memoirs. I needed to set an example for other artists, so I needed to write more than one memoir. Then I felt I should also make ready another book - the how-to of what I'm up to. I wrote **Valzubiriagenda**, which was a memoir of sorts. I knew how long it would take me to write a book, so I had to make sure I can also consider this book a memoir.

In 2008, I imagined that someone like Bernie Madoff, or a fund like Lehman Brothers, would be desperate enough to use this to save themselves and their companies. I was not ready. I had only written 1 manuscript for a memoir.

In 2012, I released **Dollman the Musical, A Memoir of an Artist as a Dollmaker**. Once again, I was not ready because writing it depressed me a little, and I knew I had to write more.

In 2014, I released 3 memoirs, and re-released **Dollman the Musical.** Besides releasing regular books, I released special editions of the 4 books, which had a **""Special Secret Insert for Bankers,""** which explains my ideas of an announced schedule of exponentially increasing prices, to satisfy investors, and the publication of artist memoirs, to satisfy art collectors.

In 2014, I also issued out a press release. Google ***""Can Billion Dollar Artist Save Investors and World Economy Valentino Zubiri PRWeb August 19 2014""*** and you will see the press release.

What I did was stake a claim on my ideas. I did not promote my books and the press release. I just wanted them to stay online, like a sleeping giant or a dormant volcano. I even designed 3 of the book covers to look like indie books from the 1980s. I was planting the seeds, thinking they will eventually grow and bear fruit in the future.

In 2015, I was interviewed by **Richard Syrett,** about one of my memoirs, **Hocus Pocus Lately.** This book is my memoir with paranormal stories. I could have pursued promoting my paranormal stories, but I wanted to be known first as a visual artist and memoirist, so I allowed myself one interview related to **Hocus Pocus Lately. Richard Syrett** has(had?) his own syndicated radio show, **The Conspiracy Show with Richard Syrett,** about the paranormal. He also guest hosts on **Coast to Coast AM**, another internationally syndicated show about the paranormal.

In 2018, I released **Valzubiriagenda** (co-authored by artist **Silverio Perez,** a fellow artist). Finally, this book is ""the how-to of what I'm to.""

I'm going to end this with some strangeness. In 1986, a lady at a religious gathering went into a trance and left a good number of messages. Supposedly, anyone who got into a trance would have messages, but once the trance was over, the person would not remember what was said.

I was not part of the group, but the lady turned her head to face me. She ""foretold"" that whatever I would decide to do in the future, it will take time, but it will be the right thing. This is one of my stories in one of my memoirs, **Hocus Pocus Lately.**

**The Tulipmania of 1634-37**

I discovered that there was this incident of rare tulips becoming collectible during the Dutch Golden Age. There were tulips so rare and so well-desired that their prices equaled to that of a house. You can read more about this online (Wikipedia) or watch a few YouTube videos about it.

Here is the most useful idea that I gleaned from the Tulipmania. The tulip bulbs remained safe inside nurseries. The traders were carrying the deeds of ownership to the tulip bulbs.

**Then NFTs came to the forefront**

I started learning PHP, an HTML scripting language, and MySQL, the database that PHP can connect to in the background, in 1999, when there were only 3 books about PHP and MySQL at the bookstores.

By 2014, I was trying to figure out how to make the ""ledger,"" or database that can be used to update ownership and who can be contacted. If we are trading art, then the art ownership should be updated.

Then NFTs came about. This can be used as our ledger. Everyone can immediately trade NFTs of future, yet-to-be made art pieces, especially because it takes time to make tangible art.

NFTs actually went a step ahead, by allowing digital art to be traded.

The only setback with NFTs, in my opinion, is that it still lacks a commission system for resellers and representatives.

For example, if a café wants to represent me, then they can promote me at their café and on their online pages. If I make one piece of art that will be exclusively represented by a gallery, then that commission will be different and more specific. As ownership is transferred, the subsequent owners should be able to reset the commission. We should also have the option of giving commissions to hundreds of representatives at one time with different percentages if need be.

**The recent crypto crash**

Lately, we have observed that NFTs and cryptocurrencies have been behaving like the stock market and other markets. They have been fluctuating.

I believe that it is time for a trend which discourages fluctuation of prices.

I have also seen YouTube videos where social influencers are encouraging us to be on the lookout for exponentially profitable ventures, because we have all seen this happen with the exponential increase of Bitcoin and Ethereum.

**Let's see if #Valzubiriagenda trends**

We can announce present and future art prices. The galleries won't do this (yet?) because they follow a more traditional approach to the business of art.

*We have a choice of using* ***incrementally*** *or* ***exponentially*** *increasing prices.* We still reserve the right to change things in the future, so everyone should know to follow the latest update.

If this trends, if you as an artist simply announces that you will write an artist memoir, or that you will include the future works in future art books, you might have more art traders, investors and collectors approaching you.

**Get your pen, paper and calculator**

Imagine yourself as an artist, where you are right now. Let's just say you still do not have a book about yourself and your art yet. Imagine now that you have a memoir out there. Don't you think it makes sense to charge more than what you are charging now? Writing and publishing books is just the beginning. I'm just standardizing this approach. The books also say to do other related projects. In my case, getting **Dollman the Musical** onstage is one idea. You will have other related projects, but the publication of memoirs, biographies, art books and art catalogs will help all of us.

You can also imagine that a law firm that has meeting rooms, with someone who wants to form a local #valzubiriagenda group, can have meetings. A local café can do the same. Local photographers for your art, writers, editors, book designers, proofreaders and others can join in.

I suggest have printed books to share. 15 copies of your memoir or art books will be better than an e-reader or laptop or your phone to show. These gadgets can be stolen, sabotaged, broken, have coffee spilled on them, etc. 15 printed books means simultaneously showing to 15 people. You can even give them away to potential resellers, investors, traders and collectors.

**When it rains, it pours, as in the days of Noah**

There's a saying, ""When it rains, it pours."" There is a negative interpretation and a positive interpretation.

*Negative:* When trouble comes, they cascade to even more.

***Positive:*** When opportunity comes knocking, more follow suit. We can assume that if one gets our art because of #valzubiriagenda, more want to do it now, because of the rising prices, and FOMO - fear of missing out. What will they lose if they miss the boat?

As I have said earlier, if the #valzubiriagenda trends, if you announce a future memoir or art catalog, you might have an increase of investors, traders and art collectors who would want to check you out. You might encourage more sales. Just remember to write and publish that memoir and art catalog.

There's this saying, ""As in the days of Noah."" Imagine Noah, building his ark, with members of his own family, putting all his time and effort into it. Noah was a nice guy. I'm sure every once in a while a neighbor offered him coffee, or chai latte, or whatever refreshing drink they might have back then.

Here's the lesson to be learned. Just because they offered him some type of bubble tea drink, or coca cola, they still didn't make it to the ark. Rubbing shoulders with actors does not make you an actor. I have told my artist friends to write their memoirs. They told me that once they see me succeed, after all these many years of seeing my seemingly useless efforts, then they will write their memoirs and follow the road that I had paved for them.

Good luck to them, but if I were you, act now, get my art or make art. Support the 5-year old artist whose parent promised to release a comprehensive art catalog. If you get that 5-year old's art, and mine, I would be honored to be in the same art catalog that you will produce. I'm already successful at that point. You have gotten the mission just right.

I have already claimed to have written the most book-length artist memoirs in the world. Dethrone that claim. Barter. Use ghostwriters. Success to me means facing God one day and saying, I wrote my memoirs and left the world a legacy of books and art. I will not tell God, smiling and proudly, that I encouraged a run for my art by announcing a schedule of exponentially increasing prices that reached 9 figures. I'm sure God knows we had fun.

# JOIN THIS GROUP

If you want to try out #valzubiriagenda, in any capacity, join this group. Let others know about this group as well.

If you are an artist, you can let everyone know here that you will produce your memoir, art catalogs, etc. It's okay if you don't know how to go about publishing yet, I will discuss this. Please be honorable enough to produce what you promise to produce.

If you want to meet fellow artists, investors, resellers, etc., join us here.

If you are a book writer, editor, proofreader; if you can photograph art pieces; if you are a book designer, etc., join us here. Let us know if you charge, barter for art, or both.

If you have your own tips and knowledge to share, join us here. 

If you have underaged artists you are managing (parents, etc.) join us here. 

Join this group if you want to sell works. Post your works. You web links. I'm sure I will.

You can announce meetings in your area. You might have meeting rooms, a café, restaurant, etc. where people can meet. In the future, you can have the regular show and tell, where books can be shown and shared.

&#x200B;

Thanks for reading. Please let me know if I need to edit some parts. Please share and join this group. **- Valentino Zubiri, Dollman, Artist, Memoirist**

Underaged artists are welcome here, so please be mindful of your language. We cannot post your adult-oriented art pieces, but you can direct us to a separate page or community. There will be limits to your posts, and there will be adult-oriented art that we cannot allow to be posted.

Thanks for reading. Please let me know if I need to edit some parts. Please share and join this group.   - **Valentino Zubiri, Dollman, artist & memoirist**",1,1783803611.0,valzubiriagenda,0,1.0,False
1utvkfg,https://i.redd.it/xh6bihhvunch1.jpeg,meu pc 👍,"\- Ryzen 7 5700X3D  
\- 4060 8gb (se Deus quiser, upgrade pra 5070 ou semelhante até ano que vem)  
\- B550mK Gygabite  
\- 32gb ddr4 3200mhz  
\- 1tb nvme  
\- 650w 80 plus bronze  
\- AiO Rise mode (tá funcionando já tem 2 anos kk)

\- Monitor principal: LG UltraGear 34"" WQHD  
\- Monitor secundário: LG UltraGear 27'' FHD  
\- Microfone fifine k688  
\- Caixa de som Tomate MTS-2035  
\- Fone KZ EDX PRO  
\- Mouse Razer Viper Mini  
\- Teclado Ajazz ak820 PRO (Keycaps YUNZII coffee cat)

\- Mesa Meligna, madeira pinus 200x70cm  
\- Gaveteiros SouDesign",35,1783803600.0,computadores,15,0.9,False
1utvj7u,https://www.reddit.com/gallery/1utvj7u,"[US-CA][H] Big big sale! Mermaid Mokoko, PFL A-M, P, R, W, Z, Duckbubu, Dear Birds, Labubu Secrets, HAGR (Labubu & Twinkle Twinkle), SP secret Popbeans, City of Night, and Hand in Hand, Pochacco, [W] Payment (Reasonable Offers/Bundle Deals)","🌸House-keeping🌸

✈️ Shipping / Pickup  
DM ZIP code for a shipping quote  
Free local pickup available in the Bay Area  
Ships next business day

📸 Photos / QC  
DM for additional photos or close-ups  
Please perform your own QC before purchasing

💵 Payment  
Verified trusted seller  
PayPal F&F or Venmo F&F only

‼️ Sales  
All sales final  
Not responsible for manufacturer QC issues, transit damage, or carrier delays  
All items bubble wrapped individually  
Proof of packing and shipment/drop-off provided.

🏴‍☠️ POP MART THE MONSTERS De Vliegende Labubu Series Mermaid Mokoko Hanging Card, POP LAND Exclusive

Condition: Fully Sealed

Mermaid Mokoko x 3— $95  
✨ Bundle with +1 item: $90

Special Bundle:  
🚨Mermaid Mokoko + Cinnamonroll = $85 + $36 = $121+ ship  
🚨 Mermaid Mokoko + Twinkle Twinkle (Best Dream) = $85 + $45 =$130 + ship  
🚨Mermaid Mokoko + 1 PFL = $87 + PFL bundle price

🤿  Dear Birds  
Condition: Checked card at the bottom, box may be a bit dented from shipping

Dive into Love —$30  
✨ Bundle with +1 item: $28  
✨ Bundle with +1 PFL: $27

🎀 Hello Kitty x The Monsters  
Condition: Opened from top.

Cinnamonroll — $40  
✨ Bundle with +1 item: $38  
✨ Bundle with +2 items: $36

🐴 Have a Good Run  
Condition: Opened from bottom/PopNow.

Best Dream — $48  
Happy Family — $48  
✨ Bundle with +1 item: $45 each  
✨ Bundle with +2 items: $40 each

Special Bundle:  
🚨 Happy Family + Cinnamonroll = $70 plus ship

💘 Pin for Love  
Condition: Opened from bottom to verify letter.

F / P / W / Z — $16 each  
✨ Bundle with +1 item: $14 each

B / C / D / E / G / H / I / J / K / ? — $20 each  
✨ Bundle with +1 item: $18 each  
✨ Bundle with +2 item: $16 each

A / M — $28 each  
✨ Bundle with +1 item: $26 each  
✨ Bundle with +2 items: $24 each

L — $40  
✨ Bundle with +1 item: $35  
✨ Bundle with +2 items: $32

R — $45  
✨ Bundle with +1 item: $38  
✨ Bundle with +2 items: $35

Special Bundle:  
🚨 PFL R + Cinnamonroll = $30 + $35‎ = $65.00 plus ship  
🚨PFL R/PFL L + Twinkle Twinkle = $74 plus ship

Secret Heart — $55 each  
✨ Bundle with +1 item: $50 each

🌚 Skullpanda City of Night  
Condition: Opened at top, foil sealed.

DJ Player — $20  
✨ Bundle with +1 item: $15  
✨ Bundle with +2 items: $7

💐 Hand in Hand  
Condition: Opened from bottom, foil sealed.

Navigating in Dew — $30  
✨ Bundle with +1 item: $28  
✨ Bundle with +2 items: $25

☠️ Skullpanda Pop Beans  
Condition: From personal collection. Stored in protective case. No box.

Coffee Factory Barista (Secret) — $30  
✨ Bundle with +1 item: $25  
✨ Bundle with +2 items: $20

Going Out With Me (Secret) — $25  
✨ Bundle with +1 item: $22  
✨ Bundle with +2 items: $20

Goodnight Night Sky (Secret) — $40  
✨ Bundle with +1 item: $35  
✨ Bundle with +2 items: $30

🎁 Bundle pricing applies across all items listed. The more you bundle, the more you save!  
📩 Feel free to DM for photos, bundle quotes, shipping estimate, or reasonable offers",1,1783803517.0,labubuswap,2,1.0,False
1utvhmn,https://www.reddit.com/r/r4r/comments/1utvhmn/31_m4a_uk_southengland_nerdy_man_with_life_fully/,31 [M4A] #UK #SouthEngland - Nerdy man with life fully figured out needs someone to enjoy it with.,"My work/life balance is balanced, my gym routine is almost consistent, and my social circle is solid. All I'm missing is someone to skip the small talk with and dive straight into the ""we’ve known each other for years"" energy. If you have a hobby, open with something about it. If you're interested in it, so am I!

**About me:** A nerdy guy who actually has it figured out. I have lots of hobbies, games of the board nature, some of the video persuasion, but I also do art and writing. I do enjoy the outside, especially during the winter.

**About you:** You’re passionate about your own thing. Whether it’s your career, a niche hobby, or a specific craft, I love people who love things. Ideally, you’re around my age and based in the South.

Let’s grab some tea (or a coffee) and see if we click.",1,1783803409.0,r4r,1,1.0,False
1utvhf7,https://www.reddit.com/r/AustinHousing/comments/1utvhf7/first_month_free_lease_takeover_moontower_west/,"FIRST MONTH FREE- Lease Takeover – Moontower, West Campus, 2026–2027","\*First month free, all female unit\*

I'm looking for someone to take over my lease at **Moontower**, one of West Campus's newest and most sought-after apartment communities!

**Apartment Details**  
Location: Moontower, West Campus (less than a **3-minute walk to UT campus**)  
Floor Plan: *The Ellingher* – 4 bed / 4 bath (private bedroom & private bathroom)  
**Rent:** **$1,265/month + $25 green fee**  
**Lease Term:** **08/16/2026 at 12:00 p.m - 07/31/2027 at 12:00 p.m.**  
Fully Furnished  
Parking available for an additional cost  
Roommates: All female, respectful, clean, and incredibly kind!

**What's Included**

* Private furnished bedroom with bed, mattress, desk, chair, and dresser
* Fully furnished living room with a 65"" Smart TV, couch, coffee table, and bar stools
* In-unit washer & dryer
* High-speed internet and cable included
* Modern kitchen with granite countertops and stainless-steel appliances
* Faux-wood flooring throughout

**Luxury Community Amenities**

* Rooftop resort-style pool
* Fully equipped fitness center
* Dedicated yoga room
* Spin studio
* Multiple study lounges & private study rooms
* Conference rooms
* Social lounge
* 3rd-floor courtyard
* Outdoor game area with jumbo screen
* Dog park (pet friendly!)
* 24-hour package lockers
* Underground parking garage
* On-site maintenance & management
* Monthly resident events and community activities

This is a beautiful, clean, and well-maintained building that I fell in love with as soon as I entered. The location is super close to campus, restaurants, coffee shops, and everything West Campus has to offer.

I'd be happy to answer any questions or send photos and videos of the apartment! Feel free to **comment or DM me** if you're interested or know someone who might be. I'd really appreciate any shares as well! 😊

https://preview.redd.it/ncq456v8znch1.jpg?width=845&format=pjpg&auto=webp&s=c0d473dfa8d6adde7ea37cc597862c315f247539

https://preview.redd.it/zx2g06v8znch1.jpg?width=660&format=pjpg&auto=webp&s=c6443723bd0d6bdbef10277122ace793fdc0c343

https://preview.redd.it/f240j5v8znch1.jpg?width=536&format=pjpg&auto=webp&s=60accc4be80a501b696076700790ce877b46628e

https://preview.redd.it/4ty086v8znch1.jpg?width=660&format=pjpg&auto=webp&s=510241fc4400c4884dd758f8dd41d9c34ed7593b

https://preview.redd.it/0n7667v8znch1.jpg?width=765&format=pjpg&auto=webp&s=6d5548127aa195d02b9e764deadb0197d80fdcd7

https://preview.redd.it/xbm3s7v8znch1.jpg?width=560&format=pjpg&auto=webp&s=f186e7b497a0c55ef96c7f60af3cc04b151ca5a6

https://preview.redd.it/hgfof8v8znch1.jpg?width=1280&format=pjpg&auto=webp&s=3fc13579471e5a9183932bb6839dd24f5501e7c5

",1,1783803395.0,AustinHousing,0,1.0,False
1utvh7b,https://www.reddit.com/r/hinge/comments/1utvh7b/asked_for_my_number_and_texts_me_but_wont_ask_me/,"Asked for my number and texts me, but won’t ask me out again?","Met this guy on Hinge a week and a half ago, almost 2. He’s in his thirties and is a slow responder/doesn’t text much throughout the day. We matched before the 4th and talked about some of our interests for a while, and had a pretty good discussion before it got later in the week and he asked me for coffee. I had hinted before at date ideas but he did not pick up on them (for one reason or another). But he asked me to coffee, picked the day, and I picked the place. He didn’t text me over the holiday weekend until Sunday evening, but he was busy and out of town, so that’s fine.

Anyway, he keeps the conversation going until our date, which I appreciate. He’s sort of blunt and chill over text; friendly enough, but not enthusiastic in the way some others are. I’ve had bad track records with people who don’t text a ton or are low effort texters because they’re usually avoidant or just not interested. 

The date was for coffee but lasted 4.5 hours. He didn’t seem nervous, he is attractive and has lots of friends, is not necessarily extroverted but he’s good with people it seems like. Every time I tried to flirt (lightly) over text, he never reciprocated, nor when I tried to be playful. It’s like it either went over his head or he chose to ignore it. During the date we started with “what do you do for work” questions and then ended up just chatting about a lot of different topics for hours. He mentioned he knew I had a commute in the morning and didn’t want to keep me, but he ordered another coffee and we kept talking. He didn’t flirt but over the course of the night, he started to get more playful and tried to riff with me. Our personal space bubbles also relaxed and by the end we were sitting close and comfortable sharing a smaller space. I tried being playful and teasing (in good humor, nothing bad) but he didn’t seem to quite pick it up, or maybe he just brushed past it. I could not tell you if he was attracted to me but he complimented my shoes and then walked me to my car when it was time for me to leave. 

That’s when he got the most obviously nervous. Otherwise, he seemed completely at ease. When he walked me to my car he started rambling nervously and we kinda stood by my car while he rambled until he asked me for my number and then gave me a half hug (his hands were full). He made another nervous joke while I was putting my number in and then he wished me goodnight and left. He texted me when he got home and told me he had a lot of fun meeting me and told me to have a good night. I texted back I had a lot of fun too and would like to see him again soon. I referenced an inside joke we made and he just liked my message and sent a gif response.

After that, it’s been a few days and he texts me sooner than he used to on the app, but still fairly infrequently and he hasn’t asked me out again. Usually I have always initiated the second date like every single time because that’s just who I am, but I’ve mentioned seeing each other again twice now and nadda. We even had an entire conversation about restaurant and cafe recommendations that he started and I said we could try a new place together, and he just continued the convo about his favorite spots and then moved on to a new topic. 

WHAT? Am I dumb? Is he? I don’t think he’s that jazzed to see me again but then why would he act like that at the end of the date and ask for my number? Is the guy interested or not? My friend said to give it a few days and then be more direct about whether he’s interested in a second date or not, but like wth. If I keep saying we should see each other again, I’m going to sound either desperate or pressuring. He did mention he likes to feel people out a bit before fully sharing his personality.

Does he even sound interested? Or should I just move on. Be blunt or something? ",1,1783803381.0,hinge,1,1.0,False
1utvh1o,https://www.reddit.com/r/NerdDating/comments/1utvh1o/31_m4r_uk_nerdy_man_with_life_fully_figured_out/,"31 [M4R] #UK, Nerdy man with life fully figured out needs someone to enjoy it with.","My work/life balance is balanced, my exercise routine is almost consistent, and my social circle is solid. All I'm missing is someone to skip the small talk with and dive straight into the ""we’ve known each other for years"" energy. If you have a hobby, open with something about it. If you're interested in it, so am I!

**About me:** A nerdy guy who actually has it figured out. I have lots of hobbies, games of the board nature, some of the video persuasion, but I also do art and writing. I do enjoy the outside, especially during the winter.

**About you:** You’re passionate about your own thing. Whether it’s your career, a niche hobby, or a specific craft, I love people who love things. Ideally, you’re **around my age** and based in roughly the **South of England**.

Let’s grab some tea (or a coffee) and see if we click.",1,1783803371.0,NerdDating,0,1.0,False
1utvgv6,https://i.redd.it/r36s4zx7znch1.jpeg,Does this tooth extraction look infected?,"I had my bottom left 2nd molar pulled on July 6th and ive been doing amazing, no pain, no swelling nothing really. About a day or 2 ago very light pain started which I assumed was just because I started talking again and moving my mouth more etc. Today I have a really bad  ear waxy bitter taste in my mouth. I dont thinkkkkk my extraction site looks infected though? Ive been doing salt rinses no spitting and brushing teeth so id hope its not infected (p.s. ignore my tongue its gross I just had an iced coffee with cold foam)",2,1783803360.0,askdentists,3,1.0,False
1utvg5w,https://www.reddit.com/r/gaydating/comments/1utvg5w/31_andover_united_kingdom_nerdy_man_with_life/,"31 | Andover, United Kingdom | Nerdy man with life fully figured out needs someone to enjoy it with.","My work/life balance is balanced, my exercise routine is almost consistent, and my social circle is solid. All I'm missing is someone to skip the small talk with and dive straight into the ""we’ve known each other for years"" energy. If you have a hobby, open with something about it. If you're interested in it, so am I!

**About me:** A nerdy guy who actually has it figured out. I have lots of hobbies, games of the board nature, some of the video persuasion, but I also do art and writing. I do enjoy the outside, especially during the winter.

**About you:** You’re passionate about your own thing. Whether it’s your career, a niche hobby, or a specific craft, I love people who love things. Ideally, you’re **around my age** and based in the **South of England**.

Let’s grab some tea (or a coffee) and see if we click.",2,1783803311.0,gaydating,1,1.0,False
1utvg2d,https://www.reddit.com/r/Real_teenindia/comments/1utvg2d/i_am_unable_to_sleep/,I AM UNABLE TO SLEEP,"I made very strong coffee (6 gms) by mistake and now k can't sleep, I've already tried laying down and closing my eyes and all but k still cannot sleep. I'm soooo exhausted and tired and yet I'm not feeling any sleep, my body is aching atp.",1,1783803304.0,Real_teenindia,17,1.0,False
1utvfpj,https://www.reddit.com/r/dating_advice/comments/1utvfpj/asked_for_my_number_and_texts_me_but_wont_ask_me/,"Asked for my number and texts me, but won’t ask me out again?","Met this guy on Hinge a week and a half ago, almost 2. He’s in his thirties and is a slow responder/doesn’t text much throughout the day. We matched before the 4th and talked about some of our interests for a while, and had a pretty good discussion before it got later in the week and he asked me for coffee. I had hinted before at date ideas but he did not pick up on them (for one reason or another). But he asked me to coffee, picked the day, and I picked the place. He didn’t text me over the holiday weekend until Sunday evening, but he was busy and out of town, so that’s fine.

Anyway, he keeps the conversation going until our date, which I appreciate. He’s sort of blunt and chill over text; friendly enough, but not enthusiastic in the way some others are. I’ve had bad track records with people who don’t text a ton or are low effort texters because they’re usually avoidant or just not interested. 

The date was for coffee but lasted 4.5 hours. He didn’t seem nervous, he is attractive and has lots of friends, is not necessarily extroverted but he’s good with people it seems like. Every time I tried to flirt (lightly) over text, he never reciprocated, nor when I tried to be playful. It’s like it either went over his head or he chose to ignore it. During the date we started with “what do you do for work” questions and then ended up just chatting about a lot of different topics for hours. He mentioned he knew I had a commute in the morning and didn’t want to keep me, but he ordered another coffee and we kept talking. He didn’t flirt but over the course of the night, he started to get more playful and tried to riff with me. Our personal space bubbles also relaxed and by the end we were sitting close and comfortable sharing a smaller space. I tried being playful and teasing (in good humor, nothing bad) but he didn’t seem to quite pick it up, or maybe he just brushed past it. I could not tell you if he was attracted to me but he complimented my shoes and then walked me to my car when it was time for me to leave. 

That’s when he got the most obviously nervous. Otherwise, he seemed completely at ease. When he walked me to my car he started rambling nervously and we kinda stood by my car while he rambled until he asked me for my number and then gave me a half hug (his hands were full). He made another nervous joke while I was putting my number in and then he wished me goodnight and left. He texted me when he got home and told me he had a lot of fun meeting me and told me to have a good night. I texted back I had a lot of fun too and would like to see him again soon. I referenced an inside joke we made and he just liked my message and sent a gif response.

After that, it’s been a few days and he texts me sooner than he used to on the app, but still fairly infrequently and he hasn’t asked me out again. Usually I have always initiated the second date like every single time because that’s just who I am, but I’ve mentioned seeing each other again twice now and nadda. We even had an entire conversation about restaurant and cafe recommendations that he started and I said we could try a new place together, and he just continued the convo about his favorite spots and then moved on to a new topic. 

WHAT? Am I dumb? Is he? I don’t think he’s that jazzed to see me again but then why would he act like that at the end of the date and ask for my number? Is the guy interested or not? My friend said to give it a few days and then be more direct about whether he’s interested in a second date or not, but like wth. If I keep saying we should see each other again, I’m going to sound either desperate or pressuring. He did mention he likes to feel people out a bit before fully sharing his personality.

Does he even sound interested? Or should I just move on. Be blunt or something? ",2,1783803280.0,dating_advice,4,1.0,False
1utvfmh,https://www.reddit.com/r/IndianTeenagers/comments/1utvfmh/i_am_unable_to_sleep/,I AM UNABLE TO SLEEP,"I made very strong coffee (6 gms) by mistake and now k can't sleep, I've already tried laying down and closing my eyes and all but k still cannot sleep. I'm soooo exhausted and tired and yet I'm not feeling any sleep, my body is aching atp.",1,1783803275.0,IndianTeenagers,17,1.0,False
1utvf8w,https://www.reddit.com/r/TeenIndia/comments/1utvf8w/i_am_unable_to_sleep/,I AM UNABLE TO SLEEP,"I made very strong coffee (6 gms) by mistake and now k can't sleep, I've already tried laying down and closing my eyes and all but k still cannot sleep. I'm soooo exhausted and tired and yet I'm not feeling any sleep, my body is aching atp.",1,1783803249.0,TeenIndia,70,1.0,False
1utvf27,https://www.reddit.com/r/FriendshipAdvice/comments/1utvf27/should_i_f18_still_be_friends_with_my_f18_best/,Should I (F18) still be friends with my (F18) best friend of 4 years?,"Warning : long text ahead.

For context, we met in middle school. At the time, I was hanging with my (14m at the time, let's call him Andrew) former best friend's friend group who were mainly boys. I wasn't really close to any of them and had no interest in what they were discussing, stuff like animes, light novels or borderline political opinions. I was just literally standing next to them, barely interacting at all. One thing that might be worth knowing is that two of my closest friends changed schools in 7th and 8th grade. We promised to keep in touch but we never met again, and that deeply affected me and struggled to form new connections ever since. Andrew was the only one remaining of our friend group. 

Then in 10th grade she arrived as a new student. Let's call her Paula. I wasn't really paying attention to the people around me, I was used to them ignoring me, but she stood out by her looks alone. Tall and imposing. I had no intention of talking to her, she's the one who came first. She already had created a little group with a girl I vaguely knew, let's call her Jane with some other people. And that's how our friendship begun basically. She included my in the friend group and it felt ideal, we quickly got close and opened up about our lives. She was matching my energy, and even if I wasn't sure where this was going (I had very low self-esteem, still do to that day) I genuinely thought I was alright on my own and didn't need to commit to a new friendship. 

Fast forward to present time, I am absolutely exhausted of this friendship and I can't tell if it's because all her actions towards me became hurtful or if it's just my brain fucking with me. I have been keeping track of all the incidents that struck me over the years, as well as what I believe I've done wrong to her. I am aware this list is biased as I cannot know for sure everything I've done wrong to her but I know there's probably more and that what I deem as hurtful might've not have been done on purpose, but all the events stacked together makes me believe the contrary and kinda led me to despise her. I am sick of this situation and my mind has been in a bad place for a very long time, so excuse me in advance for not redacting the following list. 

What she did : 

1 - Wipe her hands on my clothes (twice)

2 - Stole me things (Charger cable, USB key, my phone) --> Never admitted anything and talked me down into believing I should have seen it was my USB key before, keeps denying there were files on it

3 - Saying hurtful things as jokes (like saying I'm dumb, retarded...) and refusing to talk about it when I confronted her

4 - Keeps looking down at me as if she was smarter than me because of her culture and can't bear when I'm actually good at something like Spanish and keeps mocking my accent saying I exaggerate it.

5 - Knows I'm bad at explaining things and so she will always try to have the final word

6 - Makes me feel worthless when we're in a group of people 

7 - Makes me feel guilty of having nothing interesting to say 

8 - Whispers insults / snarky remarks when we're sitting next to each other in class when she's sure I'll hear it. Things like ""you stink"" or ""shut up"", ""you fucking bitch"" (the night of her birthday) and then telling me she didn't say anything when I mention it. 

9 - stole the cushion we were sharing during a sleep over (leaving me with folded towels as cushions) 

10 - Ignoring my feelings when I tried to express my concerns about her remarks I found hurtful. 

11 - We were playing an mobile game and I wanted to do Scrabble because I like that but she left the game (because it was becoming boring she didn't place a word) and sent me ""Nothing ever lasts forever 🖕"" and we don't usually use that kind of emojis. 

12 - I made the mistake of beginning a thought about me liking her more than a friend but didn't had the courage to say it, she pressured me all day into telling me which I didn't do then tell me she wouldn't be friends with her if I didn't tell her by midnight. So I sent her a text to which she never replied and never talked about.

13 - Force me to say things when I start talking but actually nevermind it even if she does the same and don't say what she would've said all the time

14 - Never paid her part in a collective gift (it was 5 or 10)

15 - Fucking laugh about nothing (when I mentioned my tiny apartment to say it wouldn't be ideal to go there). I compared her to a clown that laugh over nothing. She fucking ignored me and flipped me off (don't remember if it was before or after this whole thing and turned bad everything I said to her. She literally just screamed at me saying I just laughed at a crippled person and said she didn't mean it when I confronted her about that later (she isn't disabled for as far as I know\\\\\\\*\\\\\\\*\\\\\\\*)

16- Downplaying my cultural references like ""Truman show"" because she could've referred to it as well. 

17 - Living for the cameras, taking too much videos, pictures

18 - Tried to record me naked by letting her phone recording and while we were discussing as well, even if she turned it off for this I had to turn it off myself before undressing

19 - She masturbated in front of me years ago (done it 3 times or so) 

20 - Kind of ""forced"" me to tell her my phone code because she told me hers 

21 - Peeking over my shoulder when composing my credit card code

22 - Flipping me off for no reason to make me uncomfortable and shut my mouth

23 - Pushing me and not apologising (sometimes, even if most of the time she did) 

24 - Literally holding a whole speech to tell me how much of a crutch I am to her to do stuff because ""she is too scared to do things alone"" 

25 - Never liked her mother because she gave me the impression of subtly mocking me as well (Called me over to show me a salad spinner as if I didn't know what it was)

26 - Took compromising pictures of me and refused to delete them

27 - Tried to convince me to live in a colloc with her and some of her family members, pretty sure she just wants that low rent. 

28 - Casually talked about my biggest trauma in front of another friend as if it was nothing so that I had to bring it up (said friend obviously did not so subtly remind us of her own trauma and how she had it worse) 

29 - Comments my way of clothing myself, saying I look boyish, unkept... She actually nicked me for not wearing a dress / skirt at new year's eve and not having makeup, that it made me look like a lesbian. 

\\-------------------------------------

What I did : 

1 - Not inviting her to my house / not coming to her house often 

2 - Asking for her revision's deck she made herself 

3 - Forgetting to give her back the money she lent me even if she said it was okay 

4 - Expressing my future wish to live alone 

5 - Talking about death a lot 

6 - Goshing her / cancelling plans last minute (Flaking the coffee shop) 

7 - Saying things like ""I can't believe you thought I was dumb enough to not know this / think that"" as a sick joke when she's serious

8 - Not celebrating / not gifting her anything on her birthday for two years in a row now.

9 - Getting drunk and throwing up on the ground of her room

10 - Pinching her nose because she was snoring

11 - Not putting much efforts to plan hang-outs / not texting her often.

12 - Ate like a pig and left crumbs on the floor.

Some of this things might just be my imagination, but recently we went out and talked about stuff. The conversation quickly drifted to us, she said hurtful things like that she just came to me to avoid being alone and knew just by observing me that I wouldn't say no. Explicitly said I looked too miserable to deny any kind of interaction. And yeah she is right, I've been craving this attention Paula gave me and I knew it already but she made it sound like I should be ashamed as if she wasn't the one who started this friendship. Why didn't she go talk to other people then? Truth is I'm probably emotionally unavailable and immature to keep the flow in the relation going. She's like my only friend I still see sometime and yet losing her would just feel like a relief to me. She also said that if I wanted to step down from ""best friends"" to just ""friends"" she wouldn't have an issue with it. But why couldn't she just straight up tell me that's what she wants?? Instead of just letting me say the difficult stuff. Paula is bad at decision making but hell, she is the master of jibberish yapping. She could keep taking forever just to prove her point. But mostly all she says is bullshit anyway and I really feel like it's aimed to overwhelm my processing capacities as she knows I won't cut her off (since I hate being cut off as well) but she, on the other hand won't let me finish my sentence if I dare stutter or pause in the middle of it. Having a serious, real conversation with her feels impossible and I don't want her to dismiss my feelings again. She said many times that she never regretted anything she's done and somehow always twists the convo to make it like she's right. I've talked about it to my mother, she said I'm overreacting. We've never had an argument before and I genuinely want to believe she still appreciates me, even if I can feel that she hates me, I can't even find a reason why this is wrong, she has no reason to like me as of now and my brain is too fried to do anything. I wanna change, I wanna be worth it but I don't know how. 

\\\\\\\*\\\\\\\*\\\\\\\* She actually has a condition that causes her to gain weight more easily and could potentially prevents her from having kids, while this obviously takes a toll on her, I don't think it explains everything. I don't know. I already feel like an asshole because I know I'm a shitty friend, given the context and the events that occurred and me taking my distances is justified (not to mention she wants to plan a trip with me) 

TD;LR : We bonded over the years while sum shit happened and now I need to know if Paula is still my friend and if I'm in the right for taking my distances for now and how I could salvage our friendship. ",1,1783803237.0,FriendshipAdvice,1,0.99,False
1utvefz,https://www.reddit.com/gallery/1utvefz,Can't decide which pickguard I like best,"Anodised Gold or Aged (coffee and shoe polish) mint green?

Its a Vintera I Road Worn Sea Foam Green and it came with a 1 ply white pickguard which I think looked out of place. ",33,1783803195.0,fender,29,0.92,False
1utvdgz,https://www.reddit.com/gallery/1utvdgz,New gravel ride,"Little ""I love living"" moments in life

Bike rides when the shadows start to fall, and coffee in every form

Greetings from Türkiye",9,1783803130.0,gravelcycling,1,1.0,False
1utvdaz,https://www.reddit.com/gallery/1utvdaz,Grove Guardian Painted Miniature,"Hi, sharing a finished painting I did for the Grove Guardian miniature from Age of Sigmar.  
Really enjoyed experimenting different materials for the base and trying out techniques to come up with different textures and look on the paint. I had to make my own texture paste for this and resorted to used coffee grounds dehydrated in the oven for quite some time, just to be covered in grass lol.   
I think what I was going for is to have this lush and colorful base that makes humans not notice the Grove Guardian blending in ready to strike anyone that dares disturb the soulpod.  
Had trouble moving on from this mini coz every time I look at it, there are things that I want to change and improve. But I had to accept these mistakes and just learn from it so I can improve on my next one.   
Even though, I am still proud that at least, I can call it finished ❤️  
Any C&C are very much welcome!",5,1783803120.0,minipainting,0,1.0,False
1utvc5k,https://www.reddit.com/r/catcare/comments/1utvc5k/itchy_ears_but_no_coffee_grounds_debris/,Itchy ears but no coffee grounds debris,"Two of our cats have very itchy ears. They are going to the vet on Monday. They don't have the typical coffee grounds debris seen with ear mites, so I'm thinking maybe yeast infection? There ears just seem dry and a little scaley. Any suggestions to soothe their poor little ears until Monday. Vet suggested a couple drops of mineral oil, so am going to try that. Also we have a couple of neighborhood strays who I see scratching the same way. I'm hoping the meds for this are affordable so I can treat them too. They look miserable.",1,1783803043.0,catcare,0,1.0,False
1utvagi,https://i.redd.it/h1wrlopxxnch1.jpeg,Decent Option for a Late Night Coffee - Love and Latte Juhu,A walk on Silver Beach followed by an iced americano at this place. Also has many board games in the basement. Must try!,1,1783802930.0,mumbaiFood,2,1.0,False
1utvabg,https://www.reddit.com/r/gso/comments/1utvabg/unpopular_opinion/,Unpopular opinion,"Greensboro needs a local coffee shop with a drive through that has reasonable pricing. Who else agrees?

  
I love supporting local but sometimes it is a pain when going to work (7:30am) and having to stop instore if I forget to make coffee at home",0,1783802919.0,gso,17,0.42,False
1utv9qs,https://v.redd.it/yleh4osoxnch1,Diorama in a Detolf - Coffee and Chill,"Been wanting to do a diorama for MK47 and Pepper for the longest time but wanted to create something unique that depicts the characters in a more relatable way.... this is what I came up with. Entire diorama hand crafted with 10mm xps then painted. Custom made drape lights for the awning and pavement board made with balsa. Some greenery thrown in for colour. Coffee cups were a cool add in by my daughter! 

Fun project and 2nd one working with xps.

https://www.instagram.com/raphaelsonesixthstudio?igsh=bTV2eDI3aHoxOXll",32,1783802881.0,hottoys,3,1.0,False
1utv9ia,https://www.reddit.com/r/NinjaLuxeCafe/comments/1utv9ia/brand_new_ninja_luxe_cafe_premier_doesnt_really/,Brand New Ninja Luxe Cafe Premier Doesn't Really Make Any Coffee,"I bought a Ninja Luxe Cafe Premier yesterday (New Zealand model, can link to the specific product code if needed)

I've set it up this morning, followed all the steps in the quick start manual, but it simply doesn't produce much ""volume"" at all coffee-wise.

E.g. I keep trying to make a long black (with the bean grind dialled in as suggested, double basket etc) but the best I can get is a few ML of weak coffee in hot water - it does the hot water first, then I can see it's trying to do the espresso shot but no espresso comes out. At worst it just does hot water from the hot water spout.

Regular double espresso shot is tiny and awful, like 1/2size of a single espresso (not sure what the correct term is)

I'm using good quality beans that worked well in my old 'dumb' machine (unfortunately it died, hence why I've now got this Ninja crap), followed all setup steps.

I want to take it back but my wife and I are arguing as she reckons it is user error.

Any ideas?",0,1783802866.0,NinjaLuxeCafe,4,0.5,False
1utv9fy,https://i.redd.it/m0r6mmgqxnch1.jpeg,Meditation Date? Hear me out.,"I know this isn't the usual kind of post you'd expect here, but Reddit feels like one of the few places where unconventional ideas might actually find the right people.

I'm 24M, working a regular corporate job, and lately I've been wanting to try something different from dating apps or the usual coffee-and-dinner routine.

I've attended a few deep meditation sessions by myself, and every time I came back feeling mentally lighter and more present. Recently, I caught myself wondering...

What if I shared that experience with someone who's equally curious about mindfulness?

So here's my unusual invitation.

Instead of a café date, let's spend a day exploring silence, meditation, meaningful conversations, and a break from the usual routine. We can travel by bus, keep it simple, have lunch, attend the meditation session, talk whenever it feels natural, and head back.

No expensive plans.  
No expectations.  
No pressure.

Just two strangers getting to know each other through a peaceful experience.

Of course, we'd chat here on Reddit first, and only if we're both comfortable. A quick coffee beforehand is also completely fine if that makes things easier.

A little about me:

\* 24M  
\* HSR, Bengaluru  
\* Working professional  
\* Telugu & English   
\* Curious by nature  
\* Into self-growth, spirituality, and meaningful conversations

If you're someone who's been looking for something calmer than the usual dating scene—or you're simply curious about meditation—I think this could be a memorable experience.

If this resonates with you, feel free to send me a DM.

Worst case, we have a good conversation.  
Best case, we both discover something beautiful.",2,1783802861.0,BangaloreSocial,0,1.0,False
1utv86a,https://www.reddit.com/r/MakeNewFriendsHere/comments/1utv86a/47m_from_dc_area_is_up_for_a_good_conversation/,47M from DC area is up for a good conversation,"I am looking for someone who likes to read, is interested in people, languages, music, and is culturally savvy. I am crazy about books, music, healthy lifestyle, orange juice and long hikes. Let's talk online or find a nearest coffee shop in DC, VA or MD.",0,1783802776.0,MakeNewFriendsHere,1,0.5,False
1utv73o,https://www.reddit.com/r/indiranagar/comments/1utv73o/hey_anyone_around_indiranagar/,Hey anyone around Indiranagar ?,"Let’s catch up ? Coffee ?  
Indiranagr 100 ft ",1,1783802706.0,indiranagar,1,1.0,False
1utv3f5,https://i.redd.it/jl0cbpakwnch1.jpeg,Alaga okkasari veldham….,"I know this isn't the usual kind of post you'd expect here, but Reddit feels like one of the few places where unconventional ideas might actually find the right people.

I'm 24M, working a regular corporate job, and lately I've been wanting to try something different from dating apps or the usual coffee-and-dinner routine.

I've attended a few deep meditation sessions by myself, and every time I came back feeling mentally lighter and more present. Recently, I caught myself wondering...

What if I shared that experience with someone who's equally curious about mindfulness?

So here's my unusual invitation.

Instead of a café date, let's spend a day exploring silence, meditation, meaningful conversations, and a break from the usual routine. We can travel by bus, keep it simple, have lunch, attend the meditation session, talk whenever it feels natural, and head back.

No expensive plans.  
No expectations.  
No pressure.

Just two strangers getting to know each other through a peaceful experience.

Of course, we'd chat here on Reddit first, and only if we're both comfortable. A quick coffee beforehand is also completely fine if that makes things easier.

A little about me:

\* 24M  
\* HSR, Bengaluru  
\* Working professional  
\* Telugu & English   
\* Curious by nature  
\* Into self-growth, spirituality, and meaningful conversations

If you're someone who's been looking for something calmer than the usual dating scene—or you're simply curious about meditation—I think this could be a memorable experience.

If this resonates with you, feel free to send me a DM.

Worst case, we have a good conversation.  
Best case, we both discover something beautiful.",2,1783802466.0,Bondhaluru,0,1.0,False
1utv35w,https://v.redd.it/xmjivl9hwnch1,Food Truck Visualizer,"Hey everyone,

I’m working on a small tool for people who are planning or building food trucks/trailers, and I wanted to get feedback from actual operators/builders before taking it too far.

The idea is pretty simple:

You pick a base setup - truck, trailer, or cart, then choose what you’re planning to sell, like coffee, tacos, pizza, BBQ, etc. Based on that, it gives you a starting equipment list. You can view and edit the layout in 3D to better understand spacing, workflow, and how cramped/usable the build might feel.

It would not be meant to replace a real builder, inspector, or local code requirements. More like an early planning tool so someone can think through layout, equipment placement, workflow, and rough build direction before spending serious money.

For people here who own, operate, or build food trucks:

What would actually be useful in something like this?

Also, what would make this useless or annoying?

I’m trying not to build something that looks cool but doesn’t solve a real problem, so any brutally honest feedback would help.",7,1783802449.0,foodtrucks,3,0.89,False
1utv2jh,https://www.reddit.com/r/Market76/comments/1utv2jh/h1290_coffee_w_110_leaders/,H:1290 coffee W: 110 leaders,,1,1783802408.0,Market76,9,1.0,False
