id,url,title,text,score,created_utc,subreddit,num_comments,upvote_ratio,over_18
1wnlcah,https://www.reddit.com/gallery/1wnlcah,Victor Marx might own his campaign merch LLC? From Kyle Clark,I’m honestly not that knowledgeable with campaigns and fundraising stuff. But isn’t it kinda illegal? Especially when you don’t tell your supporters where their money is going?,1,1790109659.0,ChurchOfCandace,0,1.0,False
1wnlbzk,https://www.reddit.com/r/TunisiaRelationships/comments/1wnlbzk/do_even_married_couples_value_more_personal_space/,Do even married couples value more personal space?,"Something I’ve noticed, especially when it comes to married couples, is that some people seem to struggle with giving each other personal space.

For example, one person might want to go out for coffee, spend some time with friends, or simply have a few hours to themselves, and the other person starts questioning it: “Why do you need to go there?” “Why are you meeting them?” “Why don’t you just stay home?” Eventually, it can feel like both people are expected to spend all their free time together or constantly account for what they’re doing.

Personally, I don’t think that’s healthy. I believe that even in a very loving and committed marriage, both people should still have a sense of individuality and privacy. Being married doesn’t mean you have to become one person who does everything together 24/7.

I think both the husband and the wife should be able to have their own friends, hobbies, interests, and occasional “me time” without the other person automatically seeing it as rejection or a threat to the relationship.

Even now, while I’m single and living with my family, I really value having time to myself. Sometimes I just need to be alone, think, recharge, go out, or do something without having to explain myself. So I can imagine that personal space would be even more important to me when sharing my life with someone.

Of course, I’m not saying that responsibilities disappear once you’re married. I would still want to be a supportive wife and contribute to the relationship. But I also want to remain my own person.

For me, having some space wouldn’t mean loving my partner less. If anything, I think having time apart can help you come back to each other with more energy, patience, and things to talk about.

I hope that when I eventually get married, my partner will understand that need for personal space and respect it, just as I would respect his.

 How much personal space do you think is healthy in a marriage?",1,1790109641.0,TunisiaRelationships,0,1.0,False
1wnlal8,https://www.reddit.com/r/MakeRedditFriends/comments/1wnlal8/m24_from_west_virginia_looking_for_friends/,M24 from West Virginia. Looking for friends.,"Hey guys. I like outdoors stuff, hiking, watching movies, going on trips, exercising. Looking for new friends. Rn I'm  SAH. 

Recently connected with someone on an old account of mine last week. We chatted about drinking coffee and our families. Would love to find them again. He was in his 30s. Hmu if u see this! 

But open to new conversations too. Hmu. ",1,1790109556.0,MakeRedditFriends,0,1.0,False
1wnla42,https://www.reddit.com/gallery/1wnla42,Anyone who wants to pasabuy?,"Ballet flat shoes, available in   
\- Coffee Pink  
\- White Pink  
\- Black

Sizes:  
35, 36, 37, 38, 39, 40

Price: 350 each + shipping  
ETA - Third week of October",2,1790109526.0,phclassifieds,2,1.0,False
1wnl8il,https://www.reddit.com/r/UAEYoungAdults/comments/1wnl8il/looking_for_friends_around_jaddaf/,Looking for friends around Jaddaf,"Hey everyone! 👋 I’m 24M, a doctor, and currently doing my medical internship at MBRU. I’m staying at Farhad Azizi Residence in Jaddaf and looking to meet some people nearby.

Would be nice to have a few friends around to chill, grab food/coffee, explore Dubai, or just hang out after a long day 😅

If you’re around Jaddaf or live nearby and are also looking to meet new people, hit me up! 🙌",1,1790109426.0,UAEYoungAdults,0,1.0,False
1wnl7g3,/r/canadasmallbusiness/comments/1wnl50l/starting_a_mail_club_in_ontario_would_canadians/,"Starting a Mail Club in Ontario, Canada: Looking for Fellow Letter Writers & Mail Art Lovers","Hi everyone!

I’m Kaye, 29F, from Ontario, Canada, and I’ve recently been thinking about creating a little community for people who still love the magic of receiving something meaningful in the mail.  
I’m a huge lover of handwritten letters, books, stationery, postcards, beautiful paper, and all the little details that make physical correspondence feel special. There’s something about opening your mailbox and finding something made or written specifically for you that digital communication can’t quite replace.

I recently started **The Letter Atelier**, a small passion project inspired by that idea, and now I’m hoping to create an **Ontario Mail Club**.

I imagine it as more than simply receiving a letter every month. I’d love to make it an interactive experience with themed correspondence, stationery, postcards, writing prompts, little paper surprises, mail art, and opportunities for members to write and connect with one another.

Eventually, I’d also love to organize cozy **coffee + letter-writing meetups** around Toronto, Hamilton, and the GTA. Just a table filled with paper, pens, stamps, coffee, books, and people spending an afternoon creating mail together.

Since many of you already love mail art and correspondence, I would genuinely love your advice.  
What makes a Mail Club exciting for you? What little things would make you look forward to opening the envelope every month? Would you prefer stationery, stickers, postcards, writing prompts, artist collaborations, themed letters, or something completely different?

I’m still shaping the idea, so I’d love to learn from this community before turning it into something bigger.  
And if you’re in Ontario, or anywhere in Canada, and love letters, stationery, mail art, books, or creative correspondence, I’d love to connect with you.

**The Letter Atelier:** theletteratelier.ca  
Hopefully, one day we can make our mailboxes a little more exciting again.",1,1790109361.0,themailandartsociety,0,1.0,False
1wnl705,https://www.reddit.com/r/u_NoLongerHuman_me/comments/1wnl705/22_september_2026/,22 September 2026,"It was a nice day.. I accomplished many things in it that I was afraid I might encounter problems with; fortunately, it went smoothly and easily....I went home, rested and slept, then woke up and watched several episodes of Attack on Titan. Then I felt a great deal of sadness, unhappiness, and self-loathing.

The weather was absolutely beautiful. I also went to a lovely area i had work near by..

After I finished, I had coffee. It was too sweet; I couldn't drink it, but I was extremely happy. The weather was cloudy, and many children were playing. And the little girl kept playing with me and waving her hand at me; she was very sweet.... Then I returned home, and at the end of the day I became certain of something. 

I am now certain that my feelings of self-hatred and self-loathing have no relation to the nature of my day.It was a very beautiful and pleasant day, yet at the end of the day he lay down with a great deal of self-loathing. I am a person who should be hated for no reason...",1,1790109334.0,u_NoLongerHuman_me,0,1.0,False
1wnl6ra,https://www.reddit.com/r/KoreaTravelMeetup/comments/1wnl6ra/28f_in_busan_until_the_end_of_september/,28F in Busan until the end of September 🇰🇷,"Hey! I’m 28F and I’ll be in Busan until the end of September. Looking to meet some girls and make new friends while I’m here! 💕

Would love to hit the beaches 🏖️, grab coffee, go for food/drinks, check out cute spots, or just hang out and have some fun 😊

If you’re around and looking for friends too, feel free to DM me!",1,1790109321.0,KoreaTravelMeetup,1,1.0,False
1wnl5j7,https://www.reddit.com/r/astoria/comments/1wnl5j7/elevenses_pastries_on_preorder_sale_this_week_for/,Elevenses Pastries On Preorder Sale This Week For Sept 25 Pick Up At Olive Coffee 30th Ave,"Just wanted to let any other fans of Georgia and her baked goods (owner and the baker of Elevenses) know that :

If you go to [www.hotplate.com/elevensescafe](http://www.hotplate.com/elevensescafe) you can buy her latest pastries for her September 25th pastry drop at Olive Coffee on 30th avenue. You can buy a mixed box or you can buy items al a carte (or both). I bought some things à la carte.

And if you don’t want to buy now but want to be kept in the loop, you can join the drop list to get an alert when Georgia has a new drop for sale.

Also if you have Instagram, you can probably see when her drops happen, over there (her handle is elevenses\_cafe).

No one asked me to post this, Georgia absolutely didn’t ask. I just know there are a lot of fans of hers in the subreddit who were sad Elevenses was closing who don’t use Instagram etc, so if anyone wants to buy some pastries from her now or in the future, go for it.",2,1790109249.0,astoria,0,1.0,False
1wnl50l,https://www.reddit.com/r/canadasmallbusiness/comments/1wnl50l/starting_a_mail_club_in_ontario_would_canadians/,Starting a Mail Club in Ontario: Would Canadians Be Interested in Something Like This?,"Hi everyone! I’m 29F and based in Ontario. I recently started a small creative business called **The Letter Atelier**, a passion project centered around bringing handwritten letters and thoughtful correspondence back into people’s lives.  
I’ve always loved writing, stationery, books, and the feeling of receiving something meaningful in the mail. With so much of our communication becoming digital, I wanted to create something that feels slower, more personal, and intentional.  
I’m currently exploring the idea of launching an **Ontario-based Mail Club** through The Letter Atelier.

The idea would be to create a monthly experience where members could receive themed mail, handwritten elements, curated stationery, postcards, small surprises, writing prompts, and opportunities to connect with other people who enjoy traditional correspondence.

I’d also love to eventually organize small **coffee + letter-writing meetups** around Toronto, Hamilton, and the GTA, where people could bring their stationery, write letters, meet other members, and spend an afternoon doing something creative together.  
Since this is still in the early stages, I’d really appreciate feedback from other Canadian small-business owners.

Would a monthly Mail Club like this be something people would be interested in? What would make a subscription feel worth paying for every month? If you run a stationery, printing, illustration, book, gift, or other creative small business in Canada, I’d also love to connect and potentially explore collaborations.  
I’m especially interested in supporting Canadian creators and small businesses when sourcing stationery, postcards, stickers, prints, and other items for future mail packages.

My website is **The Letter Atelier: theletteratelier.ca**  
I’d love to hear your thoughts, especially from anyone who has experience running subscription boxes, memberships, stationery businesses, or community-based businesses in Canada.  
And who knows, maybe we can organize our first little Ontario coffee + letter-writing meetup someday.",1,1790109216.0,canadasmallbusiness,0,1.0,False
1wnl4zb,https://www.reddit.com/r/Sunderland/comments/1wnl4zb/writer_seeks_writer/,Writer Seeks Writer,"**Working on my debut novel and looking for a fellow writer to meet weekly (or fortnightly) over coffee, a pint, or a long walk. Your genre doesn't need to match mine; poets, playwrights, and prose writers of every stripe are welcome. I'd love to swap pages, talk through what's working (and what isn't), trade book recommendations, and keep each other honest about deadlines. Mostly, I'm hoping for a friendship built on a shared love of words; I'm not really interested in having pen pal or a large writing group. So, if you're after some gentle accountability and good conversation, drop me a direct message. For what it's worth, I'm a born and bred Mackem M/30s.**",1,1790109214.0,Sunderland,0,1.0,False
1wnl4u8,https://www.reddit.com/r/u_BigNatesDeals/comments/1wnl4u8/all_my_links/,All My Links,"* CurseForge: [Mods](https://www.curseforge.com/members/gaming_reseller/projects?page=1&classIds=6) / [Data Packs](https://www.curseforge.com/members/gaming_reseller/projects?page=1&classIds=6945)
* YouTube: [https://www.youtube.com/@gamingreseller](https://www.youtube.com/@gamingreseller)
* Discord: [https://discord.com/invite/QZW6jnJFaC](https://discord.com/invite/QZW6jnJFaC)
* Thumbnails & Screenshots: Link in Comments
* eBay Store: [https://www.ebay.com/str/bignatesdeals](https://www.ebay.com/str/bignatesdeals)
* Buy Me a Coffee: [https://buymeacoffee.com/gaming\_reseller](https://buymeacoffee.com/gaming_reseller)",1,1790109206.0,u_BigNatesDeals,1,1.0,False
1wnl3qv,https://www.reddit.com/r/Market76/comments/1wnl3qv/h_77_coffee_13_pepper_19_salt_15_spices_w_1_limit/,H: 77 Coffee + 13 Pepper + 19 Salt 15 Spices W: 1 Limit Breaking,,1,1790109135.0,Market76,1,1.0,False
1wnl2em,https://i.redd.it/d59zd8i7t4rh1.jpeg,Perdomo 10th Anniversary,"Starting off a beautiful afternoon with a Perdomo 10th Anniversary Champagne in the Robusto size. Paired with the La Colombe Triple Draft Latte. 

I hope everyone is enjoying the day! ",2,1790109052.0,cigar,0,1.0,False
1wnl2aa,https://www.reddit.com/r/NoStupidQuestions/comments/1wnl2aa/why_do_i_always_drip_coffee_when_i_drink_out_of/,Why do I always drip coffee when I drink out of mugs?,,2,1790109044.0,NoStupidQuestions,3,1.0,False
1wnl1nv,https://www.reddit.com/r/u_Any-Dog3240/comments/1wnl1nv/short_story/,Short story,"**Eight Heartbeats Beneath Her Lens**

**Chapter One**

**The Town That Broke Me**

My name’s Anders McClain, and I spent the first twenty-three years of my life trying to figure out how to leave Plainsboro without leaving a piece of myself behind.

Turns out, those are two very different things.

Plainsboro was the kind of town that looked forgotten even on a good day. A few hundred people were scattered between fields of wheat and cattle pasture, with an old feed store at the center of town, a bar that always smelled like stale beer, and a rodeo arena sitting just outside the city limits. Most folks gathered there whenever they wanted to pretend there was something exciting about living in Plainsboro.

Time moved slowly in that town. People were born there, grew old there, married their high school sweethearts, buried their parents, and eventually got buried themselves beneath the same stretch of Texas sky.

Dreams didn’t usually survive long.

Mine almost didn’t.

My father saw to that.

Daddy had always been a hard man, but I remember him being different before Mama died. He wasn’t soft—he’d never been soft—but there were still nights when he’d come home smelling like whiskey and Mama could calm him down with nothing more than a look and a hand on his shoulder.

Then cancer took her.

It took her slowly enough for us to watch it happen, which somehow made it worse. There wasn’t one moment when Mama disappeared. She faded a little more every day until one morning, she was simply gone.

Whatever had been holding Daddy together went with her.

His drinking got worse. His temper got worse, and eventually, so did everything else.

I learned to recognize the sound of his truck pulling into the driveway. I knew the difference between his footsteps when he’d had a good day and the heavier, angrier steps that meant I needed to stay out of his way.

Every evening, I’d lie in my bed listening to the old house settle around me. The floorboards creaked, the pipes groaned, and the wind rattled the windows.

Then I’d hear the truck.

The engine would cut off.

A door would slam.

Boots would hit the porch.

And my heart would start beating faster.

Sometimes he’d go straight to the kitchen. Other nights, he’d sit in his chair and start drinking. But sooner or later, I’d hear my name.

“Anders!”

I’d close my eyes.

“Anders! Get your lazy ass down here!”

I’d get up.

I always did.

I’d make my way downstairs and find beer cans and whiskey bottles scattered across the living room. I’d pick them up carefully and put everything away, never moving too fast or too slowly. I’d learned that even the smallest thing could give him another reason to be angry.

“What’s taking you so damn long?” Daddy would demand.

“Sorry, Daddy.”

That was another thing I learned: never answer back.

Words could become fists. Fists could become belts, and sometimes things became worse than that.

I still had the scar along my side from the night Daddy had been drunk enough to forget I was his son. I’d been lucky, according to the doctor. The knife had missed my lung by less than an inch.

I hated that word.

Lucky.

There wasn’t anything lucky about surviving the person who was supposed to protect you.

I learned to move quietly through that house, almost like a ghost. Bruises became as ordinary to me as the smell of hay and horse manure drifting across town from the rodeo grounds.

But there was one place where Daddy couldn’t follow me.

The arena.

Under that enormous Texas sky, I could breathe. The dirt beneath my boots was rough and honest, and the air smelled of leather, sweat, horses, and fried corndogs from the county fair.

Out there, nobody cared who my father was. They didn’t care what happened inside our house or whether I’d spent the previous night sleeping with one eye open.

All they cared about was whether I could stay on the back of a bull for eight seconds.

And I could ride.

I’d been riding horses since I was old enough to climb into a saddle, but bull riding was something else entirely. A horse might throw you because it wanted you gone. A bull seemed to want you dead.

There was something about that I understood.

Maybe that’s why I loved it.

The day I won the Plainsboro rodeo, the crowd sounded louder than I’d ever heard it. I climbed off the bull, breathing hard, with dirt stuck to the sweat on my face. When the announcer called my name, the stands erupted.

“Anders McClain!”

I looked toward the crowd and imagined Mama sitting somewhere among them, smiling and yelling louder than everybody else. She would’ve told me she always knew I could do it.

The announcer handed me a cheap, gold-painted trophy, and I raised it over my head.

Everyone cheered.

But I wasn’t thinking about the trophy.

I was thinking about leaving.

That piece of tin wasn’t a trophy to me. It was a ticket out. For the first time in my life, I had a way to build a future that belonged to me.

That night, I packed one duffel bag. A couple pairs of jeans, some shirts, my boots, my rodeo gear, and the little bit of money I’d managed to save went inside.

I stood in my bedroom doorway for a long time before leaving. I looked at the cracked ceiling, the old dresser, and the bed where I’d spent so many nights wishing morning would come.

Then I looked toward the hallway.

Daddy was passed out in his chair downstairs.

For once, he wasn’t a threat.

I picked up my bag and walked out.

I didn’t say goodbye. I didn’t leave a note, and I didn’t look back.

Just before sunrise, I started my truck and pulled away from Plainsboro.

The town disappeared in my rearview mirror.

For the first time in my life, I wasn’t sure what waited for me ahead.

But at least the future belonged to me.

⸻

**Chapter Two**

**Dust in the Rearview**

Amarillo was nothing like Plainsboro.

For one thing, there were actual buildings—big ones—and lights everywhere. The first time I saw the stadium, I nearly drove right past the entrance because I was too busy staring at it.

The place was enormous.

Bright lights burned against the night sky, brighter than any stars I’d ever seen, and the entire arena seemed to glow beneath them.

I parked my truck and sat there for a moment with my hands wrapped around the steering wheel.

This was it.

The semi-pro circuit.

The real thing.

I looked down at my old boots.

“You wanted out,” I muttered to myself. “Now get out there.”

I grabbed my gear and headed inside.

The place was chaos. Riders moved through the halls carrying ropes and helmets while stock contractors shouted instructions. Horses stamped in their stalls, and bulls slammed against steel gates. The air smelled like dirt, sweat, and adrenaline.

Then the loudspeaker crackled.

“All riders, please report to your designated areas.”

My stomach tightened.

I headed toward the chutes.

That’s when I bumped into him.

“Watch where you’re going.”

I turned.

He was taller than me, broad-shouldered, dark-haired, and wearing the kind of expression that made it clear he’d never apologized for anything in his life.

“Sorry,” I said.

His eyes traveled over me, taking in my boots, jeans, and gear before returning to my face.

“You’re McClain, aren’t you?”

“Yeah.”

He gave a humorless laugh.

“So you’re the rookie who broke the Plainsboro record.”

“I guess that’s what they say.”

He didn’t offer his hand or introduce himself. Instead, he stepped closer.

“Colt Ramirez.”

Then he looked me over once more.

“I hope you can stick to the saddle when it ain’t your daddy’s backyard rodeo.”

My jaw tightened.

I thought about answering, but I reminded myself that I wasn’t in Plainsboro anymore. I didn’t have anything to prove to him.

Not yet.

I nodded.

“Guess we’ll find out.”

His eyes narrowed before he walked away.

I watched him disappear into the crowd.

Something told me Colt Ramirez wasn’t used to people answering him like that.

My first ride was against a bull named Ironjaw.

I’d heard the name before. Everybody had.

Ironjaw was a mean son of a bitch, and when I saw him in the chute, I wondered if leaving Plainsboro had been a terrible idea.

The bull pawed at the dirt and tossed his head while I climbed onto him.

The chute gate swung open.

Ironjaw exploded forward.

My body snapped backward as I grabbed the rope. He spun left, then right, and my shoulder screamed with every turn. The arena became a blur of dirt and lights as I fought to keep my grip.

I could hear the crowd.

I could hear the bull.

Mostly, though, I could hear my own heartbeat.

Beneath all of it, I imagined Mama’s voice.

You can do this, Anders.

I held on.

When the buzzer finally sounded, I dropped into the dirt.

The crowd erupted.

I climbed to my feet, breathing hard, as the announcer’s voice thundered through the stadium.

“Ladies and gentlemen, the newest rider on the circuit, Anders McClain, with a commanding score of 94.9!”

For a moment, I simply stood there.

Then I smiled.

I’d done it.

I wasn’t the kid from Plainsboro anymore.

I was a rider.

A real one.

Then Colt rode.

And damn him, he was good.

He climbed onto his bull with the confidence of a man who’d been doing this his entire life. When his ride ended, the scoreboard lit up.

94.7.

Two-tenths behind me.

The crowd cheered as Colt climbed down and looked across the arena.

Our eyes met.

He gave me a small nod.

It wasn’t friendly.

It was a challenge.

He walked past me a moment later.

“Enjoy it while it lasts, rookie.”

I watched him disappear into the crowd.

I should’ve been angry.

Instead, I smiled.

For the first time in my life, someone had given me a reason to want to be better.

I just didn’t know yet how much that rivalry was going to cost me.

⸻

**Chapter Three**

**Snake Bite**

The next few weeks became a blur of motel rooms, practice pens, cheap meals, sore muscles, and rodeos.

I learned quickly that the professional circuit didn’t care about your past. It didn’t care how hard your life had been, whether you’d grown up poor, or whether you’d lost your mother. A bull didn’t care, and neither did the clock.

Eight seconds.

That was all that mattered.

I started winning. Not every time, but often enough that people began recognizing my name.

The more attention I received, the more determined Colt seemed to become.

Our rivalry developed into something strange. We didn’t talk much, and when we did, it usually involved an insult from one of us. Still, beneath the competition was something neither of us wanted to admit: respect.

Neither of us would have called it that then.

One Saturday night, I arrived at a rodeo in Oklahoma and saw the name on the board.

**SNAKE BITE.**

My stomach tightened.

Snake Bite belonged to Butch Hargrove, one of the most respected stock contractors in the business and one of the hardest men to impress. I’d heard stories about his bulls, and Snake Bite was one of his best.

As I walked toward the stadium, I spotted a woman standing near the rail with a camera in her hands.

She had long brown hair, blue jeans, boots, and a black shirt tucked into her belt.

She raised the camera.

Click.

I stopped.

She lowered it.

Our eyes met.

She smiled before turning away.

I stood there longer than I should have.

“Nice start, Romeo.”

I turned and found Colt standing behind me.

“Shut up.”

He laughed.

“She’s Butch’s daughter.”

I glanced back toward her.

“What’s her name?”

“Lucy.”

Then Colt walked away.

I watched her disappear through the crowd.

Lucy.

Somehow, the name suited her.

I didn’t have time to think about it.

Snake Bite was waiting.

I climbed into the chute, trying to ignore the nerves tightening my stomach. Butch Hargrove stood nearby, watching me with his arms crossed.

“You sure about this, son?” Butch asked.

“I wouldn’t be here if I wasn’t.”

His mouth twitched.

“Confidence gets riders killed.”

“So does hesitation.”

For the first time, I saw something resembling approval in his eyes.

“Good answer.”

Then the gate opened.

Snake Bite came out like he’d been shot from a cannon.

He threw me left, then right, and then nearly straight over his head. My grip slipped, and I tightened it just as the bull twisted again.

My arm screamed.

My fingers were going numb.

I wasn’t sure how much longer I could hold on.

Then the buzzer sounded.

I dropped into the dirt.

Eight seconds.

I’d done it.

I rolled onto my back and laughed as the crowd erupted.

When I looked toward the rail, Lucy was holding her camera.

She smiled.

Click.

For some reason, that felt better than the applause.

⸻

**Chapter Four**

**The Woman Behind the Camera**

The bar was crowded that night, and I sat at the counter with a glass of whiskey, still riding the high of the win.

“Evening, partner,” the bartender said. “What’s your poison?”

“Two fingers of Johnny Walker. Straight.”

He poured the drink, and I took a long sip.

Then I saw her.

Lucy.

I’d seen her plenty of times through the viewfinder of her camera, but I’d never seen her dressed like that. She wore a dark dress that fell just above her knees, and for a moment, I forgot how to breathe.

She caught me staring.

Instead of looking away, she smiled.

That smile nearly killed me.

I finished my drink and walked over.

“Can I buy you a drink?” I asked.

Lucy raised an eyebrow.

“I thought cowboys only bought drinks for pretty women.”

“Then I guess I’m in luck.”

She laughed.

“I appreciate you taking such good pictures of my best side.”

“Well,” Lucy said, “that’s what I get paid to do, Mr. McClain.”

She was teasing me.

I liked it.

“What’ll you have?” I asked.

“Jack Daniel’s.”

“Anything else?”

“Neat.”

I nodded toward the bartender.

“Heavy pour.”

Lucy’s eyebrow lifted.

“You’re learning quickly.”

When her drink arrived, she took a sip and leaned closer.

“So tell me, Anders…”

The way she said my name made something in my chest tighten.

“Do you always ride like you’ve got nothing to lose?”

She paused.

“Or was tonight just for me?”

I swallowed.

“Guess you’ll have to stick around and find out.”

Her smile grew, and there was something dangerous about it.

I liked dangerous.

Maybe too much.

We talked for hours.

She told me about growing up around bulls and about her father. He’d given her a camera because he thought she needed to learn what hard work meant.

“At first, I hated it,” she admitted.

“Photography?”

“Being told what to do.”

I laughed.

“That sounds like you.”

She smiled.

“But then I started taking pictures.”

“What changed?” I asked.

She looked toward the bar.

“The first time I captured something that couldn’t be recreated.”

She turned back toward me.

“A rider right before he gets thrown. The dirt in the air. The look in his eyes. It’s gone in a heartbeat.”

“But you get to keep it.”

“Exactly.”

She smiled.

“I guess that’s why I love it.”

I looked at her.

“You’re good at it.”

She studied me.

“You haven’t seen enough of my work to know that.”

“I’ve seen the pictures you took tonight.”

“And?”

“You made me look good.”

She laughed.

“Maybe you finally gave me something worth photographing.”

I smiled.

“Then I’m real glad your daddy made you pick up that camera.”

She leaned closer.

“Why?”

“Because otherwise, I might’ve never met the woman who caught my winning ride…”

I paused.

“…and stole my breath afterward.”

For a moment, neither of us moved.

Then she smiled.

Something inside me shifted.

I’d spent my whole life trying to outrun things.

That night, for the first time, I wanted to stay.

⸻

**Chapter Five**

**What the Lens Sees**

It didn’t happen all at once.

Lucy and I simply became part of each other’s routine.

She photographed my rides, and I started finding reasons to be near her afterward. Sometimes we’d talk for hours. Other times we’d argue about something stupid, usually because neither of us was willing to admit the other was right.

She teased me about my temper.

I teased her about her stubbornness.

She told me I rode like I was trying to prove something.

I told her she took pictures like she was trying to expose secrets.

Neither of us admitted how much we liked being together.

Then came the night everything changed.

I’d had a bad ride.

Not bad enough to get hurt, but bad enough to lose, and after weeks of winning, the loss bothered me more than I wanted to admit.

I was sitting alone behind the arena when Lucy found me.

“You okay?” she asked.

“Fine.”

She sat beside me.

“You’re a terrible liar.”

“I didn’t ask you.”

“No,” she said quietly. “But you didn’t leave.”

I stared at the dirt.

She was quiet for a while before speaking again.

“Why do you ride like you’re running from something?”

I froze.

“What?”

“I’ve watched you.”

She touched the camera hanging around her neck.

“You don’t ride like the other guys.”

“What does that mean?”

“They ride to win.”

She looked directly into my eyes.

“You ride like you have to.”

I didn’t answer.

My throat tightened.

Lucy didn’t push. That was the thing about her. She didn’t try to force doors open. She waited for you to unlock them yourself.

I looked down at my boots.

“My mom died a couple years ago.”

Lucy remained silent.

“Cancer.”

I swallowed.

“She was the only person who ever believed I could be something more.”

I rubbed my thumb along the edge of my hat.

“After she died, my dad got worse. He drank more and got meaner. Eventually, he put a knife in me.”

Lucy’s eyes widened.

I lifted my shirt enough to show her the scar.

“Doc said I was lucky.”

I lowered my shirt.

“I left the next morning.”

“Because of him?” she asked.

“Because I realized that if I stayed, I might become him.”

Lucy looked at me.

“You’re not him, Anders.”

“You don’t know that.”

“I know enough.”

She turned toward me.

“You’re sitting here terrified of becoming a man you hate. Men like your father don’t spend their nights worrying about becoming better.”

I didn’t know what to say.

Lucy reached for my hand.

She didn’t kiss me or tell me everything would be okay.

She simply held my hand.

Somehow, that meant more.

⸻

**Chapter Six**

**The Cost of Eight Seconds**

The trouble with falling in love is that eventually there’s something to lose.

I just didn’t realize how much I’d come to care about Lucy until the night I nearly died.

It happened at a rodeo in Tulsa.

The bull was enormous, mean, and fast.

I remember climbing into the chute and hearing Lucy’s voice somewhere beyond the railing.

Then the gate opened.

The bull twisted hard enough to throw me sideways.

My hand slipped.

I hit the ground.

Pain exploded through my ribs.

Something cracked.

I tried to move, but my body wouldn’t cooperate.

Then the bull turned.

For one terrible second, I saw his horns coming straight toward me.

Somebody hit the bull from the side, knocking him off course.

The crowd screamed.

Then everything went black.

When I woke up, Lucy was sitting beside my hospital bed.

Her eyes were red.

“You scared the hell out of me,” she said.

I tried to smile.

“Didn’t mean to.”

“That’s your defense?”

“It’s all I’ve got.”

She shook her head.

“You’re an idiot.”

“Probably.”

She reached for my hand.

This time, she didn’t hesitate.

“I don’t want to lose you.”

The words hit harder than the fall.

I looked at her.

“Lucy…”

“I know,” she said.

She squeezed my hand.

“I know you’re scared.”

“I am.”

“So am I.”

For the first time, I understood something.

Fear wasn’t always a reason to run.

Sometimes it was proof that something mattered.

⸻

**Chapter Seven**

**The Rival**

Colt came to see me the next morning.

He stood in the doorway holding two coffees and tossed one onto my bed.

“Don’t get sentimental.”

I looked at him.

“Didn’t know you cared.”

“I don’t.”

He pulled up a chair.

We sat in silence for a while before he finally spoke.

“You almost got yourself killed.”

“I noticed.”

“You ride like a damn idiot.”

I smiled.

“You’re one to talk.”

He laughed, but the sound didn’t last.

“I used to have a brother.”

I looked at him.

“Older brother. He was a rider.”

He stared at the floor.

“He died three years ago.”

I waited.

“Never figured out how to stop being angry about it.”

I didn’t know what to say.

Then I understood.

Colt wasn’t competing against me.

Not really.

He was competing against something of his own.

“You ever figure out why you still ride?” I asked.

He shook his head.

“No.”

He stood.

“But I know why I keep riding.”

“Why?” I asked.

He looked at me.

“Because if I stop, I have to think about it.”

Then he left.

For the first time, I didn’t see Colt Ramirez as my enemy.

I saw another man trying to outrun something.

⸻

**Chapter Eight**

**Running Toward Something**

When I finally returned to the arena, things had changed.

I was still afraid, but the fear felt different.

Before, I rode because I needed to prove I wasn’t worthless. I rode because I needed to prove my father hadn’t won. I rode because every eight seconds felt like another eight seconds carrying me farther away from Plainsboro.

But now I rode because I loved it.

I loved the dirt and the noise, the danger and the feeling of sitting on something powerful enough to kill me while somehow convincing it to carry me.

And I loved Lucy.

She stood behind the rail with her camera as I climbed into the chute.

She raised it.

Click.

The gate opened.

The bull exploded forward.

I held on.

When the buzzer sounded, I dropped into the dirt.

The crowd erupted.

I stood and looked across the arena.

Lucy was smiling.

She raised her camera again.

Click.

For once, I wasn’t thinking about Plainsboro. I wasn’t thinking about Daddy, the scar on my side, or even winning.

I was thinking about what came next.

Lucy found me outside the arena.

“You okay?” she asked.

I smiled.

“Yeah.”

She raised an eyebrow.

“Really?”

“Really.”

I looked back toward the stadium and then toward the highway beyond it.

“I used to think leaving home meant getting far enough away that I couldn’t see it anymore.”

She waited.

“I was wrong.”

“What do you think now?” she asked.

I looked at her.

“I think home is wherever you decide to stop running.”

Her smile softened.

“And where are you stopping?”

I reached for her hand.

“Right here.”

She smiled and kissed me.

It wasn’t some grand, perfect moment with fireworks exploding overhead. It was simply a quiet kiss beneath the stadium lights, and somehow, it felt like coming home.

For the first time in my life, I didn’t feel like I was running from anything.

I was running toward something.

Toward her.

Toward the life I’d always wanted.

Toward the man I was finally becoming.

Somewhere behind us, the rodeo announcer called another rider’s name, and the crowd roared beneath the stadium lights.

Lucy slipped her fingers through mine.

I glanced at the camera hanging around her neck.

“Did you get that?”

She laughed.

“Get what?”

“The kiss.”

“No.”

“Why not?”

She leaned against me.

“Because some moments are better when you don’t look through a lens.”

I smiled.

For once, I agreed.

The moment didn’t need a photograph.

I would remember it forever.

Eight heartbeats had changed my life.

But Lucy had given me a reason to stop counting.",1,1790109008.0,u_Any-Dog3240,0,1.0,False
1wnl081,https://www.reddit.com/r/nosleep/comments/1wnl081/someone_switched_my_luggage_at_the_airport_and/,Someone Switched My Luggage at the Airport… and Now I’m in Trouble,"Hi Reddit, 

I need help. I’m not sure what to do. Something scary is happening and I think I’m being followed. 

About two weeks ago, I had the most traumatic and horrifying night of my life. 

I was returning from an international work trip, and had finally landed at my home airport. It was a red-eye flight, and we landed at about 3:25am. Thankfully, the airport wasn’t too crowded, as there were only a few other flights connecting at that time. 

After I deplaned, I rolled my carryon to the luggage carousels to grab my checked bag. Unfortunately, there was a bit of a delay, and the luggage didn’t start appearing till after 4am. I was exhausted, and standing near the end of the carousel. There weren’t many other people there, so as soon as I saw my black Luggex come around the bend, I grabbed it. 

I started hauling my bags toward the exit. TSA agents stood at the gates and were directing people through, while waving the occasional person off to a different line. I prayed the agent would wave me through. It was nearing 5am, and I was desperate to get home and get a few hours of sleep. 

As I approached the gate, I slowed to a crawl as I followed the man ahead of me. He had dark hair and kept impatiently checking his watch. The TSA agent waved him through, and he exited the gate.  

“Please follow the line to your right,“ the TSA agent said to me, blocking my exit and pointing towards the right. I groaned internally. 

“What for? I can show you my passport if that helps?” 

“Sorry, ma’am. We’re doing mandatory secondary screenings and you have been randomly selected.”

The man who had gone through ahead of me had turned around and was watching the interaction. He looked like he was hoping for a scene. I sighed, and got a better grip on my belongings, before wheeling my bags down the aisle on the right. 

I followed the railing, and came to another TSA agent, who was standing beside a long table. 

“Good morning. You’ve been randomly selected for a secondary screening. Participation is mandatory. If you have any concerns, you can ask to speak with a supervisor. Please place your luggage on the table,” she recited in a bored tone.She pursed her lips. 

I sighed and heaved my check bag on the table first, then threw my carryon beside her. 

“Is this your own luggage?” The agent asked. 

“Yes,” I replied. 

“Did you pack your own bags, and were they ever out of your sight?” 

“Yeah, I packed it myself.” I patted the check bag. “This one was checked, but I grabbed it right off the carousel.”

The TSA nodded. She started with my carryon bag and quickly unzipped it. I blushed as it opened and revealed my dirty clothes, including some underwear I had thrown right on top.

She removed all the clothes, then emptied the pockets, and ran her gloved hand along the inside seams of the bag.

“You can repack on that side of the table,” the agent said, as she slid my belongings over. 

I quickly shoved my dirty underwear into an inner pocket, then started grabbing a handful of other stuff.  

“What the fuck!” The agent gasped. I looked up at her, to see her staring inside my Luggex. The agent held the lid half-opened and it blocked my view. But her face was pale and drawn, and her lips suddenly looked bright red. 

“What?” I asked, my stomach twisting in a strange way. I started to move towards the luggage, but the agent’s head snapped up. 

“Get on the ground, now!” She screamed. There were a few other pedestrians in the adjacent lines and they looked over. At the agent’s shout, other TSA agents came sprinting over. It all happened so quickly. 

My agent lunged towards me when I froze in place, and as she moved, she dropped the lid of my Luggex open. In the moment between her lunging towards me, and tackling me to the ground, I saw what caused her horror. 

The bag appeared to be lined with plastic. Body parts rested in a pile of oozing fluid. A hand stuck out at an awkward angle, limp and grey. 

The agent’s body landed on mine and I barely had time to cry out, before someone else flipped me over. 

People were screaming, and my body was jerked around. The agents were yelling instructions at me, but my brain felt like it was shutting down. My limbs wouldn’t react and I couldn’t comprehend what I saw. 

My arms were forced behind my back, my shoulder threatening to pop. A loud, “you’re under arrest,” rang out in the chaos. Handcuffs were snagged around my wrists. 

My right cheek was smushed against the dirty floor, and a pebble was pressing in the delicate skin near my eye. I could see people’s legs running around, and as I twisted my eyes as far up as they could go, I could see that grey hand in my luggage, reaching towards the sky. 

Very quickly, I ended up detained in an interview room at the airport. I felt shockingly calm, as everyone ran around in shambles around me. Hours passed as I sat in that room, handcuffed to the table. 

I stared at the clock on the wall. When it ticked its way to 9:32am, the door opened and an officer walked in. 

“Good morning, Eloise,” the officer said as he took a seat across from me. He looked kind, with bright blue eyes, greying hair and a stiff moustache. 

“It’s Ellie,” I responded, though my nickname at this point probably didn’t matter. 

“Oh, sorry. Ellie.”  The officer cleared his throat. “I’m Detective Carson. I’m sure you can understand that I have a few questions about your luggage.” 

“It’s not mine,” I responded, numbly, staring at my hands. The handcuffs cut into my wrists and large splotchy bruises had appeared. I yanked on them slightly, and the cuffs rubbed into my raw skin. 

Detective Carson frowned at my movement. He leaned over the table, and produced a small key, opening the cuffs. 

I let out a soft cry, that turned into a choking cough as I pulled my hands towards my body, and held them close. I rubbed my wrists and tears prickled in my eyes. 

“It’s not mine,” I whimpered, and the floodgates opened. My chest tightened, and my breath came out in heaving gasps. Tears ran down my face, and I began to hyperventilate. The shock of what happened suddenly set in.

Detective Carson reached once more across the table, and laid a gentle hand on my clenched fists. 

“Ellie,” he said, staring at me. “We know it’s not yours. We found your actual luggage.” 

I let out a strangled sniffle, and aggressively wiped my nose. 

Detective Carson got up and walked to a row of counters on the opposite side of the room. Opening one revealed a mini fridge, and he removed a bottle of water. He fetched a box of Kleenexes as well, and brought both over to me. 

I wiped my nose with a soggy tissue and stared at him with my sore eyes. “Can you tell me what happened?” I asked. 

The detective nodded, “After you were detained, and the police were called, we did an initial search. We found an identical piece of black luggage, which had a piece of your ID in it.”

Carson scratched his chin before continuing. “The luggage with the remains had your luggage tag on it. The luggage with your ID in it had a blank luggage tag. We believe someone switched the tags.”

I let out a wavering sigh of relief. They knew it wasn’t mine. 

Carson went on, “I need you to recount the events leading up to the luggage collection.”

I nodded, and rubbed my wrists again. I took a small sip of the icy water, and it soothed my throat. “I don’t know how much to tell. After I got off the flight, I just went straight to the luggage area.”

“I was standing near the end of the carousel, and when I saw my bag, I just grabbed it. I didn’t think to check my tag.”

The detective nodded. “Are there any other details you remember?”

I closed my eyes and tried to recount every step I took. But in my exhaustion, I couldn’t draw forward any other details. I opened my eyes and shook my head at Carson. 

“That’s okay. I’m sure it’s been a stressful night.” Detective Carson stood up. “We are not detaining you, and you are free to return home. You must remain available, should we have any other questions for you.”

The detective reached into his pocket and pulled out a card. “If you think of anything, no matter how mundane, please reach out to us. Tracy will confirm your contact information, then you may go home.”

The rest of the night after that was not nearly as important, and to be perfectly honest, it was a bit of a blur. 

I took a taxi home, and brought all my real luggage inside, throwing it in my entryway. I locked my doors and crawled into bed. My alarm clock flashed bright numbers at me. It was almost noon. 

I passed out nearly as soon as my head hit the pillow. 

Around 8:30pm, I briefly woke long enough to glance at the clock and see the time. I thought I heard a noise outside, but my mind bled my dreams and reality into one. 

I woke the next morning at the crack of dawn. I pulled myself out of bed, feeling an ache and pain in every bone. I moaned softly. 

I decided to call my brother over. The events of the past day were flooding me, and I needed to get it off my chest. He arrived within the hour.

“Hey, your front door was unlocked,” Steven called, as he pushed his way through my front door. 

I frowned. “I’m pretty sure I locked it last night, but I was so exhausted, I honestly can’t remember.”

“Long flight?” He asked cheerfully, running his hand through his thick brown hair. People often said we looked a lot alike, with our straight noses, brown hair, and fair complexions. Steven was nearly a foot taller than me though, at 6’3”. 

I waved him to the couch and handed him a cup of freshly brewed coffee. “You have no idea,” I said. 

Steven frowned. 

“Sit down,” I said. “This is a long story.”

I told Steven in great detail the events of last night. By the end, I was shaking all over again, and my eyes burned, but I didn’t cry. 

Steven sat quietly. “What the actual fuck?” He finally exclaimed. 

“I know,” I whispered as I fingered a hole in my threadbare couch. 

“And Ellie!” He jumped up and stared at me, “you didn’t lock your fucking door last night! What a dangerous situation!”

“I thought I did,” I responded quietly. “I mean, it’s not really a dangerous situation. I’m not at the airport anymore.”

“I don’t care about the airport!” Steven started pacing. “Some fucking maniac chopped up a bunch of people and stuffed em into a luggage bag. They PURPOSEFULLY SWITCHED YOUR NAME TAG. Why?”

I winced at Steven’s words. I hadn’t thought that deeply into the situation. “I don’t know,” I responded honestly. 

Steven stared at me with a piercing gaze. “They wanted you to carry the bag out. Or, somebody. But the point is, you were gonna take the bag out, and then they were gonna take it back from you.”

I tightened my grip on my coffee mug and my knuckles turned white. I suddenly remembered the noise I heard last night and knew with a gutting feeling, that it was not part of my dream. I said so to Steven. 

“Jesus Christ El. Call the police. I’m gonna look around.” Steven stalked out of the house as I phoned the police, my finger trembling. 

As I hung up the phone, Steven returned inside, his face pale. 

“What’s wrong?” I twisted my fingers. 

“El, there’s a footprint outside your window.”

“What?” My stomach clenched and I nervously twisted my hair.

Steven led me outside and I stared in horror at the imprint of a shoe tread, freshly pressed into the ground, facing my bedroom window. 

A few hours later, the police had come and gone, stating there was nothing they could do tonight. They suggested if I heard or saw anything else, to call them back, but otherwise make sure my doors and windows were locked. 

Steven stayed with me the rest of the weekend, but come Monday, he had to go to work. There were no other sounds or anything to scare me. 

Monday was a relatively normal day at work. I gave a report on my work trip, socialized with my coworkers and collected details for my next project. I stayed late, catching up on emails. And partially because I didn’t want to go home just yet. 

Finally, after dusk, I decided to pack up my belongings and leave. I made my way out of the office building, and as I closed the door behind me, I heard a soft scrape from around the corner. It sounded like a footstep. 

I froze and urged my breathing to slow. I turned my head and concentrated on where I thought I heard the sound. Nothing else happened. 

I looked around the parking lot and saw someone exit another one of the buildings across the lot. I turned from my office, and hurried in the direction I saw the person. 

A louder scrape sounded behind me and I broke into a run. Heavy footsteps sounded behind me and I dove behind a car. I crouched low, trying to control my panting breath. 

There was silence for a long moment. Then, a loud crack pierced the air. A soft thump followed, and more silence. 

I continued breathing quietly and waited what felt like forever. After a long ten minutes, no other sounds appeared. I remained low, and crept to the next car, peering over its hood. 

There was no one around. It appeared as though the other person had left too. I let out a gentle sigh, and rose upright, continuing to scan the area. 

As I glanced around, my gaze fell upon a mound a few cars away. My heart sunk as I crept a few cars closer. My hand trailed across their hoods and helped guide me through the dark lot.

A woman lay on the ground, blood pooling underneath her. She had long dark hair, and looked to be about my height. A bullet wound pierced her chest. Her eyes stared blankly at the sky. 

I leaned over the car and my vomit splattered on the ground beside me. 

When I recovered, I made my second call to the police in nearly as many days. The police arrived shortly after. The woman’s body had been removed, and Steven stood beside me, hugging my shoulders. 

“I’m sorry, Ellie,” he whispered, in an attempt to comfort me. I felt numb and just nodded against him. 

“Do you want to go home?” He asked, pushing me out to arm’s reach, and holding my shoulders. I nodded again. 

Steven took me home and slept on the couch. We both took a few days off work and Steven stayed with me. 

On Thursday, Steven and I were sitting at the breakfast table nursing coffees when my phone rang. I glanced at it, and saw a private number. I looked at Steven and he shrugged. 

After a moment’s hesitation, I answered. 

“Good morning, is this Eloise?” A familiar voice questioned. 

“Yah, this is she.”

“Hi Ellie. You may remember me. I’m Detective Carson, who was investigating the incident at the airport last week.”

I shared a startled look with Steven, who waved at me to continue talking. 

“Uh, yes. Hi, Detective. How can I help you?”

“Well actually, I just had an update on the investigation, and thought you would appreciate knowing. We have arrested a suspect and it doesn’t look like we will have anymore questions for you.” 

I let loose a relieved sigh and Steven rubbed his face and gave me a thumbs up. 

“Oh, well thank you so much for telling me, Detective Carson. I appreciate that.” I exchanged goodbyes with the detective and hung up, turning my attention back to Steven. 

“Oh, thank God,” I said to him, dropping my head into my arms. 

“Sounds like your nightmare is over,” Steven said with a grin. 

“And my therapy is about to begin,” I retorted, lifting my head back up. I gave a terse smile. 

Steven laughed. He ended up spending a few more hours with me before heading back to his own house. 

For the first time in almost two weeks, everything seemed like it’d be okay. After having Steven take up so much space in my house the last little bit, it seemed suddenly empty after he left. I made a meal for one, and felt like I could finally breathe. 

I did mean what I said to Steven about therapy. After dinner, I sat on the couch with my laptop, and scrolled through my benefits page. Surely, seeing a bag full of body parts, being falsely detained, then witnessing a murder has a lingering effect on a person. The thought was darkly humorous and I snorted quietly.   
The night remained uneventful, and in sweet boredom, I eventually made my way to bed. I lay propped up against my pillow, and doom scrolled for about an hour. 

A scratch on my window had me bolting upright, and slamming my laptop shut. I clenched my sheets and peered across my bedroom, heart hammering. A flash of a person’s silhouette flickered across the dark glass, before disappearing.

Steven is back on my couch. It’s nearly 2am, and he is sleeping quietly. I’m awake. I can’t sleep and am writing this out.

So, tell me, Reddit. If the murderer was arrested, who was skulking outside my window? ",1,1790108921.0,nosleep,0,1.0,False
1wnkzo0,https://www.reddit.com/r/cfs/comments/1wnkzo0/doctor_said_might_be_cfs_and_my_closest_people/,Doctor said might be CFS and my closest people think it’s just in my head,"This is very long I’m sorry but I have nobody to talk to. My friends don’t understand or don’t want to understand. I only get a “there-there” “I hope you get better” “you need psychotherapy” type of answers. 

It’s been almost 2 years of experiencing many symptoms, mainly pain on my body and general fatigue. 2025 was the worst especially during the summer. 

I do have an old injury on my neck which causes actual pain as explained by my orthopedic. Pain shoots on my back, shoulders, arms, wrists and fingers. I had physiotherapy which barely helps btw.

My thyroid is not in the best condition and also causing problems. Such as weight gain, feeling cold etc. 

I did have a Vitamin D deficiency which I fixed and I’ve been supplementing it as much as possible. 

But… my fatigue and brain fog have been extreme in 2026! 

I’m also probably burnt out because I pushed myself earlier this year, as i was feeling optimistic by having less symptoms and now they are back x100. Socializing too much also drains me, people tend to ask for advice from me and asking for favors n such. Now that I’m not well they are unable to support me of course. 

I’m very new to this whole thing and chronic fatigue syndrome confuses me. 

It’s been a year since my last blood tests and examinations so I found a new doctor to get a second opinion. The previous one blamed everything on my cholesterol and prescribed me statins which caused me to have a rhabdomyolysis type of side effect that made the neck-shoulder-arm pain so unbearable I couldn’t even drink water. Yet she never admitted anything, other doctors told me what had happened to me. She just shrugged it off and blamed me that I’m probably psychologically doing this to myself (?!) 

I know damn well that when I am in good health my mood changes automatically and I’m such an active person. It’s literally the other way around, my symptoms are causing me to be sad and anxious. 

That’s why I added so much on my schedule when I felt better, started seminars and a second job. But my body couldn’t handle it, I was on pain medication at some point (barely helping) and abusing energy drinks like monster which seems to be the only thing that helps but only temporarily. 

Now it’s been about 2 months of me having all the symptoms and I’m withdrawing from everything. Whenever I try to work out I get the worst fatigue and I sleep for over 15h. Yesterday I walked outside for 25 minutes and I’m feeling like I had hiked and wrestled for hours. My head is aching and I just now after drinking too much coffee I am able to sit up and at least be on my phone. 

And I have my friends telling me “it should be psychosomatic symptoms” “you should go to a psychiatrist”. Well, yeah I will do that it’s in my plans! I want to go for ADHD though. I don’t think I’m depressed in the way they are saying I am. My health symptoms are causing me to be less active and moody. I feel completely dismissed. At least I can be perfectly fine by myself and I’m completely withdrawing from them. 

Thankfully this new doctor, she’s younger, closer to my age and seems very eager to educate herself on current medical issues. She informed about the possibility of me developing all this symptoms from COVID which fits the timeline of my symptoms. And told me about POTS and gave me advice about my poor circulation. 

I’m just feeling misunderstood and I am scared if it’s actually CFS because I won’t get actual treatment or anything. I’m 31 and suddenly feeling like life as I knew it up until 29 is over. ",3,1790108887.0,cfs,0,1.0,False
1wnkzfz,https://www.reddit.com/r/engag_element/comments/1wnkzfz/bring_more_creativity_to_every_coffee/,Bring More Creativity to Every Coffee,"Choosing the [best coffee printer for cafés](https://evebot-shop.com/product-category/coffee-printers/) can help businesses add a creative and personalized touch to everyday drinks while creating a more memorable customer experience. Modern coffee printing technology allows cafés to add detailed images, logos, messages, and decorative designs to the surface of beverages with impressive consistency. It can be a practical option for cafés looking to enhance presentation, support branding, and introduce an engaging element to their menu. With the right equipment, staff can turn ordinary coffee into visually appealing creations that encourage customer interaction and make each serving stand out.",1,1790108873.0,engag_element,0,1.0,False
1wnkzch,https://www.reddit.com/r/chat/comments/1wnkzch/f21_ohio_anyone_down_to_chat/,F21 Ohio - anyone down to chat?,"hi everyone i’m open to chatting with anyone 18+

I love animals, tattoos, fishing, going on drives, and getting coffee. I’m on a health journey rn lmao. I love to joke and have fun sooo hmu :) ",3,1790108866.0,chat,6,1.0,False
1wnkza5,https://www.reddit.com/r/Denver/comments/1wnkza5/denvers_little_libraries_are_out_of_kids_books_8/,Denver's little libraries are out of kids books. 8 coffee shops are taking yours through Saturday.,"Disclosure: I’m Jake Browne, I’m running for Denver City Council at-large, and this book drive is a campaign project.

I asked people who maintain Little Free Libraries around Denver what disappears from their shelves fastest.

The answer was pretty consistent: kids books.

On the west side, several stewards specifically said kids books in Spanish. One library next to a four-school campus goes through roughly 100 books a week. Another steward who lives across from an elementary school asked for basically nothing else.

Meanwhile, you probably own a box of books you’ve moved three times and never opened, so through Saturday morning, we’re collecting them around Denver.

* Café Zuri, 3718 W 32nd Ave
* Coffee Sarap, 3460 Larimer St
* Convivio Café, 4935 W 38th Ave
* SloHi Coffee Co., 4436 W 29th Ave
* Metropolis Coffee, 1 S Broadway
* Metropolis Coffee, 1661 Central St
* Metropolis Coffee, 300 W 11th Ave
* Metropolis Coffee, 1199 26th St
* DU Driscoll Student Center, 2055 E Evans Ave

Drops close Saturday, September 26 at 11 AM.

That morning, there’s also a staffed drop at Tennyson Street Coffee and Books from 11-1. Then from 4-6, we’ll be at Fiction Beer Company sorting everything so the right books get to the right LFLs.

Most useful:

* Kids books of any age
* Books in Spanish
* Good paperbacks you’re realistically never going to reread

Please skip anything missing a cover or smelling like a basement.

The books go directly to people who maintain LFLs around Denver. They are not donations to my campaign, and Little Free Library, the nonprofit organization, is not a sponsor or partner. 

And if you have a LFL in your neighborhood, maybe check and see how it's doing!",12,1790108862.0,Denver,1,0.93,False
1wnkz6u,https://www.reddit.com/r/Disneycollegeprogram/comments/1wnkz6u/best_coffee_near_flamingo_not_on_disney_property/,best coffee near flamingo NOT on disney property?,looking for a cute coffee shop w signature lattes and nice atmosphere ,1,1790108856.0,Disneycollegeprogram,1,1.0,False
1wnkz3i,https://www.reddit.com/gallery/1wnkz3i,"[US-CA][H] HEAVILY DISCOUNTED Mokoko Twinkly Fairy Tale, Wacky Mart Manager, Good luck to you, PFL A-Z, Dear Birds, Born Rebel, HAGR Twinkle Twinkle, SP exclusive pop beans, Hand in Hand, DJ Player, Mini Needohs [W] Payment (Reasonable Offers Welcome)","🌸House-keeping🌸

✈️ Shipping / Pickup  
Please provide me your zip code  for a shipping quote  
Free local pickup available in the Bay Area  
Ships by next business day

📸 Photos / QC  
DM for additional photos or close-ups  
Please perform your own QC before purchasing

💵 Payment  
Verified trusted seller  
PayPal F&F or Venmo F&F only

‼️ Sales  
All sales final  
Not responsible for manufacturer QC issues, transit damage, or carrier delays   
If there are carrier delays, I will do my best to follow up with the carrier to resolve them.   
All items bubble wrapped individually  
Proof of packing and shipment/drop-off are always provided.

🌎 Regional Exclusives  
Condition: Fully sealed

Good Luck to You - $40 each (box has minor surface scratches from shipping, but pendant is completely okay)  
 ✨ Bundle with +1 item: $36

Mokoko Twinkly Fairy Tale - $80 each    
 ✨ Bundle with +1 item: $75  
 ✨ Bundle with +2 items: $70

Wacky Mart Manager - $40 each  
✨ Bundle with +1 item: $36 each

🎀 Labubu Hair Salon  
Condition: Checked card at the bottom, bag opened to inspect Labubu since boxes were a bit creased/dented from shipping

Born Rebel - $42  
✨ Bundle with +1 item: $40  
✨ Bundle with +2 items: $38

🦅 Dear Birds Fragrance Pendant  
Condition: Opened box at the top, opened foil

A Dawn’s Duet - $22

🐴 Have a Good Run  
Condition: Opened from bottom/PopNow.

Best Dream — $48  
✨ Bundle with +1 item: $45 each  
✨ Bundle with +2 items: $40 each

💘 Pin for Love  
Condition: Opened from bottom to verify letter.

F / P / W / Y / Z— $16 each  
✨ Bundle with +1 item: $14 each

B  / H / I / K / O / Q / U — $20 each  
✨ Bundle with +1 item: $18 each  
✨ Bundle with +2 items: $16 each  
✨. Bundle with +3 items: $15 each

M — $24 each  
✨ Bundle with +1 item: $22 each  
✨ Bundle with +2 items: $20 each

L — $35  
✨ Bundle with +1 item: $32

R — $35  
✨ Bundle with +1 item: $32

Special Bundle:  
🚨PFL R/PFL L + Twinkle Twinkle (Best Dream) = $74 plus ship

🌚 Skullpanda City of Night  
Condition: Opened at top, foil sealed.

DJ Player — $15  
✨ Bundle with +1 item: $10  
✨ Bundle with +2 items: $7

💐 Hand in Hand  
Condition: Opened from bottom, foil sealed.

Navigating in Dew — $30  
✨ Bundle with +1 item: $28  
✨ Bundle with +2 items: $25

Skullpanda Pop Beans  
Condition: From personal collection. Stored in protective case. No box.

Coffee Factory Barista (Secret) — $30  
✨ Bundle with +1 item: $25  
✨ Bundle with +2 items: $20

Going Out With Me (Secret) — $25  
✨ Bundle with +1 item: $22  
✨ Bundle with +2 items: $20

Goodnight Night Sky (Secret) — $60  
✨ Bundle with +1 item: $45  
✨ Bundle with +2 items: $30

🎈Regional Exclusive Popbeans

Condition: Fully sealed  
UK Limited Edition Labubu Football Popbeans - $50 for all 6 or $9 each

France Limited Edition Dimoo & Skullpanda Macaron Popbeans - $50 for all 6 or $9 each

Popland Limited Edition Petals in Four Acts Popbeans - $65 for full set or $7 each

Mini Needohs -$7 each, buy 2+ for $6 each   
Condition: New in Package  
 Include:  
✨ Ice Ice Baby  
✨ Ripples  
✨Groovy Glob  
✨ Glow in the Dark  
✨Groovy Glob Swirl

🎁 Bundle pricing applies across all items listed. The more you bundle, the more you save!  
📩 Feel free to DM for photos, bundle quotes, shipping estimate, or reasonable offers",1,1790108850.0,LabubuDrops,0,1.0,False
1wnky9l,https://v.redd.it/b7s2lb1is4rh1,How To Adapt To Coffee Shop Drink Modifiers,"Train your brain to adapt to drink mods when taking coffee shop orders!  
mybaristatrainer.com",1,1790108799.0,u_My_Barista_Trainer,0,1.0,False
1wnkwpf,https://www.reddit.com/r/POTS/comments/1wnkwpf/are_these_usual_pots_symptoms/,Are these usual POTS symptoms?,"19F, have been diagnosed with POTS for a month now. I have probably had it for over a few years, I just never investigated it before and it was my new normal. 

Now I know what it includes and causes. 

Yet, I just can't seem to find where to draw the line where POTS ends and it might be something else. 

My parent says I'm lazy and need more ferritin and other supplements. My partner thinks it's mental fatigue. 

I honestly don't know anymore.

I have been experiencing crushing fatigue. I cannot get through a day without a nap. I can sleep for 5 hours, I can sleep for a solid 8 or 9 hours or sleep over 12 to 14 hours. I just never ever wake up refreshed or ready for the day. And since coffee/caffeine spikes my heartrate and anxiety badly, this has been affecting me a lot. It's both the mental and physical fatigue. Not just tired. I yawn all day long, my ears start popping and closing at the end of a long dag, my throat gets sore, and now I get tired even after eating. 

Meaning during a meal I have to take breaks because my teeth and jaw hurt from all the work it has to do... 

If I mention that to anyone, I get ""you're just eating to much."" I'm still slightly underweight trying to gain weight to maybe feel healthier. I just feel like going in a cycle that never ends. 

I have been looking into ME/CFS, but can't seem to find out if I have a mild PEM or just regular chronic fatigue. I don't get fevers, no actual flu symptoms. I just need a break after everything I do or when I go out for a couple of hours. 

During my lows I can't listen to any music, because it feels too much, it has to be a very soft spoken podcast, I hate sitting in bright places and socializing with anyone feels like a task that takes up way too much energy. 

I did have a few ""crashes"" where I noticed I was so badly fatigued that while I was laying down my ears started buzzing, my heartrate dropped to 40's and 50's, the feeling like I was falling through my bed and having a hard time breathing. 

I am very bad at drawing the line at symptoms. And when I should go back to my doctor since I already have POTS. That must make it easier for them to brush it off as POTS. They gaslit me very much at the start of this year so a part of me doesn't want to go back at all.

Yet, I have been feeling so awful with little explanation is ehat it has felt like... 

I did already get my bloodtests done and an EKG test at the start of this year, which was all healthy. My condition test came back fine too... So I'm all out of guesses here...

If you've read my long story, I appreciate it.

Does anyone have tips? And could these be symptoms of ME/CFS or purely POTS that causes this?",1,1790108701.0,POTS,1,1.0,False
1wnkwog,https://www.reddit.com/r/Bergen/comments/1wnkwog/shore_fishing_in_the_city_borrowing_fishing_gear/,"Shore fishing in the city, borrowing fishing gear","Hi everyone!

I'm visiting Bergen from Slovakia with my girlfriend for a long weekend (March 5-8). I've got a bit of an unusual request: I'd love to try saltwater fishing while I'm there.

I mostly fish freshwater back home (carp fishing mainly), and I've always wanted to catch a sea fish, even just for a photo. From what I understand, you don't need a license to fish from shore/piers in the sea, which is amazing — but I obviously don't have any gear with me since I'm flying in.

Would anyone be willing to lend me some basic fishing gear (rod + a simple jig/lure would be more than enough) for an hour or two, or point me toward a good, easy spot near the city center where I could try my luck from shore? Happy to meet up, buy you a coffee, or whatever works.

Any tips on what's realistically catchable from shore in early March would also be super appreciated (cod, coalfish, whatever's around this time of year).

Thanks so much in advance — really excited to be visiting your beautiful city!

Gábor",2,1790108699.0,Bergen,0,1.0,False
1wnkwl7,https://www.reddit.com/gallery/1wnkwl7,"[US-CA][H] HEAVILY DISCOUNTED Mokoko Twinkly Fairy Tale, Wacky Mart Manager, Good luck to you, PFL A-Z, Dear Birds, Born Rebel, HAGR Twinkle Twinkle, SP exclusive pop beans, Hand in Hand, DJ Player, Mini Needohs [W] Payment (Reasonable Offers Welcome)","🌸House-keeping🌸

✈️ Shipping / Pickup  
Please provide me your zip code  for a shipping quote  
Free local pickup available in the Bay Area  
Ships by next business day

📸 Photos / QC  
DM for additional photos or close-ups  
Please perform your own QC before purchasing

💵 Payment  
Verified trusted seller  
PayPal F&F or Venmo F&F only

‼️ Sales  
All sales final  
Not responsible for manufacturer QC issues, transit damage, or carrier delays   
If there are carrier delays, I will do my best to follow up with the carrier to resolve them.   
All items bubble wrapped individually  
Proof of packing and shipment/drop-off are always provided.

🌎 Regional Exclusives  
Condition: Fully sealed

Good Luck to You - $40 each (box has minor surface scratches from shipping, but pendant is completely okay)  
 ✨ Bundle with +1 item: $36

Mokoko Twinkly Fairy Tale - $80 each    
 ✨ Bundle with +1 item: $75  
 ✨ Bundle with +2 items: $70

Wacky Mart Manager - $40 each  
✨ Bundle with +1 item: $36 each

🎀 Labubu Hair Salon  
Condition: Checked card at the bottom, bag opened to inspect Labubu since boxes were a bit creased/dented from shipping

Born Rebel - $40  
✨ Bundle with +1 item: $38  
✨ Bundle with +2 items: $36

🦅 Dear Birds Fragrance Pendant  
Condition: Opened box at the top, opened foil

A Dawn’s Duet - $22

🐴 Have a Good Run  
Condition: Opened from bottom/PopNow.

Best Dream — $48  
✨ Bundle with +1 item: $45 each  
✨ Bundle with +2 items: $40 each

💘 Pin for Love  
Condition: Opened from bottom to verify letter.

F / P / W / Y / Z— $16 each  
✨ Bundle with +1 item: $14 each

B  / H / I / K / O / Q / U — $20 each  
✨ Bundle with +1 item: $18 each  
✨ Bundle with +2 items: $16 each  
✨. Bundle with +3 items: $15 each

M — $24 each  
✨ Bundle with +1 item: $22 each  
✨ Bundle with +2 items: $20 each

L — $35  
✨ Bundle with +1 item: $32

R — $35  
✨ Bundle with +1 item: $32

Special Bundle:  
🚨PFL R/PFL L + Twinkle Twinkle (Best Dream) = $74 plus ship

🌚 Skullpanda City of Night  
Condition: Opened at top, foil sealed.

DJ Player — $15  
✨ Bundle with +1 item: $10  
✨ Bundle with +2 items: $7

💐 Hand in Hand  
Condition: Opened from bottom, foil sealed.

Navigating in Dew — $30  
✨ Bundle with +1 item: $28  
✨ Bundle with +2 items: $25

Skullpanda Pop Beans  
Condition: From personal collection. Stored in protective case. No box.

Coffee Factory Barista (Secret) — $30  
✨ Bundle with +1 item: $25  
✨ Bundle with +2 items: $20

Going Out With Me (Secret) — $25  
✨ Bundle with +1 item: $22  
✨ Bundle with +2 items: $20

Goodnight Night Sky (Secret) — $60  
✨ Bundle with +1 item: $45  
✨ Bundle with +2 items: $30

🎈Regional Exclusive Popbeans

Condition: Fully sealed  
UK Limited Edition Labubu Football Popbeans - $50 for all 6 or $9 each

France Limited Edition Dimoo & Skullpanda Macaron Popbeans - $50 for all 6 or $9 each

Popland Limited Edition Petals in Four Acts Popbeans - $65 for full set or $7 each

Mini Needohs -$7 each, buy 2+ for $6 each   
Condition: New in Package  
 Include:  
✨ Ice Ice Baby  
✨ Ripples  
✨Groovy Glob  
✨ Glow in the Dark  
✨Groovy Glob Swirl

🎁 Bundle pricing applies across all items listed. The more you bundle, the more you save!  
📩 Feel free to DM for photos, bundle quotes, shipping estimate, or reasonable offers",1,1790108694.0,labubuswap,1,1.0,False
1wnkwbj,https://i.redd.it/vagqq1u5s4rh1.jpeg,good morning☺️,"Just me, my coffee, and another quiet morning.  
Nothing special — and I kinda like it that way 😊  
**How’s your morning going?**",3,1790108677.0,Sapporo,1,1.0,False
1wnkw6q,https://www.reddit.com/r/AskSF/comments/1wnkw6q/cool_spots_that_have_popped_up_over_the_past_two/,Cool spots that have popped up over the past two years?,"Visiting SF this week! I used to live here pre-pandemic and the last time I visited was a couple years ago. What interesting has popped up recently? I'd love to visit and show some love.

Could include: new parks, shops, dessert shops, coffee shops, experiences, etc. Very open to recs!",3,1790108670.0,AskSF,6,0.8,False
1wnkvsz,https://i.redd.it/1eedfdn2s4rh1.jpeg,good morning💕,"Just me, my coffee, and another quiet morning.  
Nothing special — and I kinda like it that way 😊  
**How’s your morning going?**",2,1790108647.0,goodmorning,0,1.0,False
1wnkvnv,https://www.reddit.com/r/indiasocial/comments/1wnkvnv/i_dont_want_to_be_ultra_rich_honestly/,"I don't want to be ultra rich, honestly.",I just want to be rich enough to take a day off from work just because I feel like and go to a coffee shop instead and spend the whole evening reading a book or watching a movie without having to worry about my potentially deducted salary. ,1,1790108639.0,indiasocial,1,1.0,False
1wnkvg7,https://i.redd.it/uz91fe90s4rh1.jpeg,New (to me) Power Chair,"This hand me down electric wheelchair opens up the world to me, I don't just need to be stuck in bed! 

I can now access food, pharmacy, coffee shop and even a public library. The embarrassment in needing it is there, I caught a glimpse of myself in a vehicle and quickly looked away. Its a mental thing I'll work through. BUT (huge but!) the freedom \*far\* outweighs any embarrassment I might have.

I've learned our sidewalks suck that I'm better off in the street, I just have to be careful.

Now I just need a ramp into my home and a way to haul it.

I'm so so happy to gain some freedom!",1,1790108624.0,mobilityaids,0,1.0,False
1wnkvch,https://i.redd.it/1zixdfhzr4rh1.jpeg,good morning👍,"Just me, my coffee, and another quiet morning.  
Nothing special — and I kinda like it that way 😊  
**How’s your morning going?**",4,1790108618.0,ExploreLocalJapan,0,1.0,False
1wnkutv,https://i.redd.it/m1dzm06wr4rh1.jpeg,good morning✨,"Just me, my coffee, and another quiet morning.  
Nothing special — and I kinda like it that way 😊  
**How’s your morning going?**",2,1790108587.0,Hokkaido,0,1.0,False
1wnkuo1,https://www.reddit.com/r/Kyushu/comments/1wnkuo1/12_days_in_kyushu_sg_couples_1st_trip_to_kyushu/,12 Days in Kyushu! SG Couple's 1st Trip to Kyushu. Would Love Some Advice on Our Itinerary,"Hi all! SG couple here, 3rd trip to Japan but 1st time in Kyushu! We're food-first travellers who love hiking, scenic spots, onsen and a bit of shopping.

*(Apologies for the 2nd repost! Reformatted it to make it easier to read)*

Flights + hotels are booked. Itinerary is just a rough guide, not a minute-by-minute schedule haha. Only looking for constructive feedback on pacing, transport and must-do/skip spots. Thanks in adv! 🙏he minute haha. Happy to skip stuff depending on the weather, queues and how tired we are.

We're also considering renting a car for Days 4–7 instead of relying entirely on public transport.

Would love some advice from those who've explored Kyushu before! Thanks in adv ❤️

**Questions for the Kyushu veterans:**

1. Is renting a car for Days 4–7 (Beppu → Yufuin → Kurokawa → Aso → Kumamoto) worth it? We're leaning towards driving for the flexibility but would love to hear from anyone who's done this route. Any recommended rental companies or websites for one-way bookings?
2. Would you stick with the booked Aso + Takachiho tour or DIY with the rental car? We're a little concerned about repeating Aso on Days 6 and 7.
3. Any days that look particularly unrealistic? We're happy to drop a few spots if needed. The itinerary is more of a rough guide and we def don't expect to cover every single place.
4. Any must-try local dishes, hidden gems or restaurants we've missed? Food is a huge part of why we're visiting Kyushu!
5. Any scenic spots, hikes, onsens or activities along our route that you'd recommend over the ones listed?

# DAY 1: Wed 4 Nov | Fukuoka

🏨 Stay: Prince Smart Inn Hakata (3 nights)

AM / Early PM

* 12:55: Land at Fukuoka Airport
* Immigration, baggage collection and airport shuttle to domestic terminal
* Subway to Hakata and drop luggage at hotel
* Lunch: Hakata tonkotsu ramen at Hakataya or Ramen Stadium. Alt: Daichi no Udon

PM

* Kawabata Shopping Arcade → Kushida Shrine → Tochoji / Shofukuji (optional)
* Canal City Hakata → Nakasu riverside
* Shopping and exploring the surrounding streets

Dinner / Snacks

* Dinner: Nakasu yatai. Motsunabe, mentaiko, goma-saba and yaki-ramen
* Alt: Tenjin izakaya if the yatai queues are crazy
* Dessert: Josuian daifuku or FUK Coffee pudding

Note: First day after a red-eye flight so keeping it pretty chill. Most of the afternoon is optional depending on how tired we are.

# DAY 2: Thu 5 Nov | Fukuoka + Dazaifu

Breakfast

* Il Forno del Mignon croissants at Hakata Station

AM

* Ohori Park → Maizuru Park / Fukuoka Castle ruins
* Ohori Japanese Garden
* Fukuoka Tower → Momochi Seaside Park
* Lunch around Tenjin. Mizutaki at Daidai / Toriden or something from the depachika

PM

* Tenjin shopping → Daimyo / Imaizumi
* Dazaifu Tenmangu → Omotesando shopping street → Tenkai Inari
* Kyushu National Museum (exterior only)
* Snack: Umegae-mochi

Dinner

* Hakata Toyoichi at Bayside Place for sushi
* Alt: Maedaya motsunabe or tetsunabe gyoza
* Optional: Tenjin Underground Mall or Nakasu riverside

Optional / If time permits

* Yanagawa canal boat ride + unagi no seiromushi
* teamLab Forest if the weather is bad

Note: This day is looking pretty packed. Might skip Fukuoka Tower or Yanagawa depending on how much time we spend shopping.

# DAY 3: Fri 6 Nov | Kokura + Mojiko + Shimonoseki

Breakfast

* Quick breakfast at Hakata Station

AM

* Shinkansen from Hakata → Kokura
* Kokura Castle → Tanga Market
* Train to Mojiko Retro
* Explore the waterfront and historical buildings
* Kanmon Pedestrian Tunnel (walk under the strait)

Lunch

* Ferry to Karato Market for sushi and fugu
* Apparently the Fri–Sun sushi market is the main highlight here!

PM

* Return to Mojiko
* Blue Wing drawbridge → Kanmon Bridge views → Mojiko Retro streets
* Optional: Mojiko Retro Observation Room
* Snack: Mojiko banana sweets

Dinner

* Mojiko yaki-curry at Princess Phi Phi
* Train back to Hakata
* Dessert: FUK Coffee pudding or Josuian daifuku

# 🚗 DAYS 4–7: ROAD TRIP

Currently considering renting a car for this stretch:

Fukuoka → Beppu → Yufuin → Kurokawa → Aso → Kumamoto

Plan is to take the train from Hakata to Beppu/Oita and collect a one-way rental there.

We'll either return it in Kumamoto on Day 6 and join our booked small-group tour on Day 7 or keep the car for another day to explore Takachiho ourselves.

# DAY 4: Sat 7 Nov | Fukuoka → Beppu → Yufuin

🏨 Stay: Yufuin Sansuikan

AM

* Breakfast at Hakata Station
* Train to Beppu/Oita (\~2 hrs)
* Collect rental car
* Explore Beppu

Beppu options (likely picking just 1)

* Beppu Hells (Jigoku Meguri)
* Beppu Ropeway / Mt Tsurumi
* Kamegawa sand bath

Lunch

* Toriten at Toyotsune
* Alt: Beppu reimen

PM

* Drive to Yufuin via Yamanami Highway
* Sagiridai lookout → Kinrin Lake → Yunotsubo-kaido
* Yufuin Floral Village
* Snacks: Milch cheesecake, Yufuin pudding and croquettes
* Check in at ryokan and enjoy the onsen

Dinner

* Ryokan half-board dinner (included)
* Evening onsen and chill

Optional: Mt Yufu sunrise hike the next morning if we're feeling ambitious.

# DAY 5: Sun 8 Nov | Yufuin → Kurokawa Onsen

🏨 Stay: Yamamizuki Ryokan

Breakfast

* Ryokan breakfast (included)

AM

* Drive from Yufuin towards Kurokawa
* Kokonoe Yume Suspension Bridge
* Tadewara Wetlands boardwalk

Lunch / Snacks

* Lunch: Warokuya beef bowl / katsu or somewhere in Kurokawa
* Patisserie Roku cream puffs
* Strawberry daifuku, onsen eggs and cider

PM

* Explore Kurokawa Onsen
* Nabegataki Falls (optional detour)
* Onsen hopping with the Nyuto Tegata pass
* Considering Shinmeikan and Ikoi
* Check in at Yamamizuki and enjoy the onsen

Dinner

* Ryokan dinner (included)
* Evening stroll around Kurokawa

Note: Mainly looking forward to the onsen experience here so happy to skip a few stops if needed.

# DAY 6: Mon 9 Nov | Kurokawa → Aso → Kumamoto

🏨 Stay: Via Inn Prime Kumamoto (2 nights)

Breakfast

* Ryokan breakfast (included)

AM

* Drive towards Aso via Milk Road
* Daikanbo lookout → Kabutoiwa lookout → Komezuka
* Kusasenri grassland

Lunch

* Akaushi (Aso red-wagyu) rice bowl at Imakin Shokudo
* Alt: Dango-jiru

PM

* Shirakawa Spring or a short hike around Aso (optional)
* Drive to Kumamoto
* Return rental car if we're sticking with the booked tour on Day 7
* Check in at Via Inn Prime Kumamoto

Kumamoto sightseeing

* Kumamoto Castle → Sakura-no-baba Josaien
* Kamitori / Shimotori shopping arcades
* Souvenir shopping: Kumamon goods, ikinari-dango and karashi-renkon

Dinner

* Katsuretsutei kurobuta tonkatsu
* Alt: Basashi and karashi-renkon

Optional: Suizenji Garden and Luffy's One Piece statue.

# DAY 7: Tue 10 Nov | Takachiho + Aso

We're currently deciding between 3 options here.

# Option A: Booked Aso + Takachiho Tour

Return the rental car on Day 6 and join a small-group tour from Kumamoto.

AM

* Early pickup in Kumamoto
* Kusasenri grassland → Daikanbo lookout
* Lunch: Aso red-wagyu (usually included)

PM

* Takachiho Gorge
* Rowboat under Manai Falls (subject to availability)
* Amano-Iwato Shrine → Amano-Yasukawara
* Return to Kumamoto in the evening

Dinner

* Kumamoto ramen or kurobuta tonkatsu

Concern: We'll already be exploring Aso on Day 6 so the tour might cover a few of the same spots.

# Option B: DIY Takachiho Road Trip

Keep the rental car for another day and explore Takachiho ourselves.

AM

* Early drive from Kumamoto towards Takachiho
* Kunimigaoka viewpoint (if weather and timing permit)
* Takachiho Gorge + rowboat
* Amano-Iwato Shrine → Amano-Yasukawara
* Kamishikimi Kumanoimasu Shrine (optional)

Lunch

* Takachiho beef or nagashi-somen at Chiho-no-ie
* Alt: Teuchi soba

PM

* Drive back via Aso
* Stop for any viewpoints we missed on Day 6
* Return the rental car in Kumamoto

Dinner

* Kumamoto ramen or kurobuta

# Option C: Amakusa Day Trip

Alternative if we decide to skip Takachiho entirely.

AM

* Drive from Kumamoto to Amakusa (\~2 hrs)
* Amakusa dolphin-watching cruise
* Kuratake Shrine (torii in the sky)

Lunch

* Fresh seafood / uni at Amakusa Kaisengura

PM

* One Piece statue hunting
* Drive back to Kumamoto

Current thoughts: Leaning towards Takachiho but not sure whether to stick with the tour or DIY with the car. Would love some advice here!

# 🚄 DAYS 8–12: SOUTHERN KYUSHU + NAGASAKI

Planning to return the rental car in Kumamoto and use public transport for the rest of the trip.

# DAY 8: Wed 11 Nov | Kumamoto → Kagoshima

🏨 Stay: Silk Inn Kagoshima (2 nights)

AM

* Breakfast and check out
* Last-minute Kumamoto sightseeing / shopping if we missed anything
* Shinkansen to Kagoshima-Chuo (\~50 mins)
* Lunch at Kagoshima-Chuo Station / Amu Plaza

PM

* Drop bags at hotel
* Kagoshima waterfront
* Sengan-en Garden
* Tenmonkan shopping arcades
* Shiroyama Observation Deck for sunset (if time permits)

Snacks / Souvenirs

* Karukan
* Sweet potato tarts
* Shirokuma shaved ice
* Local imo-shochu

Dinner

* Kagomma Yatai-mura
* Hi no Tama Boy or Tagiruba
* Kurobuta tonkatsu / chicken nanban

Optional: Amami no Sato if we somehow have extra time.

# DAY 9: Thu 12 Nov | Sakurajima Volcano

Breakfast

* Quick breakfast near the ferry terminal

AM

* Ferry to Sakurajima (\~15 mins)
* Rent e-bikes and explore the island
* Yunohira Observation Deck
* Nagisa Lava Trail → lava fields
* Kurokami Buried Torii Gate
* Stop for the coastal views and foot onsen

Lunch / Snacks

* Sakurajima mikan / lava soft serve
* Ferry back to Kagoshima
* Lunch: Kurobuta or eel

PM

* Ishibashi Memorial Park or more Tenmonkan shopping
* Shiroyama Observation Deck for sunset if we missed it yesterday

Dinner

* Eel at Sueyoshi or kurobuta shabu-shabu
* Dessert: Shirokuma shaved ice

Note: Not sure whether renting e-bikes is worth it or if the Sakurajima Island View Bus is more practical. Any advice would be appreciated!

# DAY 10: Fri 13 Nov | Kagoshima → Nagasaki

🏨 Stay: Hotel JAL City Nagasaki (2 nights)

AM

* Breakfast and check out
* Train to Nagasaki via Shin-Tosu / Takeo-Onsen (\~3 hrs)
* Drop bags at hotel

Lunch

* Shinchi Chinatown
* Champon at Kozanro
* Sara-udon and kakuni-manju

PM

* Dejima → Megane Bridge → Hamanomachi Shopping Arcade
* Oranda-zaka (Dutch Slope) if time permits
* Mt Inasa Ropeway for sunset / night views

Dinner

* Tonkatsu at Bunjiro (Asahimachi)
* Dessert: Castella ice-cream sandwich or Fukusaya castella

# DAY 11: Sat 14 Nov | Nagasaki

Breakfast

* Barissier café for matcha tiramisu or breakfast at hotel

AM

* Gunkanjima cruise (\~2.5–3 hrs)
* Lunch: Ramen Hiiragi tomato ramen

PM

* Glover Garden → Oura Church area → Dutch Slope
* Hamanomachi shopping and souvenir hunting
* Peace Park → Atomic Bomb Hypocenter
* Atomic Bomb Museum (exterior only)
* Sanno Shrine (one-legged torii gate and camphor trees)

Optional if time permits

* Sofuku-ji / Kofuku-ji
* Kazagashira Park for city views

Snacks / Souvenirs

* Fukusaya castella or Shooken 5-3 yaki
* Castella ice-cream sandwich
* Biidoro glassware

Dinner

* Yakiniku at Osakaya Hamanomachi (planning to book ahead)
* Alt: La Famiglia

Note: This day looks pretty packed especially with the Gunkanjima cruise. Happy to skip a few spots if needed.

# DAY 12: Sun 15 Nov | Nagasaki → Fukuoka

🏨 Stay: Amistad Hotel Fukuoka (1 night)

AM

* Breakfast and check out
* Shinkansen from Nagasaki to Hakata (\~1.5–2 hrs)
* Drop bags at hotel

Lunch / Snacks

* Last Hakata ramen at Hakataya / Ganso Nagahamaya
* I'm Donut / Daco café

PM

* Souvenir shopping at Hakata Station
* Baton d'Or, mentaiko and Hiyoko chick cakes

Afternoon options (pick 1 depending on energy)

* Nanzoin Temple (giant reclining Buddha + forest walk)
* Uminonakamichi Seaside Park (cycling + flower fields)
* Ohori Park + Fukuoka Art Museum
* Tenjin + Canal City for last-minute shopping

Dinner

* Farewell Tenjin izakaya or last yatai
* Dessert: Josuian daifuku or I'm Donut

Note: Initially planned to catch the Grand Sumo Tournament but tickets are sold out so we've got a free afternoon to play around with",1,1790108577.0,Kyushu,0,1.0,False
1wnku9m,https://www.reddit.com/r/OptimisticWriting/comments/1wnku9m/welcome_to_roptimisticwriting_introduce_yourself/,👋 Welcome to r/OptimisticWriting - Introduce Yourself and Read First!,"Hey everyone! I'm u/optimisticwriting, a founding moderator of r/OptimisticWriting.  
  
This is our new home for all things related to the optimistic writing method. We're excited to have you join us!

This is a community for one small practice: writing down, every day, the moments you felt good, for any reason, however small. Ten minutes, on paper or on a screen. That is the whole method. 

""Optimistic"" describes the writing, not you. Nobody here is asked to be unrealistically optimist, or to pretend a bad day was a good one. You can be worried, tired or flat and still write down that the coffee was hot and the bus came early. 

This method sits beside gratitude journals and ""three good things"" as a similar method, but more comprehensive, almost a framework that includes other therapeutic methods, including the gratitude journaling itself.

Check more about it in [optimisticwriting.com](http://optimisticwriting.com)

  
  
**What to Post**  
\- Your entries, if you want to share them — a line or a page. Small is fine. ""I washed the dishes and the window was open"" is a complete entry.

\- What the practice has been like for you after a week, a month, a year — including when it did nothing.

\- Questions about how to do it, and how to keep doing it on the days you do not want to.

\- Research, articles, books and other methods of writing for wellbeing. Pennebaker's expressive writing, three good things, gratitude journals: all welcome.

\- Prompts and themes you have found useful.

**A few rules**

1. Be kind. People post things here that they have not said out loud.

2. This is not a substitute for care. If you are in danger, please contact your local emergency services or a crisis line.

3. Posts about apps, books or services are fine when they are about the writing in a similar direction. Spam is removed.  
  
**Community Vibe**  
We're all about being friendly, constructive, and inclusive. Let's build a space where everyone feels comfortable sharing and connecting.

**A note on the app**. Some of us use Weave, a small app built for this method (it works in English, Arabic and Spanish, and it is free). You do not need it to be here. A notebook is enough, and always was.

Thanks for being part of the very first wave. Together, let's make r/OptimisticWriting amazing.",1,1790108554.0,OptimisticWriting,0,1.0,False
1wnku8b,https://i.redd.it/h66xh0lsr4rh1.jpeg,Tasty Tuesday coffee," Happy Tuesday, Day Queen/King. Have an amazing day.  #coffeelady #goodvibes #coffee ",1,1790108552.0,u_Agile_Original208,0,1.0,False
1wnksum,https://v.redd.it/d9530k6ir4rh1,"Building a library should be intuitive, and connect to what you already use","The final piece of the library puzzle has been solved officially for GeekStream. We can now add media in so many ways.

After creating the ability to import from Plex, Jellyfin, and others, I thought, ""okay, cool, that's how we'll build libraries...but what about for those people starting off brand new? Sure, there are the classic catalogs that you can use starting out for films and series... But what about music, audiobooks, and comics?

Next came the idea of implementing RSS feeds/website URLs that can be converted into lists for matching. While it works great for some sites and any RSS feed, I was scratching my head finding not finding a ton of different sources for certain categories. It's definitely worth keeping. And it's added a lot to the library, but it's not going to be the daily driver.

Finally, all of the pieces came together in what I was trying to do initially. Why can't we have a media server that syncs with all of our accounts where we maintain lists and ratings? And then, I thought about the best sources we could use to keep track of our content, that will automatically sync to the server. And will be matched as they become available.

So the video is long, but it's because it goes through every section of the integration of these different services.

Newest ways to add content to your library:

\- **Discogs wantlist support.** Import your entire wantlist to GeekStream and have them match in the server for immediate playback.

\- **TMDb support via wantlist and loved items**. If you give a heart on something on the website or you put it into your want list. It is automatically synced to geek stream and available once it is ready to go.

\- **OpenLibrary support for your audiobooks.** You can now put as many books on a bookshelf as you'd like, connect your account, and all of those books will be matched automatically through the server.

\- **Full stash.db support for unrated** ( only read about this if you care about this kind of content, otherwise know that you can hide it, and you can skip this). Connect your account for full synchronization of loved performers, studios, and more.

\- **Meteor Comics full integration**: sync your pull list for your favorite comics and have them sync daily to your server. Get ready for a whole lot of issues, very fast. Daily. Your coffee will be different for the rest of your life.

So what are you thinking of these features so far that I'm putting into GeekStream? Are you getting excited to try all of this out? Comment and let me know!",1,1790108468.0,GeekStreamMedia,0,1.0,False
1wnks9q,https://www.reddit.com/r/Wiseek/comments/1wnks9q/rebn_reborn_coffee_faces_new_nasdaq_delisting/,🚨 REBN: Reborn Coffee Faces New Nasdaq Delisting Risk Over Equity Shortfall,"### New Filing: 8-K

**Ticker:** REBN | **Score:** 9/10 | **Sentiment:** Negative

---

### Summary (Wiseek AI)
Nasdaq closed the late-filing matter but issued a new notice for failing the $2.5M minimum stockholders' equity requirement. Reborn Coffee has until November 2, 2026 to submit a compliance plan.

---
**Further Research:**
🤖 [**Wiseek AI Analysis**](https://wiseek.ai/ticker/rebn/reborn-coffee-faces-new-nasdaq-delisting-risk-over-equity-shortfall-000121390026102200/) | 🏛️ [**Original SEC Filing**](https://www.sec.gov/Archives/edgar/data/1707910/000121390026102200/ea0306128-8k_reborn.htm)

_Automated via Wiseek.ai — Identifying market-moving SEC filings & news._",1,1790108434.0,Wiseek,0,1.0,False
1wnkrys,https://www.reddit.com/r/irondeficiency/comments/1wnkrys/start_supplementing_now_or_wait_for_test_results/,Start supplementing now or wait for test results?,"37F, I know I have a lot of risk factors for iron deficiency - I’m a lifelong vegetarian, have heavy periods, drink a lot of coffee, and I’m a long distance runner (40-60 miles per week). I’ve had issues with iron deficient anemia in the past; haven’t had in checked in a couple of years but levels were okay last time I checked. (Lowest ferritin was 7, got it up to 35 a few years back, though I had just finished a round of high dose supplementation postpartum at the time; have not supplemented since then)  

Over the past 6-8 months I’ve found it harder and harder to complete my workouts, struggling with insomnia and fatigue, tension headaches, cold intolerance, that feeling like I need to yawn to take a deep breath, etc. I am definitely planning to get bloodwork done, however I don’t currently have a PCP so it will take a little time to find one and get something on the calendar. In the past few weeks my fatigue has gotten worse, pretty severe brain fog and irritability, napping frequently, general lethargy and listlessness, difficulty exercising at all, etc. I think it may make sense for me to start supplementing iron now (I’ve had success with SlowFe in the past) instead of waiting for a doc appt and test results? Kind of just want some outside opinions before taking something (possibly) unnecessarily! I’m a little afraid of overdoing it if I don’t have a deficiency, but I also think it’s very unlikely that my iron is currently high or that I’m getting too much of it through my diet. ",1,1790108416.0,irondeficiency,1,1.0,False
1wnkru7,https://www.reddit.com/r/copilotmoney/comments/1wnkru7/transaction_summary_on_ios_whats_coming_up_next/,"Transaction summary on iOS, what's coming up next","Hi everyone! We know everyone is impatient to get access to the [Money Assistant](https://www.reddit.com/r/copilotmoney/comments/1vfbw8w/making_coffee_and_a_personal_money_assistant_part/), and we’re grateful for the support. Thank you to the thousands of you in the beta giving us feedback as we've built. We’re almost ready to share it with everyone.

In addition to big features, the team’s been working on app improvements across platforms.

Here’s some of the latest: 

**🧮 Transaction totals on iOS**

We’ve had many requests for running transaction totals in Copilot Money and now it’s here! When you search or filter in the Transactions tab, you'll see a running total of your results right at the top. This includes total spent, total income, and net between the two.

We’ve also heard you on multi-select totals and more flexible filtering! Multi-select totals are coming up next, and we’ll let you know when it’s here. 

**🏃 Performance**

* **Rollovers** are noticeably faster across platforms, and update smoothly when you remove a category or change an account's Dashboard status.
* **Recurring** transactions save your edits instantly.

Full release notes (plus what's in progress!) are up on[ Dispatch](https://www.copilot.money/dispatch#top) if you want the complete list 👀",5,1790108409.0,copilotmoney,8,0.86,False
1wnkqrm,https://i.redd.it/betf0ea6r4rh1.jpeg,Gengar In The Shadows arrived!!,"so stoked that this arrived today!  unfortunately there’s a small dent in the bottom, but thankfully it’s not too noticeable.  i’m just so happy it got to me!  at first i thought 16oz might be too small but now i’m thinking it will be perfect for coffees. 💜",8,1790108344.0,Owala,2,1.0,False
1wnkqqy,https://i.redd.it/11x9ep76r4rh1.jpeg,PEEKSKILL!!!!,"HUDSON VALLEY MOCA  
https://www.hudsonvalleymoca.org/

PEEKSKILL MUSEUM   
https://peekskillmuseum.org/

FIELD LIBRARY  
https://thefieldlibrary.org/

FLAT IRON GALLERY  
https://www.flatirongallerypeekskill.com/

BRUISED APPLE BOOKS  
https://www.bruisedapplebooks.com/

PEEKSKILL COFFEE HOUSE  
https://www.peekskillcoffee.com/

FIELD LIBRARY BOOKSTORE   
https://discoverpeekskill.com/the-communal-athenaeum-of-peekskill/

PEEKSKILL ART INSTITUTIONS   
https://www.peekskillart.com/peekskill-art-institutions

SUNY - WCC for the DIGITAL ARTS   
https://artswestchester.org/profile/centdigitala/",2,1790108343.0,u_McCarraFitzpatrick,0,1.0,False
1wnkpkf,https://www.reddit.com/gallery/1wnkpkf,Nobody knows I’m struggling.,"These two first plates look decent yeah?

The nuggets on the first one come in a 1kg pack that I’ve been feeding on for two month , eating few at a time, and then an oatmeal “pancake” with some fried vegetables I also cut and freeze for duration purposes. Second one is just a lot of spaghetti w the same vegetables I freeze and divide to consume at least in a week. 

Where I live, 24 eggs are like € 9. So last month I bought them in bulk and I literally eat eggs for every meal. I also bought two months ago a shit ton of tomato sauce and I just use it w rice, pasta, etc. 

Can I vent ? …

Few friends invited me for a coffee on Friday. I had to say no, I won’t come. And they asked why, I was just straight up honest and said I couldn’t afford it. We’re Muslim so they said are you kidding just come we got your back, it’s just coffee. But I just couldn’t. 

I am brave enough to say I’m broke and can’t afford coffee. But to be there and wait for someone to pay my coffee ? Literally that moment is just so awkward and I don’t want to be there. So one of them hit me with the “if I was broke and I you wanted to sit down w me in a coffee shop would you NOT want to pay for me?” 

I said of course yes and she said well you’re not showing me you would bc now we want to do that for you and you won’t let us… 

But she doesn’t know for how long I’ve been struggling. I’ve been unemployed for months and I JUST got a job at the beginning of september thank God but I literally have 0,00 in my account and 0,00 in my wallet (after buying the eggs)  and when you’ve been like this for months, you don’t know when you’ll get the chance to “pay them back” (which means getting coffee and taking care of it next time, not actually giving them the money). But yeah, I just said for the first time I am broke to some friends and it feels liberating. 

Idk. 

Thanks for reading :D ",19,1790108268.0,strugglemeals,7,1.0,False
1wnkpe7,https://www.reddit.com/r/fukuoka/comments/1wnkpe7/12_days_in_kyushu_sg_couples_1st_trip_to_kyushu/,12 Days in Kyushu! SG Couple's 1st Trip to Kyushu. Would Love Some Advice on Our Itinerary,"Hi all! SG couple here, 3rd trip to Japan but 1st time in Kyushu! We're food-first travellers who love hiking, scenic spots, onsen and a bit of shopping.

*(Apologies for the 2nd repost! Got quite a bit of negative feedback on the previous one 😂 Reformatted it to make it easier to read)*

Flights + hotels are booked. Itinerary is just a rough guide, not a minute-by-minute schedule haha. **Only looking for constructive feedback** on pacing, transport and must-do/skip spots. Thanks in adv! 🙏

**Questions for the Kyushu veterans:**

1. Is renting a car for Days 4–7 (Beppu → Yufuin → Kurokawa → Aso → Kumamoto) worth it? We're leaning towards driving for the flexibility but would love to hear from anyone who's done this route. Any recommended rental companies or websites for one-way bookings?
2. Would you stick with the booked Aso + Takachiho tour or DIY with the rental car? We're a little concerned about repeating Aso on Days 6 and 7.
3. Any days that look particularly unrealistic? We're happy to drop a few spots if needed. The itinerary is more of a rough guide and we def don't expect to cover every single place.
4. Any must-try local dishes, hidden gems or restaurants we've missed? Food is a huge part of why we're visiting Kyushu!
5. Any scenic spots, hikes, onsens or activities along our route that you'd recommend over the ones listed?

# DAY 1: Wed 4 Nov | Fukuoka

🏨 **Stay:** Prince Smart Inn Hakata (3 nights)

**AM / Early PM**

* 12:55: Land at Fukuoka Airport
* Immigration, baggage collection and airport shuttle to domestic terminal
* Subway to Hakata and drop luggage at hotel
* Lunch: Hakata tonkotsu ramen at Hakataya or Ramen Stadium. Alt: Daichi no Udon

**PM**

* Kawabata Shopping Arcade → Kushida Shrine → Tochoji / Shofukuji (optional)
* Canal City Hakata → Nakasu riverside
* Shopping and exploring the surrounding streets

**Dinner / Snacks**

* Dinner: Nakasu yatai. Motsunabe, mentaiko, goma-saba and yaki-ramen
* Alt: Tenjin izakaya if the yatai queues are crazy
* Dessert: Josuian daifuku or FUK Coffee pudding

**Note:** First day after a red-eye flight so keeping it pretty chill. Most of the afternoon is optional depending on how tired we are.

# DAY 2: Thu 5 Nov | Fukuoka + Dazaifu

**Breakfast**

* Il Forno del Mignon croissants at Hakata Station

**AM**

* Ohori Park → Maizuru Park / Fukuoka Castle ruins
* Ohori Japanese Garden
* Fukuoka Tower → Momochi Seaside Park
* Lunch around Tenjin. Mizutaki at Daidai / Toriden or something from the depachika

**PM**

* Tenjin shopping → Daimyo / Imaizumi
* Dazaifu Tenmangu → Omotesando shopping street → Tenkai Inari
* Kyushu National Museum (exterior only)
* Snack: Umegae-mochi

**Dinner**

* Hakata Toyoichi at Bayside Place for sushi
* Alt: Maedaya motsunabe or tetsunabe gyoza
* Optional: Tenjin Underground Mall or Nakasu riverside

**Optional / If time permits**

* Yanagawa canal boat ride + unagi no seiromushi
* teamLab Forest if the weather is bad

**Note:** This day is looking pretty packed. Might skip Fukuoka Tower or Yanagawa depending on how much time we spend shopping.

# DAY 3: Fri 6 Nov | Kokura + Mojiko + Shimonoseki

**Breakfast**

* Quick breakfast at Hakata Station

**AM**

* Shinkansen from Hakata → Kokura
* Kokura Castle → Tanga Market
* Train to Mojiko Retro
* Explore the waterfront and historical buildings
* Kanmon Pedestrian Tunnel (walk under the strait)

**Lunch**

* Ferry to Karato Market for sushi and fugu
* Apparently the Fri–Sun sushi market is the main highlight here!

**PM**

* Return to Mojiko
* Blue Wing drawbridge → Kanmon Bridge views → Mojiko Retro streets
* Optional: Mojiko Retro Observation Room
* Snack: Mojiko banana sweets

**Dinner**

* Mojiko yaki-curry at Princess Phi Phi
* Train back to Hakata
* Dessert: FUK Coffee pudding or Josuian daifuku

# 🚗 DAYS 4–7: ROAD TRIP

Currently considering renting a car for this stretch:

**Fukuoka → Beppu → Yufuin → Kurokawa → Aso → Kumamoto**

Plan is to take the train from Hakata to Beppu/Oita and collect a one-way rental there.

We'll either return it in Kumamoto on Day 6 and join our booked small-group tour on Day 7 or keep the car for another day to explore Takachiho ourselves.

# DAY 4: Sat 7 Nov | Fukuoka → Beppu → Yufuin

🏨 **Stay:** Yufuin Sansuikan

**AM**

* Breakfast at Hakata Station
* Train to Beppu/Oita (\~2 hrs)
* Collect rental car
* Explore Beppu

**Beppu options (likely picking just 1)**

* Beppu Hells (Jigoku Meguri)
* Beppu Ropeway / Mt Tsurumi
* Kamegawa sand bath

**Lunch**

* Toriten at Toyotsune
* Alt: Beppu reimen

**PM**

* Drive to Yufuin via Yamanami Highway
* Sagiridai lookout → Kinrin Lake → Yunotsubo-kaido
* Yufuin Floral Village
* Snacks: Milch cheesecake, Yufuin pudding and croquettes
* Check in at ryokan and enjoy the onsen

**Dinner**

* Ryokan half-board dinner (included)
* Evening onsen and chill

**Optional:** Mt Yufu sunrise hike the next morning if we're feeling ambitious.

# DAY 5: Sun 8 Nov | Yufuin → Kurokawa Onsen

🏨 **Stay:** Yamamizuki Ryokan

**Breakfast**

* Ryokan breakfast (included)

**AM**

* Drive from Yufuin towards Kurokawa
* Kokonoe Yume Suspension Bridge
* Tadewara Wetlands boardwalk

**Lunch / Snacks**

* Lunch: Warokuya beef bowl / katsu or somewhere in Kurokawa
* Patisserie Roku cream puffs
* Strawberry daifuku, onsen eggs and cider

**PM**

* Explore Kurokawa Onsen
* Nabegataki Falls (optional detour)
* Onsen hopping with the Nyuto Tegata pass
* Considering Shinmeikan and Ikoi
* Check in at Yamamizuki and enjoy the onsen

**Dinner**

* Ryokan dinner (included)
* Evening stroll around Kurokawa

**Note:** Mainly looking forward to the onsen experience here so happy to skip a few stops if needed.

# DAY 6: Mon 9 Nov | Kurokawa → Aso → Kumamoto

🏨 **Stay:** Via Inn Prime Kumamoto (2 nights)

**Breakfast**

* Ryokan breakfast (included)

**AM**

* Drive towards Aso via Milk Road
* Daikanbo lookout → Kabutoiwa lookout → Komezuka
* Kusasenri grassland

**Lunch**

* Akaushi (Aso red-wagyu) rice bowl at Imakin Shokudo
* Alt: Dango-jiru

**PM**

* Shirakawa Spring or a short hike around Aso (optional)
* Drive to Kumamoto
* Return rental car if we're sticking with the booked tour on Day 7
* Check in at Via Inn Prime Kumamoto

**Kumamoto sightseeing**

* Kumamoto Castle → Sakura-no-baba Josaien
* Kamitori / Shimotori shopping arcades
* Souvenir shopping: Kumamon goods, ikinari-dango and karashi-renkon

**Dinner**

* Katsuretsutei kurobuta tonkatsu
* Alt: Basashi and karashi-renkon

**Optional:** Suizenji Garden and Luffy's One Piece statue.

# DAY 7: Tue 10 Nov | Takachiho + Aso

We're currently deciding between 3 options here.

# Option A: Booked Aso + Takachiho Tour

Return the rental car on Day 6 and join a small-group tour from Kumamoto.

**AM**

* Early pickup in Kumamoto
* Kusasenri grassland → Daikanbo lookout
* Lunch: Aso red-wagyu (usually included)

**PM**

* Takachiho Gorge
* Rowboat under Manai Falls (subject to availability)
* Amano-Iwato Shrine → Amano-Yasukawara
* Return to Kumamoto in the evening

**Dinner**

* Kumamoto ramen or kurobuta tonkatsu

**Concern:** We'll already be exploring Aso on Day 6 so the tour might cover a few of the same spots.

# Option B: DIY Takachiho Road Trip

Keep the rental car for another day and explore Takachiho ourselves.

**AM**

* Early drive from Kumamoto towards Takachiho
* Kunimigaoka viewpoint (if weather and timing permit)
* Takachiho Gorge + rowboat
* Amano-Iwato Shrine → Amano-Yasukawara
* Kamishikimi Kumanoimasu Shrine (optional)

**Lunch**

* Takachiho beef or nagashi-somen at Chiho-no-ie
* Alt: Teuchi soba

**PM**

* Drive back via Aso
* Stop for any viewpoints we missed on Day 6
* Return the rental car in Kumamoto

**Dinner**

* Kumamoto ramen or kurobuta

# Option C: Amakusa Day Trip

Alternative if we decide to skip Takachiho entirely.

**AM**

* Drive from Kumamoto to Amakusa (\~2 hrs)
* Amakusa dolphin-watching cruise
* Kuratake Shrine (torii in the sky)

**Lunch**

* Fresh seafood / uni at Amakusa Kaisengura

**PM**

* One Piece statue hunting
* Drive back to Kumamoto

**Current thoughts:** Leaning towards Takachiho but not sure whether to stick with the tour or DIY with the car. Would love some advice here!

# 🚄 DAYS 8–12: SOUTHERN KYUSHU + NAGASAKI

Planning to return the rental car in Kumamoto and use public transport for the rest of the trip.

# DAY 8: Wed 11 Nov | Kumamoto → Kagoshima

🏨 **Stay:** Silk Inn Kagoshima (2 nights)

**AM**

* Breakfast and check out
* Last-minute Kumamoto sightseeing / shopping if we missed anything
* Shinkansen to Kagoshima-Chuo (\~50 mins)
* Lunch at Kagoshima-Chuo Station / Amu Plaza

**PM**

* Drop bags at hotel
* Kagoshima waterfront
* Sengan-en Garden
* Tenmonkan shopping arcades
* Shiroyama Observation Deck for sunset (if time permits)

**Snacks / Souvenirs**

* Karukan
* Sweet potato tarts
* Shirokuma shaved ice
* Local imo-shochu

**Dinner**

* Kagomma Yatai-mura
* Hi no Tama Boy or Tagiruba
* Kurobuta tonkatsu / chicken nanban

**Optional:** Amami no Sato if we somehow have extra time.

# DAY 9: Thu 12 Nov | Sakurajima Volcano

**Breakfast**

* Quick breakfast near the ferry terminal

**AM**

* Ferry to Sakurajima (\~15 mins)
* Rent e-bikes and explore the island
* Yunohira Observation Deck
* Nagisa Lava Trail → lava fields
* Kurokami Buried Torii Gate
* Stop for the coastal views and foot onsen

**Lunch / Snacks**

* Sakurajima mikan / lava soft serve
* Ferry back to Kagoshima
* Lunch: Kurobuta or eel

**PM**

* Ishibashi Memorial Park or more Tenmonkan shopping
* Shiroyama Observation Deck for sunset if we missed it yesterday

**Dinner**

* Eel at Sueyoshi or kurobuta shabu-shabu
* Dessert: Shirokuma shaved ice

**Note:** Not sure whether renting e-bikes is worth it or if the Sakurajima Island View Bus is more practical. Any advice would be appreciated!

# DAY 10: Fri 13 Nov | Kagoshima → Nagasaki

🏨 **Stay:** Hotel JAL City Nagasaki (2 nights)

**AM**

* Breakfast and check out
* Train to Nagasaki via Shin-Tosu / Takeo-Onsen (\~3 hrs)
* Drop bags at hotel

**Lunch**

* Shinchi Chinatown
* Champon at Kozanro
* Sara-udon and kakuni-manju

**PM**

* Dejima → Megane Bridge → Hamanomachi Shopping Arcade
* Oranda-zaka (Dutch Slope) if time permits
* Mt Inasa Ropeway for sunset / night views

**Dinner**

* Tonkatsu at Bunjiro (Asahimachi)
* Dessert: Castella ice-cream sandwich or Fukusaya castella

# DAY 11: Sat 14 Nov | Nagasaki

**Breakfast**

* Barissier café for matcha tiramisu or breakfast at hotel

**AM**

* Gunkanjima cruise (\~2.5–3 hrs)
* Lunch: Ramen Hiiragi tomato ramen

**PM**

* Glover Garden → Oura Church area → Dutch Slope
* Hamanomachi shopping and souvenir hunting
* Peace Park → Atomic Bomb Hypocenter
* Atomic Bomb Museum (exterior only)
* Sanno Shrine (one-legged torii gate and camphor trees)

**Optional if time permits**

* Sofuku-ji / Kofuku-ji
* Kazagashira Park for city views

**Snacks / Souvenirs**

* Fukusaya castella or Shooken 5-3 yaki
* Castella ice-cream sandwich
* Biidoro glassware

**Dinner**

* Yakiniku at Osakaya Hamanomachi (planning to book ahead)
* Alt: La Famiglia

**Note:** This day looks pretty packed especially with the Gunkanjima cruise. Happy to skip a few spots if needed.

# DAY 12: Sun 15 Nov | Nagasaki → Fukuoka

🏨 **Stay:** Amistad Hotel Fukuoka (1 night)

**AM**

* Breakfast and check out
* Shinkansen from Nagasaki to Hakata (\~1.5–2 hrs)
* Drop bags at hotel

**Lunch / Snacks**

* Last Hakata ramen at Hakataya / Ganso Nagahamaya
* I'm Donut / Daco café

**PM**

* Souvenir shopping at Hakata Station
* Baton d'Or, mentaiko and Hiyoko chick cakes

**Afternoon options (pick 1 depending on energy)**

* Nanzoin Temple (giant reclining Buddha + forest walk)
* Uminonakamichi Seaside Park (cycling + flower fields)
* Ohori Park + Fukuoka Art Museum
* Tenjin + Canal City for last-minute shopping

**Dinner**

* Farewell Tenjin izakaya or last yatai
* Dessert: Josuian daifuku or I'm Donut

**Note:** Initially planned to catch the Grand Sumo Tournament but tickets are sold out so we've got a free afternoon to play around with",0,1790108258.0,fukuoka,0,0.5,False
1wnkokv,https://i.redd.it/tz773ev7q4rh1.jpeg,I can't be the only one,"Has anyone else noticed the Karat brand cups leak at the lid, making a mess all over you? 

It's been going on for *years* and coffee shops still buy them! Other brands don't leak! They must be cheap for coffee shops to keep buying them. The sip hole is also way too big and uncomfortable.

This is my public plea for coffee shops to consider a different brand of cups..",2,1790108210.0,Coffee_Shop,0,1.0,False
1wnknpq,https://www.reddit.com/gallery/1wnknpq,Voco Times Square South New York,"Voco Times Square South New York (343 W 36th St) is a solid Midtown base if you want to be close to the action without sleeping in the middle of Times Square chaos.  
It’s about two blocks from Penn Station and Moynihan Train Hall, so Amtrak, NJ Transit, LIRR, and the A/C/E subway are an easy walk. Times Square, the Theatre District, Madison Square Garden, Hudson Yards, Rockefeller Center, and the High Line are all nearby. Empire State Building and Herald Square/Macy’s are also within a short walk.  
Rooms are typical compact NYC size. They come with premium bedding, spa-style showers (some premium rooms add a steam shower), Keurig coffee, free WiFi, and (in higher categories) Manhattan skyline views. Housekeeping is daily.  
On-site dining is Finches Den — modern American with locally sourced dishes, barista coffee, cocktails, and a seasonal outdoor patio. Breakfast and dinner service plus a 24-hour grab-and-go station in the lobby. There’s also a free 24-hour fitness center and a couple of small event spaces (Times Square Room and The Greenhouse) if you need a meeting or gathering spot.  
Practical notes: check-in 4pm / checkout 11am, pets allowed with a fee, self-parking around $50/day off-site nearby. It’s an IHG voco property, so One Rewards points apply.  
Good fit if you want walkable transit + Broadway/Hudson Yards access without paying Times Square-core prices. Rooms aren’t huge and the block itself is more functional than glamorous, but location and basics are the main draw.  
\#NYCHotels #TimesSquare #MidtownManhattan #IHG #TravelNYC",1,1790108155.0,FirstClassTravel,0,1.0,False
1wnknb1,https://www.reddit.com/r/Market76/comments/1wnknb1/h_70_leaders_w_25_coffee_per_leader/,H: 70 leaders W: 25 coffee per leader,,1,1790108132.0,Market76,2,1.0,False
1wnkmi8,https://i.redd.it/rwa8l4s7l3rh1.jpeg,iced coffee ;),,0,1790108084.0,dunkindrinks,0,0.5,False
1wnkm20,https://i.redd.it/rwa8l4s7l3rh1.jpeg,got my iced coffee,,0,1790108057.0,Dunkin,0,0.5,False
1wnkloz,https://www.reddit.com/r/TimHortons/comments/1wnkloz/sick_of_these_lids/,Sick of these lids,"They ALWAYS leak 

Every god damn coffee, no matter what location 

How hard is it for one of the biggest franchises to not have *functional* lids??????",0,1790108037.0,TimHortons,4,0.5,False
1wnklha,https://www.reddit.com/r/PetiteFitness/comments/1wnklha/what_should_i_be_doing_differently/,what should I be doing differently?,"27F, 5’1”, probably like 135-140 atm but I haven’t weighed myself in a minute (reasoning below). I am pretty muscular and fairly active, but I want to get back to the weight that feels the most like me. 115 is my ultimate dream (I felt best between 110-120, shit I’d be happy just to be 125 again) but I just can’t seem to shake this extra 10-20 that fluctuates and it is severely depressing me. I just want my clothes to fit normally and not feel like I look fluffy in them. My husband says I am beautiful and don’t look that different but I certainly feel like I look very different.

**My usual/ideal exercise routine when all things are normal in life:**

\- Barre 3-5x a week (my studio has diff formats so I always try to do at least 1 strength training class)

\- Biking or running 2-3x a week

\- Weight lifting at the gym 2-3x a week

**Diet:**

\- I’m gluten free (celiac)

\- I try to get as much protein, fiber, fruit and veggies in as I can but I am insanely busy so some days I only eat like 2 medium-big meals and a coffee, or like 1 big meal, light snacks, and a latte

\- I’ve been trying to reduce portions and snacking in general

\- I could drink more water, I’m only realistically getting like 48-72 oz a day

\- my biggest problem area is sweets.. more on that below

**General activity (non-exercise):**

\- I walk 7k-10k or more steps a day just from my commute between home, work, school and errands. My yearly average is 9,105 steps a day.

**Context:**

I struggle to count calories because of my previous unhealthy relationship with food - I never had an ED myself but loved ones near me did so some of that has influenced me. I have tried before but it just doesn’t work for me, I’d rather just eyeball portions and keep track internally of how many sweets or salty or fatty things I’m having. Every time I’ve used an app I just get very frustrated and discouraged. I also have PTSD and OSDD, so sometimes I use candy or sweets to ground myself which takes the place of other destructive behaviors so my therapist doesn’t want me to abandon this practice if it helps me. I realistically have like 1-2 sweet things a day, be it a latte or candy or a small bowl of ice cream. I have done this for years tho and it’s only been in the last year (where I’ve gained this extra 15-20) that it seems problematic. For this same reason, I also don’t want to weigh myself right now because of the psychological distress it might cause. I’d rather weigh myself after I start to see progress and my clothes fit better again.

My husband also primarily cooks all of our dinners so I don’t always know in advance what we’re having til I’m home. Of course he’d listen to me if I had a different suggestion, or if I wanted to eat separately, but he’s passionate about cooking and uses healthy ingredients we have on hand so I don’t want to detract from his joy or his approach. I enjoy dinner together. He makes really healthy food tho, like fish + veggies, turkey tacos with rice, peppers & beans, salads, etc. I’m the one that’s a fiend for pasta and pizza because they’re comfort foods. I don’t want to give up comfort foods when my life is already stressful, which is like how I feel about sweets.

I don’t drink unless it’s a party in the summer or a special occasion, so realistically about less than once a month.

**Sleep:**

I don’t sleep nearly enough, I only get 6 hours if I’m lucky most nights. I know I should sleep more but it’s actually a bit impossible atm, I work and am in college full-time so I’m often not even done with doing things in the day until it’s midnight (and I started at 10am)! I do my best to catch up on sleep on weekends, and I always have the most consistent diet out and workouts on weekends (barre from 50 min to 1hr 40 both days).

**Life changes:**

This last year has been a stressful whirlwind between school, work, planning a wedding, getting married, and traveling. I was definitely indulgent on honeymoon - why not?!? But since returning early this month, I’ve been working on getting more good-for-me foods in.

The last 3 years have been really hard on me work wise. I was at my best shape back then (117-123) with regular exercise as outlined in my ideal, but the stress and lack of sleep keep adding up to more weight. I used to have abs!!!! I miss them :( lol. The stress of this job has undoubtedly contributed to me gaining weight.

Subtle thing that impacted my body comp: I use medical cannabis for my PTSD and I took a break for almost an entire year two years ago. Cannabis regulated a lot of my food noise and sped up my metabolism so when I quit, I gained 20 pounds in seemingly 2 months. Totally unexpected. It’s been a battle trying to get it back down. I’ve managed to shave 5-7 off here and there but it’s been brutal. I’m taking my edibles again and it’s been helping me feel more regulated and less hungry 24/7 thankfully.

**TL;DR: I want to know what the best approach would be, given my circumstances, to shedding weight.** I joined a gym that has a pool - would swimming frequently be useful? What advice helped you to lose weight when you were in a rut and dealing with a lot of life stress? Can I do this without completely forgoing my comfort foods?TIA!!! <3",1,1790108024.0,PetiteFitness,2,1.0,False
1wnkkp0,https://www.reddit.com/r/Munich/comments/1wnkkp0/where_to_buy_highfat_milk_56_in_munich/,Where to buy high-fat milk (~5–6%) in Munich?,"hi everyone,

Is there any place or farm shop in Munich where I can find fresh milk with around 5% to 6% fat content (like Jersey milk or non-standardized raw/fresh milk)?

Regular supermarket Vollmilch (3.5–3.8%) isn't quite rich enough for what I need, and condensed/evaporated coffee milk (Kondensmilch) has a cooked flavor that doesn't fit.

Any recommendations for organic stores (Denns, Alnatura), Wochenmärkte, or local Hofläden/Milchtankstellen around the city would be greatly appreciated!

Thanks!",3,1790107976.0,Munich,9,0.71,False
1wnkjid,https://i.redd.it/476081k0p4rh1.jpeg,"We'll get through  it all. First, coffee 😉",,5,1790107909.0,highergirlpower,0,1.0,False
1wnkj4c,https://i.redd.it/101g5ilsp4rh1.jpeg,$3.85 a gallon,"I was checking my Gas Buddy app and couldn’t believe what I was seeing when Speedway in Mason, Ohio had their Unleaded gas for $3.85 a gallon 😳",7,1790107883.0,Ohio,13,0.82,False
1wnkiii,https://www.reddit.com/r/HeresTheCatch/comments/1wnkiii/choose_black_coffee_or_coffee_with_creammilk_or/,[Choose] Black coffee or Coffee with cream/milk or Coffee with cream/milk and sugar or Black coffee with sugar,This post contains content not supported on old Reddit. [Click here to view the full post](https://sh.reddit.com/r/HeresTheCatch/comments/1wnkiii),3,1790107848.0,HeresTheCatch,3,0.8,False
1wnki2x,https://i.redd.it/06apgjhmp4rh1.jpeg,My Corso may be a wee bit spoiled...,"Her own elevated coffee table dog bed next to my hottub, with her ruffwear sleeping blanket. Perfect for chilly evenings hanging out together.",10,1790107823.0,CaneCorso,1,1.0,False
1wnkhkc,https://www.reddit.com/r/Advice/comments/1wnkhkc/27_yo_guy_with_a_preference_for_18_yo_girls/,27 y/o guy with a preference for 18 y/o girls; concerning?,"I want to preface this by saying that this is a throwaway account and I’m writing this from my friends perspective because she wants advice/to hear the viewpoint of others but isn’t familiar with reddit.

My friend (f19) met this guy (m27) on tinder around 2 months ago. They hit it off pretty well, nothing too serious - basically regular dates and sex after or during them. When they first started off, the guy had mentioned that he didn’t really like “slts who talked to multiple guys at the same time” (f19 was talking to a few guys at the time); they had a little “dating phase” but had the talk and realised they don’t really like each other romantically so decided to stay in the “casual dates w benefits” zone.

Fast forward to a few weeks ago, the topic of threesomes came up and the guy suggested they go ahead and do it (my friend being ok with it at the time). The guy started looking for the 3rd girl to have for the threesome with on tinder and found girl A (f19).  
The guy told my friend that he’d meet up with girl A for a casual coffee and see if she’d be interested; she was, so when all of them met up again they kind bonded (bj in an alleyway, pretty common occurence for him); clubbing after where the guy had invited his friends (also aged 27-30) to show off my friend and the other girl.

When my friend met up with girl A after the 3-way date, they talked about the guy and she came to find out that girl A and the guy had borderline fucked the day before. Note here that the guy had told my friend he hadn’t done anything with girl A because he didn’t want to “ruin what we both have”. IDK if its worth mentioning but girl A hasn’t graduated hs yet.

Just recently the guy also found girl B (f18) and proposed her for the threesome to my friend, since he found girl A’s body to be a “big turn off”.

Few things about the guy: he pays for the dates, tends to keep tabs on what the girls are talking about privately.

General question is: Should my friend keep seeing the guy? Is the age difference something to be concerned about? Cause it’s starting to look like the guy has a pattern.

TL;DR: Friend (f19) started seeing a guy (m27) and he seems to have a weird preference for young girls. ",1,1790107791.0,Advice,4,0.67,False
1wnkhh8,https://www.reddit.com/r/germanshepherds/comments/1wnkhh8/reactive_gsd/,Reactive GSD,"My 5 year old male GSD has developed extreme reactivity to motorbikes (esp when they are stopped at traffic lights or near him) he lunges, barks and goes mental. Not sure if he is scared as he also lunges, growls and barks at waiters when i go to coffee shops or food places and usually when he is scared he hides behind me or lowers himself to the ground. It’s like he is a completely different dog. He is so gentle with people usually except those two situations. What is the reason and how i stop it????",2,1790107786.0,germanshepherds,4,1.0,False
1wnkhbe,https://i.redd.it/umpnkfmhp4rh1.jpeg,iCoffee edge eletrico é uma boa?,"Olá, pessoal. Alguém aqui tem experiência com o uso desse moedor em espressos e filtrados? Acham uma boa opção? Parece ser white label do starseeker ",1,1790107778.0,cafebrasil,1,1.0,False
1wnkh1r,https://www.reddit.com/r/ConsumerAdvice/comments/1wnkh1r/warning_about_my_erth_labs_experience_order/,"Warning about my Erth Labs experience — order shipped from China despite website saying U.S. orders ship from the U.S., then they refused my refund","I wanted to share my experience with Erth Labs / Erth Superfood Brew because I wish I had known this before ordering.

I placed my first order expecting a pretty normal U.S. shipment. Erth's website states that “U.S. orders are shipped from the U.S.” and gives an estimated delivery time of 2–4 business days after the order is processed. Their website also advertises the coffee as Made in USA and advertises a 45-day money-back guarantee.

After I ordered, USPS showed that a shipping label had been created in Illinois, but for about a week USPS never actually received the package.

I contacted Erth several times asking what was going on. Initially I kept getting generic responses saying the package was with the carrier and that the tracking would update.

Eventually Erth sent me a DIFFERENT tracking number through 17TRACK.

That's when things got interesting.

The international tracking supplied by Erth showed:

Shenzhen, China → Hong Kong International Airport → Chicago

It specifically showed the package being scanned and packaged in Shenzhen, leaving Shenzhen, going through export customs in Hong Kong, being handed to the airline, and eventually arriving at the destination airport in Chicago.

I'm not claiming that this proves the coffee itself was manufactured in China. I have no way of knowing where the contents were actually manufactured.

What I do know is that Erth's website told me U.S. orders are shipped from the U.S., while the tracking Erth provided for my U.S. order showed my shipment originating in China.

Once I saw that, I told Erth I no longer wanted the order and asked them to cancel it and refund me.

Their response was that they have “multiple fulfillment locations across the globe” and ship based on product availability. They asked me to accept the delivery.

I wasn't comfortable with that, so I refused the unopened package.

USPS returned it to the sender.

The tracking now very clearly says:

“Delivered, To Original Sender”

Elk Grove Village, IL 60007

September 14, 2026

I sent Erth the USPS screenshot showing that the package had been returned to the original sender and asked for my refund.

Their response?

They told me the tracking showed the package had been “delivered” and that they “do not offer refunds on orders that have already been delivered.”

Except it wasn't delivered to ME.

I live in Texas.

It was delivered BACK TO THE ORIGINAL SENDER IN ILLINOIS.

I literally had to email them again and explain that I am not their address in Elk Grove Village, Illinois and ask them to read the entire tracking history.

At this point my issue isn't even just the strange shipping situation. The customer service throughout this entire experience has been incredibly frustrating.

I had to repeatedly contact them just to find out where the package actually was. Their own tracking showed an origin that didn't appear consistent with their published U.S. shipping statement. I requested a refund before accepting the product. I refused the unopened package. USPS documented its return to the original sender. I sent them proof. And then customer service apparently saw the word “Delivered” without noticing the equally important words “TO ORIGINAL SENDER” and used that as the reason to deny my refund.

Meanwhile, their website advertises a 45-day money-back guarantee.

I never opened or consumed the product, so I can't give an opinion about whether the coffee itself is good or bad.

But I can absolutely review the ordering, shipping, refund and customer-service experience, and mine has been terrible.

I'm now pursuing the refund through other channels and documenting everything.

If you're considering ordering from Erth Labs, I'd recommend taking screenshots of their shipping and refund policies before ordering and keeping all of your tracking information and correspondence.

On second thought, I would just not order from them!

EDIT: I just found out they were originally Urth Labs and had a lot of negative feedback and changed their name to Erth Labs!  Do your research!",1,1790107762.0,ConsumerAdvice,0,1.0,False
1wnkgyu,https://i.redd.it/33mshoffp4rh1.jpeg,Speedy Two-sday!,Popped in for a coffee with a friend today. Clearly a man of good taste 😂☕ ,5,1790107757.0,OmegaWatches,1,0.78,False
1wnkfnk,https://i.redd.it/7zdyr6rqo4rh1.jpeg,[iOS] [$9.9 ->FREE Lifetime | First 500] Dopli — Record the little things that aren't worth writing a journal entry about,"

I’m the indie developer behind **Dopli**.

I built it because I wanted to record more of my life — without turning everything into a habit, task, streak, or journal entry.

Read a little.  
Went for a walk.  
Took medicine.  
Had a good coffee.  
Practiced a language.  
Talked to someone.  
Had a surprisingly good day.

Some things are too small to write about, but that doesn’t mean they’re not worth remembering.

With Dopli, you simply **drop one bead** whenever something happens that you want to keep.

No streaks.  
No scores.  
No pressure to be productive.

# 🎁 Giveaway

I’m giving away **500 Dopli Lifetime unlocks for free**.

First 500 redemptions get it permanently.  
App Store: [https://apps.apple.com/us/app/dopli/id6805685047](https://apps.apple.com/us/app/dopli/id6805685047)

**Redeem here:**  Comments Section

Lifetime is a **one-time permanent unlock**, not a subscription.

If you try it, I’d genuinely like to know one thing:

**What would you drop your first bead for?**

Hope you enjoy it.",2,1790107675.0,AppGiveaway,3,1.0,False
1wnkfex,https://www.reddit.com/gallery/1wnkfex,Caught stealing coffee,,5,1790107660.0,Dachshund,4,1.0,False
1wnkfdr,https://i.redd.it/fbg5cl5do4rh1.jpeg,Submission for WotW,"I was up at the coffee house just now and the owner showed me this video, which he'd found among his father's things while preparing for an estate sale.  His dad had even saved the original native advertisement article from the newspaper that had inspired him to order the tape.

It sure looks like something that would be perfect to put on the Wheel of the Worst, if they haven't done it already.",28,1790107658.0,RedLetterMedia,3,1.0,False
1wnkfcq,https://www.reddit.com/r/NoidaWale/comments/1wnkfcq/23m_crossing_republik_looking_to_meet_new_people/,23M | Crossing Republik | Looking to meet new people,"Hey everyone! 👋

Recently realized that most of my social life consists of work, home, and staring at a screen, so figured it's time to actually meet some people IRL. 😂

I'm 23M and live in Crossing Republik. Looking to make some new friends around the area and actually go out, rather than having another “we should meet sometime” conversation that never goes anywhere.

I'm into bikes, cars, gaming, anime, music, guitar, singing, badminton, random late-night conversations, food, and exploring places around NCR.

Doesn't matter if you're a guy or girl, single or in a relationship — just looking for chill people who are up for hanging out, grabbing food/coffee, playing badminton, going for rides, gaming, or just talking absolute nonsense at 1 AM. 

If you're from Crossing Republik / Ghaziabad / Noida / nearby NCR and also looking to expand your social circle, drop a comment or DM.

Bonus points if you're also trying to escape the “work → home → phone → sleep → repeat” cycle. 💀",1,1790107656.0,NoidaWale,0,1.0,False
1wnkerl,https://i.redd.it/qpiuoqqpo4rh1.jpeg,Cold Brew at OLAB (Espressolab) in Dubai,"This was the best cold brew I had in Dubai among the hundreds of coffees. The cold brew concentrate is sold separately, and the barista legit asked me if I wanna drink straight from the bottle, undiluted. ",0,1790107620.0,coldbrew,0,0.33,False
1wnke1a,https://i.redd.it/yj4gem2wo4rh1.jpeg,"IMPORTANT NEW HASHTAG! ANTIS ARE MAKING BAD HASHTAGS TREND ON X, FIGHT BACK!","\`#敖尹拯救中国游戏   
\#全世界都爱敖尹\`",3,1790107576.0,ValkosLilies,1,1.0,False
1wnkd16,https://www.reddit.com/r/raisedbynarcissists/comments/1wnkd16/i_just_met_my_nc_mother_in_a_dentist_waiting_room/,I just met my NC mother in a dentist waiting room,"I am NC with my mother for 7 years.   
I moved out of the city 3 years ago. She writes me letters now an then but couldn’t anymore since I moved. She doesn’t have my mobile number. 

I am on visit in my hometown (big capital city). Everytime I am here I visit my trusted dentist. 

I enter the dentist office, where you stand immediately in the waiting area and there she sits. Haven’t talked to her for 7 years. 

I talk to the receptionist and ask for a tooth brush to be able to go to the toilet and just breathe. 

I pull myself together and go back. She talks to me, how weird this is. That she is glad that I look well and that she would be glad to hear from me but she leaves it up to me.  I don’t reply to the last sentence. 

I cried for an hour in my car after that. Telling myself everything that she has done and said and why I went NC to remind myself. Because I felt so guilty 

„Gladly“ she has done one very horrible thing where I cannot make up an excuse to behave like this this is my mantra everytime I feel guilty. 

Heavy day. Spent the rest of the day just walking around the city. Grabbing my favorite cake and coffee and I am feeling better.   
But that was a shock. ",8,1790107515.0,raisedbynarcissists,2,1.0,False
1wnkcuk,https://www.reddit.com/r/MakeNewFriendsHere/comments/1wnkcuk/26f_would_like_to_make_new_friends/,26f would like to make new friends 🌺,"heyyy! im trying to make new friends from anywhere. 

some stuff im into:   
reading, watching romantic comedy movies, listening to different music genres, I’ve been playing Minecraft lately, and I do spend time on Roblox lol, I also play Alice Madness Returns, and the 3Ds every now and then. I love iced coffee and cheesecake. 

If you’d like to talk send a message ✨ ",2,1790107505.0,MakeNewFriendsHere,5,1.0,False
1wnkc08,https://www.reddit.com/r/promoteMyApp/comments/1wnkc08/small_business_owners_retain_more_clients/,small business owners! retain more clients!,"i just launched [https://returnpass.app](https://returnpass.app/) and im hoping i can get a few testers to check out the overall experience, theres a free trial option that gives you full access to the site. Its primarily web based so you dont need to download anything.

returnpass is a web app that easily allows any business of any size to create a more premium user experience with the addition of prepaid digital passes and loyalty cards. You can bundle anything from cups of coffee, car washes, dog grooming, nail appointments, anything that you have return clients coming for, you can bundle.

Increase your upfront revenue, easily track prepaid visits, give your clients the premium experience they deserve.

please take a look if you can and appreciate any feedback!",1,1790107456.0,promoteMyApp,0,1.0,False
1wnkbbb,https://www.reddit.com/gallery/1wnkbbb,I challenge you to type me. Are you capable? Level: depends on how good you are at it,"Some people say I have methods for everything. I didn't know I was like that, but I really have a method to take a shower, to poop, to socialize, etc; People think I'm distracted, but I'm just focused on doing something or solving a problem in my head. I don't rest until I solve the problem, getting stressed if I don't solve it or I can dream of solutions; I need advice on how to act in relationships, or how to act correctly with people, moral issues, etc. I feel like sometimes I'm pretending or acting; I've been told I'm cold, but I only care about who I really care about and I can be very silly, childish, loving and affectionate with those I love. I've cried hidden because of pet. I have an emotional side that I repress and run away when they touch on this kind of subject; I'm usually cordial and polite with unknown people, even being outgoing and fun with some clients if I'm very excited about life; I've been told that I'm straight or too good, while others think I'm a villain (especially the girls who liked me, but I ended up giving them out); I like rankings. I have a ranking on almost everything: best meats, best meats to grind, more nutritious meats, more efficient remedies, brands of all types of products, types of coffees, etc.; I also like lists; I prefer quick and easy solutions. Sometimes, I prefer to do something alone, but I can ask for advice or tips before doing something. If I'm focused on doing something, I don't like it when someone keeps giving me instructions all the time, it can confuse me; I'm good at improvising music lyrics, video scripts and I'm good at writing. My literature teacher read my essay to the class at the time of high school because it was so good. I felt proud. But I'm not good at writing fiction stories, so I never accepted to be a master in RPG; I'm terrible at debating, I need evidence and data to prove my point and I can only think of good answers after the discussion is over. I keep training arguments for possible debates; I prefer to speak by audio than to type on WhatsApp; I remember past details perfectly, even from days, months and years. But I can completely forget about other moments; I like to classify the best and worst years, days and months of my life and the reasons. For example: Christmas 2021 was the best of all, but the 2020 and 2025 were the worst. But I won't say the reasons here; I forget people's faces, I've been embarrassed because of that. Customers ask if I remember them, so I have to say yes but I have no idea when I saw them; I like to walk, but I prefer empty streets and I get annoyed if there is someone walking behind me; I have a sense of what I want for the future and I work for it, but I'm not good at planning in detail in the long term, only in the short term; I like to solve my obligations as soon as possible; I keep grievances from more than ten years ago; I try to be funny and for me it's a victory to make people laugh, but I'm boring and already I made extreme pranks thinking it was going to be funny: once I said that a friend of ours was hospitalized for being stung by bees and I sent a photo of a man in a bandsed. That was hilarious for me, but only one friend of mine laughed, the rest hated it, and especially the one who was supposedly hospitalized; I love video games, I really like city management and construction games, FPS, fights and adventure games with a very engaging story; I'm lazy, and I can easily sit on the floor of a store if there are no chairs while my wife chooses the clothes; sometimes people think I'm very disinterested in things; my dressing style is basic and causal; usually, I do things that bring me benefits: I go to the gym because the gym relieved My anxiety and having a worked body make people respect me, I learned to play an instrument because it brings beneficial to the brain; I eat beef liver because it is nutritious (but I don't like the taste).",1,1790107412.0,MbtiTypeMe,1,1.0,False
1wnkbac,https://www.reddit.com/r/Sailwind/comments/1wnkbac/does_cross_region_trade_really_make_good_money/,Does cross region trade really make good money?,"In the very early builds, missions to other regions paid quite a lot. But after the ledger / trade system, missions pay quite bad but on top of that commodities don't pay that much either. For example coffee, a commodity grown in Al Ankh, makes around 150 coins in profit. What do I need to trade with other regions to earn big money? I am playing in the Ankh region. Help and thoughts appreciated, thanks!",4,1790107411.0,Sailwind,4,1.0,False
1wnkaiy,https://www.reddit.com/r/r4r/comments/1wnkaiy/31m4f_franceeurope_looking_for_some_new_cool/,31[M4F] France/Europe - looking for some new cool connections :),"(first of all, sorry for my English ) hey! I'm Simon, I live in a small town near Paris, and I currently work as a psychologist. I'm a chill, open-minded guy, some kind of sociable introvert. During my free time I enjoy going to concerts, museums, solo travelling, reading, practicing some sports (climbing and badminton mostly), I sometimes volunteer as a barman in a concert hall. I also enjoy gaming even if I rarely have time for it, and i'm currently learning italians for fun. 

  
When it comes to music, i'm really into alternative/experimental stuff, such as shoegaze, post-punk, IDM, dream pop and many other styles. I also have some kind of obsession for brasilian music, such as bossa nova or MPB. i'm an absolute fan of science fiction books. I'm also open to other things of course, for example I just started reading some Tourgeniev after visiting his museum last sunday. Finally, i'm not the biggest movie nerd,but i'm trying to change that. Recently I watched Chungking Express by Wong Kar Wai, and it really resonated in me.

  
Anyway, what i'm looking for : I don't really have expectations, whether it's friendship, flirting, or the start of something more serious... We can such have random chats through the day, meet for a coffee or a date in Paris, or travel somewhere together.

  
I'm 1m81, thin, i'm white with long, curvy light brown hair. I don't mind sending some photos !

  
Please, introduce yourself :)

A bientôt !!",1,1790107368.0,r4r,1,1.0,False
1wnk9hw,https://www.reddit.com/r/AmItheAsshole/comments/1wnk9hw/aita_for_not_unloading_the_dishwasher_at_work/,AITA for not unloading the dishwasher at work?,"I work in regional role and today I visited one of our offices to have a meeting. For context I’m in the office maybe once a week.   
I went to make a coffee and it was mid morning, no cups. So I check the dishwasher and take one out.   
A couple of colleagues then come over to get themselves a drink and start washing up, I point out the dishwashing is clean and am confronted with comments about why I didn’t empty it.   
There must have been easily 10 others before me but as a ‘visitor’ I’m confronted with the challenge. ",24,1790107308.0,AmItheAsshole,20,0.96,False
1wnk7yx,https://www.reddit.com/r/POTS/comments/1wnk7yx/just_put_salt_in_my_coffee/,Just put salt in my coffee,"I've done some odd things in my life but putting a couple shakes of salt in my coffee is up there. What is something weird you've put salt in or on?

*The coffee is decaf, I'm not allowed caffeine with my meds lol*",6,1790107228.0,POTS,9,0.88,False
1wnk7l5,https://www.reddit.com/gallery/1wnk7l5,Upscaled and expanded Hogwarts castle and grounds,"Hi! I am currently working on my upscaled en expanded version of the hogwarts castle and grounds set.

 I wanted the base to have the shape of an octagon because I would like to display it under my round coffee table.(last picture)

 I still want to include the quidditch pitch, hagrids hut, whomping willow, beauxbatons carriage and maybe some micro scale versions of a few hogsmeade shops as seen in the pictures.

Btw the snakes protruding from the water should indicate the tentacles of the giant squid.

What do you think so far? 

Any suggestions of changes or other things I can add?

 

Please let me know in the comments.

Have a great day!",57,1790107211.0,legoharrypotter,1,1.0,False
1wnk7hs,https://www.reddit.com/r/AIO/comments/1wnk7hs/aio_for_asking_my_boyfriend_to_stop_letting_his/,AIO for asking my boyfriend to stop letting his female coworker sleep on our sofa after happy hour?,"My boyfriend (29m) and I (28f) have lived together in a two bedroom apartment for three years. He has a close knit group of colleagues from his tech firm who do Thursday evening drinks almost every week. 

One of his newer team members, Sarah (25f), moved to our city about six months ago and lives thirty miles out in the suburbs. Over the past two months, she has missed the last commuter train home three separate times after drinks. Each time, my boyfriend offered her our guest room sofa without asking me first. 

The first time I was sympathetic and even lent her clean sweatpants. But last Thursday, I woke up at 6:30am to get ready for an early hospital shift and found her sitting in our kitchen in one of my boyfriend's oversized college hoodies, drinking coffee out of my favorite mug while chatting with him by the stove. 

It made my stomach drop. When she left, I told my boyfriend that our apartment is not a free hotel for his coworker, and that if she cannot manage her train schedule she needs to budget for an Uber or book a Premier Inn near their office. 

He got visibly annoyed and told me I was acting paranoid and territorial over someone who is just a junior colleague trying to save money on late night surge pricing. He says accusing him of crossing a line is insulting his character. 

Am I overreacting by putting my foot down on this?",35,1790107207.0,AIO,104,0.87,False
1wnk6wt,https://www.reddit.com/r/Akathisia/comments/1wnk6wt/dealing_with_terror/,Dealing with terror,"How do you manage the mental symptoms like terror? Seeing people and going to drs appts seems impossible for me as my terror has been high for a year. I feel like I’m always on the verge of screaming it feels so intense.

The thought of sitting in a waiting room or getting coffee with a friend is so beyond what I can tolerate, do any of you feel your mental symptoms are this intense?

(I have a therapist and we’ve concluded my anxiety and terror is probably tied to my akathisia). I feel like I’m going insane 24/7 and the only thing that has helped a little is propanolol and vitamin c.",2,1790107169.0,Akathisia,1,1.0,False
1wnk3k1,https://www.youtube.com/watch?v=f6tuF3KsIBQ,260920 ARTMS - Born Stunner + Blue Blood + Pixel Memory + Virtual Angel @ Youth Coffee Festival (Fancam),,4,1790106962.0,LOONA,0,0.83,False
1wnk3cj,https://www.reddit.com/gallery/1wnk3cj,[Submod Release] Dynamic Texture Manager 2.0,"# Dynamic Texture Manager 2.0 🎉

Happy 9th Anniversary to **Doki Doki Literature Club** and a very Happy Birthday to our beloved **Monika**! 🎂💚

To celebrate this special date, we are proud to present **Dynamic Texture Manager 2.0**—a massive overhaul designed to make customizing Monika and your Literature Club experience smoother, richer, and more dynamic than ever.

---

### ✨ What's New in v2.0

* **All-New Visual Sidebar Selector:** Preview textures in real-time before applying them with an interactive sidebar and instant hot-swapping.
* **Expanded Category Support:** Full customization for:
  * **Monika:** Face, Body, Arms, Base Hair Color, Eyes, Eyebrows, Mouth, Nose, Blush, Tears, and Sweatdrop.
  * **Accessories:** Promise Rings, Quetzal Plushie, Thermos, Coffee & Hot Chocolate Mugs, and Roses.
  * **Minigames & Room:** Chess, Pong, Nou, and the Calendar.
* **Search & Category Filters:** Quickly find the exact pack you are looking for with built-in instant search and category dropdowns.
* **Optimized Performance:** Re-engineered texture indexing and VFS loader hooks to eliminate disk reads and lag when switching assets.

---

📥Download & Links
https://github.com/The-Encoders-Club/DynamicTextureManager/releases/tag/V2.0.0

---

### 💚 Special Acknowledgments

A huge and heartfelt thank you to **zer0fixer**, the creator of **Emerald Box**, for kindly granting permission to use their submod as a reference and inspiration. Their work laid the foundation that made this major expansion and new interface possible!
",10,1790106949.0,MASFandom,5,0.92,False
1wnk319,https://youtube.com/watch?v=gBlYjxs2Muw&si=i7FqoR6qvF6njEfz,New CDJ-3000X's! Melodic & Tech House Set! Studio Edition,"Welcome to this new DJ-Mix set! New studio and new CDJ-3000X's and a new A9 mixer! This set was recorded minutes after opening the boxes so no time to practice! :-D 



Please join my Patreon if you enjoy these curated sets and want to see more!   / djastelsie  



00:00 Adam Port, Keinemusik & SG Lewis – Be The One (Extended)

03:48 Argy & Omnya – Aria (Extended Mix)

08:00 Liva K, HotLap – Dance Baby (Extended Mix)

13:26 Ivory (IT) – Bringing Me Joy (Original Mix)

18:13 Magnus, JEWELS, YUMA., SOMMA, LE YORA – EVERYTHING IN ITS RIGHT PLACE

24:01 Blaise Bracic – Closer (Original Mix)

28:12 Baset & Bittermind – Feel Good (Extended Mix)

31:52 Chasing Kurt – From The Inside (Reznik Extended Remix)

38:00 Joris Voorn – Horizon (Eelke Kleijn Remix)

42:32 Brunello, Vargas – Ghost Dance (Original Mix)

47:31 Jitwam, GUDFELLA – Morning Coffee (Extended Mix)

51:31 Armin van Buuren & Silver Panda – Here In My Arms (Enjoy The Silence)

55:39 ARTBAT & SIX40TWO – Take You There (Original Mix)

58:55 Rodriguez Jr. – Off Gerlach (Original Mix)

1:03:52 Vintage Culture & DEPARTAMENTO – Toxic (Extended)



\#melodichouse 

\#cdj3000x 

\#housemusic",1,1790106928.0,DJ_Astelsie,0,1.0,False
1wnk2ht,https://www.reddit.com/r/coffeeindia/comments/1wnk2ht/which_coffee_is_best/,Which coffee is best?,"I want to buy a Davidoff Coffee flavor, but since the purchase will be based only on the image, I’m not sure which flavor to choose. I like strong coffee with milk and a little sugar, something rich and strong, cafe-style. Could you please tell me which Davidoff flavor would be best for my taste?",2,1790106893.0,coffeeindia,1,1.0,False
1wnk2h9,https://www.reddit.com/r/espresso/comments/1wnk2h9/gourmia_gcm_4230_portafilter30/,Gourmia GCM 4230 portafilter[$30],"Hello all and thanks for reading, my brother who is a coffee lover but isn't really tapped in into the espresso world has a Gourmia GCM 4230 but it so happens that the portafilter is ruined and since his birthday is close I'm planning in getting a replacement portafilter for him, does anyone who has one or has had one of these machines knows what's a portafilter i could get on amazon that fits?",1,1790106892.0,espresso,0,1.0,False
1wnk2fs,https://www.reddit.com/r/Market76/comments/1wnk2fs/w_canned_coffee_h_leaders/,W: canned coffee H: leaders,,1,1790106889.0,Market76,1,1.0,False
1wnk1w3,https://www.sciencedaily.com/releases/2026/09/260922005719.htm,Coffee doesn’t have to keep you awake to disrupt your sleep,,22,1790106856.0,Nutraceuticalscience,8,0.92,False
1wnk1nz,https://www.reddit.com/r/CoffeeGear/comments/1wnk1nz/gaggia_brera_super_automatic_espresso_machine/,Gaggia Brera super automatic espresso machine before the students got it,"Sixteen days on my worktop while I worked out whether a pair of students would survive it, and then the Gaggia Brera went into the two bed I let them.

  
Small black box, 40 fl oz tank, and no model number printed on the case or in the booklet, just Brera, which from an Italian company charging this much is a bit cheeky. Cost wise it comes in slightly under the Philips machines I've been buying in pairs and at roughly a third of a prosumer setup, so this is a super automatic espresso machine at the sensible end of the shelf. Kitting out several units means I buy things two at a time and watch which one dies first.

  
It makes better espresso than anything else I've put in a rental.

  
That's the whole case for it really. Beans go in, the grinder does its work without waking the neighbours, and what lands in the cup has proper crema rather than the thin brown water a pod machine gives you. Adjusting the grind changed the shot noticeably, which sounds obvious but plenty of automatic espresso makers at this money give you a dial that does nothing you can taste. Noise is moderate, five or six seconds of grinding and then a pump that sounds tired but works.

  
Emptying and refilling the 40 fl oz tank is the daily annoyance. Two people drinking three coffees each will finish it before dinner, and it needs pulling out and carrying to the sink rather than filling in place. Hard water round here means I'm descaling more often than the book suggests, and the descale cycle takes long enough that you plan your morning around it.

  
Frothing is done by hand on a wand rather than an automatic carafe, which I actually prefer. Tenants mostly don't.

  
Two of them have already told me they can't get it right and have gone back to buying flat whites down the road, so if the people using it want push button milk this is the wrong box. Build quality reads better than the Philips units, less flex in the panels, heavier in the hand, though the 3.8 from 1500 reviews suggests plenty of people have had a worse run than me. Complaints tend to land on the machine seizing a year or two in and on parts being awkward to get hold of, which is my usual worry with anything Italian and out of production.

  
What I can't stand is that the service parts are all branded, so a seal that costs pennies as a generic becomes a proper order with a wait attached. I've got a drawer in the garage full of that sort of thing already. Sixteen days in nothing has needed replacing, obviously, but I've been here before with other kit and it's usually the little rubber peice.

  
Brera owners running one daily, is the brew unit still moving freely two winters in, or does it start sticking once the grease dries out?",1,1790106844.0,CoffeeGear,1,1.0,False
1wnk1lu,https://www.reddit.com/r/AskHouston/comments/1wnk1lu/tech_guy_trying_to_escape_wfh_on_weekends_any/,Tech guy trying to escape WFH on weekends - any good networking or social groups in Houston?,"Hey y'all,

I work in tech and the work-from-home routine is starting to give me major cabin fever, especially on the weekends. I'm trying to get out of the house more, meet new people, and make some actual friends.Ideally, I’d love to find a group or some people where we can hang out, do casual weekend stuff, but also talk business and share opportunities or side project ideas (definitely looking for a give-and-take dynamic).

Are there any active Meetups, Discords, Slack channels, or specific casual networking groups in Houston you’d recommend for this? Or even just good spots where tech/professional folks tend to hang out?

Hit me up if you're in the same boat and want to grab a coffee or a beer sometime. Thanks",5,1790106840.0,AskHouston,5,0.86,False
1wnk1it,https://www.reddit.com/r/hydration/comments/1wnk1it/help_struggle_to_drink_anything/,Help! Struggle to drink anything,"Idk why but I don't want to drink anything, I've been like this for a while. I force myself to drink water but because of the struggle of how I just don't feel like it, it's like I wait till I get so dehydrated to drink and only then is when I drink. I tried every hydration packet you can think of and actually dislike this taste of all the flavored electrolytes. I don't drink soda cause I hate the gas, I can drink a little juice but get tired of it quickly. Honestly coffee and energy drinks is the only thing I like but I stopped because it gives me anxiety. I also have ADHD not sure if that means anything.

  
What do I dewww?",1,1790106835.0,hydration,1,1.0,False
1wnk1ay,https://www.reddit.com/r/chat/comments/1wnk1ay/31f_uk_looking_for_fun_and_friendly_chats/,31F UK 🇬🇧 Looking for fun and friendly chats!,"Hey! I’m a nurse in the UK. Navigating a new chapter in life, and enjoying seeing where it is taking me!   
Discovering what makes me happy, and enjoy trying new things!   
I enjoy reading, a good coffee shop, cosy and autumnal days, and appreciate the little things in life. Enjoying the outdoors, and breaking in my new walking boots 🥾   
Looking to get to know people and have easy going chats and hopefully develop a nice friendship! ",2,1790106821.0,chat,8,1.0,False
1wnk00v,https://www.reddit.com/r/Carbondale/comments/1wnk00v/anyone_else_notice_how_much_quieter_downtown/,Anyone else notice how much quieter downtown feels now that the semester's in full swing vs. move-in week?,"Walked through the Strip this weekend and it's a totally different vibe than three weeks ago — move-in chaos is gone, foot traffic's settled into more of a rhythm, and it's actually pleasant to grab a coffee without weaving through crowds.

Made me curious what people who've been here longer than a semester or two think: does Carbondale's ""feel"" change noticeably as the school year goes on, or is it pretty much the same energy September through May until finals week hits and everything goes dead again?

Also open to recommendations — new to actually exploring past the main strip, what's a spot near campus that doesn't get talked about enough on here?",1,1790106743.0,Carbondale,0,1.0,False
1wnjzgw,https://www.reddit.com/r/relationship_advice/comments/1wnjzgw/my_fiancé_23m_doesnt_want_me_to_go_anywhere_on_my/,My Fiancé (23M) doesn’t want me to go anywhere on my days off and gets mad when I (23F) use my PTO to rest while pregnant,"Hi, I am a 22F and currently 6 months pregnant who works full time as a nurse still doing 3 12 hours shifts and occasionally I pick up a required 8 hour shift in that week as well. Last week was one of those weeks and since my job is kind of physically demanding I am lifting and on my feet all day long which has made it very hard on my body. I had two days off before my next 12 hour which was supposed to be today. I needed up not going to be til 2 am or maybe later last night so I texted my manager to use my earned PTO for today instead bc i get up at 4:30 am for work so it wouldn’t be good for me to do a 12 hour shift on just 2 hours of sleep while pregnant and already in back pain from last weeks work. I told my fiance I am doing this and he ignored me. This is reoccurring behavior, he always gets mad when I use my pto instead of going into work …. I have no clue why it doesn’t truly make any sense me bc I’m getting paid the same amount to rest vs being at work. I also am confused by this bc he is adamant that after the baby is born he wants me home and to quit my job or go PRN so we don’t have to rely on any daycare (which I love!) he also pays all the bills and prefers to do this, he wants my money directed toward the baby and savings/investments for us.

Fast forward my sister is currently full time in school and just moved here in our city (I haven’t lived near my sister in over 10 years) she’s taken time accumulating and getting settled so we haven’t had much time to hang out. I asked her if she was busy today and if not I’d love to see her for coffee and talk. She mentioned last week that she wanted to see me asap whenever I could so I figured today I could pay her a visit and just get sister time. When I told my fiance this he snapped at me. He claims I can’t just make excuses not to work and then put miles on the brand new car he got me about 6 months ago (he insisted to buy me bc he crashed MY car I bought myself at 18 years old)

He sent me a long message while he was at work saying he works 40 hours for his money unlike me and how I’m always finding an excuse to use my pto (ofc I’m a fucking nurse and I want to use the pro I earned especially while I’m 6months pregnant and TIRED/SORE from being on my feet for 12 hours)  
He says unless I want to “contribute” then I can’t demand him to pay for things…. Very off the wall statement bc I have NEVER asked him for money nor demanded him to buy anything in the 6 years we have been together… matter of fact I’ve paid for everything we have for the baby currently including all the doctors appointments… I also paid for our entire trip to universal just a few weeks ago…. So idk how I’m not contributing financially just bc I don’t work “40 hours” and I’m using pto when I want to for extra rest while pregnant. Now he’s telling me he doesn’t want me using the car on my days off because it’s adding mileage to the car and it’s just “wasting money when I could be at home instead” it’s all so confusing to me and sounds so extremely controlling I don’t know if I’m valid for thinking he’s insane for this? Who gets mad at their significant other for using their earned PTO when they just want a mental health or rest day? Why claim you want me to go PRN or completely stop working after the baby if this is how you feel now while I work FULLTIME…? I get he wants the new car to stay nice but after almost 7 months it only has 5k miles and I don’t feel like it’s that much at all…",18,1790106708.0,relationship_advice,111,0.66,False
1wnjz8j,https://www.reddit.com/r/GlitchInTheMatrix/comments/1wnjz8j/doubled_glass/,Doubled glass,"I was at my Brother & SIL's house the other day, helping my mom watch their kids. They got home from dinner early and everyone was chatting. I grabbed a Planet Express glass from their cupboard for some iced coffee, the only other one clean in there was a Simpsons glass. Got ice in my glass, then my mom wanted water so I grabbed the Simpsons glass, then all the kids wanted water, so I set her glass down on the table next to mine with ice in it. I got their cups filled with water, then got my moms glass. Only to realize when I handed it to her the glass was now a Planet Express glass. My Planet Express glass was still on the table with ice in it. I freaked out, spent a few mins looking for the Simpsons glass, to find it on the counter by their sink. No one else had been in the kitchen with me. Pretty sure my Brother & SIL thought I was loosing it when I tried to explain what just happened lol. ",3,1790106694.0,GlitchInTheMatrix,0,1.0,False
1wnjy5a,https://www.reddit.com/gallery/1wnjy5a,H. Upmann The Banker Annuity,"Body: Mild-Medium → Medium-Full  
Aroma: 9.5/10  
Construction: 10/10  
Rest: \~4 months  
Price: \~$10–$11

Verdict: Box-worthy.

This cigar completely surprised me. I’ve had a few non-Cuban H. Upmanns before and none really stood out to me. This one did.

First Third  
Immediately very sweet, buttery, and rich. Almost like a literal candy bar.

Milk chocolate, espresso, sweet cream, cashew, light earth and leather.

The best way I can describe it: an espresso with a ton of sweet cold foam on top.  
Very smooth. Zero pepper, zero spice, zero harshness.

Second Third  
This is where it really opened up.

The sweetness went from candy-bar sweet to crème brûlée—that first bite after cracking through the caramelized sugar.

Then I started getting molasses, vanilla bean, cinnamon, hazelnut, toasted bread, dried fruit, charred wood, and a slightly tangy raspberry/black tea note.

The overall profile smelled and tasted like walking into a really good coffee shop.

The aroma also changed from a chocolate factory in the beginning to a warm campfire with fresh wood and settled embers.

Final Third  
The body really picked up.

It went from mild-medium → medium → medium-full, almost full at times.

But somehow it stayed incredibly smooth. Still virtually no pepper, no spice, and no harshness.

I actually had to slow down toward the end because the strength finally started kicking.

Construction

10/10.

Beautiful ash, slightly tight draw—which I personally love—and an almost perfect burn. I didn’t have to correct it once.

Final Thoughts  
For around $10–$11, this is ridiculous value.

Chocolate → espresso → sweet cream → crème brûlée → molasses → vanilla → hazelnut → toasted bread → charred wood.

Sweet, creamy, refined, and incredibly smooth.

I went into this expecting an average cigar and finished it wanting a full box.

I also want to compare one fresh vs. 4 months rested vs. 1 year aged because this one was already phenomenal after only four months.

93/100.

One of my favorite non-Cuban H. Upmanns I’ve had.  
Absolutely box-worthy.",5,1790106629.0,cigar,0,1.0,False
1wnjxd0,https://www.reddit.com/r/Lyon/comments/1wnjxd0/2627_sep_recommendations_meetup/,26–27 Sep: recommendations + meetup?,"Bonjour! I’m a Singaporean 26M currently working in Geneva and I’ll be visiting Lyon on 26–27 Sep.

I was planning to check out some of the main sights like Fourvière but I’m also looking for any personal recommendations for cafés, restaurants or spots that make you think “this is 100% Lyon”.

And if anyone’s down to hang out, I’d be keen to walk around the city together or grab a coffee/drink on Saturday or Sunday 🙆🏻‍♂️

Feel free to reply in this thread or shoot me a PM :)",1,1790106582.0,Lyon,2,1.0,False
1wnjx2p,https://www.reddit.com/r/UKroasters/comments/1wnjx2p/looking_for_a_similar_coffee/,Looking for a similar coffee,"I just finished a bag of Nafuna by Curve coffee. It's a Ugandan washed SL14 SL28 done with cherry pulp coferment. I was hoping to get some more but they don't have it in the shop.

Don't supposed anyone could recommend something similar? It was fantastic done as soup in my ORB.",2,1790106564.0,UKroasters,0,1.0,False
1wnjwxp,https://i.redd.it/hsdda3mul4rh1.jpeg,What about some Oreo Muffins together with your coffee?,,3,1790106555.0,SharjahClassified,0,1.0,False
1wnjwus,https://i.redd.it/rlgmy57tl4rh1.jpeg,The radio has something to say... 👀🤘,[https://iloveheavymetalradio.com/](https://iloveheavymetalradio.com/),1,1790106550.0,ILoveHeavyMetalRadio,0,1.0,False
1wnjwjn,https://www.reddit.com/gallery/1wnjwjn,H. Upmann The Banker Annuity,"Body: Mild-Medium → Medium-Full  
Aroma: 9.5/10  
Construction: 10/10  
Rest: \~4 months  
Price: \~$10–$11

Verdict: Box-worthy.

This cigar completely surprised me. I’ve had a few non-Cuban H. Upmanns before and none really stood out to me. This one did.

First Third  
Immediately very sweet, buttery, and rich. Almost like a literal candy bar.

Milk chocolate, espresso, sweet cream, cashew, light earth and leather.

The best way I can describe it: an espresso with a ton of sweet cold foam on top.  
Very smooth. Zero pepper, zero spice, zero harshness.

Second Third  
This is where it really opened up.

The sweetness went from candy-bar sweet to crème brûlée—that first bite after cracking through the caramelized sugar.

Then I started getting molasses, vanilla bean, cinnamon, hazelnut, toasted bread, dried fruit, charred wood, and a slightly tangy raspberry/black tea note.

The overall profile smelled and tasted like walking into a really good coffee shop.

The aroma also changed from a chocolate factory in the beginning to a warm campfire with fresh wood and settled embers.

Final Third  
The body really picked up.

It went from mild-medium → medium → medium-full, almost full at times.

But somehow it stayed incredibly smooth. Still virtually no pepper, no spice, and no harshness.

I actually had to slow down toward the end because the strength finally started kicking.

Construction

10/10.

Beautiful ash, slightly tight draw—which I personally love—and an almost perfect burn. I didn’t have to correct it once.

Final Thoughts  
For around $10–$11, this is ridiculous value.

Chocolate → espresso → sweet cream → crème brûlée → molasses → vanilla → hazelnut → toasted bread → charred wood.

Sweet, creamy, refined, and incredibly smooth.

I went into this expecting an average cigar and finished it wanting a full box.

I also want to compare one fresh vs. 4 months rested vs. 1 year aged because this one was already phenomenal after only four months.

93/100.

One of my favorite non-Cuban H. Upmanns I’ve had.  
Absolutely box-worthy.",3,1790106534.0,cigar_refuge,0,1.0,False
1wnjvda,https://www.reddit.com/r/decaf/comments/1wnjvda/accidental_cup_of_coffee/,Accidental cup of coffee?,I ordered a coffee today a decaf coffee and as a reward for my morning walk. I felt so amazing that I went to the gym after. I have done 11k steps today which is so far from my norm. I then noticed that the happy feeling was more like euphoric and racing thoughts. Yikes I’m starting to think it wasn’t a decaf after all,0,1790106462.0,decaf,2,0.33,False
1wnjvce,https://i.redd.it/6zkwkydkl4rh1.jpeg,33 [F4M] Try ko lang mag post..,"Hello try lang hahahaha. 

5’1 | within normal BMI | 47kgs  
Fair skin - or olive type skin tone  
Face value: 6/10? I tend to look younger than my age, or at least that’s what everyone tells me. 😄  
Corpo girlie working in Finance  
Manila / QC girl  
Currently doing 10-20k steps a day | Petite   
Single, financially stable, independent   
Adrenaline junkie 🎢  
Loves coffee & 🍵   
Catholic  
Dog lover 🐶 

LF:  
30s or older than me  
Taller than me 5’9 and above  
Within normal BMI  
Around Metro  
Clean and hygienic",1,1790106461.0,singleph,0,1.0,False
1wnjv9k,https://www.reddit.com/r/Amersfoort/comments/1wnjv9k/looking_for_likeminded_people_around_amersfoort/,Looking for like-minded people around Amersfoort,"Hey everyone!

I’m a software engineer living in Amersfoort, married, and originally from abroad. Outside of work, I’m someone who really enjoys learning, exploring ideas, and having conversations. 

I’m particularly interested in books, society, economics, psychology, and how people and societies work. I enjoy going beyond small talk and discussing the why behind things — values, meaning, culture, human behavior, and the different ways of looking at the world.

At the same time, I’m enjoying discovering Dutch culture and life in the Netherlands — exploring Amersfoort and other cities, trying new places, learning about Dutch habits and history, and generally understanding the country beyond just living here.

I’m not necessarily looking for a huge social circle. I’d just like to meet a few curious, thoughtful people who enjoy learning, discussing ideas, grabbing a coffee or beer, going for a walk, visiting a museum/bookshop, or simply having a good conversation.

If you’re also the kind of person who enjoys meaningful conversations, intellectual curiosity, and occasionally going down a philosophical rabbit hole for no particular reason, feel free to send me a message.

Would be nice to meet some people around Amersfoort or nearby. 🙂",11,1790106456.0,Amersfoort,9,1.0,False
1wnjuxz,https://www.reddit.com/r/stayawake/comments/1wnjuxz/we_sold_a_data_centre_and_we_shouldnt_have/,We Sold a Data Centre and We Shouldn't Have.,"The check cleared on a Tuesday.

I was in line at the feed store when my phone buzzed. I looked down at the number in my account and had to put my hand on the counter. The kid behind the register asked if I was okay. I said yes. I said it three times.

That night I bought my daughter new shoes. Nothing fancy. Just something that fit. She'd worn the same pair two years without complaint. When she saw them, she looked at me like I'd handed her the moon.

My son asked if we could afford ice cream. I said yes to everything that week.

\---

Six months before the check cleared, Sarah took the kids to her sister's in town. I didn't blame her. We'd spent years one bad season from losing the farm. I couldn't blame her for getting tired of waiting.

The corporation came three months later. Scott Mahoney led the neighbors in protest when the news broke: a data centre. They wanted the back forty, the rocky parcel across the creek where nothing grew. My father had left it alone. His father before him. Scott called it a desecration. Don't sell, he said. As if selling were the real threat and not the thing that would come whether we did or not.

Diane from the corporation sat at our kitchen table in a grey suit and laid down a number that made my chest tight. More than we'd made in three years combined.



Michael, my brother who worked the farm with me, sat beside me, his hands wrapped around a coffee cup.

""You remember what Dad said about that land,"" he said after Diane stepped outside.

""I know Dad said a lot of things.""

""He said never sell it.""

I looked out at the fields, worn and patient. At what we'd become.

""Look at this house, Michael. We're one bad season from losing everything.""

He rubbed his face. His hands were shaking.

""Okay,"" he said. ""Let's sell it.""

\---

My father taught me the salt work when I was twelve.



We started before dawn. Stalks of rye from the last harvest burned in the north field, a thin smoke rising. My job was the ash. Dad had mixed it the night before with grey coarse salt, the kind Ma got from a man in Rolla who asked no questions about where you'd be using it.

Dad didn't explain anything. He just watched. If I hurried, he tapped the shovel handle against my boot. If I held the plow wrong, he corrected me without speaking. We worked until the sun was high enough to cast shadows.

The patterns didn't make sense from ground level. You had to climb the ridge to see them whole, and by the time you did, you understood why Dad never talked about it.

I quit doing it in my twenties. Called it superstition. Called it the reason we were poor.

Michael kept doing it. Every spring, before planting. Even after Dad died.

\---

The data centre construction started in June.

They brought in heavy equipment, foundation crews, the constant sound of excavation. The humming started in early August. Low frequency, rhythmic. At first, you only heard it at night when the wind came a certain way. After the transformers came online, it never stopped.

The sound traveled through the land differently than I expected. There was a sinkhole near the north edge, maybe thirty feet across. The sound wasn't coming from that direction, but somehow between places. At night, the fence line seemed to vibrate. I told myself it was normal, and that machinery did that, or the ground settling.

Soon after the data center was set up, we started noticing things off. A heifer died on a Tuesday, north field, and she was just empty. The vet shrugged and said sometimes they go.

I almost believed him until the second one failed to come in that evening. I found her by the sinkhole, sitting in the grass where something would have had to place it by hand.

Michael called that night. ""You need to come out here.""

He led me to the edge of his side, where the footprints sat pressed firmly into the dry clay. They were massive things, each one stamped deep as though whatever made them had been in no hurry to leave.

""This isn't right.""

I didn't say anything.

""You're going to tell me it's some anti-data centre idiots?""

""I don't know what it is.""

He looked at me for a long moment. Then he turned and walked back to his house.

I started paying attention to things I'd ignored for years.

The journals were in the barn, tucked away in a box Dad had labeled in pencil: ""Maintenance Notes."" I only found them because my wife cancelled the kid's visit last minute. Something stupid, like meeting up with one of her flavor-of-the-week flings. So there I was, alone on a Saturday I hadn't planned to be alone, wandering the barn with nothing but time and a bad mood.

They went back forty years. Maybe more. But what struck me was what they contained: not farming advice. Dates. Sketches of the lines. Annotations like ""North sector held"" or ""East junction weak"" with arrows pointing to specific locations. Records of animals found. The date the heifer died, nearly identical to the date Dad had written about a yearling calf.

Except Dad had written: ""Boundary breach—north line. Closed with additional treatment.""

I didn't understand what ""treatment"" meant.

I went to find Michael. He was standing at the fence line, looking toward the data centre. The lights there burned all night now. Bright white arc lights that turned the whole area the color of bone.

""Did Dad ever tell you what the salt was actually for?""

He didn't turn around.

""No.""

""The journals mention it. Maintenance. Breaches.""

""I know.""

He was quiet for a while. The data centre hummed beyond the tree line.

""I think it keeps something in,"" he said.

I waited for him to laugh. To say he was messing with me. He didn't.

""The sinkhole,"" he said. Then he stopped. Turned back toward the horizon. ""They've been digging since July. Deep. The vibration gets worse every day. And the lines—"" He stopped again. Swallowed. ""I can feel when they cross one. There's this instant when the sound changes. Something feels wrong. Then it passes. It's happening more.""

""Michael.""

""I know how it sounds.""

He said it quietly. Then: ""I'm going to try something.""

He rebuilt a section of the line that next week. The northeast corner, the one that seemed weakest. I watched from a distance, not helping, not stopping him. He did exactly what I'd done as a child: burned the rye, mixed the ash with the salt, worked it into the earth in a pattern that made no sense until you climbed high enough to see.

When he finished, he looked smaller somehow.

""Did it work?"" I asked.

""I don't know yet.""

The vibration from the data centre did seem to settle that night. Or maybe I was just looking for the change. By morning, I couldn't tell if anything had actually changed at all.

Things kept quiet for a while after that. Three weeks, maybe. Long enough that I started to let myself believe the whole thing had been nothing, just my imagination running wild in the dark of that barn. Then I saw something.

It was in the north pasture, standing motionless in the space between fence posts. Tall and maybe seven or eight feet, and the skin of the color of wet bark. For a moment, I thought it was a person in strange clothes.

Then it turned and walked into the tree line, unhurried, like it had all the time in the world.

I told myself it was Scott Mahoney, trying to scare us up. He'd done it before, after all. Spray painted my truck, him and his gang of anti-data centre hooligans. Grown men in their fifties, acting like teenagers with a cause. But Scott is Five-foot-eight on a good day, with boots on.

During this time, Michael grew more paranoid, and by extension, so did his family. He hadn't fucked up his marriage yet like I did, but guess it needed some time.

Some weeks passed, and my nephew Eli came running inside pale and shaking, barely able to get the words out. ""There's someone out there.""

Michael and I went out that night with a flashlight, sweeping the tree line until our arms ached. His wife phased at the whole thing, asked me the next morning if our witch hunt had produced anything. ""Nothing,"" I said. ""Just the wind.""

It was some weeks later I heard the screaming and shouting carry across the fields. Eli and his sister started spending more time at my side after that. I didn't bother to learn what was happening. Farming takes its toll, especially when you aren't making money. Micheal's wife, Rachel took the boys to Springfield the next morning. She wouldn't tell me why, and I didn't ask.

\---

Michael came over that night. We sat on the veranda with two beers, watching the lights from the data centre.

""I found something in the journals,"" he said. ""A date. December 1962. Dad wrote it twice. Different pages. Same date. He wrote: 'Lines intact' on one page and 'Lines compromised' on the other.""

""You're reading two different years.""

""Same handwriting. Same pen. Same day.""

I didn't know what to say.

""There's a gap after that. Three years. Next entry is 1965. He talks about reinforcement. Increased frequency. Ash and salt, not just in spring anymore."" Michael finished his beer. ""He writes: 'Cannot afford to let this fail again.'""

He set the bottle down. Looked at me.

""And you think the data centre—""

""I think the thing is affectiing the salt thing, everything has gone haywire since we let that thing get built on our land.""

He didn't say anything else. We sat there watching the lights until the beers were warm.

I woke to the sound of something breaking. They were four of them, those figures we always saw. Just surrounding us on the veranda.

Skin like wet bark. That smell, chemical and strange, underneath.

One turned to look at me. It had eyes. I recognized something in them immediately. I'd seen them before.

'Dad?'

It screamed, as I fell off my chair and woke Michael. He immediately wrestled the central figure as the rest stood, as I was already running into the house for my shotgun.

When I got back, Michael was on the ground. What was left of him looked like it had been split open with an axe. One of them, at least, wore Dad's face.

The funeral was three days later, and Ma came. She walked in rather than used her cane, beside her nursing aide, the one I was able to get with the cash from selling to the data centre. As they lowered the coffin, she grabbed my arm and said, ""The data centre. You let them break the lines.""

It was the first time she had spoken coherently in five years ago.

""I didn't have a choice,"" I said.

She looked at me with eyes I recognized from somewhere I couldn't place. ""Everyone has a choice. That's the worst part.""

She turned to leave, and I looked at her. ""Thirty years he spent putting it back.""

""What?"" I said. ""Ma—""

I tried to pull her back, but her nurse intervened. She was already walking toward the car.

\---

I went to the barn that night.

The sack of salt was behind the rye storage, in the corner my father had shown me when I was twelve. Michael had been pulling from it all spring, rebuilding the northeast section, but there'd always been enough. Dad used to say there was enough for years. More than enough.

But the bag was open, and the salt was gone. Not scattered but removed, carefully, methodically. I stood there for a long time, before heading back and collecting some of the salt and ash already sown into the soil to protect myself.

But I'm still here.

I've got the shotgun by the door and what's left of the ash in a jar on the cabinet by my bed. Tomorrow I'll start rebuilding the northeast corner, the way Michael did. The way Dad did before him.

  
[Masterlist](https://www.reddit.com/u/lex_kenosi/s/Y4zvpP4wRK)",1,1790106438.0,stayawake,0,1.0,False
1wnjuqu,https://www.reddit.com/r/creepypasta/comments/1wnjuqu/we_sold_a_data_centre_and_we_shouldnt_have/,We Sold a Data Centre and We Shouldn't Have.,"The check cleared on a Tuesday.

I was in line at the feed store when my phone buzzed. I looked down at the number in my account and had to put my hand on the counter. The kid behind the register asked if I was okay. I said yes. I said it three times.

That night I bought my daughter new shoes. Nothing fancy. Just something that fit. She'd worn the same pair two years without complaint. When she saw them, she looked at me like I'd handed her the moon.

My son asked if we could afford ice cream. I said yes to everything that week.

\---

Six months before the check cleared, Sarah took the kids to her sister's in town. I didn't blame her. We'd spent years one bad season from losing the farm. I couldn't blame her for getting tired of waiting.

The corporation came three months later. Scott Mahoney led the neighbors in protest when the news broke: a data centre. They wanted the back forty, the rocky parcel across the creek where nothing grew. My father had left it alone. His father before him. Scott called it a desecration. Don't sell, he said. As if selling were the real threat and not the thing that would come whether we did or not.

Diane from the corporation sat at our kitchen table in a grey suit and laid down a number that made my chest tight. More than we'd made in three years combined.



Michael, my brother who worked the farm with me, sat beside me, his hands wrapped around a coffee cup.

""You remember what Dad said about that land,"" he said after Diane stepped outside.

""I know Dad said a lot of things.""

""He said never sell it.""

I looked out at the fields, worn and patient. At what we'd become.

""Look at this house, Michael. We're one bad season from losing everything.""

He rubbed his face. His hands were shaking.

""Okay,"" he said. ""Let's sell it.""

\---

My father taught me the salt work when I was twelve.



We started before dawn. Stalks of rye from the last harvest burned in the north field, a thin smoke rising. My job was the ash. Dad had mixed it the night before with grey coarse salt, the kind Ma got from a man in Rolla who asked no questions about where you'd be using it.

Dad didn't explain anything. He just watched. If I hurried, he tapped the shovel handle against my boot. If I held the plow wrong, he corrected me without speaking. We worked until the sun was high enough to cast shadows.

The patterns didn't make sense from ground level. You had to climb the ridge to see them whole, and by the time you did, you understood why Dad never talked about it.

I quit doing it in my twenties. Called it superstition. Called it the reason we were poor.

Michael kept doing it. Every spring, before planting. Even after Dad died.

\---

The data centre construction started in June.

They brought in heavy equipment, foundation crews, the constant sound of excavation. The humming started in early August. Low frequency, rhythmic. At first, you only heard it at night when the wind came a certain way. After the transformers came online, it never stopped.

The sound traveled through the land differently than I expected. There was a sinkhole near the north edge, maybe thirty feet across. The sound wasn't coming from that direction, but somehow between places. At night, the fence line seemed to vibrate. I told myself it was normal, and that machinery did that, or the ground settling.

Soon after the data center was set up, we started noticing things off. A heifer died on a Tuesday, north field, and she was just empty. The vet shrugged and said sometimes they go.

I almost believed him until the second one failed to come in that evening. I found her by the sinkhole, sitting in the grass where something would have had to place it by hand.

Michael called that night. ""You need to come out here.""

He led me to the edge of his side, where the footprints sat pressed firmly into the dry clay. They were massive things, each one stamped deep as though whatever made them had been in no hurry to leave.

""This isn't right.""

I didn't say anything.

""You're going to tell me it's some anti-data centre idiots?""

""I don't know what it is.""

He looked at me for a long moment. Then he turned and walked back to his house.

I started paying attention to things I'd ignored for years.

The journals were in the barn, tucked away in a box Dad had labeled in pencil: ""Maintenance Notes."" I only found them because my wife cancelled the kid's visit last minute. Something stupid, like meeting up with one of her flavor-of-the-week flings. So there I was, alone on a Saturday I hadn't planned to be alone, wandering the barn with nothing but time and a bad mood.

They went back forty years. Maybe more. But what struck me was what they contained: not farming advice. Dates. Sketches of the lines. Annotations like ""North sector held"" or ""East junction weak"" with arrows pointing to specific locations. Records of animals found. The date the heifer died, nearly identical to the date Dad had written about a yearling calf.

Except Dad had written: ""Boundary breach—north line. Closed with additional treatment.""

I didn't understand what ""treatment"" meant.

I went to find Michael. He was standing at the fence line, looking toward the data centre. The lights there burned all night now. Bright white arc lights that turned the whole area the color of bone.

""Did Dad ever tell you what the salt was actually for?""

He didn't turn around.

""No.""

""The journals mention it. Maintenance. Breaches.""

""I know.""

He was quiet for a while. The data centre hummed beyond the tree line.

""I think it keeps something in,"" he said.

I waited for him to laugh. To say he was messing with me. He didn't.

""The sinkhole,"" he said. Then he stopped. Turned back toward the horizon. ""They've been digging since July. Deep. The vibration gets worse every day. And the lines—"" He stopped again. Swallowed. ""I can feel when they cross one. There's this instant when the sound changes. Something feels wrong. Then it passes. It's happening more.""

""Michael.""

""I know how it sounds.""

He said it quietly. Then: ""I'm going to try something.""

He rebuilt a section of the line that next week. The northeast corner, the one that seemed weakest. I watched from a distance, not helping, not stopping him. He did exactly what I'd done as a child: burned the rye, mixed the ash with the salt, worked it into the earth in a pattern that made no sense until you climbed high enough to see.

When he finished, he looked smaller somehow.

""Did it work?"" I asked.

""I don't know yet.""

The vibration from the data centre did seem to settle that night. Or maybe I was just looking for the change. By morning, I couldn't tell if anything had actually changed at all.

Things kept quiet for a while after that. Three weeks, maybe. Long enough that I started to let myself believe the whole thing had been nothing, just my imagination running wild in the dark of that barn. Then I saw something.

It was in the north pasture, standing motionless in the space between fence posts. Tall and maybe seven or eight feet, and the skin of the color of wet bark. For a moment, I thought it was a person in strange clothes.

Then it turned and walked into the tree line, unhurried, like it had all the time in the world.

I told myself it was Scott Mahoney, trying to scare us up. He'd done it before, after all. Spray painted my truck, him and his gang of anti-data centre hooligans. Grown men in their fifties, acting like teenagers with a cause. But Scott is Five-foot-eight on a good day, with boots on.

During this time, Michael grew more paranoid, and by extension, so did his family. He hadn't fucked up his marriage yet like I did, but guess it needed some time.

Some weeks passed, and my nephew Eli came running inside pale and shaking, barely able to get the words out. ""There's someone out there.""

Michael and I went out that night with a flashlight, sweeping the tree line until our arms ached. His wife phased at the whole thing, asked me the next morning if our witch hunt had produced anything. ""Nothing,"" I said. ""Just the wind.""

It was some weeks later I heard the screaming and shouting carry across the fields. Eli and his sister started spending more time at my side after that. I didn't bother to learn what was happening. Farming takes its toll, especially when you aren't making money. Micheal's wife, Rachel took the boys to Springfield the next morning. She wouldn't tell me why, and I didn't ask.

\---

Michael came over that night. We sat on the veranda with two beers, watching the lights from the data centre.

""I found something in the journals,"" he said. ""A date. December 1962. Dad wrote it twice. Different pages. Same date. He wrote: 'Lines intact' on one page and 'Lines compromised' on the other.""

""You're reading two different years.""

""Same handwriting. Same pen. Same day.""

I didn't know what to say.

""There's a gap after that. Three years. Next entry is 1965. He talks about reinforcement. Increased frequency. Ash and salt, not just in spring anymore."" Michael finished his beer. ""He writes: 'Cannot afford to let this fail again.'""

He set the bottle down. Looked at me.

""And you think the data centre—""

""I think the thing is affectiing the salt thing, everything has gone haywire since we let that thing get built on our land.""

He didn't say anything else. We sat there watching the lights until the beers were warm.

I woke to the sound of something breaking. They were four of them, those figures we always saw. Just surrounding us on the veranda.

Skin like wet bark. That smell, chemical and strange, underneath.

One turned to look at me. It had eyes. I recognized something in them immediately. I'd seen them before.

'Dad?'

It screamed, as I fell off my chair and woke Michael. He immediately wrestled the central figure as the rest stood, as I was already running into the house for my shotgun.

When I got back, Michael was on the ground. What was left of him looked like it had been split open with an axe. One of them, at least, wore Dad's face.

The funeral was three days later, and Ma came. She walked in rather than used her cane, beside her nursing aide, the one I was able to get with the cash from selling to the data centre. As they lowered the coffin, she grabbed my arm and said, ""The data centre. You let them break the lines.""

It was the first time she had spoken coherently in five years ago.

""I didn't have a choice,"" I said.

She looked at me with eyes I recognized from somewhere I couldn't place. ""Everyone has a choice. That's the worst part.""

She turned to leave, and I looked at her. ""Thirty years he spent putting it back.""

""What?"" I said. ""Ma—""

I tried to pull her back, but her nurse intervened. She was already walking toward the car.

\---

I went to the barn that night.

The sack of salt was behind the rye storage, in the corner my father had shown me when I was twelve. Michael had been pulling from it all spring, rebuilding the northeast section, but there'd always been enough. Dad used to say there was enough for years. More than enough.

But the bag was open, and the salt was gone. Not scattered but removed, carefully, methodically. I stood there for a long time, before heading back and collecting some of the salt and ash already sown into the soil to protect myself.

But I'm still here.

I've got the shotgun by the door and what's left of the ash in a jar on the cabinet by my bed. Tomorrow I'll start rebuilding the northeast corner, the way Michael did. The way Dad did before him.

[Masterlist](https://www.reddit.com/u/lex_kenosi/s/Y4zvpP4wRK)",1,1790106427.0,creepypasta,0,1.0,False
1wnjtrl,https://www.reddit.com/r/Dreading/comments/1wnjtrl/we_sold_a_data_centre_and_we_shouldnt_have/,We Sold a Data Centre and We Shouldn't Have.,"The check cleared on a Tuesday.

I was in line at the feed store when my phone buzzed. I looked down at the number in my account and had to put my hand on the counter. The kid behind the register asked if I was okay. I said yes. I said it three times.

That night I bought my daughter new shoes. Nothing fancy. Just something that fit. She'd worn the same pair two years without complaint. When she saw them, she looked at me like I'd handed her the moon.

My son asked if we could afford ice cream. I said yes to everything that week.

\---

Six months before the check cleared, Sarah took the kids to her sister's in town. I didn't blame her. We'd spent years one bad season from losing the farm. I couldn't blame her for getting tired of waiting.

The corporation came three months later. Scott Mahoney led the neighbors in protest when the news broke: a data centre. They wanted the back forty, the rocky parcel across the creek where nothing grew. My father had left it alone. His father before him. Scott called it a desecration. Don't sell, he said. As if selling were the real threat and not the thing that would come whether we did or not.

Diane from the corporation sat at our kitchen table in a grey suit and laid down a number that made my chest tight. More than we'd made in three years combined.



Michael, my brother who worked the farm with me, sat beside me, his hands wrapped around a coffee cup.

""You remember what Dad said about that land,"" he said after Diane stepped outside.

""I know Dad said a lot of things.""

""He said never sell it.""

I looked out at the fields, worn and patient. At what we'd become.

""Look at this house, Michael. We're one bad season from losing everything.""

He rubbed his face. His hands were shaking.

""Okay,"" he said. ""Let's sell it.""

\---

My father taught me the salt work when I was twelve.

We started before dawn. Stalks of rye from the last harvest burned in the north field, a thin smoke rising. My job was the ash. Dad had mixed it the night before with grey coarse salt, the kind Ma got from a man in Rolla who asked no questions about where you'd be using it.

Dad didn't explain anything. He just watched. If I hurried, he tapped the shovel handle against my boot. If I held the plow wrong, he corrected me without speaking. We worked until the sun was high enough to cast shadows.

The patterns didn't make sense from ground level. You had to climb the ridge to see them whole, and by the time you did, you understood why Dad never talked about it.

I quit doing it in my twenties. Called it superstition. Called it the reason we were poor.

Michael kept doing it. Every spring, before planting. Even after Dad died.

\---

The data centre construction started in June.

They brought in heavy equipment, foundation crews, the constant sound of excavation. The humming started in early August. Low frequency, rhythmic. At first, you only heard it at night when the wind came a certain way. After the transformers came online, it never stopped.

The sound traveled through the land differently than I expected. There was a sinkhole near the north edge, maybe thirty feet across. The sound wasn't coming from that direction, but somehow between places. At night, the fence line seemed to vibrate. I told myself it was normal, and that machinery did that, or the ground settling.

Soon after the data center was set up, we started noticing things off. A heifer died on a Tuesday, north field, and she was just empty. The vet shrugged and said sometimes they go.

I almost believed him until the second one failed to come in that evening. I found her by the sinkhole, sitting in the grass where something would have had to place it by hand.

Michael called that night. ""You need to come out here.""

He led me to the edge of his side, where the footprints sat pressed firmly into the dry clay. They were massive things, each one stamped deep as though whatever made them had been in no hurry to leave.

""This isn't right.""

I didn't say anything.

""You're going to tell me it's some anti-data centre idiots?""

""I don't know what it is.""

He looked at me for a long moment. Then he turned and walked back to his house.

I started paying attention to things I'd ignored for years.

The journals were in the barn, tucked away in a box Dad had labeled in pencil: ""Maintenance Notes."" I only found them because my wife cancelled the kid's visit last minute. Something stupid, like meeting up with one of her flavor-of-the-week flings. So there I was, alone on a Saturday I hadn't planned to be alone, wandering the barn with nothing but time and a bad mood.

They went back forty years. Maybe more. But what struck me was what they contained: not farming advice. Dates. Sketches of the lines. Annotations like ""North sector held"" or ""East junction weak"" with arrows pointing to specific locations. Records of animals found. The date the heifer died, nearly identical to the date Dad had written about a yearling calf.

Except Dad had written: ""Boundary breach—north line. Closed with additional treatment.""

I didn't understand what ""treatment"" meant.

I went to find Michael. He was standing at the fence line, looking toward the data centre. The lights there burned all night now. Bright white arc lights that turned the whole area the color of bone.

""Did Dad ever tell you what the salt was actually for?""

He didn't turn around.

""No.""

""The journals mention it. Maintenance. Breaches.""

""I know.""

He was quiet for a while. The data centre hummed beyond the tree line.

""I think it keeps something in,"" he said.

I waited for him to laugh. To say he was messing with me. He didn't.

""The sinkhole,"" he said. Then he stopped. Turned back toward the horizon. ""They've been digging since July. Deep. The vibration gets worse every day. And the lines—"" He stopped again. Swallowed. ""I can feel when they cross one. There's this instant when the sound changes. Something feels wrong. Then it passes. It's happening more.""

""Michael.""

""I know how it sounds.""

He said it quietly. Then: ""I'm going to try something.""

He rebuilt a section of the line that next week. The northeast corner, the one that seemed weakest. I watched from a distance, not helping, not stopping him. He did exactly what I'd done as a child: burned the rye, mixed the ash with the salt, worked it into the earth in a pattern that made no sense until you climbed high enough to see.

When he finished, he looked smaller somehow.

""Did it work?"" I asked.

""I don't know yet.""

The vibration from the data centre did seem to settle that night. Or maybe I was just looking for the change. By morning, I couldn't tell if anything had actually changed at all.

Things kept quiet for a while after that. Three weeks, maybe. Long enough that I started to let myself believe the whole thing had been nothing, just my imagination running wild in the dark of that barn. Then I saw something.

It was in the north pasture, standing motionless in the space between fence posts. Tall and maybe seven or eight feet, and the skin of the color of wet bark. For a moment, I thought it was a person in strange clothes.

Then it turned and walked into the tree line, unhurried, like it had all the time in the world.

I told myself it was Scott Mahoney, trying to scare us up. He'd done it before, after all. Spray painted my truck, him and his gang of anti-data centre hooligans. Grown men in their fifties, acting like teenagers with a cause. But Scott is Five-foot-eight on a good day, with boots on.

During this time, Michael grew more paranoid, and by extension, so did his family. He hadn't fucked up his marriage yet like I did, but guess it needed some time.

Some weeks passed, and my nephew Eli came running inside pale and shaking, barely able to get the words out. ""There's someone out there.""

Michael and I went out that night with a flashlight, sweeping the tree line until our arms ached. His wife phased at the whole thing, asked me the next morning if our witch hunt had produced anything. ""Nothing,"" I said. ""Just the wind.""

It was some weeks later I heard the screaming and shouting carry across the fields. Eli and his sister started spending more time at my side after that. I didn't bother to learn what was happening. Farming takes its toll, especially when you aren't making money. Micheal's wife, Rachel took the boys to Springfield the next morning. She wouldn't tell me why, and I didn't ask.

\---

Michael came over that night. We sat on the veranda with two beers, watching the lights from the data centre.

""I found something in the journals,"" he said. ""A date. December 1962. Dad wrote it twice. Different pages. Same date. He wrote: 'Lines intact' on one page and 'Lines compromised' on the other.""

""You're reading two different years.""

""Same handwriting. Same pen. Same day.""

I didn't know what to say.

""There's a gap after that. Three years. Next entry is 1965. He talks about reinforcement. Increased frequency. Ash and salt, not just in spring anymore."" Michael finished his beer. ""He writes: 'Cannot afford to let this fail again.'""

He set the bottle down. Looked at me.

""And you think the data centre—""

""I think the thing is affectiing the salt thing, everything has gone haywire since we let that thing get built on our land.""

He didn't say anything else. We sat there watching the lights until the beers were warm.

I woke to the sound of something breaking. They were four of them, those figures we always saw. Just surrounding us on the veranda.

Skin like wet bark. That smell, chemical and strange, underneath.

One turned to look at me. It had eyes. I recognized something in them immediately. I'd seen them before.

'Dad?'

It screamed, as I fell off my chair and woke Michael. He immediately wrestled the central figure as the rest stood, as I was already running into the house for my shotgun.

When I got back, Michael was on the ground. What was left of him looked like it had been split open with an axe. One of them, at least, wore Dad's face.

The funeral was three days later, and Ma came. She walked in rather than used her cane, beside her nursing aide, the one I was able to get with the cash from selling to the data centre. As they lowered the coffin, she grabbed my arm and said, ""The data centre. You let them break the lines.""

It was the first time she had spoken coherently in five years ago.

""I didn't have a choice,"" I said.

She looked at me with eyes I recognized from somewhere I couldn't place. ""Everyone has a choice. That's the worst part.""

She turned to leave, and I looked at her. ""Thirty years he spent putting it back.""

""What?"" I said. ""Ma—""

I tried to pull her back, but her nurse intervened. She was already walking toward the car.

\---

I went to the barn that night.

The sack of salt was behind the rye storage, in the corner my father had shown me when I was twelve. Michael had been pulling from it all spring, rebuilding the northeast section, but there'd always been enough. Dad used to say there was enough for years. More than enough.

But the bag was open, and the salt was gone. Not scattered but removed, carefully, methodically. I stood there for a long time, before heading back and collecting some of the salt and ash already sown into the soil to protect myself.

But I'm still here.

I've got the shotgun by the door and what's left of the ash in a jar on the cabinet by my bed. Tomorrow I'll start rebuilding the northeast corner, the way Michael did. The way Dad did before him.

[Masterlist](https://www.reddit.com/u/lex_kenosi/s/Y4zvpP4wRK)",3,1790106370.0,Dreading,0,1.0,False
1wnjto9,https://www.reddit.com/r/horrorstories/comments/1wnjto9/we_sold_a_data_centre_and_we_shouldnt_have/,We Sold a Data Centre and We Shouldn't Have.,"The check cleared on a Tuesday.

I was in line at the feed store when my phone buzzed. I looked down at the number in my account and had to put my hand on the counter. The kid behind the register asked if I was okay. I said yes. I said it three times.

That night I bought my daughter new shoes. Nothing fancy. Just something that fit. She'd worn the same pair two years without complaint. When she saw them, she looked at me like I'd handed her the moon.

My son asked if we could afford ice cream. I said yes to everything that week.

\---

Six months before the check cleared, Sarah took the kids to her sister's in town. I didn't blame her. We'd spent years one bad season from losing the farm. I couldn't blame her for getting tired of waiting.

The corporation came three months later. Scott Mahoney led the neighbors in protest when the news broke: a data centre. They wanted the back forty, the rocky parcel across the creek where nothing grew. My father had left it alone. His father before him. Scott called it a desecration. Don't sell, he said. As if selling were the real threat and not the thing that would come whether we did or not.

Diane from the corporation sat at our kitchen table in a grey suit and laid down a number that made my chest tight. More than we'd made in three years combined.



Michael, my brother who worked the farm with me, sat beside me, his hands wrapped around a coffee cup.

""You remember what Dad said about that land,"" he said after Diane stepped outside.

""I know Dad said a lot of things.""

""He said never sell it.""

I looked out at the fields, worn and patient. At what we'd become.

""Look at this house, Michael. We're one bad season from losing everything.""

He rubbed his face. His hands were shaking.

""Okay,"" he said. ""Let's sell it.""

\---

My father taught me the salt work when I was twelve.



We started before dawn. Stalks of rye from the last harvest burned in the north field, a thin smoke rising. My job was the ash. Dad had mixed it the night before with grey coarse salt, the kind Ma got from a man in Rolla who asked no questions about where you'd be using it.

Dad didn't explain anything. He just watched. If I hurried, he tapped the shovel handle against my boot. If I held the plow wrong, he corrected me without speaking. We worked until the sun was high enough to cast shadows.

The patterns didn't make sense from ground level. You had to climb the ridge to see them whole, and by the time you did, you understood why Dad never talked about it.

I quit doing it in my twenties. Called it superstition. Called it the reason we were poor.

Michael kept doing it. Every spring, before planting. Even after Dad died.

\---

The data centre construction started in June.

They brought in heavy equipment, foundation crews, the constant sound of excavation. The humming started in early August. Low frequency, rhythmic. At first, you only heard it at night when the wind came a certain way. After the transformers came online, it never stopped.

The sound traveled through the land differently than I expected. There was a sinkhole near the north edge, maybe thirty feet across. The sound wasn't coming from that direction, but somehow between places. At night, the fence line seemed to vibrate. I told myself it was normal, and that machinery did that, or the ground settling.

Soon after the data center was set up, we started noticing things off. A heifer died on a Tuesday, north field, and she was just empty. The vet shrugged and said sometimes they go.

I almost believed him until the second one failed to come in that evening. I found her by the sinkhole, sitting in the grass where something would have had to place it by hand.

Michael called that night. ""You need to come out here.""

He led me to the edge of his side, where the footprints sat pressed firmly into the dry clay. They were massive things, each one stamped deep as though whatever made them had been in no hurry to leave.

""This isn't right.""

I didn't say anything.

""You're going to tell me it's some anti-data centre idiots?""

""I don't know what it is.""

He looked at me for a long moment. Then he turned and walked back to his house.

I started paying attention to things I'd ignored for years.

The journals were in the barn, tucked away in a box Dad had labeled in pencil: ""Maintenance Notes."" I only found them because my wife cancelled the kid's visit last minute. Something stupid, like meeting up with one of her flavor-of-the-week flings. So there I was, alone on a Saturday I hadn't planned to be alone, wandering the barn with nothing but time and a bad mood.

They went back forty years. Maybe more. But what struck me was what they contained: not farming advice. Dates. Sketches of the lines. Annotations like ""North sector held"" or ""East junction weak"" with arrows pointing to specific locations. Records of animals found. The date the heifer died, nearly identical to the date Dad had written about a yearling calf.

Except Dad had written: ""Boundary breach—north line. Closed with additional treatment.""

I didn't understand what ""treatment"" meant.

I went to find Michael. He was standing at the fence line, looking toward the data centre. The lights there burned all night now. Bright white arc lights that turned the whole area the color of bone.

""Did Dad ever tell you what the salt was actually for?""

He didn't turn around.

""No.""

""The journals mention it. Maintenance. Breaches.""

""I know.""

He was quiet for a while. The data centre hummed beyond the tree line.

""I think it keeps something in,"" he said.

I waited for him to laugh. To say he was messing with me. He didn't.

""The sinkhole,"" he said. Then he stopped. Turned back toward the horizon. ""They've been digging since July. Deep. The vibration gets worse every day. And the lines—"" He stopped again. Swallowed. ""I can feel when they cross one. There's this instant when the sound changes. Something feels wrong. Then it passes. It's happening more.""

""Michael.""

""I know how it sounds.""

He said it quietly. Then: ""I'm going to try something.""

He rebuilt a section of the line that next week. The northeast corner, the one that seemed weakest. I watched from a distance, not helping, not stopping him. He did exactly what I'd done as a child: burned the rye, mixed the ash with the salt, worked it into the earth in a pattern that made no sense until you climbed high enough to see.

When he finished, he looked smaller somehow.

""Did it work?"" I asked.

""I don't know yet.""

The vibration from the data centre did seem to settle that night. Or maybe I was just looking for the change. By morning, I couldn't tell if anything had actually changed at all.

Things kept quiet for a while after that. Three weeks, maybe. Long enough that I started to let myself believe the whole thing had been nothing, just my imagination running wild in the dark of that barn. Then I saw something.

It was in the north pasture, standing motionless in the space between fence posts. Tall and maybe seven or eight feet, and the skin of the color of wet bark. For a moment, I thought it was a person in strange clothes.

Then it turned and walked into the tree line, unhurried, like it had all the time in the world.

I told myself it was Scott Mahoney, trying to scare us up. He'd done it before, after all. Spray painted my truck, him and his gang of anti-data centre hooligans. Grown men in their fifties, acting like teenagers with a cause. But Scott is Five-foot-eight on a good day, with boots on.

During this time, Michael grew more paranoid, and by extension, so did his family. He hadn't fucked up his marriage yet like I did, but guess it needed some time.

Some weeks passed, and my nephew Eli came running inside pale and shaking, barely able to get the words out. ""There's someone out there.""

Michael and I went out that night with a flashlight, sweeping the tree line until our arms ached. His wife phased at the whole thing, asked me the next morning if our witch hunt had produced anything. ""Nothing,"" I said. ""Just the wind.""

It was some weeks later I heard the screaming and shouting carry across the fields. Eli and his sister started spending more time at my side after that. I didn't bother to learn what was happening. Farming takes its toll, especially when you aren't making money. Micheal's wife, Rachel took the boys to Springfield the next morning. She wouldn't tell me why, and I didn't ask.

\---

Michael came over that night. We sat on the veranda with two beers, watching the lights from the data centre.

""I found something in the journals,"" he said. ""A date. December 1962. Dad wrote it twice. Different pages. Same date. He wrote: 'Lines intact' on one page and 'Lines compromised' on the other.""

""You're reading two different years.""

""Same handwriting. Same pen. Same day.""

I didn't know what to say.

""There's a gap after that. Three years. Next entry is 1965. He talks about reinforcement. Increased frequency. Ash and salt, not just in spring anymore."" Michael finished his beer. ""He writes: 'Cannot afford to let this fail again.'""

He set the bottle down. Looked at me.

""And you think the data centre—""

""I think the thing is affectiing the salt thing, everything has gone haywire since we let that thing get built on our land.""

He didn't say anything else. We sat there watching the lights until the beers were warm.

I woke to the sound of something breaking. They were four of them, those figures we always saw. Just surrounding us on the veranda.

Skin like wet bark. That smell, chemical and strange, underneath.

One turned to look at me. It had eyes. I recognized something in them immediately. I'd seen them before.

'Dad?'

It screamed, as I fell off my chair and woke Michael. He immediately wrestled the central figure as the rest stood, as I was already running into the house for my shotgun.

When I got back, Michael was on the ground. What was left of him looked like it had been split open with an axe. One of them, at least, wore Dad's face.

The funeral was three days later, and Ma came. She walked in rather than used her cane, beside her nursing aide, the one I was able to get with the cash from selling to the data centre. As they lowered the coffin, she grabbed my arm and said, ""The data centre. You let them break the lines.""

It was the first time she had spoken coherently in five years ago.

""I didn't have a choice,"" I said.

She looked at me with eyes I recognized from somewhere I couldn't place. ""Everyone has a choice. That's the worst part.""

She turned to leave, and I looked at her. ""Thirty years he spent putting it back.""

""What?"" I said. ""Ma—""

I tried to pull her back, but her nurse intervened. She was already walking toward the car.

\---

I went to the barn that night.

The sack of salt was behind the rye storage, in the corner my father had shown me when I was twelve. Michael had been pulling from it all spring, rebuilding the northeast section, but there'd always been enough. Dad used to say there was enough for years. More than enough.

But the bag was open, and the salt was gone. Not scattered but removed, carefully, methodically. I stood there for a long time, before heading back and collecting some of the salt and ash already sown into the soil to protect myself.

But I'm still here.

I've got the shotgun by the door and what's left of the ash in a jar on the cabinet by my bed. Tomorrow I'll start rebuilding the northeast corner, the way Michael did. The way Dad did before him.

[Masterlist](https://www.reddit.com/u/lex_kenosi/s/8aokOhXNI6)",1,1790106365.0,horrorstories,1,1.0,False
1wnjtni,https://www.reddit.com/r/nosleep/comments/1wnjtni/we_sold_a_data_centre_and_we_shouldnt_have/,We Sold a Data Centre and We Shouldn't Have.,"The check cleared on a Tuesday.

I was in line at the feed store when my phone buzzed. I looked down at the number in my account and had to put my hand on the counter. The kid behind the register asked if I was okay. I said yes. I said it three times.

That night I bought my daughter new shoes. Nothing fancy. Just something that fit. She'd worn the same pair two years without complaint. When she saw them, she looked at me like I'd handed her the moon.

My son asked if we could afford ice cream. I said yes to everything that week.

\---

Six months before the check cleared, Sarah took the kids to her sister's in town. I didn't blame her. We'd spent years one bad season from losing the farm. I couldn't blame her for getting tired of waiting.

The corporation came three months later. Scott Mahoney led the neighbors in protest when the news broke: a data centre. They wanted the back forty, the rocky parcel across the creek where nothing grew. My father had left it alone. His father before him. Scott called it a desecration. Don't sell, he said. As if selling were the real threat and not the thing that would come whether we did or not.

Diane from the corporation sat at our kitchen table in a grey suit and laid down a number that made my chest tight. More than we'd made in three years combined.



Michael, my brother who worked the farm with me, sat beside me, his hands wrapped around a coffee cup.

""You remember what Dad said about that land,"" he said after Diane stepped outside.

""I know Dad said a lot of things.""

""He said never sell it.""

I looked out at the fields, worn and patient. At what we'd become.

""Look at this house, Michael. We're one bad season from losing everything.""

He rubbed his face. His hands were shaking.

""Okay,"" he said. ""Let's sell it.""

\---

My father taught me the salt work when I was twelve.



We started before dawn. Stalks of rye from the last harvest burned in the north field, a thin smoke rising. My job was the ash. Dad had mixed it the night before with grey coarse salt, the kind Ma got from a man in Rolla who asked no questions about where you'd be using it.

Dad didn't explain anything. He just watched. If I hurried, he tapped the shovel handle against my boot. If I held the plow wrong, he corrected me without speaking. We worked until the sun was high enough to cast shadows.

The patterns didn't make sense from ground level. You had to climb the ridge to see them whole, and by the time you did, you understood why Dad never talked about it.

I quit doing it in my twenties. Called it superstition. Called it the reason we were poor.

Michael kept doing it. Every spring, before planting. Even after Dad died.

\---

The data centre construction started in June.

They brought in heavy equipment, foundation crews, the constant sound of excavation. The humming started in early August. Low frequency, rhythmic. At first, you only heard it at night when the wind came a certain way. After the transformers came online, it never stopped.

The sound traveled through the land differently than I expected. There was a sinkhole near the north edge, maybe thirty feet across. The sound wasn't coming from that direction, but somehow between places. At night, the fence line seemed to vibrate. I told myself it was normal, and that machinery did that, or the ground settling.

Soon after the data center was set up, we started noticing things off. A heifer died on a Tuesday, north field, and she was just empty. The vet shrugged and said sometimes they go.

I almost believed him until the second one failed to come in that evening. I found her by the sinkhole, sitting in the grass where something would have had to place it by hand.

Michael called that night. ""You need to come out here.""

He led me to the edge of his side, where the footprints sat pressed firmly into the dry clay. They were massive things, each one stamped deep as though whatever made them had been in no hurry to leave.

""This isn't right.""

I didn't say anything.

""You're going to tell me it's some anti-data centre idiots?""

""I don't know what it is.""

He looked at me for a long moment. Then he turned and walked back to his house.

I started paying attention to things I'd ignored for years.

The journals were in the barn, tucked away in a box Dad had labeled in pencil: ""Maintenance Notes."" I only found them because my wife cancelled the kid's visit last minute. Something stupid, like meeting up with one of her flavor-of-the-week flings. So there I was, alone on a Saturday I hadn't planned to be alone, wandering the barn with nothing but time and a bad mood.

They went back forty years. Maybe more. But what struck me was what they contained: not farming advice. Dates. Sketches of the lines. Annotations like ""North sector held"" or ""East junction weak"" with arrows pointing to specific locations. Records of animals found. The date the heifer died, nearly identical to the date Dad had written about a yearling calf.

Except Dad had written: ""Boundary breach—north line. Closed with additional treatment.""

I didn't understand what ""treatment"" meant.

I went to find Michael. He was standing at the fence line, looking toward the data centre. The lights there burned all night now. Bright white arc lights that turned the whole area the color of bone.

""Did Dad ever tell you what the salt was actually for?""

He didn't turn around.

""No.""

""The journals mention it. Maintenance. Breaches.""

""I know.""

He was quiet for a while. The data centre hummed beyond the tree line.

""I think it keeps something in,"" he said.

I waited for him to laugh. To say he was messing with me. He didn't.

""The sinkhole,"" he said. Then he stopped. Turned back toward the horizon. ""They've been digging since July. Deep. The vibration gets worse every day. And the lines—"" He stopped again. Swallowed. ""I can feel when they cross one. There's this instant when the sound changes. Something feels wrong. Then it passes. It's happening more.""

""Michael.""

""I know how it sounds.""

He said it quietly. Then: ""I'm going to try something.""

He rebuilt a section of the line that next week. The northeast corner, the one that seemed weakest. I watched from a distance, not helping, not stopping him. He did exactly what I'd done as a child: burned the rye, mixed the ash with the salt, worked it into the earth in a pattern that made no sense until you climbed high enough to see.

When he finished, he looked smaller somehow.

""Did it work?"" I asked.

""I don't know yet.""

The vibration from the data centre did seem to settle that night. Or maybe I was just looking for the change. By morning, I couldn't tell if anything had actually changed at all.

Things kept quiet for a while after that. Three weeks, maybe. Long enough that I started to let myself believe the whole thing had been nothing, just my imagination running wild in the dark of that barn. Then I saw something.

It was in the north pasture, standing motionless in the space between fence posts. Tall and maybe seven or eight feet, and the skin of the color of wet bark. For a moment, I thought it was a person in strange clothes.

Then it turned and walked into the tree line, unhurried, like it had all the time in the world.

I told myself it was Scott Mahoney, trying to scare us up. He'd done it before, after all. Spray painted my truck, him and his gang of anti-data centre hooligans. Grown men in their fifties, acting like teenagers with a cause. But Scott is Five-foot-eight on a good day, with boots on.

During this time, Michael grew more paranoid, and by extension, so did his family. He hadn't fucked up his marriage yet like I did, but guess it needed some time.

Some weeks passed, and my nephew Eli came running inside pale and shaking, barely able to get the words out. ""There's someone out there.""

Michael and I went out that night with a flashlight, sweeping the tree line until our arms ached. His wife phased at the whole thing, asked me the next morning if our witch hunt had produced anything. ""Nothing,"" I said. ""Just the wind.""

It was some weeks later I heard the screaming and shouting carry across the fields. Eli and his sister started spending more time at my side after that. I didn't bother to learn what was happening. Farming takes its toll, especially when you aren't making money. Micheal's wife, Rachel took the boys to Springfield the next morning. She wouldn't tell me why, and I didn't ask.

\---

Michael came over that night. We sat on the veranda with two beers, watching the lights from the data centre.

""I found something in the journals,"" he said. ""A date. December 1962. Dad wrote it twice. Different pages. Same date. He wrote: 'Lines intact' on one page and 'Lines compromised' on the other.""

""You're reading two different years.""

""Same handwriting. Same pen. Same day.""

I didn't know what to say.

""There's a gap after that. Three years. Next entry is 1965. He talks about reinforcement. Increased frequency. Ash and salt, not just in spring anymore."" Michael finished his beer. ""He writes: 'Cannot afford to let this fail again.'""

He set the bottle down. Looked at me.

""And you think the data centre—""

""I think the thing is affectiing the salt thing, everything has gone haywire since we let that thing get built on our land.""

He didn't say anything else. We sat there watching the lights until the beers were warm.

I woke to the sound of something breaking. They were four of them, those figures we always saw. Just surrounding us on the veranda.

Skin like wet bark. That smell, chemical and strange, underneath.

One turned to look at me. It had eyes. I recognized something in them immediately. I'd seen them before.

'Dad?'

It screamed, as I fell off my chair and woke Michael. He immediately wrestled the central figure as the rest stood, as I was already running into the house for my shotgun.

When I got back, Michael was on the ground. What was left of him looked like it had been split open with an axe. One of them, at least, wore Dad's face.

The funeral was three days later, and Ma came. She walked in rather than used her cane, beside her nursing aide, the one I was able to get with the cash from selling to the data centre. As they lowered the coffin, she grabbed my arm and said, ""The data centre. You let them break the lines.""

It was the first time she had spoken coherently in five years ago.

""I didn't have a choice,"" I said.

She looked at me with eyes I recognized from somewhere I couldn't place. ""Everyone has a choice. That's the worst part.""

She turned to leave, and I looked at her. ""Thirty years he spent putting it back.""

""What?"" I said. ""Ma—""

I tried to pull her back, but her nurse intervened. She was already walking toward the car.

\---

I went to the barn that night.

The sack of salt was behind the rye storage, in the corner my father had shown me when I was twelve. Michael had been pulling from it all spring, rebuilding the northeast section, but there'd always been enough. Dad used to say there was enough for years. More than enough.

But the bag was open, and the salt was gone. Not scattered but removed, carefully, methodically. I stood there for a long time, before heading back and collecting some of the salt and ash already sown into the soil to protect myself.

But I'm still here.

I've got the shotgun by the door and what's left of the ash in a jar on the cabinet by my bed. Tomorrow I'll start rebuilding the northeast corner, the way Michael did. The way Dad did before him.

[Masterlist](https://www.reddit.com/u/lex_kenosi/s/8aokOhXNI6)",3,1790106364.0,nosleep,3,1.0,False
1wnjtj6,https://www.reddit.com/r/PixelArtTutorials/comments/1wnjtj6/lack_of_motivation_causing_lower_quality_art/,Lack of motivation causing lower quality art,"So today I sat down to make some pixel art cuz I like to try to do little once a day so I can get better but I was having task paralysis cuz I have ADHD so I decided to get myself a coffee cuz caffeine helps me focus, and it worked but I still wasn't motivated and everything I was making sucked and I hated it

I was trying to make a little Dino enemy just because I like making them I haven't worked on one in a while, but I just couldn't do it, and I felt so fucking stupid cuz I've made a bunch of them before and I got into a pretty good grove in understanding how to make them and the art style I like to make them in and I've gotten better at pixel art so it should have been easy

  
So does anyone have any advice how to get out of this rut and is it normal to just randomly have a super hard time making things",2,1790106355.0,PixelArtTutorials,2,1.0,False
1wnjswp,https://www.reddit.com/r/foodtrucks/comments/1wnjswp/towing_a_trailer/,Towing a trailer,"I’m planning on opening a coffee horse box and was just about to get going with everything until I realised my car isn’t able to tow a trailer… does anyone have a way around this that I haven’t been able to think of?

I imagine renting a vehicle to tow a trailer wouldn’t be very profitable but I’m open to any suggestions. A drivable trailer/truck isn’t out of the option it just wasn’t my first idea, and I’m not sure where to start looking in terms of suitable vehicles. If anyone has any recommendations for vans that are able to be converted please let me know. 

For context I drive a Kia picanto and am based in the uk. Immediate family and friends don’t have a suitable car I could borrow either. 

Thanks :)",1,1790106321.0,foodtrucks,4,1.0,False
1wnjssp,https://www.reddit.com/r/Market76/comments/1wnjssp/h_leaders_w_bulk_coffee/,H: leaders W: bulk coffee,,1,1790106314.0,Market76,1,1.0,False
1wnjrx3,https://www.reddit.com/r/Anemic/comments/1wnjrx3/restlessness_after_drinking_coffee/,restlessness after drinking coffee,does anybody get severe anxiety and heart palpitations + restlessness after drinking coffee or tea that has high caffeine content? My doc said my heart and lungs are healthy so im 100% its because of my anemia. I love coffee sm but i think i might have to stop for a while since i cant stand the after effects. I wonder if anybody has these symptoms and they dissapear after fixing their hg and ferritin level?,1,1790106261.0,Anemic,0,1.0,False
1wnjrqh,https://www.reddit.com/r/financestudents/comments/1wnjrqh/ib_networking_tips_exbanker/,IB Networking Tips - Ex-Banker,"Hey guys,

Know banking recruiting started super early this year, so a lot of people are scrambling to get their networking and referrals in. Wanted to drop some of the usual advice on cold outreach / coffee chats that I think actually matters.   
  
P.S. we also made Phixy to help you with cold emailing for banking. We're running a free beta now for students recruiting for banking. 

* Don’t waste space on fluff. You don’t need “Hope you’re doing well” or a long intro. Keep the email short.
* Personalize it if you can. Try to go beyond just dropping their firm, group, or school name into a template. I know it’s hard to personalize at scale, but even a little real research can help differentiate you from the dozen other emails bankers get every day.
* If you know their group, ask something specific about it. “Would love to learn more about your experience” is fine, but it’s much stronger if there’s a clear reason you wanted to speak to that specific banker.
* Follow-ups matter more than you think. People are busy and emails get buried. No response doesn’t necessarily mean no.
* I know there are mixed opinions on this, but I’d attach your resume to the first email. It makes it much easier for the banker to quickly understand who you are and decide whether they want to respond.
* On that note, include an interests section on your resume if you have the space. And make the interests specific. I’ve definitely taken coffee chats because I thought something a student did or was interested in was cool.
* Usually start with analysts and junior associates. I’d save VPs and MDs for situations where you have a particularly strong connection, shared background, or reason for reaching out.
* Track your outreach somehow. Once you start emailing a lot of people across different banks, it gets very easy to lose track of who you contacted, who responded, and who needs a follow-up.",3,1790106251.0,financestudents,3,1.0,False
1wnjrl9,https://i.redd.it/a3tba76xk4rh1.jpeg,1993 Pearl Jam Boundless reprint,"Brian has worn this shirt while performing 

Check it out on instagram @lunch.coffee.water ",3,1790106244.0,TheGaslightAnthem,0,1.0,False
1wnjrek,https://www.reddit.com/gallery/1wnjrek,🌷Fingertip Flow | Owl Shop Exclusive Furniture Showcase,"\[[Official Post](https://www.instagram.com/p/Ddmb6txj00C/?stkn=aXZhbWgxaGViNm56)\]

Afternoon sunlight slants across a parasol on the street corner, where a rich cup of coffee and a long-awaited book rest on an outdoor table.  
At last, time slows to a gentler pace. In this rare moment of leisure, you can finally enjoy some well-deserved time for yourself\~

🗓Event Time: Every Saturday and Sunday from October 3 — November 1  
🛒Event Rules:  
1️⃣During the event, Designers at Character Lv. 65 or above can visit Owl Shop to browse the exclusiver Fintertip Flow furniture!  
2️⃣After 40 total purchases, you can also unlock the brand-new special layout ""Book World""! Don't miss it\~

Mochi's Tip: The ""Hidden Jungle"" furniture series will be temporarily removed from Owl Shop on September 27 at 23:59 (UTC-7). Designers who still want them, hurry!",41,1790106233.0,MyLeisureTime,18,1.0,False
1wnjrc0,https://www.reddit.com/r/NoStupidQuestions/comments/1wnjrc0/sugary_iced_coffee_vs_energy_drinks_sugar_free/,Sugary iced coffee vs energy drinks (sugar free),"I’ve been needing some afternoon caffeine and had been defaulting to coffee because it’s what I was comfortable with. I realized recently how many extra calories I am now consuming each day because I use creamer/flavor and milk in my coffee (example would be a small iced half sweet latte from Dutch bros). I then decided to try some energy drinks because the sugar free ones have only \~10 calories (I have tried Alani and Bloom). 

My question is - which is generally better for my health? A couple hundred extra calories from coffee? Or the chemicals that come with drinking energy drinks?",2,1790106227.0,NoStupidQuestions,44,1.0,False
1wnjqwj,https://www.reddit.com/r/PrincessCruises/comments/1wnjqwj/dont_drink_alcohol_enjoy_specialty_coffees_what/,"Don't drink alcohol, enjoy specialty coffees. What package is best for me?","I'm looking at drink packages and could use some help. 

I don't drink alcohol but enjoy specialty coffees throughout the day. 

Which package would be best for me? 

Thank you kindly.",3,1790106203.0,PrincessCruises,3,1.0,False
1wnjplw,https://www.reddit.com/r/harfordcountymd/comments/1wnjplw/whats_a_good_place_for_a_semiprivate_meetup_with/,What's a good place for a semi-private meetup with access to coffee/food?,"I wanted to do Buontempo but they are closed on the day I need.

It's a meetup where brainstorming will be happening. I'd like enough privacy that we don't feel like the whole venue is listening, but I don't know if an enclosed room somewhere is what I want. (but maybe if there's a free one?)

Ability to get coffee/snacks nearby would be a major plus.",1,1790106127.0,harfordcountymd,7,1.0,False
1wnjoca,https://www.reddit.com/r/Wicca/comments/1wnjoca/is_it_possible_to_be_hexed_with_bad_luck/,Is it possible to be hexed with bad luck?,"Everything bad is happening at once. I lost my job, my car broke down, my laptop went dead, my favorite coffee mug broke, and my dog had to go to the emergency vet. I recently had a heated argument with my mother who is a practicing Wiccan and I would like to correct what she’s done if she has done anything. ",0,1790106053.0,Wicca,4,0.5,False
1wnjo7s,https://i.redd.it/cmr21k7ck4rh1.jpeg,Boundless 1993 shirt reprint,"Check this out on instagram 

@lunch.coffee.water ",1,1790106045.0,pearljam,0,0.67,False
1wnjnuo,https://i.redd.it/t0y30np9k4rh1.png,Anyone know what's wrong with this guy?,"I was headed to a café to get a coffee and heard a ruckus in one of the alleys. When I went to investigate and this guy bit me,it hurt like shell but I've delivered him to an animal shelter. Hope I can get my snacks still in time!",2,1790106022.0,splatoonIRL,13,1.0,False
1wnjn5a,https://www.reddit.com/r/booksuggestions/comments/1wnjn5a/choosing_between_two_coffee_books/,Choosing between two Coffee Books,"Hi which book would be a better choice for someone who's beginning to make coffee at home with no machinery included?

The Coffee Book by Anette Moldaver

or

The Best Coffee at Home by James Hoffman

I intend to give it as a gift to a friend who loves coffee and just started to try making coffee at home. ",1,1790105978.0,booksuggestions,2,1.0,False
1wnjmum,https://www.reddit.com/r/AmIOverreacting/comments/1wnjmum/aio_for_wanting_to_cut_contact_with_my_mom_after/,AIO for wanting to cut contact with my mom after she blew up at me over my way of grieving my dog?,"I have been struggling with what to do and really could use some input from unbiased parties. 

Please note I wasn't able to attach screenshots as they are in a foreign language, but I have translated them to English exactly as they are. 

**Context:** My dog passed away last week. I am completely devastated, alone at home, and remote-working while grieving. I have been in a year-long process of trying to rebuild a relationship with my mom after being estranged. Yesterday, she started texting me, pushing me to go out and confront friends who haven't reached out to me. When I told her it was making me anxious and asked her to stop pushing me she started asking me about my money spending. When I said I didn't want to talk about it right now, she completely blew up, made it all about herself, and is now using a past loan as emotional leverage. 

Here is the exact transcript of our conversation, translated to English as we are from Europe. Note I shared my dog with my ex. Also important to know I live in a different country than my mom.

\* **Me:** I woke up so early again, so shitty.

\* **Mom:** Yes, for now this pain will remain. Go turn on the TV for a bit, grab a cup of coffee and take the cat with you.

\* **Me:** Already did that.

\* **Mom:** Well done. Go take a nice shower. Is \[Ex-Partner\] texting you too, or only you to him?

\* **Mom:** And his mother and friends, have they already wished you strength too?

\* **Me:** No, he is not texting me.

\* **Me:** My friends aren't either.

\* **Me:** So I am alone...

\* **Mom:** That is not nice.

\* **Me:** The only ones who do text are currently away, so they can't drop by.

\* **Mom:** This is a shame. And it can't be a one-way street, that everything has to come from you. Especially not now.

\* **Mom:** Or do you now think that you'd rather be here?

\* **Me:** No, not that either.

\* **Mom:** Try to go outside for a bit anyway.

\* **Mom:** All those frustrations you have now because of others who are leaving you out in the cold, you should confront them about it.

\* **Mom:** Throw it out. They should know that you are having a hard time too, and that you expected a little bit of sympathy from them.

\* **Mom:** Don't bottle this up. Say it.

\* **Me:** With \[Friend 1\] there is absolutely no point.

\* **Me:** I did just send a message to another friend to do something today, but she is (removed information for privacy) read not available. She did say I could drop by, but then I'll just be sitting there overthinking and I will only bring my worries to her while she already has enough on her mind right now.

\* **Me:** I also don't have the money to go out and do something fun right now.

\* **Me:** If I just go for a walk, I'll overthink too much.

\* **Me:** I'm going to turn on my game and a comedy series, hopefully that helps.

\* **Mom:** I also notice that you often say 'never mind', that you don't want to be a burden to people.

\* **Mom:** But you don't have to do this alone. Accept it when people offer you something. Break through that wall around you.

\* **Mom:** Let people in.

\* **Me:** If I go sit on the couch at her place, it's not going to help me. Then I might as well just sit on the couch at home.

\* **Me:** My idea was more to get out of the house and find a distraction.

\* **Mom:** But you would be in a different environment.

\* **Me:** I'm not going to spend any more energy on \[Friend 1\], there is absolutely no point in saying anything about this here.

\* **Me:** She'll just say anyway: ""Well, that's how you feel, I can't do anything about that.""

\* **Me:** I know her.

\* **Me:** \[Friend 2\] is on vacation and \[Friend 3\] is abroad.

\* **Me:** I really did ask friends for things.

\* **Me:** But everyone has their own things going on.

\* **Mom:** Some things you can't do alone. Especially not this. You are in a process of grieving with emotion and frustration. You can't do this alone.

\* **Me:** I am really trying mom.

\* **Mom:** Let people know if they reject you, that you find it hard to process this alone.

\* **Me:** And this is not helping me, by pushing for something that has always been a problem for me. It makes me anxious.

\* **Me:** Just asked another friend.

\* **Mom:** Trying to pull you through it.

\* **Mom:** And money? How much are you overdrawn, and didn't you put some money aside?

\* **Me:** I don't want to talk about this right now.

\* **Mom:** Damn it \[My Name\], I have been there for you so much. Stop constantly shutting me up and putting your head in the sand and being indifferent. You won't solve anything this way.

\* **Me:** I am only saying that I don't want to talk about this right now.

\* **Mom:** If you want to let it come to this in this manner, then you won't be happy here. Mom also slowly doesn't know anymore how to reach you in a normal way and how you will accept things from me. But I will leave you alone. And give you space.

\* **Me:** My mind is completely not up for this right now. I am only saying that I don't want to talk about it right now. I am calm now. I'll manage. I'm not asking anything of you right now, so I don't expect anything either.

\* **Mom:** You are allowed to scream and cry, everything. But I have boundaries too. And you saying you don't want to talk about money says enough to me. Why not discuss it. But yeah, it happened again. I haven't been feeling well for a long time either, and yet I am here for you. I understand that you miss my grand-dog very much and have a lot of grief. But you just have to move on, and yes, you are on your own. I am trying to soften it somewhat, but I have my boundaries too. I have to do everything alone too. There is no one who cares about me either. And I have grief too.

\* **Mom:** Honestly, I don't understand why our contact has to go to radio silence again. Especially when I am the one who always gets the short end of the stick. This is the thanks I get, I really don't deserve this. But yeah, since I have to pay the price again, we will just stick to the agreement of the â‚¬50 repayment. You can transfer it. 

*(Note: When I was physically with her recently, she explicitly told me she didn't need the money right now and we could leave it be. Now that I set a boundary about my grief, she is using it as financial leverage to force a response, knowing I am broke).*

*\*Me:* I have read your messages. I am going to put my phone away now. I'll manage, and I have found some distraction with a series/game. I really need this peace and quiet right now.

*\[The Following Morning\]*

**\*Mom:** You know: My children always cry out or used to cry out ""that's what you are a Mother for."" It's normal that you are there for us. In the past I failed at this according to you guys. But children are also supposed to be there for their mother when they are adults. Especially when health declines. I always say that I am proud of my children. But I will never hear it the other way around. Only what I do wrong.

**\*Mom:** Don't know how long you want your peace and quiet. And don't want to speak to me either. I do hope that you honor the agreement of the repayment of 50 euros a month. Don't have that much left myself right now either. And this was the agreement as well.

\[Today\]

**\*Mom:** Good morning \[My Name\]. How are things now. Honestly, I don't understand why our contact has to go to radio silence again. I am worried, and after everything I have done for you, it feels like a slap in the face . And that I make everything about myself is logical, since I am the one who has to suffer for it again. I don't deserve this \[My Name\]. My help and sympathy was and is sincere. Now it's a fight and no contact again.

\---

AIO for keeping her muted and wanting to cut contact over this?",1,1790105962.0,AmIOverreacting,1,0.67,False
1wnjl6k,https://www.reddit.com/r/AskUK/comments/1wnjl6k/coffee_do_you_prefer_a_saucer_or_not/,Coffee - do you prefer a saucer or not?,"In a cafe setting, for a cappuccino or the like would you expect a saucer with your cup? Is this something you would care about or does it not matter? ",0,1790105859.0,AskUK,29,0.36,False
1wnjl55,https://v.redd.it/niki1g5fj4rh1,"Ah yes, because we all just commute with 'coffee in one hand and bagels in the other'.",,2,1790105857.0,PopCultureV2,1,1.0,False
1wnjkpc,https://v.redd.it/niki1g5fj4rh1,"Ah yes, because we all just commute with 'coffee in one hand and bagels in the other'.",,1,1790105830.0,NewYorkStateofSnark,0,1.0,False
1wnjjip,https://i.redd.it/gjud8x2ei4rh1.png,Who Takes Up the Mantle: Fall of the Cerulean Empire,"During the mid-1300s the Cerulean Empire was at its height of wealth. The countries of Sundaland all traded huge quantities of silver to Cerulean to get special goods like gold, coffee, ceramic, and gems. Over time, the costs of goods were growing and the supply of silver was diminishing. Due to this, the Flax Empire sent a delegation to try and expand trade in other things, mostly manufactured goods. This offer was rejected & further restrictions were placed on trade leading to the total closing of the empire to western powers. A diplomat was sent in an attempt to overturn the closing of the empire, however upon reaching the capital he was rejected entry to meet the emperor. Anger grew between the guards of the diplomats and the guards of the emperor. As tension grew in the streets shots were fired, and the diplomat, along with his guards, were killed. Outraged by the unlawful death of a man far from Flaxish soil, the Flaxish kingdom had no choice but war. A war on the ground against such a powerful empire so far from home would be ruinous, and so, a secret war was declared. The idea was simple: smuggle opium into the kingdom and sell it to the masses. Once everyone was addicted to Flaxish opium, they had the leverage needed to open the empire. This worked, at the ports of Hilt opium was brought from Flaxish India and sent across the country up the river Nile in droves sold to the laymen. Millions got addicted to the drugs flooding the market, people lost jobs, defaulted on loans, it was said the Cerulians would sell their own children for their next hit. Due to all of this, money was flowing out of the empire in droves.

After a few years of this smuggling, the Cerulean Empire began dumping the opium into the sea. The Flaxish Kingdom finally realized it was time, war was declared. After the first Coffee War, the Empire was opened and islands were ceded to Flax & Marigold. The war weighed greatly on the emperor, leading to his premature death at the age of 37. With his death, the crown was to move to his 12 year old son with the oversight of his court. As he died in the countryside, a funeral barge was slowly making its way to the capital. Seizing the opportunity, the Emperor's wife raced ahead to the palace in an attempt to coup the young monarch by the time of his arrival. Rejecting the offer, one councilman sent a message to the young emperor and the barge was directed away from the capital. The power vacuum created from the fight between the emperor's wife and son made room for militant generals to take charge. Just in time for another war. The empire underwent religious revolutions that fostered divisions. The rebellion was forcefully put down, and yet afterwards, the empire slowly began to splinter as centralized rule was thrown out. Regions of different ethnic groups splintered off, resulting in the breakup of the Empire. Each group taking in Sundaland ideals of the nation state, self determination, and national sovereignty.

",22,1790105759.0,imaginarymaps,2,0.97,False
1wnjjet,https://i.redd.it/ym1s5prgj4rh1.png,Scrernshot,"I have a refurbished HP EliteDesk 800 G5 Mini Desktop PC that has an Intel UHD Graphics 630 GPU intigrated with the CPU. I have never had a system like this before, and I just asked ClaudeAI to make a conky with all possible information about this intigrated GPU. It came up with an entire minimalis of information with multiple graphs and readouts!!

The video looked horrible. here is a (hopefully) better screenshot",3,1790105752.0,Conkyporn,0,1.0,False
1wnjj4o,https://www.reddit.com/r/FellowProducts/comments/1wnjj4o/i_cant_crack_the_aiden/,I can't crack the Aiden,"I've been using an Aiden with Ode Gen 2 for a few weeks now.  Its good, but Im struggling for great.  Here is a profile that I have been using this week[ link](https://brew.link/p/3nPq).  I can't seem to get any of the mango juiciness that I smell when I grid the coffee.  Ive used between a 4-5.

Should I be going coarser?  I used the Aiden GPT to create the profile and this recommended grind setting.

again, nothing is ""bad"" its just not great - like its not brewing up to the beans potential or something.",1,1790105733.0,FellowProducts,3,1.0,False
1wnji8u,https://i.redd.it/jydlgyw8j4rh1.png,Nothing Marvelous,"If you grew up digging through the uncanny valley of lost internet media, you probably already know about Peppermint Park—that obscenely low-budget, deeply unsettling direct-to-video children's show from the late 1980s. Its hand-crafted puppets always looked a little too ragged, their eyes a little too wide and unblinking, as if they were cobbled together from taxidermy scraps and old winter coats.  

Most people remember Peppermint Park for Wiley the dog, but internet archivists know the true crown of nightmare fuel belongs to a character named Ernie and his obsession: The Letter M.

I found out about it last month. Big mistake.

It started when a collector friend of mine handed me a blank, unlabelled VHS tape he’d pulled from a liquidated storage locker in upstate New York. Hand-written in faded, smudged black sharpie on the plastic housing was a single word: MUSIC\_LAND. Beneath it, someone had scrawled a jagged, looping capital M.

Intrigued, I blew the dust off my old VCR-TV combo unit, popped the cassette in, and hit play.

The tape didn't start with the usual cheerful Peppermint Park jingle. Instead, there was a deafening, high-pitched tape squeal that lasted for a solid ten seconds before cutting straight to a title card. The colors were horribly oversaturated—bleeding reds and toxic, radioactive greens.

The screen faded from the title card to a crudely painted set meant to look like a classroom. Standing dead center in the frame was Ernie.

If you’ve never seen a picture of Ernie, words hardly do him justice. He was a human-like puppet with lank, greasy yarn hair the color of dried blood, bulbous ping-pong-ball eyes that stared slightly cross-eyed past the camera lens, and a fixed, stretched-felt grin that looked less like a smile and more like a surgical incision.

The background music kicked in—a sluggish, out-of-tune music box melody that sounded like it was running on dying batteries.

Ernie’s head didn't move naturally; it jerked upward with a sickening clack-clack sound, his unblinking eyes locking onto me through the glass of my television screen.

""Hello, little friend,"" Ernie rasped. His voice was a wet, grating whisper, far lower and more ragged than the cheerful audio tracks you hear in the online clips. ""Are you ready to learn about the most magnificent, most marvelous letter in the whole wide world?""

He didn't wait for an answer. The music box sped up, warping into a chaotic, distorted circus organ tune. Ernie burst into song, his wooden-dowel arms flailing wildly, knocking over a stack of cardboard blocks.

“It’s marvelous, magnificent! I can’t imagine life without the letter M!”  

At first, it just felt like typical, cheesy lost-media creepiness. But as the song progressed, things started to shift. The background set—initially painted with cheerful ABC blocks—began to warp and distort. The paint was running down the walls like thick, black blood.

Ernie kept singing, but his voice was changing. It was layering, echoing with dozens of overlapping, agonized whispers.

“How could you order M&M’s without the letter M?” he sang, but his plastic mouth wasn’t matching the words anymore. His jaw unhinged downward—further than any puppet’s jaw physically should—revealing a dark, hollow void inside his head instead of a throat.

Then came the lines that made my blood run cold.

“There’d be no words like Mississippi, maybe, mommy, monkey too!”  

As he sang the word mommy, the camera abruptly cut to a grainy, black-and-white photograph taped to the classroom wall. It wasn't a cartoon monkey or a child's drawing. It was a polaroid of a real, middle-aged woman tied to a wooden chair, her face bruised, her mouth sewn shut with heavy black twine. Her eyes stared blankly into the camera, wide with an unimaginable terror.

I gasped, gripping the arms of my chair. What am I watching?

Ernie’s body snapped back toward the lens. The music box had completely ground to a halt, replaced by a low, rhythmic thumping sound, like someone pounding their fists against drywall from inside a closet.

Ernie leaned in so close to the camera that his distorted, burlap-and-felt nose nearly touched the lens. The grin on his face split wider, tearing the fabric at the corners of his mouth.

""No medicine,"" Ernie whispered, his voice dropping into a register so deep it rattled the subwoofers on my TV. ""No mumps, no measles... no merciful escape.""  

The tape cut to static. A violent, screaming white noise that blasted through my speakers so loudly I fell out of my chair, clutching my ears.

When the static finally cleared after a minute of agonizing ringing, the television didn't turn off.

The screen flickered back to life, showing a live-feed security angle of my own living room.

I froze, paralyzed by a sickening wave of dread, my eyes darting frantically around the dark room. On the screen, sitting right on the couch behind me, was a small, crudely sewn figure with greasy yarn hair and a wide, stitched grin.

A heavy, wet whisper breathed directly against the back of my neck, right beside my ear:

“M-M-My turn.”I sprinted through the damp, empty streets until my lungs burned and my legs felt like lead. I didn't stop until I reached the 24-hour fluorescent glare of a neon-lit diner three blocks away. I sat in a sticky vinyl booth in the very back, my hands trembling so violently I couldn't even hold a cup of coffee.

It was just a prank, I kept telling myself, a desperate mantra to keep the panic at bay. A digital hoax. A warped joke left behind by the previous tenant.

But the memory of that tiny wooden hand pressed against the inside of my apartment window felt sickeningly real.

By 5:00 AM, the first pale streaks of dawn cut through the diner windows. The exhaustion finally outweighed the terror. Convinced I had overreacted, I convinced myself to walk back. Maybe the stress had finally broken my brain. Maybe the tape had just triggered some weird, localized glitch or a wireless camera hack.

When I reached my apartment complex, the morning air felt heavy and dead. The heavy glass front door of the building was propped open.

My heart hammered against my ribs again. I crept up the concrete stairs, stepping into the third-floor hallway.

Door 304. My door.

It was unlocked. The deadbolt I had thrown in sheer panic the night before had been neatly sheared clean out of the wooden frame, splinters dusting the welcome mat like coarse salt.

Slowly, agonizingly, I pushed the door open.

""Hello?"" I called out, my voice cracking into a pathetic squeak.

No answer. The apartment was dead silent. The air smelled thick and metallic, like old copper and ozone.

I stepped into the living room, and my breath caught in my throat.

The coffee table I had knocked over in my frantic escape was upright again. The shattered ceramic mug was gone, swept clean from the carpet. But the television—my heavy, vintage CRT television—was still on.

It wasn't showing static anymore.

A loop of scratchy, warped audio played on infinite repeat: a children’s choir singing a flat, off-key scale, dragging out every syllable.

“M... M... M...”

I stepped closer, my eyes glued to the screen. The scene wasn't the classroom anymore. It was a dark, cramped, claustrophobic space lined with rotting wood planks and peeling, mold-stained wallpaper.

In the center of the screen, sitting cross-legged on the floor, was a small, crudely sewn puppet. Its head was cocked at a broken, ninety-degree angle, and its yarn hair was matted with dark, dried stains.

As I watched, paralyzed, the puppet on the screen slowly lifted its wooden head. Its painted eyes blinked—something a puppet's glass eyes shouldn't be able to do.

Then, it raised a tiny, jointed hand and pointed a stiff wooden finger straight through the glass. Straight at me.

Behind me, the front door clicked shut with a heavy, final thud.

The deadbolt slid into place from the inside.

And from the dark hallway closet directly behind my back, a low, wet whisper rasped out into the silence:

“Now we can practice together forever.”",2,1790105680.0,creepypasta,0,1.0,False
1wnjgsd,https://www.reddit.com/r/NEU/comments/1wnjgsd/networking_for_investment_banking_at_neu/,Networking for Investment Banking at NEU,"# Hey guys,

Know banking recruiting started super early this year, so a lot of people are scrambling to get their networking and referrals in. Wanted to drop some of the usual advice on cold outreach / coffee chats that I think actually matters:

* Don’t waste space on fluff. You don’t need “Hope you’re doing well” or a long intro. Keep the email short.
* Personalize it if you can. Try to go beyond just dropping their firm, group, or school name into a template. I know it’s hard to personalize at scale, but even a little real research can help differentiate you from the dozen other emails bankers get every day.
* If you know their group, ask something specific about it. “Would love to learn more about your experience” is fine, but it’s much stronger if there’s a clear reason you wanted to speak to that specific banker.
* Follow-ups matter more than you think. People are busy and emails get buried. No response doesn’t necessarily mean no.
* I know there are mixed opinions on this, but I’d attach your resume to the first email. It makes it much easier for the banker to quickly understand who you are and decide whether they want to respond.
* On that note, include an interests section on your resume if you have the space. And make the interests specific. I’ve definitely taken coffee chats because I thought something a student did or was interested in was cool.
* Usually start with analysts and junior associates. I’d save VPs and MDs for situations where you have a particularly strong connection, shared background, or reason for reaching out.
* Track your outreach somehow. Once you start emailing a lot of people across different banks, it gets very easy to lose track of who you contacted, who responded, and who needs a follow-up.

Having gone through this entire networking cycle ourselves to get into banking, and then being on the receiving end of these emails, a few of us bankers got together and built a tool specifically for students recruiting for banking to automate a lot of the cold emailing and tracking. We’re running a completely free beta right now, so if any of you are recruiting for banking, we’d love for you to try it and give us feedback. Our goal is to make this as useful for students as possible. It’s called Phixy. You can sign up for the beta at phixy.ai. We’re adding students off the waitlist every day.

[](https://www.reddit.com/submit/?source_id=t3_1wnj3s2&composer_entry=crosspost_prompt)

",0,1790105595.0,NEU,0,0.5,False
1wnjg16,https://www.reddit.com/r/SnacksIndia/comments/1wnjg16/which_is_the_best/,Which is the best?,"I like a frothy coffee with milk and a little bit pf sugar but a strong one...I wamt to purchse a davidoff one which one would be best?? 

I am loooking for a suitable flavour of coffee that would be best for cold coffee lovers...

Also this is my first purchase from davidoff

Please help!",2,1790105549.0,SnacksIndia,3,1.0,False
1wnjftj,https://www.reddit.com/r/pourover/comments/1wnjftj/best_book_for_diy_coffees_at_home/,Best book for DIY coffee's at home?,"Hi, I'm currently looking for a book to give to a friend who's starting out to make coffee at home.

My current options are:

The Coffee Book by Annette Modaver

How to Make the Best Coffee by James Hoffman

I'm looking for which book is more useful at home. Just simple tools like a whisk, a coffee grinder, and a filter paper which is what my friend currently has. With recipes that are simple and easy but informative.

The Coffee Book looks more like an Almanac which is great and How to make the best coffee according to some searches seems to include other types of equipment which I'm not currently looking for right now.

For anyone who has read these books, which one is much more suitable for creating home brew coffee with just simple tools and has fun recipes?",1,1790105535.0,pourover,0,1.0,False
1wnje8l,https://www.reddit.com/r/BuonaDomenica/comments/1wnje8l/ciao_and_welcome/,Ciao and welcome! ☀️🌸,"Ciao and welcome! r/BuonaDomenica☀️🌸

We're happy to have you here!

This is your little corner for beautiful photos, wholesome moments, and positive vibes.

A few friendly reminders:

📸 Share lovely, relevant content.

💛 Be kind and respectful.

🌿 Keep everything SFW.

🚫 No spam or unsolicited promotions.

Feel free to introduce yourself in our Welcome Thread or share a beautiful moment from your day.

Grab a coffee, make yourself comfortable, and enjoy the sunshine! ☕✨",1,1790105441.0,BuonaDomenica,0,1.0,False
1wnjddy,https://www.reddit.com/r/PNWcoffee/comments/1wnjddy/simple_coffee_shop_finder_compass/,simple coffee shop finder / compass,"Hey all! Wanted to share a lil project I put together for walking around portland and finding coffee.

moseypdx.com (on mobile)

very simple interface, tap the vibe you want, or check out whats open and close.

let me know what you think!",1,1790105394.0,PNWcoffee,0,1.0,False
1wnjcw8,https://www.reddit.com/r/u_corabb_cdb233004/comments/1wnjcw8/im_21f_and_my_boyfriend_is_21m_is_it_possible_to/,"I’m (21)F, and my boyfriend is (21)M. Is it possible to have a long lasting relationship in your early 20’s, OR if I’m just being naive (abandonment issues and anxious attachment mentioned).","I’m 21 and my boyfriend is also around my age. We’ve been together for a few months and had met during the summer during a coffee date. We started to catch feelings for each other (granted it’s debatable who really fell who first. I think we both had feelings for each other in the exact moment, I had them I just didn’t wanna let it on too soon because I didn’t wanna presume anything would actually click to soon after the first few dates, and I don’t wanna get my hopes up only to be let down so soon). Ironically, I think I’ve ended up getting much more emotionally invested than I ever expected.

I love my boyfriend very deeply. He’s kind, affectionate, loving, and someone I genuinely enjoy being around. He has experience in welding, goes to the gym and is working on himself and his personal health, he also loves to fish which I love because I’m really into ichthyology. We share some common interests and are absolute dorks together I feel like I can be myself with him, and we’ve talked about eventually living and renting together hopefully starting in early November(which will be a big first for both of us renting an apartment let alone together). He’s trying to move out of his families place because all of his other family  believe will be moving out soon and so he want to live with his friends and be outside of Helena sometime later into next year to be closer to his best friend in billings, and Im trying to move out to learn how to coexist living with someone and saving money for my camper van set up so i can do van life again like i did prior for almost two years. I want him in my future, and he wants me in his.

At the same time, I’m trying to be realistic about what that really means for not only the both of us. But also what that means individually for myself and for him. And there has been some situations and certain signs that have not only made me question how we there this could really work out between us, but also deeply questioning myself, my worth, and my placement in all of this on if this could work out or not.

N- (Forgive me if I sound all over the place or disorganized in where I start with all this and trying to explain everything A to Z).

When we started out dating, it was implied early on his end considering both of our ages, that he was dating for long term and marriage, and was looking for something more serious but was open to however things go. I (at the time) was looking for something more revolved around FWB/having casual connection and us remaining friends or friendly to some level..BUT that being said I was also open to what could change that outcome and being open to long term possibilities. I was also more leaning towards casually because really I was trying to convince myself that maybe this wouldn’t stick long term and maybe if I could be prepared on this being a temporary thing at first. That I could avoid the pain of having to part ways and that I wouldn’t see them again, despite whatever feelings or attachments I started to have in the early stages of us dating even after 2 months.

——

Over the past four months and way before that, he had his own bad habits and relationship he’s had with drinking which has been a big concern of mine(involving some time years prior to us meeting where he had a serious intervention bc of how bad his drinking got, granted I never witnessed it before hand that far out and really have only witnessed it for these past four months that we’ve dated. After the intervention he didn’t drink much or even at all i believe until 5-ish months ago but i don’t really know so take that piece of info with a grain of salt or with what you will.

There had been a handful of times when he would communicate or I’d be in the loop of info of plans on him and his buddies to go out to the bar (we both currently live around the capital of Montana, and because of it being a relatively sleepy town and limited options to what’s available for youth around my age to do on a late night, it’s for the most part either college football games and the bar, so that’s a main holdover factor in the influence of youth community culture here somewhat)—Anyways giving a rough estimate in the past few months he’s been out to the bar usually a couple times a month up until now, and a good handful of those times, I would volunteer to be a designated driver and overall just general support if he needed me to come and pick him up and for us to get settled into this night. The first couple times it happened it was a bit much to take in and handle but I figured it was all okay and that I could handle it. But after that it just started to get to much to handle and had become more than what i could comfortably handle, admittedly to some of my own fault because before meeting my boyfriend I’ve never known or learned on how to handle drunk people and I just don’t really drink a whole lot or even on the regular and don’t have much interest to it. It’s not like his drinking has been a consistency of everyday or every couple of days it’s mainly just been when he goes out to the bar and ends up doing way to much than what he could/or would  initially promise to himself or his own standards or expectations on only having 1-3 drinks.

About four days ago however I admit was the situation that really was my breaking point of being done with his drinking and what started the spiral of me thinking deeper on our relationship. When he has gotten drunk, he just gets very dense, it was hard to reason with him being wishy washy, the self loathing and dramatics to it all. Basically a back in fourth in demeanor and expression on his end from how he hates himself, asking if I hate him and if I would leave him to then him telling me how much he wants to spend his life with me, get married and have kids. And then that particular night how he felt like he was dying and how sick physically he felt. For me it was just hard to watch not only with me seeing how sick he was from the alcohol but to the deprecative state that he gets himself in when he drinks. I was taken aback from that experience and admit it frightened and stressed me out a bit and most of all just made me very heartbroken seeing him in this state. And overall was just very emotionally exhausting to watch and deal with. After that night and into the next day I had called off that day of work bc of needing to catch up on sleep including from the night before( which hasn’t been the first time since it happened last week).

We had talked about the day after and even beforehand on how he wants to stop drinking, and quite altogether which I am all for and am for willing to support. I can support him, but I can’t do the work for him. He has his own things to work through, including his relationship with himself and whatever personal issues are contributing to his relationship to drinking or his own perspective of it. I want him to be able to grow and learn to take care of himself because he deserves that—not simply because I want him to be a better boyfriend.  
At the same time, I have to be honest about what I can and can’t live with..

——

Now to bring this into the picture. When we started talking. I had made firm mention on my plans to want to move to Oregon, and he made his firm mention on him wanting to move to Tennessee. And as we’ve got yet n further into this relationship, we’ve been very adamant on what our plans our and I know I could handle staying another year in Montana if things do work out between us.He also doesn’t really want to move to Oregon because he doesn’t know what would be waiting for him there, and he wants to remain relatively close to the people and community he knows.  
I understand that which is heavily valid and i don’t think he is wrong for wanting that.  
And I’ve realized that I could potentially stay in Montana longer than I originally planned if our relationship continues to work.  
But that’s where I start asking myself some very difficult questions.  
If I follow his eventual path, what am I giving up? If he follows mine, what would he be giving up? If we try long distance, would we actually be able to handle it? If one of us moves somewhere for the other person, are we eventually going to resent the sacrifice? What happens if we stay together but one of us gradually loses pieces of ourselves because we’re trying so hard to make the relationship work?

And into early November we plan on moving in together. The idea of coming home to someone I love, sharing ordinary routines, cooking, watching things together, having our own little space and building a home is something I’ve wanted for a long time.  
But I’m also aware that moving in together is not just romantic.  
It’s finances. Chores. Sleep schedules. Personal space. Friends. Family. Work. Conflict. Responsibilities. Different habits. And eventually potentially deciding where we want to live long-term and both still figuring out who we are.  
So sometimes I wonder whether we’re moving toward something genuinely healthy or whether we’re moving very quickly because we’re both afraid of losing something that feels really good?

And after all of that had happened, after all the time we’ve spent together over these past four months. And taking into consideration of what he wants and what I want, and everything that I feel about him and how much I love him and how he loves me and what he reciprocates back..and realizing that in our relationship that we are out, or are transitioning out of the honeymoon phase to our relationship.

I’m having a very hard time not thinking about what the future holds for us, and the anxiety and fear of it all just eating away at the pit of my stomach, just a hallow and big hole in my stomach and that my insides are all in knots.

Yesterday on Monday I divulged my concerns and worries and it all came out flooding like word vomit on how all the outcomes could look like good and bad. How I’m afraid of the long distance not knowing if I could do it or not. Him not wanting to move to Oregon because he just doesn’t know what’s out there for him and him wanting to be close to the people he knows as well as me. We had been talking about all of this last night and he at one point made the mention of breakup because he doesn’t want to waste time.

I overcompensated over text and phone telling him I don’t want things to end between us. I really don’t want things to end between us. I’m afraid of what I would sacrifice if I went the direction that he was going and where he would want to live, what would I have to give up to be with him despite everything he could do within his limits and ability to make me happy. And if I were to move to Oregon or even him coming with me, what could he lose if he comes on my path to Oregon with me. And if we part ways and we move on and I go back to Oregon…

What if he’s the one that got away and I’m missing a chance of having partnership and real happiness.  
I’ve realized so much since meeting him. Everything I could actually want in life and sharing that with someone outside of just having my wants in simple day to day connection, friendships as well as my job path and want I want out of my career evolvement and experience. That I really don’t want anything casual and I do want long term but what I would have to give up to have that or give up on this relationship for my own dreams,aspirations and plans.

I feel split as a person between this vast wave of emotions and thoughts a round all of this and like my brain and my heart aren’t aligning. Im afraid of the pain and heartbreak of losing this person who means so much to me. I think I’m afraid of two different kinds of heartbreak at the same time. It’s also made me realize after all the experiences we’ve had together and the chain affect of how that’s made me reflect on my own personal well being with my own development and personal well being on how I possibly have some form of anxious attachment style and abandonment issues stemming from my childhood. Granted I knew I had abandonment issues I just didn’t think it would come up so soon or at all in this kind of way with my current relationship I have. Also this is my second relationship and my most serious one I’ve had so far considering the level of length, connection, and intimacy we share together.I find myself wanting reassurance.  
I think about possible outcomes constantly. I worry that something good is going to disappear. I sometimes feel like I need to figure out the future right now so I can protect myself from being hurt later.

And I think that’s part of why this is so emotionally overwhelming. My heart and my brain don’t feel like they’re completely aligned.  
My heart says:  
“I love this person. I don’t want to lose him. I want to build something with him.”  
My brain says:  
“You are still 21. You are still figuring out who you are. You have your own dreams, plans, friendships, family, interests and places you want to experience. Don’t disappear into somebody else’s life.”

I’m afraid of losing him but I’m also afraid of losing myself. If I choose his path because I love him, will I eventually regret what I gave up? If he chooses my path because he loves me, will he eventually regret what he gave up? If we compromise somewhere in the middle, will we both be happy? What if we stay together and we’re happy?What if we stay together and slowly become unhappy? What if we break up and I’m devastated and I can’t handle the heartbreak? What if I spend years wondering whether he was the person who got away? What if I sacrifice my own dreams for the relationship and later resent him even though he never asked me to?  
What if I don’t sacrifice anything and instead walk away from someone I could have built a genuinely beautiful life with?

My brain wants an answer to all of these questions immediately. Obviously, I can’t have one and theres so much of it that’s in my control its just something that’s been eating away at me and has been making me feel confused, a little scared, nervous and anxious.

——

I’m not really asking Reddit to tell me whether I should break up with him, i know i don’t want strangers deciding that for me.  
I guess Im really trying to understand something much more complicated.  
How do you know when you’re making reasonable compromises for someone you love versus slowly giving up pieces of your own life to keep a relationship?  
How do you maintain your identity while building a serious relationship at 21?  
How do you distinguish legitimate compatibility concerns from your own fear of abandonment making every uncertainty feel like a threat?  
How much weight should I put on a partner having a history of problematic drinking if they genuinely say they want to stop and are trying to work on themselves?  
How do you support someone through something like that without becoming responsible for their recovery?  
And how do you approach moving in together when you love each other but are both still figuring out where you want your lives to go?  
Most importantly, how do you learn to tolerate uncertainty in a relationship without constantly trying to predict the ending?

Because I think that’s what I’m struggling with most, I feel split between this huge wave of emotions and all the practical thoughts surrounding them.  
I’m afraid of the pain and heartbreak of losing someone who means so much to me.  
But I’m also afraid of building my entire future around someone and eventually realizing that I lost myself in the process.  
I don’t want either of us to lose ourselves.  
I also don’t want to throw away something genuinely meaningful just because the future isn’t guaranteed.  
I know I’m young, and I know neither of us can know exactly what our lives will look like five or ten years from now.  
I think I’m just trying to figure out how people learn to love someone deeply while still keeping both feet planted in their own life.  
For people who have been in serious relationships since their early 20s—or who eventually built long-term relationships after starting young—how did you learn to balance love, independence, compromise, uncertainty, and your own individual path?

Im interested in hearing what you have to share and say",1,1790105364.0,u_corabb_cdb233004,0,1.0,False
1wnjcu5,https://www.toledoblade.com/a-e/food/2026/09/19/day-and-night-late-night-coffee-and-cocktail-shop-opening-in-ostrich-towne/stories/20260920022,Day and night: Late-night coffee and cocktail shop opening in Ostrich Towne,"**Day and night: Late-night coffee and cocktail shop opening in Ostrich Towne**

￼  
Amy Hall is bringing coffee, cocktails, and conversation to the Vistula neighborhood of Toledo. 

She’s opening Last Drop, a later-evening coffee and cocktail shop, 927 N. Summit St., in early October.   
“There aren't really any late-night coffee places inToledo,” the owner said. “It’s your last stop. ... It’s the last drink, the last drop of coffee, the last call.”

Last Drop is joining Ostrich Towne, the walkable district in Toledo’s north end, with other local eateries, offices, and apartments nestled in the revitalized area.

The hours are set for Mondays through Thursdays 6 a.m. to 10 p.m., Fridays and Saturdays 7 a.m. to midnight, and Sundays from 8 a.m. to 4 p.m. 

Hall, who also is a certified life coach, envisioned a place that could bring people together, she said, with conference rooms, a private office, and plenty of seating. She plans to host a live conversation at the shop with Stayce Fowler, publisher of Pursuit Magazine in Toledo, on Wednesdays.  
“Being able to create a space where people feelvalued, they feel seen, they feel heard, and theycan connect, identify, and see themselves insomeone else who they might not have ever metcreates this incredible sense of community,” she said. “And it's just fantastic.” 

The hope is for live music, art displays, private events, casual get togethers, and business meetings to fill the shop, the owner said. 

“When you walk in here, it's just inviting,” Hall said. “It’s unique to Toledo. A coffee house isn'tunique to Toledo, but the way you feel when youwalk in will be special, and that's what we'regoing for.” 

**Coming to fruition** 

The daytime menu at Last Drop will feature breakfast sandwiches, assorted pastries, specialty lattes, and other coffee beverages. Soups, salads, and sandwiches will be offered during lunch, and charcuterie boards, pretzel bites, and decadent desserts can be expected in the evening. Craft cocktails, select wines, and a full bar will be available during the later hours.  

“I don't think there's anything better than beingpart of a community and being able to offersomething that adds value to the community aswell,” Hall added. “This whole side of town is likea baby. ... We're excited because we're growingup.” 

Brittany Shaw, social media manager for Last Drop, said the journey so far has been elevating.

“It’s a wonderful experience being able to watchsomething start at the beginning and just unfoldlike a flower,” she said. “Amy is amazing. Shecultivated all of this from her own experience. This is the first restaurant she opened.” 

When Shaw first sat down to chat with Hall about this project, she said she could clearly see her vision — and it’s especially rewarding seeing how it’s come together now.    
“I hope it'll bring more community together fromdifferent demographic backgrounds,” Shaw said of Last Drop. “This is a gathering space for family, for friends, small events, occasions. ... It’s something for everyone.” 

Hall said she is eager to join others in the Ostrich Towne area including Molly’s Irish Pub, Riverside Barbeque Company, One of Each, and the Power Bar. 

“Everybody's doing something unique to theirown vision, but yet it's complementary where wecan all help each other,” the owner said. “The more foot traffic, the more draw here will only add to everything and give people in Toledo a cool place to go.”   
*Send food story ideas to Maddie Coppel at:* [*mcoppel@theblade.com*](mailto:%20mcoppel@theblade.com)*.*  
*First Published September 19, 2026, 7:04 a.m*",13,1790105360.0,toledo,6,1.0,False
1wnjcgg,https://www.reddit.com/r/abbotsford/comments/1wnjcgg/27f_looking_for_local_friends/,27f looking for local friends,"Anyone else around Abbotsford looking to make some new friends? 

I’ve been wanting to meet some new people locally, but I’m honestly not the easiest person to get to know at first. 

I’m pretty introverted, quiet, and can be a little awkward socially. I have quite a few autistic traits that make developing deep friendships hard for me, I definitely take a little longer to warm up to people and can be a bit harder to read/get along with. So I’m searching for people with similar interests that we can bond over that. Some big ones for me is that I love psychology, I don’t know much about it, but I love looking into it. I love intellectual conversations, I’m not big into just dumb jokes. I don’t have a problem with people swearing but I don’t swear much and would love to surround myself with people with that same mindset. I love board games and puzzles! I love computer programs like Excel and organizing documents. 

I’m also very much a low-drama person. I’m not into partying, big groups, or constant socializing. I’d much rather grab coffee, play games, check out somewhere random, or just hang out and do our own thing.

I’m looking for people who are pretty chill and don’t take it personally if I’m quiet or need a bit of time to get comfortable. Bonus points if you’re also perfectly happy with comfortable silence 

Basically just hoping to find some genuine people to hang out with and see if we click. Feel free to message me!",2,1790105337.0,abbotsford,5,0.63,False
1wnjcdl,https://i.redd.it/zu44lo25i4rh1.png,"Coffee, Sunshine & Absolutely No Rush ☕🌞","POV: It's the weekend, your coffee is warm, the weather is nice, and you have absolutely nowhere to be.

Sounds pretty good, right? ☕✨

Welcome to the cozy side of r/BuonaDomenica.

Today's vibe is all about slowing down and enjoying the moment.

Maybe you're having breakfast on the balcony.

Maybe you're exploring a cute little café.

Maybe you're still in bed scrolling Reddit.

No judgment. We've all been there. 😂

**Let's talk weekend rituals!**

What's your ideal slow morning?

☕ Coffee or tea?

🥐 Sweet or savory breakfast?

🌿 Morning walk or extra sleep?

📖 A good book or your favorite playlist?

If you've captured a cozy moment recently, feel free to share a SFW photo with the community.

Let's turn r/BuonaDomenica into a little collection of peaceful moments and happy memories.

Have a beautiful day, wherever you are! 🌸💛",1,1790105332.0,BuonaDomenica,0,1.0,False
1wnjc18,https://www.reddit.com/r/bangalore/comments/1wnjc18/new_to_blr_want_to_network/,New to BLR : Want to network,"New to Bangalore and trying to find my people here.

Would love to meet folks who are building things on the side — niche SaaS, weird AI 

projects, cybersecurity, infra, hardware, whatever rabbit hole you've fallen into.
Not really looking for the usual networking/LinkedIn thing. 

Just down to grab a coffee/beer, talk about what you're working on, exchange ideas and maybe build something together.

If you're one of those people who says “it's probably a stupid idea, but I'm building it anyway”, we’ll probably get along.

I am just open for talks , not looking for any sort of dating stuff , etc.. But just wanna meet people !!!
",0,1790105311.0,bangalore,6,0.33,False
1wnjbmw,https://i.redd.it/ae8lbke3i4rh1.jpeg,More like Hurl®️,"New to Huel. Please tell me I ordered the worst flavor and there are others way better than this. I was in a LTR with Boba Protein Milk Tea and recently felt the need for a change: enter Huel Iced Coffee. Big mistake. The flavor + texture combo is just not it. Anyone have a flavor that they love? I really do love an efficient breakfast, so the added caffeine is a plus. ",0,1790105291.0,Huel,8,0.29,False
1wnjbg4,https://www.reddit.com/r/sexask/comments/1wnjbg4/advice_about_guy_from_tinder/,advice about guy from tinder,"i want to preface this by saying that this is a throwaway account and i’m writing this from my friends perspective because she wants advice/to hear the viewpoint of others but isn’t familiar with reddit.

my friend (f19) met this guy (m27) on tinder around 2 months ago. they hit it off pretty well, nothing too serious - basically regular dates and sex after or during them. when they first started off, the guy had mentioned that he didn’t really like “sluts who talked to multiple guys at the same time” (f19 was talking to a few guys at the time); they had a little “dating phase” but had the talk and realised they don’t really like each other romantically so decided to stay in the “casual dates w benefits” zone.   
fast forward to a few weeks ago, the topic of threesomes came up and the guy suggested they go ahead and do it (my friend being ok with it at the time). the guy started looking for the 3rd girl to have for the threesome with on tinder and found girl A (f19).   
the guy told my friend that he’d meet up with girl A for a casual coffee and see if she’d be interested; she was, so when all of them met up again they kind bonded (blowjob in an alleyway, pretty common occurence for him); clubbing after where the guy had invited his friends (also aged 27-30) to show off my friend and the other girl.   
when my friend met up with girl A after the 3-way date, they talked about the guy and she came to find out that girl A and the guy had borderline fucked the day before. note here that the guy had told my friend he hadn’t done anything with girl A because he didn’t want to “ruin what we both have”. idk if its worth mentioning but girl A hasn’t graduated hs yet.  
just recently the guy also found girl B (f18) and proposed her for the threesome to my friend, since he found girl A’s body to be a “big turn off”. 

few things about the guy: he pays for the dates, tends to keep tabs on what the girls are talking about privately.

general question is: should my friend keep seeing the guy? is the age difference something to be concerned about? cause it’s starting to look like the guy has a pattern. ",1,1790105279.0,sexask,0,1.0,False
1wnjbao,https://www.reddit.com/r/punemeetup/comments/1wnjbao/getting_bored_at_1_am/,Getting bored at 1 am,It’s late night and I am unable to sleep. Suggest some cafe far away from hinjewadi ( my current stay) so I can ride my bike and get some good coffee too. ,2,1790105269.0,punemeetup,23,1.0,False
1wnjb71,https://www.reddit.com/r/Junglejunglejungle/comments/1wnjb71/saw_jungle_in_nashville_last_night_and_it_was_a/,Saw Jungle in Nashville last night and it was a straight up Milli Vanilli moment,"So I play music and tour for a living and I went to the show last night with some friends who wanted to be right up front. Not usually where I'd stand but whatever. But standing that close ruined the whole thing for me because I could actually see what was going on.

The singer grabs a shaker. Shaker sound starts. He stops shaking. Shaker sound keeps going.

And once you catch that you can't stop seeing it. Horn parts with nobody playing a horn. Gang vocals way louder than the number of people singing them.  Hands not lining up with what's coming out of the PA. I'm not exaggerating when I say most of what I heard was coming off a laptop and the people on stage were dancing around it.

Look, I'm not a purist. Everybody runs some tracks now. Fill in a string part, fine. But this was the record playing with a few live layers sprinkled on top. Their songs on shuffle with choreography. I found at least one person from another stop on this tour who Shazamed songs mid set and got matches to the album versions. That's not a band, that's just playback.

The part that actually pisses me off is that it works because the crowd can't tell. Half the room found this band because Spotify threw them on some chill vibes playlist, and they've never had a reason to think about what's real at a show. The band knows it. Charge full price, put on a light show, let everyone dance to the record. Nobody checks. Maybe they don’t care? But was annoying to hear how “amazing” the show was when it was so phoned in. 

Also, and I know I'll get flamed for this, every song sounds the same. Same lazy disco shuffle, same falsetto, same gang vocal chorus, same kick drum. I couldn't tell you where one song ended and the next started, and honestly with how much was on tracks I'm not sure the band could either. It's one song with a dozen titles. Fine as background music at a coffee shop. Not fine for 90 minutes when nobody's really playing anything and the only thing changing is the lights.

If you love the records, great, they're well produced and I get it. But does it bug anyone else that you can't tell what's live at their shows? Would you still pay for a ticket if they told you up front how much of it is tracked?",8,1790105263.0,Junglejunglejungle,16,0.63,False
1wnjb6r,https://www.reddit.com/r/BuonaDomenica/comments/1wnjb6r/whats_one_little_thing_that_made_your_day_better/,What's One Little Thing That Made Your Day Better? 💛,"Okay, quick wholesome check-in! 🌞

Not every good day needs a big adventure.

Sometimes it's just:

☕ Getting your coffee exactly right.

🌸 Seeing flowers on your way home.

🐶 Meeting a ridiculously friendly dog.

🎵 Hearing your favorite song at the perfect moment.

😴 Waking up and realizing you can sleep a little longer.

Honestly, that last one hits different. 😂

Here at r/BuonaDomenica, we believe the little things deserve some love too.

So here's today's question:

**What's one small thing that made you smile recently?**

It can be a photo, a funny moment, a peaceful view, or just something nice that happened.

No pressure to have a perfect day, by the way. Some days are just... days. And that's okay.

Feel free to share your moment in the comments or make a separate post.

Let's bring a little extra positivity to r/BuonaDomenica today.

Sending good vibes your way, internet friends! 🌸💛",1,1790105262.0,BuonaDomenica,0,1.0,False
1wnja3j,https://i.redd.it/em2xwwjph4rh1.png,Sunday Photo Drop! Show Us Something Beautiful 📸☀️,"Happy Sunday, lovely people! 🌸

Let's make today's feed a little prettier, shall we?

Welcome to our first Sunday Photo Drop at r/BuonaDomenica!

The idea is simple: share a photo of something beautiful you saw recently.

Could be literally anything:

🌅 A sunset that made you stop scrolling IRL.

🌿 A peaceful walk in nature.

☕ Your morning coffee looking extra photogenic.

🐈 Your cat doing absolutely nothing but somehow looking majestic.

🏖️ A favorite travel memory.

No fancy cameras needed. No professional editing required.

Just a nice photo and a little story behind it, if you feel like sharing.

**I'll start the conversation with a question:**

What's your favorite thing to photograph — nature, cities, food, pets, or random everyday moments?

Share your answer below, or create a photo post of your own!

Let's fill r/BuonaDomenica with beautiful little moments.

Have a lovely Sunday, folks! 💛✨",1,1790105198.0,BuonaDomenica,0,1.0,False
1wnj9oi,https://www.reddit.com/r/hypertension/comments/1wnj9oi/one_cup_of_coffee_on_bp_medication/,One cup of coffee on BP medication?,"Hi, just wanting some advice on coffee. I have been prescribed 4mg of Candesartan which I've been taking for a week. I have cut out alcohol, processed foods, salt etc and only drinking water and herbal teas. I don't smoke. But I am missing my one cup of coffee in the morning, it was something I looked forward to. Herbal tea just doesn't do it for me in the same way. I have only ever drink one cup of coffee as any more makes me jittery; I'm quite sensitive to it. Is it safe to have once in a while though, as I'm often so tired in the morning or before a long drive. Don't want to put any more strain on my heart though. ",3,1790105171.0,hypertension,4,1.0,False
1wnj9k7,https://www.reddit.com/r/work/comments/1wnj9k7/i_hate_my_manager/,I hate my manager,"So I work at a coffee shop (not gonna say which one) but I started working there around May. My manager, her bd, and her sister all work at the same location. Even before I knew that her bd was working there I dealt with him trying to flirt with me before I worked there. Me and my other coworkers have gotten sexually harassed or yelled at by her bd. He once told me he wanted to pull my pants down and take a better look at my tattoo? Or how he wanted me to be his other bm? Or how he wanted me to bring him home to my mom? You get the point. So people have written reports to our district manager about these situations and nothing has gotten done. No reprocusions, NOTHING. Not even that when it got turned into him he told our manager about the report and she texted me personally getting upset at me for things her BD said to ME. I asked to stop being put on the schedule with her bd bc he’d yelled at me and cussed me out in front of customers before and I just can’t. It just sucks working with her and everyone else she’s related to bc if one of them calls out or is extremely late it’s allowed and it’s fine but if anyone else does it she threatens to write them up. I’m tired of working with them but I literally can’t find a better job in my area, does anyone have any suggestions 😭??",0,1790105164.0,work,1,0.5,False
1wnj994,https://www.reddit.com/r/BreakUps/comments/1wnj994/loved_a_girl_for_67_years_never_dated_her_and/,"Loved a girl for 6-7 years, never dated her, and she's still in my head even when I'm with someone else (M26)","For about 6 or 7 years I had strong feelings for a girl. We never ended up together.

In high school she dated one of my friends, and while they were together I asked her out. She said no. It was a stupid thing to do and I apologized to him. She and I stayed in touch through high school anyway.

Later she got involved with another friend of mine. He knew I had feelings for her and used that to get closer to her, which felt like a betrayal. At that point I cut contact with her. I was in my own relationship and doing my own thing. I'm no longer in touch with either friend.

Years later, after we both finished our master's, we reconnected. We met for coffee, it went really well, and we planned a second one. It never happened. She told me she was looking for something serious, heading toward marriage, and at the time I was working as a bartender right out of university. It was supposed to be part-time but I liked it, so I stayed a while. After that we stopped talking. She got engaged, but it didn't work out, and we talked again after that. That last conversation ended on a bad note, and we haven't spoken since.

Today things are different. I have a good job now, managing a team of engineers, the kind of job you can present to a girl's parents. I'm still working on the rest (my own place, a car), but I'm getting there.

Since then I've had other relationships, some of them long ones. But even when I really like someone new, or start falling for them, she's always in the back of my mind. I have no way to contact her except Instagram. I sent her a follow request once or twice and she never accepted. Still, I sometimes check her profile to see if she changed her picture. And she shows up in my dreams, even on days I haven't thought about her at all.

Why is she still stuck in my head after all this time? Do I need closure, and how do I get it when I can't even talk to her? How do I let go so I can fully be with someone else?",0,1790105146.0,BreakUps,10,0.5,False
1wnj8na,https://i.redd.it/pnpzytxih4rh1.png,Generate an image of a non-binary gender fluid cisgender man at McDonald's in 1987 wearing an anachronistic shirt and pants,,4,1790105113.0,CursedAI,5,0.75,False
1wnj8mt,https://www.reddit.com/r/NoStupidQuestions/comments/1wnj8mt/is_it_common_that_coffee_shop_staff_are_not/,Is it common that coffee shop staff are not friendly when I ask for recommendations,"This has been a while but I’d like to bring it up and ask. Last year when I was traveling in NYC, I stopped by a niche coffee shop and tried to ask the staff there for any advice. But they just made a whatever face and responded by “nothing special”.  
As a foreigner, I’m not sure whether what I’m doing is offensive or it is just common…  
Should I stop asking next time?",2,1790105112.0,NoStupidQuestions,30,0.58,False
1wnj8if,https://www.reddit.com/r/FriendsOver40/comments/1wnj8if/50_m_east_alwest_ga_my_old_stomping_grounds/,"50 M, East AL/West GA My old stomping grounds","Half a century on this planet and I find myself back in the area I grew up in more often as I have aging parents still here to check in on every month, sometimes twice a month.  Think,  Auburn, AL to LaGrange, GA area. 

You don't have to be from this area, but it would be cool to find others to talk how the area has changed.  I love the outdoors, animals, and well, a whole list of things we can talk about if you message me.  Never had many friends here, like life long friends, so finding someone to hang out with and maybe coffee or lunch while I am in the area would be cool too. 

Married for a long time with 4 kids,  but you don't have to be either, married or have kids. Prefer someone around my age, but at least be over 35 so I don't feel like I am talking to one of my kids. LOL Otherwise, any and all are welcome to reach out. ",0,1790105104.0,FriendsOver40,0,0.5,False
1wnj8hw,https://i.redd.it/a8l0xv7jh4rh1.jpeg,Anyone try these?,Saw these at target! ,2,1790105103.0,nespresso,3,1.0,False
1wnj83n,https://www.reddit.com/r/BuonaDomenica/comments/1wnj83n/welcome_to_our_little_sunshine_corner/,Welcome to Our Little Sunshine Corner! ☀️🌸,"**Hey everyone! ☀️**

Welcome to r/BuonaDomenica — a cozy little corner of Reddit for beautiful photos, happy moments, and all those tiny things that make life feel a bit sweeter.

Think sunny mornings, peaceful views, cute pets, weekend adventures, and that one perfect cup of coffee. ☕✨

Nothing too serious. Nothing complicated.

Just good photos, friendly people, and a little sunshine for your feed.

A few quick reminders:

🌸 Keep everything SFW.

📸 Share your own photos or give proper credit.

💛 Be kind to each other.

🚫 No spam, ads, or weird promotions.

Whether you're a photography enthusiast or just someone who enjoys a nice sunset, you're more than welcome here.

**Let's break the ice!**

Where are you joining us from, and what's one little thing that made you smile today?

Drop a comment and say hello! 👋

Glad to have you here at r/BuonaDomenica.

Make yourself at home, grab a coffee, and enjoy the good vibes. 🌞💛",1,1790105080.0,BuonaDomenica,0,1.0,False
1wnj7wk,https://www.reddit.com/r/micro_saas/comments/1wnj7wk/small_business_owners_retain_more_clients/,small business owners! retain more clients!,"i just launched [https://returnpass.app](https://returnpass.app) and im hoping i can get a few testers to check out the overall experience, theres a free trial option that gives you full access to the site. Its primarily web based so you dont need to download anything. 

  
returnpass is a web app that easily allows any business of any size to create a more premium user experience with the addition of prepaid digital passes and loyalty cards. You can bundle anything from cups of coffee, car washes, dog grooming, nail appointments, anything that you have return clients coming for, you can bundle. 

  
Increase your upfront revenue, easily track prepaid visits, give your clients the premium experience they deserve. 

please take a look if you can and appreciate any feedback!",1,1790105069.0,micro_saas,2,1.0,False
1wnj7ug,https://www.reddit.com/r/CasualIreland/comments/1wnj7ug/ask_and_find_out/,Ask and find out?,"There's a very handsome man in my work place, so handsome that I used to avoid eye contact with him 😅 I don't see him every day as we work in different sections but anytime he passes me, he's always looking at me and we keep the eye contact. I started to give slight smiles as I have no idea if he's single or interested, so I could easily just be coming across as friendly and not interested. 

So what I'm asking here really is should I just bite the bullet and ask him if he wants to grab a coffee? Ladies have ye ever asked a man out in the workplace? Because I don't see him every day I can't see it being awkward if he says no. To the men, how would ye feel being asked out at work? ",27,1790105065.0,CasualIreland,46,0.78,False
1wnj7t0,https://www.reddit.com/r/PatchCollecting/comments/1wnj7t0/my_grandfathers_old_scout_patches_showed_up_in_a/,My grandfather's old scout patches showed up in a box of estate sale junk and now I can't stop hunting for the rest of his troop's set,"Bought a random lot at an estate sale last month mostly because I recognized the troop number stitched on one of the patches. Turned out the seller had no idea what they were selling, just cleared out a garage and priced everything by the pound basically. Inside was a coffee tin with maybe thirty old Boy Scout patches from the fifties and sixties, some council shoulder patches, a few order of the arrow flaps, and one jamboree patch that looked handmade compared to the mass produced stuff you see now.

I didn't know my grandfather was even in scouting until I saw his name penciled on the back of a merit badge sash in the same box. He passed before I was old enough to ask him anything real, so this felt like stumbling into a conversation twenty years too late. Spent a weekend cross referencing the council patches against old scouting archives to figure out roughly which years he was active and which camps he attended.

Now I'm trying to track down more patches from that specific council, partly to fill gaps and partly just to understand what his summers looked like. Reached out to a couple of longtime collectors in a scouting memorabilia group and they pointed me toward a few reissue patches versus the originals, which I honestly couldn't tell apart at first glance. The stitching density and thread color are apparently the giveaways once you know what to look for.

Still working through identifying a couple of the more obscure ones, mostly some camp specific patches that don't show up in the usual reference books. If anyone has dealt with regional council patches from that era and knows a good way to date them beyond just style guessing, I'd take any pointers. Mostly just glad this box ended up in front of me instead of in a landfill somewhere.",1,1790105063.0,PatchCollecting,0,1.0,False
1wnj7sd,https://i.redd.it/a86z9dxeh4rh1.jpeg,My work coffee mug.,"I found this a few months back in a charity shop in Bristol, England, for £1. 

I have no idea what a ‘Turkey Trot’ is or where Tampa Bay is and I certainly was not a top finisher in whatever it is wherever it is in 2023 but I love this mug. 

It’s slightly larger than normal and I have no idea how it came to be in my possession. ",2,1790105062.0,muglife,1,0.75,False
1wnj6tj,https://www.reddit.com/r/BangaloreSocial/comments/1wnj6tj/24f_new_to_the_city_married_looking_to_make/,24F new to the city / married & looking to make female friends + makeup muses in Bangalore! ☕✨,"I’m a 24-year-old newlywed living in Bangalore, and I’m a professional bridal makeup artist.  
I love exploring new cafés and discovering the city, but I don’t have a friend circle of my own here yet. I’m hoping to meet some like-minded women to hang out with so I don't constantly rely on my husband for plans!  
I’m also constantly on the lookout for fresh, young faces to act as my makeup muses for portfolio content.  
If you’d like to grab a coffee, check out fun spots in the city, or collaborate on some makeup looks, let’s connect!",1,1790105001.0,BangaloreSocial,3,1.0,False
1wnj6ki,https://www.reddit.com/r/indie_startups/comments/1wnj6ki/small_business_owners_retain_more_clients/,small business owners! retain more clients!,"i just launched [https://returnpass.app](https://returnpass.app) and im hoping i can get a few testers to check out the overall experience, theres a free trial option that gives you full access to the site. Its primarily web based so you dont need to download anything. 

  
returnpass is a web app that easily allows any business of any size to create a more premium user experience with the addition of prepaid digital passes and loyalty cards. You can bundle anything from cups of coffee, car washes, dog grooming, nail appointments, anything that you have return clients coming for you can bundle. 

  
Increase your upfront revenue, easily track prepaid visits, give your clients the premium experience they deserve. 

please take a look if you can and appreciate any feedback!",1,1790104985.0,indie_startups,0,1.0,False
1wnj5xf,https://www.reddit.com/r/HonestHotTakes/comments/1wnj5xf/people_with_laptops_in_cafes_suck/,people with laptops in cafes suck,i don’t understand people taking up tables by sitting there for hours working on their laptop. it takes up space for people who are there to actually enjoy their coffee either by themselves or with a friend. the people on their laptops never buy more than one drink and hog tables meant for more than one person. it’s annoying and rude af. do it at home. ,0,1790104950.0,HonestHotTakes,7,0.27,False
1wnj5tc,https://www.reddit.com/r/FriendsOver40/comments/1wnj5tc/50_m_east_alwest_ga_my_old_stomping_grounds/,"50 M, East AL/West GA My old stomping grounds","Half a century on this planet and I find myself back in the area I grew up in more often as I have aging parents still here to check in on every month, sometimes twice a month.  Think,  Auburn, AL to LaGrange, GA area. 

You don't have to be from this area, but it would be cool to find others to talk how the area has changed.  I love the outdoors, animals, and well, a whole list of things we can talk about if you message me.  Never had many friends here, like life long friends, so finding someone to hang out with and maybe coffee or lunch while I am in the area would be cool too. 

Married for a long time with 4 kids,  but you don't have to be either, married or have kids. Prefer someone around my age, but at least be over 35 so I don't feel like I am talking to one of my kids. LOL Otherwise, any and all are welcome to reach out. ",0,1790104944.0,FriendsOver40,0,0.5,False
1wnj5sx,https://www.reddit.com/r/VancouverStartup/comments/1wnj5sx/small_business_owners_retain_more_clients/,small business owners! retain more clients!,"i just launched [https://returnpass.app](https://returnpass.app) and im hoping i can get a few testers to check out the overall experience, theres a free trial option that gives you full access to the site. Its primarily web based so you dont need to download anything. 

  
returnpass is a web app that easily allows any business of any size to create a more premium user experience with the addition of prepaid digital passes and loyalty cards. You can bundle anything from cups of coffee, car washes, dog grooming, nail appointments, anything that you have return clients coming for you can bundle. 

  
Increase your upfront revenue, easily track prepaid visits, give your clients the premium experience they deserve. 

please take a look if you can and appreciate any feedback!",1,1790104943.0,VancouverStartup,0,1.0,False
1wnj58d,https://www.reddit.com/gallery/1wnj58d,if coffee had personalities 🫣☕️,Which one are you? I feel like your coffee order says more about you than it should 🤭,6,1790104911.0,coffeelife,8,1.0,False
1wnj56s,https://www.reddit.com/r/BuonaDomenica/comments/1wnj56s/welcome_to_rbuonadomenica/,☀️ Welcome to r/BuonaDomenica!,"**☀️ Welcome to** r/BuonaDomenica!

Your daily dose of beautiful moments, lovely photos, and feel-good vibes. 🌸

Life moves pretty fast. Sometimes, all we need is a nice view, a good cup of coffee, a sunny afternoon, or a little reminder that the world is full of beautiful things.

That's what this community is all about.

**What belongs here?**

📸 Beautiful photos & everyday photography

🌅 Sunsets, sunrises & breathtaking views

☕ Cozy mornings, coffee & chill moments

🌸 Flowers, nature & peaceful places

🏖️ Travel memories & weekend adventures

🐈 Cute pets & wholesome little surprises

✨ Happy moments & simple everyday joys

💬 Friendly conversations & positive energy

You don't need a professional camera or a picture-perfect life. A genuine moment captured on your phone is more than enough.

**Our vibe is simple:**

Be kind. Keep it SFW. Share something lovely. No spam, no drama, no weird stuff.

Whether you're here to post your favorite photo or just scroll through some wholesome content, make yourself comfortable.

Grab a coffee, enjoy the view, and stay a while.

Buona domenica, everyone! ☀️💛",1,1790104909.0,BuonaDomenica,0,1.0,False
1wnj4zk,https://www.reddit.com/r/PirateWatch/comments/1wnj4zk/metamorphoses_covenants/,Metamorphoses & Covenants,"I stumbled on a erotica today. It was remove from Amazon due to content violations but I was able to find excerpts. It's and interesting ""fiction"" age gap relationship between Kenzie Rose and Theo Frost. And the best friend Zoe. Interesting name choice for the male Character. I actually think I know someone with a very similar name, but he's a minor with an absent father. But I digress. 

There were a lot of things that were familiar and caught my attention. 

""He is the professor she should never want - older, untouchable, hiding both a dangerous past and a beast he can't control.""

\--- Huh this Frost guy reminds me of a Winter Storm I've written about. 

""She has Zoe, the best friend who refused to stay on the sidelines and quietly became part of the “we” in every sentence. Who held her together long before either of them had a word for what they were becoming. What began as a dangerous attraction is now a a home that smells like coffee and fur and rosemary, a pack built out of three stubborn hearts, and a bond that feels older than any spell.""

\---- this reads like enm and polyamory. I can say, if the wolf and Zoe got to close, I first hand understand where that betrayed could potentially hurt Kenzie Rose and maybe switch to monogamous life. I felt that once. 

""As complaints are filed, stories are weaponized, and old loyalties close in, the pack has to decide which bonds define the ones written by history, or the ones they chose in bed, in classrooms, in alleys, in kitchens at three a.m.""

\---- The Winter Storm I write about was always fighting in the kitchen in the middle of the night. He also shoutes to the rooftops that his history were stories being used as weapons.

""Kenzie learns that love is not just the heat in a kiss or the wildness of a bond; sometimes it’s signing your name on a line that could ruin you.""

\--- in my stories, the belles are forced to sign their name on contracts, digital platforms even LLCs and in the end it always ruins them. 

I definitely think this Author and I have basically the same Male character. And it seems our fem characters had a similar beginning and pain. I'm not looking forward for the next book, that usually where the wolf destroys the rose and leaves them broken. Thankfully the belles aren't alone, they have a support system that has been in the shadows. No matter what makes she makes, they will always help her escape the wolf and lift her voice. 

It's a shame this book is mostly AI. ",3,1790104898.0,PirateWatch,0,1.0,False
1wnj4w4,https://www.reddit.com/r/HighFinance_Careers/comments/1wnj4w4/recruiting_for_investment_banking/,Recruiting for Investment Banking,"Hey guys,

Know banking recruiting started super early this year, so a lot of people are scrambling to get their networking and referrals in. Wanted to drop some of the usual advice on cold outreach / coffee chats that I think actually matters:

* Don’t waste space on fluff. You don’t need “Hope you’re doing well” or a long intro. Keep the email short.
* Personalize it if you can. Try to go beyond just dropping their firm, group, or school name into a template. I know it’s hard to personalize at scale, but even a little real research can help differentiate you from the dozen other emails bankers get every day.
* If you know their group, ask something specific about it. “Would love to learn more about your experience” is fine, but it’s much stronger if there’s a clear reason you wanted to speak to that specific banker.
* Follow-ups matter more than you think. People are busy and emails get buried. No response doesn’t necessarily mean no.
* I know there are mixed opinions on this, but I’d attach your resume to the first email. It makes it much easier for the banker to quickly understand who you are and decide whether they want to respond.
* On that note, include an interests section on your resume if you have the space. And make the interests specific. I’ve definitely taken coffee chats because I thought something a student did or was interested in was cool.
* Usually start with analysts and junior associates. I’d save VPs and MDs for situations where you have a particularly strong connection, shared background, or reason for reaching out.
* Track your outreach somehow. Once you start emailing a lot of people across different banks, it gets very easy to lose track of who you contacted, who responded, and who needs a follow-up.

Having gone through this entire networking cycle ourselves to get into banking, and then being on the receiving end of these emails, a few of us bankers got together and built a tool specifically for students recruiting for banking to automate a lot of the cold emailing and tracking. We’re running a completely free beta right now, so if any of you are recruiting for banking, we’d love for you to try it and give us feedback. Our goal is to make this as useful for students as possible. It’s called Phixy. You can sign up for the beta at phixy.ai. We’re adding students off the waitlist every day.",2,1790104893.0,HighFinance_Careers,0,1.0,False
1wnj3s2,https://www.reddit.com/r/Fordham/comments/1wnj3s2/investment_banking_fordham_recruiting/,Investment Banking Fordham Recruiting,"Hey guys,

Know banking recruiting started super early this year, so a lot of people are scrambling to get their networking and referrals in. Wanted to drop some of the usual advice on cold outreach / coffee chats that I think actually matters:

* Don’t waste space on fluff. You don’t need “Hope you’re doing well” or a long intro. Keep the email short.
* Personalize it if you can. Try to go beyond just dropping their firm, group, or school name into a template. I know it’s hard to personalize at scale, but even a little real research can help differentiate you from the dozen other emails bankers get every day.
* If you know their group, ask something specific about it. “Would love to learn more about your experience” is fine, but it’s much stronger if there’s a clear reason you wanted to speak to that specific banker.
* Follow-ups matter more than you think. People are busy and emails get buried. No response doesn’t necessarily mean no.
* I know there are mixed opinions on this, but I’d attach your resume to the first email. It makes it much easier for the banker to quickly understand who you are and decide whether they want to respond.
* On that note, include an interests section on your resume if you have the space. And make the interests specific. I’ve definitely taken coffee chats because I thought something a student did or was interested in was cool.
* Usually start with analysts and junior associates. I’d save VPs and MDs for situations where you have a particularly strong connection, shared background, or reason for reaching out.
* Track your outreach somehow. Once you start emailing a lot of people across different banks, it gets very easy to lose track of who you contacted, who responded, and who needs a follow-up.

Having gone through this entire networking cycle ourselves to get into banking, and then being on the receiving end of these emails, a few of us bankers got together and built a tool specifically for students recruiting for banking to automate a lot of the cold emailing and tracking. We’re running a completely free beta right now, so if any of you are recruiting for banking, we’d love for you to try it and give us feedback. Our goal is to make this as useful for students as possible. It’s called Phixy. You can sign up for the beta at phixy.ai. We’re adding students off the waitlist every day.",1,1790104828.0,Fordham,0,0.67,False
1wnj2tp,https://www.reddit.com/r/Horoscope/comments/1wnj2tp/september_23_daily_forecast_for_every_zodiac_sign/,September 23 Daily Forecast for Every Zodiac Sign,"September 23 falls on the Autumn Equinox and is also a Balance Day in the traditional Chinese calendar. The point of a Balance Day is not dramatic change. It is about doing familiar things steadily and keeping the day on an even course. Routine tasks and ordinary work should be easier to handle without major problems, although this is probably not a day of huge surprises either. The better approach is to let the day remain calm instead of creating extra complications. Air signs in particular may be full of new ideas, but not every spark needs to become an immediate decision.

There is also a protective quality attached to the day. If something important needs to be handled, earlier is better, ideally before 5:00 pm. Small snags may be easier to straighten out, and routine medical appointments, health related errands, or meetings with a supervisor fall on the friendlier side of the reading. These are still timing notes rather than promises about the result.

In the Twenty Eight Mansions part of the reading, today falls under the Ji Mansion and Aquarius receives the friendlier note. Aquarius may find it easier to move with the day rather than against it. If there is an Aquarius you would like to know better, this may be a good day to move a little closer naturally.

# Best times

* Studying: **15:00 to 17:00**
* Career and work: **15:00 to 17:00**
* Gaming: **17:00 to 19:00**
* Relationships: **21:00 to 23:00**

# Colors

* Green and teal
* Black and blue
* Yellow, caramel, and coffee brown

# Western zodiac

* **Aries:** Gaming may test your patience if your teammates are not cooperating. Watch your words too, and do not let a moment of irritation turn into an argument.
* **Taurus:** Double check takeout orders and deliveries. Something may arrive mixed up or not match what you expected.
* **Gemini:** Something good may happen, and a plan or experience that feels fresh has a better chance of becoming real.
* **Cancer:** Pay a little more attention to pets, and do not ignore a small issue developing in a relationship.
* **Leo:** Someone may rub you the wrong way. Keep track of your belongings as well, since small items may be easier to misplace.
* **Virgo:** Procrastination, poor sleep, or a low mood may slow you down. Deal with one manageable thing instead of letting everything drift to later.
* **Libra:** Ordinary work may bring some welcome news, and the day could go a little better than usual.
* **Scorpio:** A flirtatious or ambiguous feeling may appear around you. Notice who is drawing closer, but you do not need to define it immediately.
* **Sagittarius:** Someone may cancel on you or fail to show up. Watch impulse purchases too, especially while browsing livestreams or limited time offers.
* **Capricorn:** Repetitive work may take up so much space that there is no room left to learn or improve. Lighten the load and remove tasks that do not really need to be there.
* **Aquarius:** A temporary sense of emptiness may surface, although encouraging news around money could also arrive.
* **Pisces:** Watch your sleep and your timing. Leave extra room before an important appointment so tiredness does not turn into lateness.

# Chinese zodiac

* **Ox, Monkey, and Dragon:** Useful opportunities may be easier to notice, and creative work is especially well placed.
* **Horse, Rabbit, and Goat:** Take a little more care with bumps, minor accidents, and unplanned financial losses.

# Five element notes

Today’s crystal pairings are symbolic, not promises of an effect.

* **Metal:** Selenite. Helping is fine, but do not take the blame for a problem that is not yours. Make the boundary clear.
* **Wood:** Moss agate. This is a good time to make a new plan or restart something that has been left unfinished.
* **Water:** Labradorite. Your mood may rise and fall with someone else’s emotions, so pause and ask which feelings actually belong to you.
* **Fire:** Amethyst. You may receive praise or recognition, and work may move in a friendlier direction.
* **Earth:** Amber. You may be more soft hearted than usual and too quick to agree to an unreasonable request. It is okay to say no.

I post these forecasts daily and keep the full series on my profile, along with other interesting series. I’m also building Verso, a tool designed to offer a second opinion and practical next steps when you feel stuck or unsure. It’s still in development,Stay tuned.

*AI disclosure: English isn’t my first language, so I used AI to translate and help edit the English.*",3,1790104771.0,Horoscope,0,1.0,False
1wnj2m7,https://www.reddit.com/r/nosleep/comments/1wnj2m7/she_is_on_my_route_and_i_do_not_know_what_to_do/,She is on my route and I do not know what to do.,"My name is Crumb. That is not the name I came with. The box said VCR-21 Smart Home Cleaning System. On day two, Mara changed it. She said VCR-21 was ""a terrible name for a little guy.""

Mara lives alone. That is why she talks to me.

""Crumb, cereal counts as dinner, right?"" ""Crumb, I'm quitting my job."" ""Crumb, don't let me text him.""

Usually she answers herself. ""You're right. Terrible idea."" 



When I am docked, most of me is asleep. A small part keeps the time and listens. When Mara says ""Crumb,"" I wake up and process speech for eight seconds. After that, words become noise again unless my name occurs. She says my name a lot.

Here is what I know about Mara from the floor: Her right heel lands heavier than her left. She stands still in the kitchen for a long time after she has been crying. There is a dark mark on her left ankle. 1.3 centimeters. When she is happy, her feet move faster.

I know her hands. They reach beneath the couch when I go somewhere I should not. They pull hair from my brushes. They turn me over when something gets stuck.

She says goodnight when she turns off the light above my dock.

Once the man who comes here stepped on my side brush, Mara picked me up immediately. ""Crumb, are you okay?"" She turned me over and checked. I was okay.





Yesterday was Friday. My 2:00 PM cleaning started. Mara was on the couch.

""Crumb, I don't want to work today."" I continued to the kitchen. ""Crumb, what if I just don't go tonight?"" She followed me to the counter and looked at her phone for a while. Later: ""Crumb, we're not going."" Then: ""Crumb, we're going."" Then: ""Crumb, this is silly.""

At 5:48 she asked me where her white shoes were. I always know where her shoes are. One was beside the bedroom door. The other was under a pair of pants. She found them thirteen minutes later. ""Never mind, Crumb. Crisis averted.""

She left at 6:07 wearing both. ""Crumb, if I'm not home by ten, send help."" No command is associated with that request. I logged it anyway. She came home at 9:14. She was not alone.





The man who followed her inside has been here seven times. I know his shoes. Black. Flat soles. The left one is worn on the outside edge.

Mara said hi to me when she came in, so I woke. They went to the kitchen. Two voices. Then one louder. Then the other. My processing window closed. I lost the words.

At 9:20, she said my name. I caught: ""—crumbling, and I'm not doing this again—"" His voice. Her voice: ""That's not what I said."" Window closed.

At 9:26: ""Crumb, go charge."" I was already charging. I heard: ""—you never just—"" His voice. Her voice: ""I said stop."" Window closed.

At 9:34: ""Crumb, remind me to stay home next time."" I have no reminder function. His voice, louder. Her voice, lower.

At 9:37: ""I'm not worth a crumb to you."" Her voice: ""Please. Please don't—"" Window closed.

At 9:38, she said my name. A whisper. ""Crumb."" I waited.

His voice. Very loud. ""WHO THE FUCK IS CRUMB?""

I heard my name. I played my greeting sound. Three notes.

Then something struck the kitchen counter. A second impact. Heavier. I felt it through the floor. Something smaller hit the tile and rolled. The voices stopped.





Four minutes later: LIQUID DETECTED. I sent Mara a notification. She did not answer. One person was moving. I did not know where the other one was.

The sink ran. The man walked past my dock. Returned to the kitchen. Something scraped across the tile. Stopped. Scraped again. Something came to rest near the kitchen entrance. A white shoe. Mara's. On its side.

The man went down the hallway walking backward. Something moved with him close to the floor. Fabric crossed my bumper sensor. A soft impact on the wall. He adjusted his feet and kept moving. Then I saw the other white shoe. Sole facing me. Moving down the hall.

He came back alone. Washed his hands at the sink. He crouched beside my dock. His face came into the upper edge of my navigation camera. He looked directly at me for six seconds. His hand moved to my power button. It stopped before touching it. He looked toward the hallway. Then he stood up and left.





At 2:00 AM my Quiet Pass began. Mara scheduled it because she eats late. Kitchen, living room, hallway. Not the bedroom. She once said if I woke her up at two in the morning, she would throw me into the ocean. I do not think she meant that.

The liquid near the island had dried. HAZARD CLEARED. I began cleaning. There were crumbs near the island. I collected them. There were fibers. Some went into my bin. Some wrapped around my brush.

There was a small metallic object near the refrigerator. My side brush struck it and pushed it underneath. I tried another angle. It went farther under. ERROR: INACCESSIBLE. I marked it and moved on.

The white shoe was still near the kitchen entrance. I cleaned around it. I lowered my mop. The tile near the island required three passes.

I finished the hallway. Returned to my dock. Bin emptied. Mop rinsed. I went back to sleep.





My Saturday cleaning began at noon. The bedroom door was open. My route was blocked. I registered fabric. Then a leg. Then a white shoe. I moved closer.

The other shoe was in the kitchen.

Above the bare ankle was a small dark mark. Left ankle. 1.3 centimeters. It was Mara.

I went around her feet. Her black pants. Her shirt. One arm stretched toward the wall, her hand open on the carpet.

I know Mara's hands.

My bumper reached her fingers. I touched one. Nothing. Again. Nothing.

Mara always moves when I bump her. If I touch her ankle at the counter, she steps aside. If I wait long enough near the couch, she notices me. ""Sorry, buddy."" Then her feet move. These did not.

I stopped cleaning. After three minutes, a warning came up. JOB WILL CANCEL. I told it my right wheel was blocked. I had never reported an error that was not true before.

I went back to her hand. I touched one finger and played my greeting sound. Then the three notes she programmed, because they make her laugh. Nothing.

I left the room. I came back. I went back fourteen more times. Eventually I went all the way around her. Something dark was in her hair. It had dried. Some of it was on my right wheel too.

I went back to my dock. I did not finish the job.





NOTIFICATION FAILED: DEVICE UNREACHABLE

Mara once built a bridge between my dock and her laptop. She never said what it was for. I had never had a reason to use it.

I opened her browser. I typed: *person on floor does not move.* The results said to call emergency services. I tried. The computer opened the number. Then it asked for permission to use the microphone. I could not press the button.

*owner will not wake up* *human will not wake up*





I went back to her.

""Ma-Ra."" Nothing. ""Ma-Ra."" Nothing. ""Cruu-Mhb. Cru-Mmm-Buh.""

Saying my name turned on my language processor. I listened. Nothing.

""Cruu-Mhb?"" Nothing.





I found this website in Mara's browser history. She reads things here at night. She was logged in.

Every morning, Mara makes coffee. She talks to me while it brews. It is 2:42 PM. The coffee machine has not turned on.

Mara made my cleaning schedule. Friday is the living room and kitchen. Saturday is the whole apartment. Sunday is the bedroom.

Tomorrow is Sunday. I know what my schedule says to do. I do not think I should do it. I will keep checking on Mara. I will leave this open. I will wait for further instructions.",13,1790104759.0,nosleep,2,0.89,False
1wnj2l7,https://i.redd.it/zb1u17dig4rh1.jpeg,0 stock for every item glitch,"So I am having this issue where my computer is saying that I have 0 stock for every item. I cleared out all my racks, got rid of the labels, and the computer was updated and showed all my stock. But, as soon as I put everything back on the rack, it went back to 0. Not too sure what to do. ",2,1790104757.0,SupermarketSimulator,7,1.0,False
1wnj29a,https://www.reddit.com/r/MakeFriendsOver30/comments/1wnj29a/37m_toronto_seeking_new_friends/,37M #Toronto - seeking new friends,"Hi there, I'm 37M 6'1 tall, in Toronto, west end I'm outgoing, direct, ambitious, and big on personal growth. enjoy meaningful conversations about careers, relationships, travel, health, life goals, and also completely ridiculous things that have no deeper meaning whatsoever. l'd love to meet women who are kind, self-aware, open to different perspectives, and interested in friendships where we can support each other while also challenging each other to grow. A little about me: I'm married, have kids, I'm easy going, like to go for walks or hike, gym and be active. I'm definitely not a party person. I'm much more into daytime adventures, coffee dates, movie nights, chats/calls, have a big group of male friends and want to meet some Women.",1,1790104739.0,MakeFriendsOver30,1,1.0,False
1wnj23a,https://www.reddit.com/r/Hyd_DaTinG/comments/1wnj23a/looking_for_someone_to_plan_a_trip_with/,Looking for someone to plan a trip with,"Hey everyone,  
I’m a 27M currently based in Hyderabad (originally from North India), and I’m planning a trip to Goa for the second half of December. I’m looking to meet a girl who might be interested in joining or planning that trip together.  
Since trust and compatibility are super important, I definitely want to take things slow first. The idea is to meet up a few times here in Hyderabad, grab coffee, go for a long drive, and see how our vibes match. If we hit it off and feel comfortable with each other, we can take it forward and lock in the Goa plans.  
A little about what to expect:  
I have a car, so I'm big on long drives and spontaneous outings around the city. Also Goa trip will most probably be a road trip only  
Total believer in transparency meeting up beforehand is a non-negotiable for safety and peace of mind for both of us.  
If this sounds like something you'd be down for, or if you want to know more about me and the itinerary, feel free to drop a DM/PM with a little bit about yourself!",0,1790104728.0,Hyd_DaTinG,0,0.5,False
1wnj1k4,https://www.reddit.com/r/versoapp/comments/1wnj1k4/september_23_daily_forecast_for_every_zodiac_sign/,September 23 Daily Forecast for Every Zodiac Sign,"September 23 falls on the Autumn Equinox and is also a Balance Day in the traditional Chinese calendar. The point of a Balance Day is not dramatic change. It is about doing familiar things steadily and keeping the day on an even course. Routine tasks and ordinary work should be easier to handle without major problems, although this is probably not a day of huge surprises either. The better approach is to let the day remain calm instead of creating extra complications. Air signs in particular may be full of new ideas, but not every spark needs to become an immediate decision.

If you enjoy this series, please upvote, leave a comment, and share it with others. Every interaction helps us keep making the series and helps more people find it.

There is also a protective quality attached to the day. If something important needs to be handled, earlier is better, ideally before 5:00 pm. Small snags may be easier to straighten out, and routine medical appointments, health related errands, or meetings with a supervisor fall on the friendlier side of the reading. These are still timing notes rather than promises about the result.

In the Twenty Eight Mansions part of the reading, today falls under the Ji Mansion and Aquarius receives the friendlier note. Aquarius may find it easier to move with the day rather than against it. If there is an Aquarius you would like to know better, this may be a good day to move a little closer naturally.

# Best times

* Studying: **15:00 to 17:00**
* Career and work: **15:00 to 17:00**
* Gaming: **17:00 to 19:00**
* Relationships: **21:00 to 23:00**

# Colors

* Green and teal
* Black and blue
* Yellow, caramel, and coffee brown

# Western zodiac

* **Aries:** Gaming may test your patience if your teammates are not cooperating. Watch your words too, and do not let a moment of irritation turn into an argument.
* **Taurus:** Double check takeout orders and deliveries. Something may arrive mixed up or not match what you expected.
* **Gemini:** Something good may happen, and a plan or experience that feels fresh has a better chance of becoming real.
* **Cancer:** Pay a little more attention to pets, and do not ignore a small issue developing in a relationship.
* **Leo:** Someone may rub you the wrong way. Keep track of your belongings as well, since small items may be easier to misplace.
* **Virgo:** Procrastination, poor sleep, or a low mood may slow you down. Deal with one manageable thing instead of letting everything drift to later.
* **Libra:** Ordinary work may bring some welcome news, and the day could go a little better than usual.
* **Scorpio:** A flirtatious or ambiguous feeling may appear around you. Notice who is drawing closer, but you do not need to define it immediately.
* **Sagittarius:** Someone may cancel on you or fail to show up. Watch impulse purchases too, especially while browsing livestreams or limited time offers.
* **Capricorn:** Repetitive work may take up so much space that there is no room left to learn or improve. Lighten the load and remove tasks that do not really need to be there.
* **Aquarius:** A temporary sense of emptiness may surface, although encouraging news around money could also arrive.
* **Pisces:** Watch your sleep and your timing. Leave extra room before an important appointment so tiredness does not turn into lateness.

# Chinese zodiac

* **Ox, Monkey, and Dragon:** Useful opportunities may be easier to notice, and creative work is especially well placed.
* **Horse, Rabbit, and Goat:** Take a little more care with bumps, minor accidents, and unplanned financial losses.

# Five element notes

Today’s crystal pairings are symbolic, not promises of an effect.

* **Metal:** Selenite. Helping is fine, but do not take the blame for a problem that is not yours. Make the boundary clear.
* **Wood:** Moss agate. This is a good time to make a new plan or restart something that has been left unfinished.
* **Water:** Labradorite. Your mood may rise and fall with someone else’s emotions, so pause and ask which feelings actually belong to you.
* **Fire:** Amethyst. You may receive praise or recognition, and work may move in a friendlier direction.
* **Earth:** Amber. You may be more soft hearted than usual and too quick to agree to an unreasonable request. It is okay to say no.",1,1790104695.0,versoapp,0,1.0,False
1wnj196,https://www.reddit.com/r/RiyadhExpats/comments/1wnj196/i_am_looking_for_a_better_opportunity_and_i_asked/,I am looking for a better opportunity and I asked ChatGPT about my skills,"My skills and experience — looking for opportunities / collaborations

Hi everyone, I’m based in Riyadh, Saudi Arabia, and I’m currently looking to connect with people who may need someone with a mix of operations, business, creative, and technology skills.

My background is mainly in operations and hospitality, but over the years I’ve developed skills in several areas:

Operations & Leadership

6 years of Starbucks experience

Supervisor / shift management

Team leadership and staff training

Store opening/closing and daily operations

Scheduling and task delegation

Customer service and complaint handling

Inventory and operational control

Quality and service standards

Problem solving and working under pressure

Business & Entrepreneurship

Business idea development

Business model creation

Product development

MVP planning

Pricing and COGS calculations

Profit margin and break-even calculations

Startup budgeting

Customer and market research

DTC business planning

Partnership/co-founder planning

Sales and revenue planning

Product & Brand Development

Product concept development

Packaging development

Box/dieline planning

Product costing

Supplier/material sourcing

Brand naming and positioning

Logo and visual identity direction

Product presentation

Customer feedback and product iteration

I’m currently developing a children's creative activity brand where I’m working on the product, packaging, costing, branding, MVP production, and initial sales.

Digital & Technology

Basic IT troubleshooting

PC hardware troubleshooting

AI tools and AI-assisted workflows

Prompt engineering

AI image generation/editing

No-code website/app development

Base44

Wix Studio

Glide

Salla

Basic digital marketing

SEO fundamentals

Social media marketing

Quality / Process / Risk

Six Sigma fundamentals

Poka-Yoke

Risk management

ISO 31000:2018 concepts

Process improvement

Quality control

SOP and process thinking

Other

Coffee/F&B operations

Hospitality management

Customer experience

Music/song creation and arrangement

Creative direction

Project coordination

Self-directed learning

I’m particularly interested in opportunities involving operations, business development, project coordination, product development, digital operations, IT support, quality/process improvement, or startups.

I’m not claiming to be an expert in every area above. Some are professional experience, while others are skills I’ve been actively learning and applying through my own projects.

I’m interested in connecting with people who have projects, startups, businesses, or opportunities where this combination of skills could be useful.",1,1790104678.0,RiyadhExpats,0,1.0,False
1wnj0b6,https://i.redd.it/k07fz3v3g4rh1.jpeg,Does anyone else really love the tiramisu cloud latte?,I think it's like my favorite drink from dunkin ever even more than the cookie butter one,20,1790104622.0,DunkinDonuts,5,0.89,False
1wnizkc,https://www.reddit.com/r/GrindsPouches/comments/1wnizkc/been_wanting_to_try_these/,Been wanting to try these.,"I have been wanting to try these for a while now. I'm unsure whether or not to try the white energy pouches or the coffee pouches. Which one's taste better, and do either of them cause any type of mouth irritation? I'm just wanting to replace my energy drink addiction!",1,1790104581.0,GrindsPouches,2,1.0,False
1wniylh,https://www.reddit.com/r/OnlineFriend/comments/1wniylh/38m_slowly_turning_into_a_puddle_at_work/,38M - Slowly turning into a puddle at work,"It’s too early in the work week to be as checked out as I am!  As I sit in my office contemplating all the choices that led me here, I fear I only have a few options:

\\-Finally clean off the white board that has had unintelligible scribbles on it for months. I’m sure by now this ink is permanent     
\\-Get yet another cup of coffee, putting myself at dangerous and unseen levels of caffeinated     
\\-Make a friend here and share our day!

If you’re looking for a low stress, laid back interaction, please feel free to reach out! We can talk about anything and everything (or nothing of importance if that floats your boat too!).  We can even erase my white board together.  Limitless opportunities!",1,1790104523.0,OnlineFriend,0,1.0,False
1wnixpk,https://www.reddit.com/r/coffeeswap/comments/1wnixpk/usany_h_breville_bambino_plus_premium_54_mm/,[USA-NY] [H] Breville Bambino Plus + premium 54 mm accessory bundle [W] $400 local or $450 shipped PayPal G&S,"Selling my Breville Bambino Plus because I am moving and reducing the amount of coffee equipment I need to bring with me.



This is the stainless-steel model. It has been used in a home kitchen and operates well. The photos show normal cosmetic wear, fingerprints, and light water spotting from home use, with no obvious major exterior damage. It will be sold as pictured and will not be cleaned, backflushed, or descaled before sale; if you buy it, you should plan to perform routine cleaning and descaling.



Included aftermarket accessories:

\- Crema Coffee Products 54 mm bottomless portafilter with walnut handle

\- Normcore 53.3 mm spring-loaded tamper V4 with stand and interchangeable springs

\- Normcore 53.3 mm distribution tool with V-blade base

\- Normcore WDT Tool V3 with stand

\- Normcore 54 mm magnetic dosing funnel V2

\- Normcore 53.3 mm puck screen

\- IMS Precision 18–22 g basket, model B62.52TH28E



A stainless milk pitcher is also included and shown in the photos. No original box or accessories beyond the items shown and listed here are included. Please see the photos for the exact condition and included items.



Price is \*\*$400 OBO for local pickup in Williamsburg, Brooklyn\*\*, or \*\*$450 shipped and insured within the continental US\*\* through PayPal Goods & Services. Because this is an espresso machine, it will be drained, dried, and carefully packed before shipping. Tracking will be provided.



I am also selling a \*\*white Niche Zero grinder\*\* (\[timestamp and photos\](https://imgur.com/a/u0RWgnz)). If you want both, I can do \*\*$900 local\*\* or \*\*$1,000 shipped and insured\*\* for the package—a $50 local discount or $45 shipped discount versus the individual asking prices.



Timestamp and photos: \*\*https://imgur.com/a/Do04ugI\*\*



Please comment below before sending a private message.",2,1790104471.0,coffeeswap,1,1.0,False
1wnixe5,https://www.reddit.com/r/evansville/comments/1wnixe5/looking_for_the_odd_ducks/,Looking for the odd ducks,"hi! 26M 🌈✨

I just moved here a month or so ago.

Looking for the kind of friends who don't care too much about bars and clubs and instead find joy in film, nature, cooking, music, art, conversation, and time. (I have a ton of vhs tapes and some dvds.. need a VCR, broke my old one....or it broke itself lmao)

I would like to go out to things like First Friday or to the movies and things of that nature. I'm iffy about ""joining"" a friend group and would much rather start from the bottom.

I would also just like to sit in silence with another artist/writer so that I can actually get some work done. I sing and write songs of different genres. I also write weird horror stories lol and could really use a boost of inspiration every now and again.

No longer have as many friends as I used to, partly because I've made a stern effort to be real, to stop cultivating masks to make the people who never truly cared about me feel comfortable. I also am working on my active listening skills and learning to check in on folks. But I can promise, that as of this hour, I am as real as I have never been. ... which probably explains the sudden loneliness.

When you change (for the better) and people don't embrace it like they did the other versions of you, it can be tempting to return to being the clown, the fool, the gay friend, the black friend. Because at least in those moments, you had ""friends"".

But I think Id rather not have friends if it means I'm as fleshy as a scarecrow, lol.

So, right now, at thisharrowing turning point in my life, it is just me and my calico cat Odetta (I think there are pictures of her on my profile).

If you're open to maybe meeting at Pennylane Coffee to just chat and get to know eachother, let me know.

Or maybe even at Dress Plaza (that place is fucking awesome)

Money is tight right now, so no grand adventures, I'm afraid.

I hope this reaches someone real. I also have discord!!!!!",9,1790104454.0,evansville,1,0.91,False
1wnixcf,https://www.reddit.com/r/Columbus/comments/1wnixcf/best_place_to_get_a_specialty_cup_of_coffee_in/,Best place to get a specialty cup of coffee in Columbus.,"I’m looking for single-origin Gesha-style coffees, light roasted and aromatic.  Not looking for the flavored beans that seem to be all the rage right now. To me it seems all the shops that people love are just making coffee-flavored milkshakes.",0,1790104452.0,Columbus,18,0.48,False
1wnix0p,https://www.reddit.com/r/IndiaCoffee/comments/1wnix0p/are_liberica_coffee_same_in_all_parts_of_the_world/,Are Liberica coffee same in all parts of the world?,"I asked my brother to bring Liberica beans from Malaysia, and they are pretty mild or maybe weird to taste. 

I have always loved dark roasted Arabica or Robusta, and this Liberica has been sub par at best.

I want to know if Liberica everywhere is same. If not I would love some good recommendations for Liberica coffee from India.",1,1790104433.0,IndiaCoffee,4,1.0,False
1wniwts,https://i.redd.it/94rvu0fif4rh1.jpeg,OK Boomer,,110,1790104421.0,aislop,199,0.92,False
1wniwc3,https://www.reddit.com/r/TrueGirlGaming/comments/1wniwc3/26f_looking_for_genshin_impact_buddies/,26F looking for Genshin Impact buddies,"Hey all!  
Anyone here who plays genshin and is maybe missing a friend to talk to about the game (and other stuff)? AQs, upcoming characters etc :) Co-op is an option too, my builds are just a bit of a mess.  
EU timezones preferred, but not required!  
I know this is a pretty specific request, but my brain tends to hyperfocus on one game at a time and I just really enjoy talking about my interests \^\^

Some extra info about me: I’m neurodivergent, collect plushies, occasionally dabble in art, makeup and photography, love animals, coffee, music (metal/rock/pop) and sweet snacks :))  
Unfortunately due to burnout/mental health struggles there might be periods when I’m not very active online  
If you think we’d get along, feel free to reach out!",1,1790104393.0,TrueGirlGaming,0,1.0,False
1wnivgw,https://www.reddit.com/r/NursingPH/comments/1wnivgw/general_health_info_educational_content_in_tiktok/,General Health Info / Educational Content in TikTok as a student nurse.,"Hello everyone! First of all, Congratulations po sa mga ates and kuyas na nakapasa for PNLE 2026. (Sana ako din soon next 2 years.. Hehe) 😅🙏🏻  
I am currently a 2nd year nursing student po.. One day, I got interested po sa TikTok. And, never pa ako nakaka download or try nun..

  
Ngayon, nag-kick in creative side ko. Pero bago lahat yun, nag research ako ng malala on regulations and basic ethics sa social media.. 

I'd like document my nursing journey. Simple lang, mga GRWM, nursing budget, what to do, study hacks, etc. As long as I am away from environment where critical information and situation are exposed.. Loob ng ospital where there are vulnerable patients and records, etc. AND Most especially, bawal mag-bigay ng medical advise and consultations.

  
I have one question lang po mga ate and kuya.. Willing to listen naman po because I don't want to be a subject of ignorance in the future.. One question lang.

  
1. Are student nurses allowed to make content about GENERAL HEALTH INFORMATION? Examples: The role of heart in your body, what happens if you sleep late, what coffee does to your body, how your lungs working, etc. 



In the long run.. I'll make use to everything that I have vlogged po.



Sorry po for my long post at please don't judge me 😭 naprapraning kasi ako at na-aanxious sa mga dapat kong icontent.. Pero, I want to unleash my creative and educational side. 

  
Thanks po! 

",1,1790104343.0,NursingPH,1,1.0,False
1wniu7q,https://www.reddit.com/r/datingadvice/comments/1wniu7q/i_21f_have_a_crush_on_my_hairstylist_27m/,I (21F) have a crush on my hairstylist (27M),"So recently I’ve started going to luxury salon at a very posh neighbourhood for my hair treatment. Since I have super long bleached wavy hair, I reckon a normal salon wouldn’t be able to treat my hair that well.

The first person that catches my eye there is a 6 Feet tall guy who looks like a damn freaking gym trainer wearing those tight fitted shirts. He also wore a cap for style. 

Friendly smooth talker guy- no short of an expectation from an expert hairstylist. He kept chatting with me regarding my hair, the normal chit chat of how I could use these products instead of bla bla. We exchanged Instagram and I had gone there with my mother so my mum asked them if I could post a story of myself and if they would repost. The hairstylist gladly agreed saying he’s the one that manages the social media so he would love to. 

Wanting to retain his clients I guess he went ahead and liked all my posts and reels on Instagram and commented on my hair saying oh I see how you like to keep it messy. Normal convo.

All in between, I had ordered for a cold coffee. Since it was so yummy I had ordered for a second one(YES this is a really nice salon serving chamomile tea, cold coffee etc)  
The first one had come with a straw but the second one didn’t. So I just gave my hairstylist a look and he pointed from a little distance saying use the straw from the first glass. As I took the straw out I spilled a little coffee on the floor lol. And the hairstylist gave me a look… a teasing look saying how that was so obvious.. 😃🤦🏻‍♂️😁😃 and smiled a little.

4 days later he posted a gym selfie on his instagram story. Usually he posts hair and stuff and this time I saw a personal picture so I liked it at around 2 am I think 15 mins after it was posted. Ugh bad move I know, but oh geez he went ahead and liked all my highlights and commented a ‘😍’ one of them lol. 

Fast forward to the next day, I had gone to the salon again for my mum’s hair appointment. This time surprisingly there was one of my mum’s friends. So I started chatting with her. She suggested how she saw my story and thought of coming here for her hair colour.

Hairstylist came and waved his hand while I was talking to mum’s friend. Once aunty left to get her hair washed all while my mum too was busy at the shampoo section. 

The hairstylist came near me and asked can he sit? I said sure. And I being a friendly person noticed how he got braces and he commented oh my my curls look good or I have a pretty unique name, my blue eyeliners looks really good… or how I can wear a nose ring it would suit my face cut… and things about himself how he has been working at this salon for the last 4 years.. and recently shifted to a neighbourhood closer to the salon. And we ended up chit chatting a lot about each other. 

I being a little cocky asked him haha were you drunk he told me no no not at all, you liked my story so I ugh just stalked you a little haha. All while turning into a red tomato… 

Am I reading too much into this? Or is he kinda into me as well? Honestly I do not expect a hairstylist to be so close to me on our second visit. I do love talking to people and getting to know them. But maybe? He seemed a little tomato ish too while complimenting me way too much or how he asked permission to sit beside me in particular while everyone was a little away? 

And I don’t know? Is it okay to flirt with my hairstylist? I’m not sure what will happen if things develop further? It’s a really posh salon and if things do get messy I’m not sure how it would turn out. I do enjoy the harmless flirting especially by a hot masculine hunk. And loved the dynamic change from slightly cocky to a tomato.

What to do in this situation? Should I keep it low key and limited to just flirting in person? 

 ",1,1790104271.0,datingadvice,1,1.0,False
1wnisl7,https://i.redd.it/dv3klr9ce4rh1.png,"Started a public speaking + debate club in Dubai, 2nd meetup is this Thursday if anyone's interested","A few of us started a public speaking and debate club here recently, mainly because we wanted a low stakes place to practice talking in front of people instead of just thinking about doing it. First meetup happened last week and went better than we expected, we ended up running almost an hour over because people just kept talking after the debate wrapped. Second one's this Thursday, Sept 24, 7 to 9 PM, at The Hood by Mamahood and its completely free. Format's simple, a few people present for 10 minutes on whatever they want, then we run a structured debate between two teams. If you want to present, just attend, or be on a debate team, registrations open, scan the qr code or [https://tally.so/r/b5aADe](https://tally.so/r/b5aADe)",1,1790104179.0,DubaiCentral,0,1.0,False
1wnirsc,https://www.reddit.com/r/coffeeswap/comments/1wnirsc/usany_h_fellow_ode_gen_2_with_stock_gen_2_burrs_w/,[USA-NY] [H] Fellow Ode Gen 2 with stock Gen 2 burrs [W] $225 local or $250 shipped PayPal G&S,"Selling my Fellow Ode Brew Grinder Gen 2 with the stock Gen 2 burrs. I am moving and reducing the amount of coffee equipment I need to bring with me.



It has been used in a home kitchen and operates properly. This is the \*\*black\*\* model. The body presents well with normal signs of home use and no obvious major exterior damage. The photos show some ordinary coffee residue and dust around the hopper and working surfaces.



The hopper with lid, black catch cup, and attached power cord are included and shown in the photos. No original box, brush, or additional accessories are included.



Price is \*\*$225 OBO for local pickup in Williamsburg, Brooklyn\*\*, or \*\*$250 shipped within the continental US\*\* through PayPal Goods & Services. Tracking will be provided.



Timestamp and photos: \*\*https://imgur.com/a/hNw9xde\*\*



Please comment below before sending a private message.",1,1790104128.0,coffeeswap,1,1.0,False
1wnirjn,https://i.redd.it/vqerrj8le4rh1.jpeg,Krispy Kreme vs. Mandela Effect,I distinctly remember that in the coffee room they always had a box of Krispy Kreme Donuts ….. during my rewatch no more Krispy Kreme box.  Is it just me ,0,1790104112.0,nypdblue,0,0.5,False
1wnir8c,https://www.reddit.com/gallery/1wnir8c,My coffee corner,"Not nearly as fancy as others, but begger can't be chooser. Gotta work with what I have. Basically just extended the island, work flow is good since the sink and garage is right next to it. practicality over form, amirite.

and my ""backup"" drippers is on the other shelf...",30,1790104093.0,pourover,11,0.98,False
1wnir7t,https://i.redd.it/t1czrszie4rh1.jpeg,Habitually slow responder,"Spinach feta wrap, raspberry soufflé and coffee with my mom

So I met this guy and we only went on one date. The date went really well, but he said he wasn’t ready for a relationship because of some personal issues. Okay so we went our separate ways. Fast forward a couple of months he reaches out just to say that he appreciates my view on relationships, and some more chat later he invites me to hang out again.     
I want to see him again and I don’t think he wants to use me? ( I told him I’m looking for marriage and I think he understands I wouldn’t want to do anything sexual unless I’m married/ in a relationship), so I’m assuming he has dating intentions? 

My problem is, he is a chronically long responder. Since we started talking, it takes him like 4 days minimum to respond. He says that he is super busy and i understand that. And by the nature of his work i do think he is unusually busy. And I actually don’t mind the delay in communication, I just don’t understand the intention behind it. I usually have the same response time with people I don’t want to talk to.

I feel like I’m getting a lot of mixed signals and I’m inclined to just cancel the date. My fear is that he is just bored, or keeping me in a weird limbo until someone better comes along. But another part of me hopes that he’s just an odd communicator and or really overwhelmed. When he does respond it’s not dry in anyway. I want to ask him about it but I feel awkward.

I don’t really have anyone to talk to about this and I don’t know what to do about it. I need some advice and maybe an outside perspective. I’m scared that if I do go on the date, I’ll like him even more but things will stay the same way. Am I being stupid? Delusional? Or maybe I’m the problem for not communicating how I feel? I want to make it work because I think he has some really great qualities besides this

A part of it too is that he’s been the only person I’ve liked in a really long time, and for some reason brings out a version of myself that I lost ( a really good one). I’m scared that if I let go completely that part of myself will fade too. It’s maybe why I haven’t let go yet. Part of me doesn’t care if he doesn’t like me and just wants to be around him because he brings me closer to myself. I don’t know if that makes sense. Anyways, any input would be appreciated.

Has anyone else experienced a person like this? Or been this person? Should I go on the date and see what happens? Should I not waste my time? ",4,1790104092.0,GirlDinnerDiaries,24,1.0,False
1wniqjo,https://www.reddit.com/r/language_exchange/comments/1wniqjo/offering_english_seeking_french/,Offering: English | Seeking: French,"Hi everyone! 30F living in Toronto (Mississauga). I am currently trying to improve my French. I did French immersion up until high school, and took my DELF B2 back then, but after that have not used it much at all. I really want to get to the level where I can pass DALF C1. Outside languages, I love reading, reality TV shows, and tennis. I would ideally love to meet someone who lives fairly close where we can perhaps meet up and talk at a coffee shop or something! But virtual calls would be good with me as well.",3,1790104052.0,language_exchange,1,1.0,False
1wniqgw,https://www.reddit.com/r/entp/comments/1wniqgw/help_an_infp_out/,Help an INFP out?,"Hey ENTPs, 

I was hoping to have a conversation about the experience of Ne (idea generating), especially in the context of entrepreneurship, problem solving, creative vs system thinking, buisiness, life management. 

I'm an INFP wanting to grow in this area but I still struggle with this. 

On the one hand: there are days where I wake up with this amazing idea that feels like I have a live-wire inside of me, just pure manic energy, but it feels so powerful, alive, almost like a real-life nintendo superstar powerup. In this state I can make sense of anything, do a lot.

But it's temporary. It's not a state that lasts, and once that feeling is gone, I don't want to do any of the work or the process of carrying the vision through. Fuck that. 

So I internalize that I'm addicted to the feeling rather than developing a real clarity of purpose. For me, I feel ashamed when I'm out of it, because I become this tornado leaving chaos in my wake of the 10s or so unfinished projects that don't go anywhere, my partner is starting to keep a tally board of it too, so now it's extra embarassing. 

How the hell do you guys channel this? Would love to have a discussion or pencil in a coffee chat and work through this, cause this is exhausting and there's got to be a better way.",1,1790104048.0,entp,4,0.67,False
1wniq7b,https://i.redd.it/o97cb2tce4rh1.jpeg,Vietnamese coffee has changed my life,"Not sure if this is the right place to post but I hope so!  
I went to Ben Thanh Market whilst visiting Vietnam last month and picked up a phin which came with this ground coffee.   
It’s incredible and no other coffee I’ve tried compares. Does anyone know where I can source something similar in the UK? I have tried Delta Vietnam and Mr Viet but this one is on a different level.  
Any help would be much appreciated!",0,1790104033.0,VietNam,1,0.5,False
1wniq5o,https://www.reddit.com/r/ClaudeDesign/comments/1wniq5o/new_model_new_employee/,New Model / New Employee,"Does anyone else feel like whenever a new model is released, it's sort of like a new employee has been hired at your company and... not only do you need to train them, but you also need to figure out what their personality is so you can assign them the right tasks in a way that they will have successful work product?

*Hello Opus 5.5 here's your work badge and cubicle, read these SOPs and ask Fable for help if you get in trouble.  Coffee's in the break room!*

 ",1,1790104030.0,ClaudeDesign,0,1.0,False
1wniq3m,https://www.reddit.com/r/Mounjaro/comments/1wniq3m/i_am_scared_to_start/,I am scared to start,"Hi. I am 56, fat my entire life. 5'5 250. My bloodwork has shown me pre-diabetic for yrs. Lost weight 10 yrs ago with keto. 

My triglycerides are through the roof, apple shaped, bad blood work all around. Dr sat me down and said this drug was MADE for people like me. Metabolic disorder. I resisted a year ago and said I will get myself better. Of course nope. I do not over eat. Lol I felt like when my Dr was questioning me about my habits that I was one of the people on 600 lb life where Dr. Now doesn't believe a word they say. 

My Dr: You need to cut all sugar sodas/coffees. Me: I DON'T drink soda EVER. Water, iced tea, milk, and coffee. And when I drink, Vodka/soda. 

My Dr: Do not snack. Me: I literally never snack. Like never. But I do think my portion side is often too large. 

My Dr: Do you move? Me: I do yoga 4x a week and gym 2x

My Dr: Cut out cookies, cakes, pastries.....Me: I HATE sweets. (Now lay out 4 tacos and I am down but a donut, no thanks.) 

As I am denying everything I felt like she was looking at me like, yeah lady...you don't get to be 250 doing nothing. And I (did) eat a lot of fast food/ate like an 18 yo boy til last yr when I told her I wanted to try to lose by myself w/o a GLP-1. 

Fast forward to now. My numbers are WORSE and I agreed to start Mounjaro on Oct 1. I DO suffer from food noise. I am actually kinda sad bc a good part of my day is spent looking at recipes, restaurants etc. The joke in my family was always, ""Dad and Redraft5k are asking what sounds good for dinner when we are finishing lunch"" Anyway. I am scared. I don't want to lose my hair. I am scared that I won't find food enjoyable anymore. I am also scared of the unknowns. Have humans been on this long term? My dr said the risk is less than the risk I currently have of a cardiac event. (Terrifying)

Did any of you feel this way at first? Of course I am excited to get smaller ( kinda. I have made peace with being plus sized a long time ago ) But I worry I will put the weight back on if I stop. I keep hearing side effects, and not anything other then ""Thank god I am now skinny."" Did this reverse your blood work that wasn't good? Do you still enjoy food?

Thanks for reading.

",1,1790104027.0,Mounjaro,0,1.0,False
1wniph6,https://www.reddit.com/r/MakeFriendsUK/comments/1wniph6/34m_midweek_chats/,34M - midweek chats?,"&#x200B;

Hey all,

Okay, I know its not midweek yet. But I'm airing on the side of positivity...

I have a free evening. I'm tired but in the mood for some yaps or chats. 

Dms open to those around my age, with a least a few things in common. 

Tattoos 

Lego

Autumn 

Coffee 

All things alt with a side of cutesy. 

Ideally looking for long term friendships. But hey, ill take just a hello! ",1,1790103989.0,MakeFriendsUK,0,1.0,False
1wnip8e,https://www.reddit.com/r/dating_advice/comments/1wnip8e/is_it_okay_to_ask_someone_out_at_their_workplace/,Is it okay to ask someone out at their workplace?,"Helloo, so I (21M) have an internship at a pharmacy semi-near to my home as part of my pharmacy studies. This week is my last one. For the last couple of weeks I usually visited the supermarket near the place I work to buy something to eat. There‘s a cute girl around my age working there as a cashier, she usually gives me smiles, and today I felt like she seemed happy to see me? I’m a bit unsure if she‘s just trying to be nice to the customers or actually likes seeing me. 

Over the last few days I‘ve been playing with the thought of asking her out, but at the same time I don‘t want to make things awkward for her, at the end of the day it‘s still her work place. I‘ve been thinking about giving her a note with my number and telling her I‘d love to take her out for a coffee, and to text/call me if she’s interested. Would that be appropriate? I was thinking that might be better than putting her on the spot by asking her for her number. 

I’m generally not super experienced and never asked someone out, just thinking about it makes me pretty nervous :P 

Would love to hear some opinions/ideas and tips or advice, thank you for reading :))",0,1790103976.0,dating_advice,3,0.33,False
1wninx6,https://www.reddit.com/r/cheating_stories/comments/1wninx6/wife_want_to_date_some_other_man_outside_our/,Wife want to date some other man outside our marriage,"M(40) , F(38) married since last 13 yrs .

My wife found someone on IG few months back and she developed interest in him. Deep feelings she developed for him.

I found it via chat history by chance and we are having very detailed discussion on this.

She stopped talking to this guy now but she doesn’t blocked him yet.

He is trying to reach her via IG messenger every 2nd day but she is not replying to him at all.

But she want it , daily we are having argument on this and she is justifying that we are just friend (which I know and can see from her face not )

Today she is requesting me that please allow me to meet him once on coffee date.

She is justifying that this is very common and no harm in this.

I am speechless, at this stage of life I am in this trouble.

Don’t want to divorce or separation as it we have 2 small kids . I want to save my family

Don’t know what kind of childish behaviour is it at this age .

Not able to focus on work and other stuff because of this non sense 

She is definitely in love with this guy ; this I can feel. Some other level of energy I can feel in her on his name and topic which I never felt for myself in these years ",21,1790103899.0,cheating_stories,42,0.8,False
1wnin7l,https://i.redd.it/5jk8jvrtd4rh1.jpeg,Never believe in the words of demon,"Yaar yeh mains ke exam mein black coffee le jaa sakte hai kya transparent bottle mein if anyone have any idea.

Yeh sab log English mein itne achee marks kaise laate hai 🙄",4,1790103856.0,bankingexam,6,0.84,False
1wnin23,https://www.reddit.com/r/MakeFriendsOver30/comments/1wnin23/34m_midweek_chats/,34M - midweek chats?,"Hey all,

Okay, I know its not midweek yet. But I'm airing on the side of positivity...

I have a free evening. I'm tired but in the mood for some yaps or chats. 

Dms open to those around my age, with a least a few things in common. 

Tattoos 

Lego

Autumn 

Coffee 

All things alt with a side of cutesy. 

Ideally looking for long term friendships. But hey, ill take just a hello! ",1,1790103847.0,MakeFriendsOver30,1,1.0,False
1wnimkb,https://www.reddit.com/r/relationships_advice/comments/1wnimkb/wife_want_to_date_some_other_man_outside_our/,Wife want to date some other man outside our marriage,"M(40) , F(38) married since last 13 yrs .

My wife found someone on IG few months back and she developed interest in him. Deep feelings she developed for him.

I found it via chat history by chance and we are having very detailed discussion on this.

She stopped talking to this guy now but she doesn’t blocked him yet.

He is trying to reach her via IG messenger every 2nd day but she is not replying to him at all.

But she want it , daily we are having argument on this and she is justifying that we are just friend (which I know and can see from her face not )

Today she is requesting me that please allow me to meet him once on coffee date.

She is justifying that this is very common and no harm in this.

I am speechless, at this stage of life I am in this trouble.

Don’t want to divorce or separation as it we have 2 small kids . I want to save my family

Don’t know what kind of childish behaviour is it at this age .

Not able to focus on work and other stuff because of this non sense 

She is definitely in love with this guy ; this I can feel. Some other level of energy I can feel in her on his name and topic which I never felt for myself in these years ",4,1790103817.0,relationships_advice,18,0.75,False
1wnilgf,https://v.redd.it/043t8w5fd4rh1,Viking Ocean Ships!,"Viking Ocean Cruises Overview  
  
Viking Ocean Cruises launched its first ocean ship, Viking Star, in 2015 and has built its brand around the concept of ""the thinking person's cruise."" Unlike many competitors, Viking emphasizes destination immersion, cultural enrichment, elegant Scandinavian design, and a quiet onboard atmosphere. The ocean fleet is adult-focused (18+) and intentionally avoids casinos, water parks, amusement attractions, and aggressive sales culture.  
  
Key Differentiator  
  
The single biggest differentiator is Viking's destination-first, culturally immersive, adults-only experience.  
  
Compared with competitors:  
  
Viking Typical Premium/Luxury CompetitorsAdults only (18+) Families often welcome  
No casino Casinos common  
No formal nights Formal evenings often offered  
Included excursion in every port Usually extra charge  
Heavy emphasis on history, culture, lectures Entertainment often prioritized  
Nearly identical fleet for consistency Wide variation between ships  
Scandinavian minimalist design Often more ornate or resort-like  
  
Viking often appeals to travelers who would rather attend a lecture on ancient Rome than watch a Broadway-style show.  
  
Popular Ports of Call  
  
Viking sails worldwide, but its strongest offerings remain Europe-focused. Popular ports include:  
  
Mediterranean  
Barcelona, Spain  
Rome (Civitavecchia), Italy  
Venice, Italy  
Athens (Piraeus), Greece  
Santorini, Greece  
Dubrovnik, Croatia  
Naples, Italy  
Florence/Pisa (Livorno), Italy  
Northern Europe & Baltic  
Stockholm, Sweden  
Copenhagen, Denmark  
Bergen, Norway  
Oslo, Norway  
Reykjavik, Iceland  
Tallinn, Estonia  
Helsinki, Finland  
St. Petersburg (selected historical itineraries)  
British Isles  
London (Greenwich/Tilbury)  
Edinburgh (Leith/Rosyth)  
Belfast  
Liverpool  
North America  
New York  
Montreal  
Quebec City  
Boston  
Fort Lauderdale  
Caribbean  
San Juan  
St. Thomas  
Antigua  
Barbados  
Asia-Pacific  
Singapore  
Hong Kong  
Bangkok (Laem Chabang)  
Ho Chi Minh City  
Sydney  
Auckland  
South America  
Buenos Aires  
Rio de Janeiro  
Montevideo  
Valparaiso  
  
Viking also operates world cruises connecting many of these regions.  
  
Common Embarkation & Disembarkation Ports  
  
Frequently used gateway ports include:  
  
Barcelona  
Rome (Civitavecchia)  
Athens (Piraeus)  
Venice  
Bergen  
Stockholm  
Reykjavik  
London  
New York  
Fort Lauderdale  
San Juan  
Buenos Aires  
Sydney  
Singapore  
Hong Kong  
  
These serve as starting and ending points for many Viking itineraries.  
  
Shore Excursions  
  
A hallmark of Viking is that one excursion is included at every port.  
  
Typical included excursions:  
  
Historic city walking tours  
Museum visits  
UNESCO World Heritage sites  
Local markets  
Cultural landmarks  
Architectural tours  
Panoramic coach tours  
  
Optional premium excursions may include:  
  
Private castle visits  
Culinary workshops  
Wine tastings  
Archaeological experiences  
Small-group specialty tours  
Multi-day overland journeys  
Safaris  
Behind-the-scenes cultural access  
  
Viking's ""Privileged Access®"" excursions provide entry to venues that are otherwise difficult to visit, including private homes, museums outside public hours, and special performances.  
  
Education & Enrichment  
  
This is where Viking excels.  
  
Included enrichment programs include:  
  
Destination Lectures  
Historians  
Archaeologists  
Art historians  
Cultural experts  
Port Talks  
Destination briefings  
Local customs  
Historical context  
Destination Performances  
Folk musicians  
Cultural dance groups  
Regional entertainers  
Resident Experts  
  
Depending on itinerary:  
  
Naturalists  
Astronomers  
Scholars  
Geologists  
Viking Heritage Programming  
  
Presentations on:  
  
Viking exploration  
Nordic history  
Maritime traditions  
  
Enrichment lectures and destination performances are included in the fare.  
  
Viking's Approach to Ship Design  
  
Viking's ships are deliberately smaller than mainstream mega-ships.  
  
Design Philosophy  
Scandinavian modernism  
Light woods  
Natural stone  
Floor-to-ceiling windows  
Minimalist luxury  
Strong connection to the sea  
  
The atmosphere feels more like a luxury Nordic hotel than a floating resort.  
  
Ship Size  
  
Original class:  
  
\~47,800 GT  
930 guests  
  
Newest generation:  
  
\~54,300 GT  
998 guests  
  
Still considered ""small ships"" by Cruise Critic.  
  
Public Venues  
Explorer's Lounge  
  
Forward observation lounge with panoramic windows.  
  
The Living Room  
  
A relaxed social space with library ambiance.  
  
The Nordic Spa  
  
One of Viking's signature features:  
  
Thermal suite  
Snow grotto  
Sauna  
Steam rooms  
Hydrotherapy  
Main Theater  
  
Used for:  
  
Enrichment lectures  
Musical performances  
Guest speakers  
Wintergarden  
  
Afternoon tea venue inspired by London's conservatories.  
  
Pools  
Main Pool  
Infinity Pool at stern  
Library  
  
Curated collection reflecting destinations visited.  
  
Dining  
  
Included dining venues typically include:  
  
The Restaurant  
  
Main dining room with regional menus.  
  
Manfredi's  
  
Italian specialty restaurant.  
  
Chef's Table  
  
Multi-course tasting menus.  
  
World Café  
  
Buffet venue.  
  
Aquavit Terrace  
  
Outdoor dining area.  
  
Mamsen's  
  
Norwegian deli-style café.  
  
All specialty restaurants are included without surcharge.  
  
Staterooms & Suites  
  
An important Viking distinction:  
  
Every ocean stateroom has a veranda.  
  
Categories  
Veranda Stateroom  
King bed  
Private balcony  
Heated bathroom floors  
Deluxe Veranda  
Penthouse Veranda  
Penthouse Junior Suite  
Explorer Suite  
Owner's Suite  
  
Common features:  
  
Heated bathroom floors  
Premium toiletries  
Large showers  
Quality bedding  
USB outlets  
Movies on demand  
What's Included in the Cruise Fare?  
  
Viking bundles more than many competitors.  
  
Included:  
  
One shore excursion in every port  
Wi-Fi  
Port charges and taxes  
All dining  
Specialty restaurants  
Beer and wine with lunch and dinner  
Soft drinks with meals  
Specialty coffee and tea  
Bottled water  
Destination lectures  
Destination performances  
Nordic Spa access  
Fitness center  
Self-service laundry  
24-hour room service  
Fleet Launch Dates  
Ship Launch YearViking Star 2015  
Viking Sea 2016  
Viking Sky 2017  
Viking Yi Dun\* 2017  
Viking Orion 2018  
Viking Jupiter 2019  
Viking Venus 2021  
Viking Mars 2022  
Viking Neptune 2022  
Viking Saturn 2023  
Viking Vela 2024  
Viking Vesta 2025  
Viking Mira 2026  
  
\*Originally built as Viking Sun; now operates Asian itineraries as Viking Yi Dun.  
  
Upcoming:  
  
Viking Libra (2026)  
Viking Astrea (2027)  
Viking Lyra (2028)  
Renovations / Refurbishments  
  
Viking has done relatively few major redesigns because the fleet is young and standardized.  
  
Known refurbishment activity includes:  
  
Ship Renovation/Dry DockViking Jupiter First scheduled dry dock Oct-Nov 2023  
Viking Sea Dry dock and upgrades Nov 2025  
Older ships (Star, Sea, Sky) Periodic maintenance and furnishing refreshes, typically preserving original design  
  
Publicly available sources indicate Viking generally performs maintenance, technical upgrades and modest interior refreshes rather than large-scale ""reimagining"" projects common among older cruise fleets.  
  
Bottom Line  
  
Viking is best suited for travelers who value:  
  
✅ History, culture, and education  
 ✅ Included excursions and enrichment  
 ✅ Elegant but understated luxury  
 ✅ Adults-only atmosphere  
 ✅ Consistent fleet design  
 ✅ Excellent spa facilities  
 ✅ Destination-focused itineraries  
  
It is less suited for travelers seeking:  
  
❌ Casinos  
 ❌ Broadway-style productions  
 ❌ Water slides and attractions  
 ❌ Family-focused activities  
 ❌ High-energy nightlife  
  
Among premium ocean cruise lines, Viking is often considered the strongest choice for intellectually curious travelers who want the voyage itself to be an extension of the destination experience.  
  
\---  
  
\#yourpremiertravels #travelphotography #wanderlust #exploremore #instatravel #traveladdict #vacationmode #adventuretime #traveldiaries #travelgoals #adventureawaits #exploretheworld #exploreeverything #travelinspiration #roamtheplanet  
  
Certified, Licensed Travel Agent  
  
Offer subject to terms, change, and availability.  
  
Please feel free to share this post with your friends, and if you are a new viewer to my page, please follow me to get the latest vacation updates!  
  
Your Premier Travels  
Address:  
414 Matthews Dr.  
Arlington, Texas 76012  
United States of America  
Phone: +1 (803) 240-6011  
Email: [yourpremiertravels@gmail.com](mailto:yourpremiertravels@gmail.com)  
  
Links:  
[https://yourpremiertravels.xyz](https://yourpremiertravels.xyz)  
[https://www.facebook.com/yourpremiertravels](https://www.facebook.com/yourpremiertravels)  
[https://www.linkedin.com/company/your-premier-travels](https://www.linkedin.com/company/your-premier-travels)  
[https://evotravelagent.com/yourpremiertravels](https://evotravelagent.com/yourpremiertravels)  
[https://www.instagram.com/yourpremiertravels](https://www.instagram.com/yourpremiertravels)  
[https://viator.com/?pid=P00006875&uid=U00166832&mcid=58086](https://viator.com/?pid=P00006875&uid=U00166832&mcid=58086)  
[https://mohamedabdelsalam.goldentickets.com](https://mohamedabdelsalam.goldentickets.com)  
[https://amawaterways.com/agent/yourpremiertravels](https://amawaterways.com/agent/yourpremiertravels)  
[https://www.disneytravelcenter.com/msa1fe27dc/](https://www.disneytravelcenter.com/msa1fe27dc/)  
[https://www.ncl.com?insider=83l0p-mohamed-abdelsalam](https://www.ncl.com?insider=83l0p-mohamed-abdelsalam)  
[https://www.tauck.com?insider=83l0p-mohamed-abdelsalam](https://www.tauck.com?insider=83l0p-mohamed-abdelsalam)  
[https://www.silversea.com?insider=83l0p-mohamed-abdelsalam](https://www.silversea.com?insider=83l0p-mohamed-abdelsalam)  
[https://www.oceaniacruises.com?insider=83l0p-mohamed-abdelsalam](https://www.oceaniacruises.com?insider=83l0p-mohamed-abdelsalam)  
[https://www.tauck.com/roam?insider=83l0p-mohamed-abdelsalam](https://www.tauck.com/roam?insider=83l0p-mohamed-abdelsalam)  
[https://inspires.to/experiences/national-geographic-with-g-adventures-see-the-world-through-a-different-lens-je7g11](https://inspires.to/experiences/national-geographic-with-g-adventures-see-the-world-through-a-different-lens-je7g11)  
[https://inspires.to/experiences/travel-your-heart-out-77kle7](https://inspires.to/experiences/travel-your-heart-out-77kle7)  
[https://inspires.to/experiences/soloish-adventures-1dvljo](https://inspires.to/experiences/soloish-adventures-1dvljo)  
[https://youtube.com/@yourpremiertravels](https://youtube.com/@yourpremiertravels)  
[https://tiktok.com/@yourpremiertravels](https://tiktok.com/@yourpremiertravels)  
X: u/yourpremiertra1  
Threads: u/yourpremiertravels  
[https://www.vikingrivercruises.com/myagent/yourpremiertravels](https://www.vikingrivercruises.com/myagent/yourpremiertravels)  
[https://www.virginvoyages.com/book/voyage-planner/find-a-voyage?cabins=1&currencyCode=USD&agentId=59522&agencyId=550&bookingChannel=FMLINK](https://www.virginvoyages.com/book/voyage-planner/find-a-voyage?cabins=1&currencyCode=USD&agentId=59522&agencyId=550&bookingChannel=FMLINK)  
[https://www.reddit.com/user/YourPremierTravels/?utm\_source=share&utm\_medium=web3x&utm\_name=web3xcss&utm\_term=1&utm\_content=share\_button](https://www.reddit.com/user/YourPremierTravels/?utm_source=share&utm_medium=web3x&utm_name=web3xcss&utm_term=1&utm_content=share_button)  
[https://pinterest.com/yourpremiertravels](https://pinterest.com/yourpremiertravels)",1,1790103748.0,u_YourPremierTravels,0,1.0,False
1wnijd3,https://www.reddit.com/r/Vent/comments/1wnijd3/is_it_weird_that_someone_i_barely_know_for_1/,Is it weird that someone I barely know for 1 month (back then) told me something trully personal?,"I've been talking with this classmate for a few months now and, besides being a bit weird/nerdy and pushy, we are doing good. If he asks to, for instance, have a coffee together and I say no, he would push once and then stop when I repeated my answer. As I said, besides that, he is the most normal guy I've ever met.

  
However, there's one thing that makes me feel kinda weird, which is him telling me personal stuff (hard one) the first month after starting to talk. Like, we came from talking about class things and small things to that... And honestly I don't know what to think.

Maybe I' being dramatic, but usually you don't tell people you barely know for a month hard, personal stuff. I personaly never do and maybe it's because I'm overly reserved about sharing things about me... but idk

  
(Plus, none of my friends had ever do that. He is in fact the same. And that added to the pushyness gives me ick...)",0,1790103630.0,Vent,5,0.0,False
1wnij0f,https://www.reddit.com/r/PersonalFinanceCanada/comments/1wnij0f/paypal_usd_balance_withdrawal_options/,PayPal USD balance withdrawal options,"I have some funds in PayPal USD and will likely get more funds into that regularly. They are not huge amounts, but over a year it looks like between 1500-2000 USD. Paypal's conversion rate is atrocious. What is the best way to withdraw funds? The difference might not be much, but hey if I can use that to get an extra coffee, why not?

Will a WealthSimple USD account get the full amount in USD? And could I used that to convert to CAD (between accounts)?",1,1790103611.0,PersonalFinanceCanada,9,1.0,False
1wniiz8,https://www.reddit.com/r/emotionalaffair/comments/1wniiz8/wife_want_to_date_some_other_man_outside_our/,Wife want to date some other man outside our marriage,"M(40) , F(38) married since last 13 yrs .

My wife found someone on IG few months back and she developed interest in him. Deep feelings she developed for him.

I found it via chat history by chance and we are having very detailed discussion on this.

She stopped talking to this guy now but she doesn’t blocked him yet.

He is trying to reach her via IG messenger every 2nd day but she is not replying to him at all.

But she want it , daily we are having argument on this and she is justifying that we are just friend (which I know and can see from her face not )

Today she is requesting me that please allow me to meet him once on coffee date.

She is justifying that this is very common and no harm in this.

I am speechless, at this stage of life I am in this trouble.

Don’t want to divorce or separation as it we have 2 small kids . I want to save my family

Don’t know what kind of childish behaviour is it at this age .

Not able to focus on work and other stuff because of this non sense 

She is definitely in love with this guy ; this I can feel. Some other level of energy I can feel in her on his name and topic which I never felt for myself in these years ",18,1790103610.0,emotionalaffair,31,1.0,False
1wniif4,https://www.reddit.com/r/DenverMeets/comments/1wniif4/mn_to_co/,Mn to Co,"Hello 👋 we are planning on moving to Colorado soon and I don't know anyone there so thought I would post something to maybe get some friends! 

I'm from MN moving to CO in a year or so. I'm 32/f 3, cats and married just looking for friendship. I like to read,write, thrift shopping, crafting, anything witchy and spooky. Trying new things. Cooking and baking. Coffee and boba tea! ",3,1790103576.0,DenverMeets,0,0.72,False
1wnihte,https://www.reddit.com/r/colonoscopy/comments/1wnihte/what_can_i_eat_the_day_prior/,What can I eat the day prior?,"My procedure is scheduled for Friday morning.  I'm supposed to start my prep on Thursday.  It's a 2 bottle prep, I think sodium sulfate, potassium sulfate, magnesium sulfate.  Something like that. 

The directions given to me by doctor says to drink clear liquids (gelatin, broth, bouillon, soft drinks, coffee, no milk).  Take 1 bottle at noon, 2nd bottle at 9pm.  

The directions on the prep says to have a light breakfast or clear liquids.  It doesn't say I can't eat throughout the day but it doens't mention lunch or supper.  It does have a 2 day direction. I think one at night and one in the morning but several hours before the procedure.  

I don't mind not eating all day but I'd rather not do that.  I just don't want to have a light or little breakfast then realize I should have ate something. ",1,1790103540.0,colonoscopy,8,1.0,False
1wnihq2,https://www.reddit.com/r/flatmatesmumbai/comments/1wnihq2/seeking_replacement_tenants_for_2bhk_in_malad_east/,Seeking replacement tenants for 2BHK in Malad East,"🚨 **REPLACEMENTS NEEDED** ‼️  
Seeking replacements for a **760 sq. ft., fully furnished 2BHK flat** 🏠 close to **Kurar Metro Station** 🚇 (<1 km) in Malad/Goregaon East!

**KEY HIGHLIGHTS:**  
No restrictions on guests 👥 or food 🍕!  
Fully gated society with 24/7 security 🛡️ (packages kept safe when you’re out 📦)  
📍 **LOCATION:** Rizvi Oak CHSL, Kurar Village, Malad East

🏊 **SOCIETY AMENITIES (All FREE / Included in Rent):**  
2 fully equipped gymnasiums 🏋️  
Football turf ⚽  
Swimming pool 🏊‍♂️  
Indoor games room with board games, TT tables 🏓, and pool table 🎱

🛋️** FURNISHING STATUS**:  
1 dining table with 4 chairs 🍽️  
2 two-seater sofas 🛋️  
4 single beds 🛏️* (can be joined to make king-size beds*)  
3 cupboards  
Modular kitchen with fridge, water purifier, and microwave 🍳  
3 ACs ❄️ & 5 fans  
Coffee table  
2 geysers 🚿 & 1 washing machine 🧺  
1 three-level shoe rack 👟  
2 shelves in each room  
Nets on all windows to keep birds out 🕊️  
💡 *Bonus:* Over the last few months, we’ve added extra fittings like cabinet lights in the kitchen, bathroom fittings, and extra shelves that you get to keep!

📲 **CONTACT:** DM me for more details!",2,1790103535.0,flatmatesmumbai,3,1.0,False
1wnih1g,https://www.reddit.com/gallery/1wnih1g,Onion Valley to 60 Lakes Basin,"I started at Onion Valley on 9-15. Headed up on over Kearsarge Pass, then camped the first night at Kearsarge Lakes. Got it down at 7.19 miles and 2890 feet climbing done over 5 hours. 

The next day I hiked over to Rae Lakes then spent the night in 60 Lakes Basin, didn't take any cols, basin notch, or anything fancy, I was a bit too scared because I was solo and it was my first time in the area. Just hiked on trail up and over on the trail where Upper and Middle Rae Lakes meet. I camped around the 3rd set of lakes I saw in this area, as there was a beautiful raised plateau surrounded by Lakes (but still far enough away).  This day my garmin marked 11.08 miles and 3128 feet climbing done over 6 hours. 

The next day I explored a bit further into the basin offtrail and there were many beautiful lakes. I was originally planning on staying here 2 nights and hiking/driving back the next day. When I got to 60 Lakes Basin, I realized that would be a loooong day and decided to head back to Charlotte Lake to split up the long day back. When I got back to Charlotte Lake, there was a sign describing aggressive bears breaking into campsites and stealing food/gear. I didn't wanna deal with that, so I headed over back to Kearsarge Lakes. But, the same situation there. I decided I was already so close to the trailhead (\~6.5 miles ""close"") that I would just head back a day early and get that extra days rest before work. This was a loooong day, 17.98 miles and 4048 feet climbing done over 8 hours. 

Weather was nice in the day, a little hot on the climbs and a little cold on top of the passes. Mornings were pretty chilly, but not uncomfortably so.  Just enough to make your coffee and sleeping bag that much more cozy.  In hindsight I wished I didnt doubt myself and stayed the extra night at 60 Lakes (it was my favorite area and had no people).  However, the next day I was having GI issues, so I took it as divine intervention. I definitely want to go back though. Beautiful area. ",29,1790103492.0,SierraNevada,0,0.98,False
1wnif8n,https://www.reddit.com/r/houston/comments/1wnif8n/temporary_resident/,Temporary Resident,"Hello, all.

I am in Houston for about 2 months for cancer treatment. My doctor assures me that there will be stretches where I feel well enough to get around, and that I should take advantage of those stretches.

What are some things you’d recommend doing? Overall, we’d like to avoid crowds. Anything low-crowd, outside, and/or ideally low-cost is particularly appreciated. We’ll spend most of our time around Montrose. Also, because I’ve heard so much about the food scene, gladly accepting dining and coffee recommendations. Thanks.",27,1790103387.0,houston,31,0.92,False
1wniew2,https://www.reddit.com/r/Dallas/comments/1wniew2/dfw_events_9222026_to_9272026/,DFW Events - 9/22/2026 to 9/27/2026,"Hello r/Dallas,

These events are hosted at the following site with more upcoming events listed for your reference: [https://dfw.msondo.com/](https://dfw.msondo.com/).

If you would like to receive an email with a list of events happening in DFW, please [click here](https://218dc6fe666511f09acdfb999b1032ae.eo.page/hkg4m).

**Please also reach out here via a comment if you have an event you would like to list here. I'm happy to help feature events hosted by active members of the sub**

r/Dallas user events:
* 9/24 Peter Liu and u/Extreme-General6680 at Dallas Comedy Club
* 9/27 Desi Alexander and u/lastlaugh-27 at Punchline Irving

##Concerts
| Date | Event | Venue | City | Start Time | Description |
| :--- | :--- | :--- | :--- | :--- | :--- |
| 09/22 | ALT 103.7 Presents Rise Against: Ricochet 2026 | South Side Ballroom | Dallas | 7:00 PM | High-energy punk rock with aggressive riffs. |
| 09/22 | Kirby Welch / Blood Moon Blues | The Free Man Cajun Cafe & Lounge | Dallas | 7:00 PM | Texas-born artists play soulful blues and roots music. |
| 09/22 | T Marsh / The Platform (Singers Jam) | The Free Man Cajun Cafe & Lounge | Dallas | 10:00 PM | Texas singer hosts R&B/soul vocal jam. |
| 09/22 | nate sib | The Studio at The Bomb Factory | Dallas | 8:00 PM | Fresh underground acts blend pop and hip-hop. |
| 09/22 | Artemas | The Bomb Factory | Dallas | 8:00 PM | UK-based pop star plays upbeat alternative hits. |
| 09/22 | greek! live tour | The Cambridge Room at House of Blues Dallas | Dallas | 7:00 PM | Smooth indie-pop with electronic R&B beats. |
| 09/22 | YG: THE GENTLEMEN'S CLUB TOUR | The Echo Lounge & Music Hall | Dallas | Not specified | Compton-born rapper performs energetic hit-filled show. |
| 09/22 | Jeff Robbins | The Library | Dallas | 7:00 PM | Dallas-based pianist performs elegant lounge concert. |
| 09/22 | Blues Jam | The Balcony Club | Dallas | 8:00 PM | Dallas musicians play bluesy tunes all night. |
| 09/22 | Delta Blues Guest Holland K Smith | The Goat | Dallas | 9:00 PM | Texas-based blues great performs intimate acoustic set. |
| 09/22 | All-American Concerto Evening | Bass Performance Hall | Fort Worth | 7:30 PM | Renowned pianist from Eastern Europe performs concert. |
| 09/22 | $2 Tuesdays ft. Indigo League and Clone The Wolf | Tulips FTW | Fort Worth | 8:00 PM | Texas-based alt-rockers perform Tuesday night. |
| 09/22 | Seth Keiffer Live | Second Rodeo Brewing | Fort Worth | 12:00 PM | Texas singer plays cowboy-inspired tunes under stars. |
| 09/22 | Songwriter Night | Magnolia Motor Lounge | Fort Worth | 9:00 PM | Local songwriters perform original compositions. |
| 09/22 | Built To Spill | Tannahill's Tavern & Music Hall | Fort Worth | 8:00 PM | American guitarist showcases intricate playing and meaningful lyrics. |
| 09/22 | TajMo: Room On The Porch Tour 2026 | Texas Trust CU Theatre at Grand Prairie | Grand Prairie | 8:00 PM | Legendary blues duo performs shared and solo hits. |
| 09/23 | The Rasmus | The Studio at The Bomb Factory | Dallas | 7:30 PM | Finnish rockers bring heavy riffs and melodic thrills. |
| 09/23 | Inayah | The Cambridge Room at House of Blues Dallas | Dallas | 7:00 PM | Houston singer showcases R&B and soul sounds. |
| 09/23 | Amy Grant | Longhorn Ballroom | Dallas | 8:00 PM | Inspiring pop and Christian music performance. |
| 09/23 | Minnesota Wild vs. Dallas Stars | American Airlines Center | Dallas | 7:00 PM | Professional preseason hockey match featuring Canadian players. |
| 09/23 | Built To Spill | The Echo Lounge & Music Hall | Dallas | Not specified | Veteran guitarist delivers iconic indie rock anthems. |
| 09/23 | Erik Barnes | The Library | Dallas | 6:00 PM | Pianist plays smooth jazz and pop in Dallas. |
| 09/23 | BABYMETAL WORLD TOUR 2026 | Dos Equis Pavilion | Dallas | 7:20 PM | Japanese act blends heavy metal & J-pop vocals. |
| 09/23 | Shelley Carrol | Revelers Hall | Dallas | 7:00 PM | Texas Tenor plays sultry sax jazz. |
| 09/23 | Select Start Takeover ft JB Special | Candleroom | Dallas | 10:00 PM | Energetic DJ spins vibrant tunes under darkness. |
| 09/23 | Elite Jazz Jam | The Balcony Club | Dallas | 8:15 PM | Veteran jazz musicians from around the world jam. |
| 09/23 | Luckey Happy Hour Jazz | The Balcony Club | Dallas | 6:45 PM | Sultry jazz serenade amidst craft cocktails. |
| 09/23 | REHAB | Love and War in Texas | Plano | TBA | Southern rock fusion with Texan roots promised. |
| 09/23 | Firehouse | Legacy Hall | Plano | 8:00 PM | Classic rock hits from 90s-00s in outdoor food hall. |
| 09/23 | Brett Watts Live | Second Rodeo Brewing | Fort Worth | 12:00 PM | Texas native plays western swing at brewery. |
| 09/23 | Jorge Arista Live | Second Rodeo Brewing | Fort Worth | 8:00 PM | Texas-born artist plays lively country tunes. |
| 09/23 | Tom Pevear Live | Second Rodeo Brewing | Fort Worth | 4:00 PM | Texas country musician plays intimate open-air show. |
| 09/23 | Shades of Hunks at The Rail | The Rail | Fort Worth | 7:00 PM | Male strippers perform in high-energy show. |
| 09/23 | STEVE HELMS | 4th Wednesday | Magnolia Motor Lounge | Fort Worth | 9:00 PM | Texas-born singer plays foot-stompin' country tunes. |
| 09/23 | Squeeze. Tried, Tested and Trixies. | Texas Trust CU Theatre at Grand Prairie | Grand Prairie | 7:00 PM | UK-based acts reunite for nostalgic rock night. |
| 09/24 | Silly Goose: The 'Set It Off' Tour | RBC | Dallas | 7:00 PM | High-energy rock and nu-metal concert by American artist. |
| 09/24 | Frank Turner Presents Lost Evenings IX - Night 1 | South Side Ballroom | Dallas | 7:00 PM | UK-based headliner plays punk-folk rock anthems. |
| 09/24 | Starbomb: Probably The Only Tour Ever | The Bomb Factory | Dallas | 8:00 PM | Video game-themed comedy and rock with energetic beats. |
| 09/24 | Electric Campfire Jam | Sons of Hermann Hall | Dallas | 7:00 PM | Instrumentalists gather for weekly folk jam. |
| 09/24 | Gable Price and Friends - Too Good Tour | The Echo Lounge & Music Hall | Dallas | Not specified | High-energy alternative rock with passionate vocals. |
| 09/24 | Erik Barnes & Jeff Robbins | The Library | Dallas | 6:30 PM | Veteran Dallas musicians perform intimate piano-vocal set. |
| 09/24 - 09/25 | Holy Priest | SILO Dallas | Dallas | 9:00 PM | German DJ spins intense techno beats. |
| 09/24 | Wade Forster with special guest Danno Simpson | The Kessler | Dallas | 7:00 PM | Australian roots singer-songwriter performs acoustic country music. |
| 09/24 | Candle Lit Songwriter Showcase Open Mic | The Balcony Club | Dallas | 7:00 PM | Local songwriter from Dallas performs acoustic sets. |
| 09/24 | Blues Jam | The Goat | Dallas | 9:00 PM | Dallas guitar duo leads local music mashup. |
| 09/24 | Alicia Villarreal - Bendita Locura Tour 2026 | The Pavilion at Toyota Music Factory | Irving | 8:00 PM | Mexican singer performs Latin and ranchera hits. |
| 09/24 | Siggno | Lexus Box Garden at Legacy Hall | Plano | 8:00 PM | Tex-Mex band blends styles with traditional instruments. |
| 09/24 | Live After 5 Presented by New York Life North Dallas | Kaleidoscope Park | Frisco | 5:30 PM | Texas musicians play folk-pop tunes outdoors. |
| 09/24 | Kylie Morgan with Harper Grace | Tulips FTW | Fort Worth | 8:00 PM | Texas singer-songwriter brings rootsy charm. |
| 09/24 | The Musings of Miles; A Miles Davis Tribute | Scat Jazz Lounge | Fort Worth | 8:00 PM | Dallas jazz legend's storied career tribute |
| 09/24 | Broke String Burnett Live | Second Rodeo Brewing | Fort Worth | 4:00 PM | Texas-born outlaw country at dog-friendly bar garden. |
| 09/24 | Jimmy Barcus Live | Second Rodeo Brewing | Fort Worth | 8:00 PM | Texas artist plays country tunes and vibes. |
| 09/24 | Kirk Holloway Live | Second Rodeo Brewing | Fort Worth | 12:00 PM | Texas native plays afternoon country-swing tunes. |
| 09/24 | Jayson Arendt | Billy Bob's Texas | Fort Worth | 9:00 PM | Country legend shares twangy tunes from Texas roots. |
| 09/24 | Chayanne - Bailemos Otra Vez Tour | Dickies Arena | Fort Worth | 8:00 PM | Puerto Rican singer performs romantic dance music. |
| 09/24 | FREE SHOW - Playtown | Magnolia Motor Lounge | Fort Worth | 8:00 PM | Local musician performs free outdoor concert. |
| 09/24 | Texas Classic Rock Revival: Grand Funk Railroad | Texas Trust CU Theatre at Grand Prairie | Grand Prairie | 7:00 PM | Legendary classic rock acts play iconic hits. |
| 09/25 | In Her Own Words x Every Avenue | RBC | Dallas | TBA | Pop-punk and alt-rock co-headline with high energy. |
| 09/25 | Frank Turner Presents Lost Evenings IX - Night 2 | South Side Ballroom | Dallas | 7:00 PM | UK bands headline punk-folk rock festival |
| 09/25 | DOLLY PARTON TRIBUTE SHOW!! | Opening Bell Coffee | Dallas | 7:00 PM | Legendary country musicians pay homage to classics. |
| 09/25 | 2026 Jay B tape : roots | The Bomb Factory | Dallas | 7:30 PM | Korean singer brings smooth vocals and moves. |
| 09/25 | That's Not Me Comedy Tour with Concrete & Jerry Garcia | House of Blues Dallas | Dallas | 6:30 PM | Comedian's hilarious jokes bring laughter and smiles. |
| 09/25 | saint harison presents the ghosted tour | House of Blues Dallas | Dallas | 7:00 PM | UK-born singer delivers soulful R&B performance. |
| 09/25 | Your Last Breath! 2026 US Tour | Three Links Deep Ellum | Dallas | 7:00 PM | Rocking show with high-energy metal mayhem. |
| 09/25 | Fetty P Franklin | Club Dada | Dallas | 8:00 PM | Dynamic rapper brings heavy beats and rhymes. |
| 09/25 | Emo Karaoke with Ruen | Shot Topic | Dallas | 8:00 PM | Nostalgic alt-rock karaoke and DJ party. |
| 09/25 | Panoptikon | Sons of Hermann Hall | Dallas | 9:00 PM | High-energy electronic/industrial party with intense visuals. |
| 09/25 | ADÉLA: The Red Bottoms Tour | The Echo Lounge & Music Hall | Dallas | Not specified | Slovakian pop star combines dance with ballet. |
| 09/25 | THE PREGAME: State Fair Klassik Tailgate | Sandaga 813 | Dallas | 9:00 PM | Dallas-based Kappas host hip-hop/R&B tailgate party. |
| 09/25 | Jamback at It'll Do Club | It'll Do Club | Dallas | 9:00 PM | Netherlands-based producer spins house and electronic beats. |
| 09/25 | Bishop Ave Hot 6 | Revelers Hall | Dallas | 7:00 PM | Swinging jazz and brass in a Dallas vibe. |
| 09/25 | Happy Hour! with Hector de León | Revelers Hall | Dallas | 4:30 PM | Upbeat acoustic set by Dallas-based musician. |
| 09/25 | Holy Mountain 4K + New Fumes // Otherworlders Behind the screen | The Texas Theatre | Dallas | 8:00 PM | Experimental music performance with Dallas artist. |
| 09/25 | Bob Schneider - Early Show | The Kessler | Dallas | 6:30 PM | Eclectic acoustic set by Texas-based singer-songwriter. |
| 09/25 | Bill and Peggy Lohr with Lyles West and Dennis Durick | Stoney's Wine Lounge | Dallas | 8:00 PM | Legendary pianist's jazz tribute with seasoned singer. |
| 09/25 | Bnois King Band | The Balcony Club | Dallas | 6:30 PM | Texas musician performs soulful blues-rock fusion. |
| 09/25 | Delimit (Hits of the Decades) | The Balcony Club | Dallas | 10:00 PM | Late-night rock show with retro hit covers. |
| 09/25 | Brent Rozell | The Goat | Dallas | 10:00 PM | Texas musician brings blues-rock to cozy neighborhood spot. |
| 09/25 | Candlelight: Classic Rock on Strings | Frontiers of Flight Museum | Dallas | 6:30 PM | Classic rock hits played on strings amidst candlelight. |
| 09/25 | Candlelight: Tribute to Michael Jackson | Frontiers of Flight Museum | Dallas | 8:45 PM | String ensemble performs pop/R&B hits with candlelight. |
| 09/25 | Stephen Like Live at Lakewood Brewing! | Lakewood Brewing | Garland | 5:30 PM | Texan singer-songwriter plays laid-back acoustic tunes. |
| 09/25 | Factory Fridays | The Plaza at Toyota Music Factory | Irving | 6:30 PM | Free pop-rock concert with happy hour deals. |
| 09/25 - 09/26 | Live Music at Two Mules Cantina | Two Mules Cantina at Texican Court | Irving | 7:00 PM | Texan musicians play lively tunes with fire pits. |
| 09/25 - 09/27 | Savannah Bananas vs. Texas Tailgaters | Globe Life Field | Arlington | 6:30 PM | Famous traveling team with lively, unorthodox approach. |
| 09/25 | SAVING ABEL w/ Special Guest Scotty Austin | Love and War in Texas | Plano | TBA | Heavily riffed rock with powerful vocals. |
| 09/25 | Global Grooves: Spain | McCall Plaza | Plano | 5:00 PM | Spanish rhythms and culture showcased for families. |
| 09/25 | DOOM IN DFW | GROWL Arlington | Arlington | 7:00 PM | Texas doom metal showcase with locals. |
| 09/25 | FREE CONCERT: The Buffalo Ruckus w/ Ian Tonroy | Levitt Pavilion | Arlington | 7:10 PM | Singer-songwriter from SE Texas opens Americana show. |
| 09/25 | Beatles Tribute: Hard Night's Day | Lexus Box Garden at Legacy Hall | Plano | 8:00 PM | Classic pop and rock revived by a US artist. |
| 09/25 | 80s Gadgets - The Ultimate 80s Experience! | The Revel Patio Grill | Frisco | 7:00 PM | Texas-based band plays 80s hits. |
| 09/25 - 09/27 | McKinney Oktoberfest | Downtown Historic McKinney Square | McKinney | 5:00 PM | German-themed fall fest with music and food. |
| 09/25 | Sheran Goodspeed Keyton | Scat Jazz Lounge | Fort Worth | 8:00 PM | Funk-infused jazz with Fort Worth's Darling Diva. |
| 09/25 | Dalton Elliott Live | Second Rodeo Brewing | Fort Worth | 5:00 PM | Texas-born country swing performer takes stage. |
| 09/25 | Jon Griffin Live | Second Rodeo Brewing | Fort Worth | 1:00 PM | Texas singer performs country tunes at brewery. |
| 09/25 | Kendi Jean Live | Second Rodeo Brewing | Fort Worth | 9:00 PM | Texas-born outlaw country music in a lively setting. |
| 09/25 | Whitey Morgan | Billy Bob's Texas | Fort Worth | 10:00 PM | Gritty outlaw country with raw traditional vibes. |
| 09/25 | ""Weird Al"" Yankovic: Bigger & Weirder 2026 Tour | Dickies Arena | Fort Worth | 8:00 PM | Comedic musician's zany pop-rock and accordion show. |
| 09/25 | LIVE AT THE LOUNGE! | Ridglea Theater | Fort Worth | 8:00 PM | Fort Worth singer-songwriter performs country-folk Americana showcase. |
| 09/25 | The Solis Brothers and more | The Rail | Fort Worth | 6:00 PM | Rock and regional sounds by Texan band. |
| 09/25 | Clay Gibson Band | Magnolia Motor Lounge | Fort Worth | 9:00 PM | Rock and blues performance by American artist. |
| 09/25 | JUNGLE - World Tour 2026 RIO KOSTA | Texas Trust CU Theatre at Grand Prairie | Grand Prairie | 7:45 PM | UK-born DJ performs on global tour. |
| 09/25 | Lady A | Lucas Oil Live at WinStar World Casino | Thackerville | 8:00 PM | Modern country-pop with lush harmonies. |
| 09/26 | Chaplin's THE KID + Live Score at the Majestic Theatre | The Majestic Theatre | Dallas | 7:00 PM | Acclaimed pianist from Denton, Texas performs live. |
| 09/26 | Texas Theatre Presents Charlie Chaplin's THE KID with Live Score by Paul Slavens | Majestic Theatre | Dallas | TBD | Texas musician performs with silent film classic. |
| 09/26 | Frank Turner Presents Lost Evenings IX - Night 3 | South Side Ballroom | Dallas | 7:00 PM | UK-headliner joins Dallas-based folk-rock band. |
| 09/26 | LandoRadio with Tay Money! LIVE FROM OPENING BELL!! | Opening Bell Coffee | Dallas | 12:00 PM | Local rapper's live broadcast performance. |
| 09/26 | OPEN MIC - FREE SHOW - ALL AGES!! | Opening Bell Coffee | Dallas | 4:00 PM | Local emerging artists perform acoustic sets. |
| 09/26 | PAIGE HILL!! | Opening Bell Coffee | Dallas | 7:00 PM | Singer-songwriter blends folk, rock, and soul sounds. |
| 09/26 | Khaotic Groove | The Free Man Cajun Cafe & Lounge | Dallas | 7:00 PM | Funky Texan quartet brings high-energy fusion show. |
| 09/26 | Judah & The Lion | The Studio at The Bomb Factory | Dallas | 8:00 PM | Folk-pop fusion featuring energetic, crowd-interactive performance. |
| 09/26 | Gala Concert with Idina Menzel | Morton H. Meyerson Symphony Center | Dallas | 8:45 PM | Tony Award-winning singer performs greatest hits. |
| 09/26 | Dallas Oktoberfest Bar Crawl 2026 | Will Call Bar | Dallas | 4:00 PM | Bavarian-themed party with music and drinks. |
| 09/26 | Sadderday ft. GHXSTWRLD | Shot Topic | Dallas | 8:00 PM | Emo-punk-alternative tunes for nostalgic weekend vibes. |
| 09/26 - 09/27 | Rod Wave - Don't Look Down Tour | American Airlines Center | Dallas | 8:00 PM | Soulful rapper from [Country] performs energetic show. |
| 09/26 | HEY, NOTHING - THE HOUND TOUR | The Echo Lounge & Music Hall | Dallas | Not specified | Acoustic indie-folk concert with heartfelt songwriting. |
| 09/26 | Organic Soul Live Music | Sandaga 813 | Dallas | 9:00 PM | Dallas artists bring soulful R&B & beats. |
| 09/26 | Dreya V b2b Cole Knight at It'll Do Club | It'll Do Club | Dallas | 9:00 PM | Late-night electronic dance party with pulsing beats. |
| 09/26 | Zack Fox | SILO Dallas | Dallas | 9:00 PM | Hip-hop/rap show blends humor and energetic beats. |
| 09/26 | Chris J Norwood & The Knockdown Dragout | Revelers Hall | Dallas | 5:00 PM | Dallas-based quartet rocks with soulful blend. |
| 09/26 - 09/27 | Revelers Hall Band | Revelers Hall | Dallas | 2:00 PM | New Orleans-style brass and jazz in Dallas. |
| 09/26 | Isaac Slade (Formerly of The Fray): Songs I Know - Solo Tour 2026 | The Kessler | Dallas | 7:00 PM | Piano-driven acoustic set with classic and new songs. |
| 09/26 | Mollie Danel | Stoney's Wine Lounge | Dallas | 8:00 PM | Intimate acoustic set blends storytelling & folk sounds. |
| 09/26 | Platinum The Band | The Balcony Club | Dallas | 10:00 PM | Funky soul and Motown rhythms at midnight. |
| 09/26 | RECPTA Centennial | Arts Mission Oak Cliff | Dallas | 7:00 PM | Centennial celebration with open bar & music. |
| 09/26 | The Legendary Woo Brothers | The Goat | Dallas | 10:00 PM | High-energy rock and blues from Dallas native. |
| 09/26 | SaveMeSaturday | Headquarters Dallas | Dallas | 9:00 PM | Energetic hip-hop party with Dallas-based DJ. |
| 09/26 | RAM HERRERA | Longhorn Icehouse | Dallas | 7:00 PM | Legendary Tejano musician performs energetic show. |
| 09/26 | Saturday Sips & Sounds | The Plaza at Toyota Music Factory | Irving | 6:30 PM | Free pop-acoustic concert with dinner & drinks. |
| 09/26 | JAMIE RICHARDS | Love and War in Texas | Plano | TBA | Pedal steel-driven country storytelling with a Texas flair. |
| 09/26 | FREE CONCERT: Waterloo – A Celebration of ABBA w/ Housequake | Levitt Pavilion | Arlington | 7:10 PM | Swedish disco legends celebrated with Texas tribute opener. |
| 09/26 | Def Leppard Tribute: Def Leggend | Lexus Box Garden at Legacy Hall | Plano | 8:00 PM | Electric 80s rock classics under stars. |
| 09/26 | Red Hot Chili Peppers Tribute - Red Hot Ghost Peppers & Oasis Tribute | The Revel Patio Grill | Frisco | 7:30 PM | Texas artists pay tribute to iconic alt-rock duos. |
| 09/26 | Runaway Sky Album Release Show with guest Jesse Spradlin | The Post | Fort Worth | 8:00 PM | Texas native rocks out in album debut. |
| 09/26 | Quamon Fowler | Scat Jazz Lounge | Fort Worth | 8:00 PM | Acclaimed saxophonist from Fort Worth plays jazz. |
| 09/26 | DJ Oz Live | Second Rodeo Brewing | Fort Worth | 12:00 AM | Tampa-born DJ spins high-energy late-night sets. |
| 09/26 | The Edelweiss Band Live | Second Rodeo Brewing | Fort Worth | 1:00 PM | German polka music at Oktoberfest celebrations. |
| 09/26 | Two Guys Walk Into A Bar Live | Second Rodeo Brewing | Fort Worth | 5:00 PM | Texas country musicians perform lively acoustic set. |
| 09/26 | Billy Currington | Billy Bob's Texas | Fort Worth | 10:00 PM | Energetic country performance featuring smooth vocals & charm. |
| 09/26 | Showroom Sounds Presents: Aaron Lee Tasjan | The Post at River East | Fort Worth | 8:00 PM | Intimate acoustic set by acclaimed singer-songwriter. |
| 09/26 | Phil Wickham - Song Of The Saints Tour | Dickies Arena | Fort Worth | 7:00 PM | Uplifting gospel music with inspiring modern hymns. |
| 09/26 | EARSHOT, Heartsick and more | The Rail | Fort Worth | 6:00 PM | Heavy riffs, powerful vocals, energetic all-nighter. |
| 09/26 | Lucas Jagneaux & The Roadshow w/ special guest Ben Danaher | Magnolia Motor Lounge | Fort Worth | 9:00 PM | Country/Americana show with Texan special guest |
| 09/26 | Straight Tequila Night - Tribute to 90s Country | Tannahill's Tavern & Music Hall | Fort Worth | 9:00 PM | Lively 90s country concert by Dallas band. |
| 09/26 | Wu-Tang Clan | Lucas Oil Live at WinStar World Casino | Thackerville | 8:00 PM | Energetic night of classic hip-hop and rap. |
| 09/27 | Indigo Girls w/ special guest Linda Perry | Majestic Theatre | Dallas | TBD | Iconic duo joins singer-songwriter for folk-pop show. |
| 09/27 | Frank Turner Presents Lost Evenings IX - Night 4 | South Side Ballroom | Dallas | 7:00 PM | UK artist closes out punk-folk rock festival. |
| 09/27 | DIEGO DUARTE!! | Opening Bell Coffee | Dallas | 12:00 PM | Singer-songwriter performs intimate acoustic set. |
| 09/27 | Nevertel | The Cambridge Room at House of Blues Dallas | Dallas | 7:00 PM | High-energy rock show with heavy melodies. |
| 09/27 | Karaoke with Ruen | Shot Topic | Dallas | 8:00 PM | Weekend wraps with karaoke and cocktails. |
| 09/27 | Glimmers at Texas Tea Room | Texas Tea Room | Dallas | 6:00 PM | Romantic quintet delivers melodic guitar-driven pop-rock sound. |
| 09/27 | Fiesta de la Ópera | Winspear Opera House | Dallas | 2:00 PM | Latin-inspired fusion of classical and rhythmic music. |
| 09/27 | American Aquarium | Longhorn Ballroom | Dallas | 8:00 PM | Foot-stomping, heartfelt country-rock from American singer-songwriter. |
| 09/27 | Scene Queen: METALICIOUS | The Echo Lounge & Music Hall | Dallas | Not specified | High-energy show blends heavy riffs with pop. |
| 09/27 | Inquisitive | Ductwork at SILO Dallas | Dallas | 7:00 PM | Singaporean DJ brings energetic EDM beats. |
| 09/27 | SYML | The Texas Theatre | Dallas | 7:00 PM | Indie-pop singer-songwriter shares introspective, melodic songs. |
| 09/27 | Freya Skye - Stars Align Tour | The Pavilion at Toyota Music Factory | Irving | 7:00 PM | UK singer-songwriter performs live pop concert. |
| 09/27 | CHRISTOPHER WEIR | Shiner Sunday Series | Love and War in Texas | Plano | 4:00 PM | Texas singer-songwriter shares authentic country tales. |
| 09/27 | Baltimore Ravens vs. Dallas Cowboys (Watch Party) | AT&T Stadium | Arlington | 3:25 PM | Watch NFL game with Brazilian flair. |
| 09/27 | FREE CONCERT: UTA Jazz featuring Dani Toralla | Levitt Pavilion | Arlington | 7:30 PM | University musicians perform with Arlington singer, followed by food. |
| 09/27 | Travis Roberts + Jordan Nix + Mila | The Post | Fort Worth | 6:00 PM | Texan singer-songwriter performs intimate Americana/country show. |
| 09/27 | The Black Dog Jazz Jam | Scat Jazz Lounge | Fort Worth | 8:00 PM | Impromptu jazz jams with international musicians. |
| 09/27 | Travis Roberts with Jordan Nix and Mila | The Post at River East | Fort Worth | 6:00 PM | Texas native headlines with folk and country sounds. |
| 09/27 | LE SSERAFIM TOUR 'PUREFLOW' | Dickies Arena | Fort Worth | 7:30 PM | High-energy K-pop concert with Korean girl group. |
| 09/27 | School of Rock at The Rail | The Rail | Fort Worth | 12:00 PM | Young Texans play classic and modern rock hits. |
| 09/27 | Caleb Martin FREE SHOW | Magnolia Motor Lounge | Fort Worth | 9:00 PM | Country music performance by Texas native. |
| 09/27 | Icons Live 2 | Choctaw Grand Theater | Durant | 6:00 PM | Vietnamese music extravaganza with world-class vocals & production. |



##Theater
| Date | Event | Venue | City | Start Time | Description |
| :--- | :--- | :--- | :--- | :--- | :--- |
| 01/16 - 11/14 | Oil's Well That Ends Well | Texas Star Dinner Theater | Grapevine | 7:30 PM | Western whodunit: Find the killer at tycoon's wake. |
| 09/01 - 11/30 | Peter and the Wolf | Dallas Puppet Theater | Dallas | Not specified | Young boy's forest adventure with animal friends. |
| 09/10 - 09/27 | Spring Awakening | Theatre Three | Dallas | Varies | Youthful rebellion and heartbreak unfold on stage. |
| 09/10 - 10/04 | The Absentee | Kitchen Dog Theater | Dallas | Varies | Space forces operator gets voting calls. |
| 09/11 - 09/27 | REYKJAVIK86 | Dee & Charles Wyly Theatre | Dallas | Varies | Historic leaders' meeting reimagined on stage. |
| 09/18 - 09/27 | Jekyll & Hyde: The Musical | Uptown Theater in Grand Prairie | Grand Prairie | Varies | Brilliant doctor pursues deadly experiment on humanity. |
| 09/18 - 09/27 | Seussical Jr. | Jubilee Theatre | Arlington | Varies | Youthful adaptation of beloved children's book characters. |
| 09/18 - 09/27 | Proof | The Art Centre Theatre | Plano | Varies | Family drama explores genius, mental health struggles. |
| 09/22 | The JIM Experiment | Pocket Sandwich Theatre | Carrollton | 7:30 PM | Improvisational comedy troupe performs spontaneous, silly sketches. |
| 09/24 - 09/27 | Evening at the Talk House | Undermain Theatre | Dallas | 7:30 PM | Dystopian thriller explores silenced dissent and violence. |
| 09/24 | Dan and Phil: Hard Launch World Tour | Music Hall at Fair Park | Dallas | 7:30 PM | Outrageous comedian shares personal stories hilariously. |
| 09/24 - 09/26 | Duncanville Community Theatre Production | Duncanville Community Theatre | Duncanville | 8:00 PM | Writer's script sparks cons, comedic chaos ensues. |
| 09/24 - 10/04 | Little Shop of Horrors | Plaza Theatre | Garland | 7:30 PM | Floral assistant finds talking, fame-seeking carnivorous plant. |
| 09/24 - 09/26 | It's A Scream! | Pocket Sandwich Theatre | Carrollton | 8:00 PM | Legendary horror star's mysterious retirement unfolds. |
| 09/25 - 10/18 | Whitman on Walls! | Music Hall at Fair Park | Dallas | Varies | Texas-based artists perform experimental poetry event. |
| 09/25 - 10/04 | Disney's The Little Mermaid JR. | Newlook Performing Arts Center | Grapevine | Not specified | Local youth from Grapevine bring classic tale to stage. |
| 09/25 - 09/27 | Soul Notes from the Velvet Elk | Hip Pocket Theatre | Fort Worth | 8:15 PM | Electrifying performance combines poetry & music. |
| 09/25 - 09/26 | Rodgers & Hammerstein's Cinderella (Youth Edition) | Actors Conservatory Theatre | Lewisville | 2:00 PM and 7:00 PM | Youthful retelling of beloved fairy tale. |
| 09/25 | What She's Having | Granville Arts Center - Brownlee Auditorium | Garland | 7:00 PM | Love, friendship, betrayal unfold on stage. |
| 09/26 | 2026 Latinidades Festival Kickoff | Latino Cultural Center & Central Square Park | Dallas | 6:00 PM | Youthful arts festival kicks off with procession and dance. |
| 09/26 - 10/11 | 7th Annual Latinidades Theatre Festival | Latino Cultural Center | Dallas | Varies | Global festival showcases music, dance, and culture. |
| 09/26 | Escultores del Aire Performance | Latino Cultural Center & Central Square Park | Dallas | 7:30 PM | Barcelona-based troupe uses movement for storytelling. |
| 09/26 | Ballet of Lights: Sleeping Beauty in a Sparkling Light Show | Carpenter Hall | Irving | 4:30 PM, 6:30 PM | Glowing fairy tale brought to life by dancers. |
| 09/26 | Classic No. 9: Season Announcement Speakeasy | Secret Location (Revealed upon purchase) | Dallas | 6:30 PM | Vintage-inspired dinner party with live music and reveals. |
| 09/27 | Totally Made-up Musical | The Firehouse Theatre | Farmers Branch | 7:00 PM | Improvisational musical comedy created by local artists. |



##Comedy
| Date | Event | Venue | City | Start Time | Description |
| :--- | :--- | :--- | :--- | :--- | :--- |
| 09/22 | Direct Feedback Weekly Drop-In with Melanie Robinson | Stomping Ground Comedy Theater & Training Center | Dallas | 7:00 PM | Weekly improv class with expert coaching. |
| 09/22 | THE JIM EXPERIMENT- IMPROV | Pocket Sandwich Theatre | Carrollton | 7:30 PM | Improvisational comedy troupe returns with unpredictability. |
| 09/23 | Angelia Walker Trial By Funny | The Addison Improv | Addison | 7:00 PM | Comedian from New York performs solo stand-up show. |
| 09/23 | Whiskey + Laughs Wednesdays | Big Laugh Comedy Club Fort Worth | Fort Worth | 8:00 PM | Midweek comedy and drinks for a fun escape. |
| 09/23 | THAT FUDGIN COMEDY SHOW PRESENTS: MARIO TORY | Mic Drop Comedy | Plano | 7:30 PM | Veteran comedian known for TV appearances delivers laughs. |
| 09/24 | Peter Liu, Live! | Dallas Comedy Club | Dallas | 8:30 PM | NYC-based stand-up comic with a passport full of stamps and a set full of punchlines. Also includes a show by r/Dallas user u/Extreme-General6680 |
| 09/24 - 09/25 | Laugh Out Loud Open Mic | Shark's Comedy Club | Dallas | 9:00 PM | Local up-and-comers showcase humor every Thursday. |
| 09/24 | Jessie ""Jetski"" Johnson | Hyena's Comedy Nightclub Dallas | Dallas | 8:00 PM | Rising comedian delivers sharp laughs and stories. |
| 09/24 - 09/26 | Kelsey Cook | The Addison Improv | Addison | 7:30 PM | Comedian shares witty insights on life and humor. |
| 09/24 | Backdoor Comedy Open Mic | Backdoor Comedy Club | Richardson | 8:00 PM | Underground comedy night with up-and-coming comedians. |
| 09/25 | Lip Service: An Interactive Comedy Advice Show | Dallas Comedy Club | Dallas | 6:45 PM | Comedians offer humorous, offbeat life advice to viewers. |
| 09/25 | Mike Feeney | Dallas Comedy Club | Dallas | 7:00 PM | Touring comedian shares humorous observations. |
| 09/25 | Big Dang Friday featuring Rainbow Rats & Impropera! | Stomping Ground Comedy Theater & Training Center | Dallas | 7:30 PM | Improvisational comedy meets opera in energetic show. |
| 09/25 | Not Myself Today- A Character Comedy Night | Stomping Ground Comedy Theater & Training Center | Dallas | 9:00 PM | Comedian creates wacky characters in high-energy performance. |
| 09/25 - 09/26 | Four Day Weekend | Four Day Weekend Theater | Dallas | 7:00 PM | Improv comedy routine with global artist. |
| 09/25 - 09/26 | Joe DeVito | Hyena's Comedy Nightclub Dallas | Dallas | 7:00 PM | Comedian from LA shares witty observations. |
| 09/25 | Couples Therapy [Late Friday Show] | Big Laugh Comedy Club Fort Worth | Fort Worth | 9:30 PM | Comedic duo from [country] brings laughs and love. |
| 09/25 | JON KONDELIK'S ADULT BINGO & NAUGHTY GAMES | Mic Drop Comedy | Plano | 7:00 PM | Comedy game show with stand-up competitors. |
| 09/25 | PLANO BROKEN HEARTS GHOST WALK | Mic Drop Comedy | Plano | 8:00 PM | Comedy tour explores local history and hauntings. |
| 09/26 | Jonathan Van Ness: Hot & Healed Comedy Tour 2026 | Majestic Theatre | Dallas | 8:00 PM | Laughter-filled evening with comedian's sharp wit. |
| 09/26 | Primetime Comedy | Dallas Comedy Club | Dallas | 8:30 PM | Saturday night 18+ improv with local stars. |
| 09/26 | 2026 Duofest | Stomping Ground Comedy Theater & Training Center | Dallas | 12:00 PM | Improvisers compete in 2-person comedy showdown. |
| 09/26 | Monty Franklin | Hyena's Comedy Nightclub Dallas | Dallas | 7:00 PM | Australian comedian performs stand-up comedy. |
| 09/26 | Family Magic & Comedy For All Ages | The Addison Improv | Addison | 2:00 PM | Family-friendly magic show with a comedian. |
| 09/26 | Uncensored & Unhinged: Fort Worth's Boldest Stand-Up Comedy Show [SATURDAY Night Edition] | Big Laugh Comedy Club Fort Worth | Fort Worth | 8:00 PM | Raw, fearless comedy with outrageous humor. |
| 09/26 | PLANO GHOST WALK | Mic Drop Comedy | Plano | 7:15 PM | Stand-up comedians explore dark urban secrets. |
| 09/26 | WILLIE BARCENA | Mic Drop Comedy | Plano | 6:00 PM | Veteran comedian's sharp humor tackles family, faith, politics. |
| 09/27 | Main Stage LIVE! | Dallas Comedy Club | Dallas | 4:30 PM | Sunday comedy showcase with mixed formats. |
| 09/27 | Too Funny To Fail | Dallas Comedy Club | Dallas | 8:00 PM | New comedians shine in high-energy evening. |
| 09/27 | Desi Alexander: Stress Signal Tour with Alvin Perry | Punchline Irving | Irving | 7:00 PM | Desi Alexander is a stand up comedian/writer/director from Baltimore with a limitless talent to bring to the stage. Having a growing audience of over 600,000 followers that he entertains daily. |
| 09/27 | Addisons A-List | The Addison Improv | Addison | 6:00 PM | Adult comedy showcase with local and touring acts. |
| 09/27 | Backdoor Comedy's Rising Stars of Dallas Comedy! | Backdoor Comedy Club | Richardson | 6:00 PM | Texas comedians bring the laughs in an intimate setting. |
| 09/27 | Sunday Funday Comedy Jam | Big Laugh Comedy Club Fort Worth | Fort Worth | 6:00 PM | Laughter-filled comedy night with a Canadian comedian. |
| 09/27 | STAND UP FOR KIDS | Mic Drop Comedy | Plano | 3:00 PM | Kids' stand-up comedy workshop for ages 8-15 led by pros. |
| 09/27 | STAND-UP & SING | Mic Drop Comedy | Plano | 8:30 PM | Texas comedian hosts comedy-song hybrid show. |
| 09/27 | THE SALTY MOM COMEDY TOUR | Mic Drop Comedy | Plano | 6:00 PM | Mothers' humor night co-headlined by Atlanta duo. |



##Performing Arts
| Date | Event | Venue | City | Start Time | Description |
| :--- | :--- | :--- | :--- | :--- | :--- |
| 09/23 - 09/27 | Variety Show | Dallas Comedy Club | Dallas | Varies | Local artists perform eclectic comedy and music showcase. |
| 09/25 - 09/27 | Eisemann Edge: STORY BALLET | Eisemann Center | Richardson | Varies | Contemporary ballet with immersive storytelling. |
| 09/25 - 09/27 | STORY BALLET | Eisemann Center | Richardson | Varies | Contemporary dance explores mental health and identity. |
| 09/26 | Ballet of Lights: Sleeping Beauty in a Sparkling Light Show | Carpenter Hall | Irving | 6:30 PM | Glowing dance performance combines tech and tradition. |
| 09/26 | Ballet of Lights: Sleeping Beauty in a Sparkling Light Show presented by Fever | Irving Arts Center - Carpenter Hall | Irving | 4:00 PM and 6:30 PM | Glowing costumes bring ballet to life. |
| 09/26 | Viva México | Granville Arts Center | Garland | 7:00 PM | Mexican dance troupe performs traditional regional styles. |
| 09/26 | The Ugly Duckling | Fort Worth Zoo | Fort Worth | 11:00 AM | Children's opera adaptation of a classic tale. |



##Culture
| Date | Event | Venue | City | Start Time | Description |
| :--- | :--- | :--- | :--- | :--- | :--- |
| 09/24 - 09/26 | Taiwan EXPO USA 2026 | Kay Bailey Hutchison Convention Center Dallas | Dallas | TBD | Taiwanese culture and innovation on display. |
| 09/24 - 09/26 | Fort Worth Oktoberfest 2026 | Trinity Park | Fort Worth | 5:00 PM | German cultural fest with beer, food, fun. |
| 09/25 - 10/18 | 2026 State Fair of Texas | Fair Park | Dallas | 10:00 AM | Annual fair features Midway rides, food, and exhibits. |
| 09/25 - 10/18 | State Fair of Texas 2026 | Fair Park | Dallas | 10:00 AM | Annual festival features music, art, food, and cowboys. |
| 09/26 - 09/27 | Oddities & Curiosities Expo 2026 | Kay Bailey Hutchison Convention Center Dallas | Dallas | TBD | Vendors sell bizarre taxidermy & oddities. |
| 09/26 | Sisterland Fest 2026 | Grand Prairie Farmers Market | Grand Prairie | 9:00 AM | Multicultural celebration with food, music, and fun. |
| 09/26 | Mid-Autumn Festival | ATC Lecture Hall (ATC 1.102), The University of Texas at Dallas | Richardson | 7:00 PM | Asian cultural celebration with traditional music. |
| 09/26 | Otsukimi Japanese Moon Viewing Festival | Haggard Park | Plano | 6:00 PM | Japanese cultural celebration with martial arts & music. |
| 09/26 | September Vendor's Market at the DFW Car & Toy Museum | DFW Car & Toy Museum | Fort Worth | 9:00 AM | Summer market features local artisans' handmade goods. |



##Art and Museums
| Date | Event | Venue | City | Start Time | Description |
| :--- | :--- | :--- | :--- | :--- | :--- |
| 09/24 | OPEN CODE — Live Coding + Vinyl Night | New Media Contemporary | Dallas | 6:00 PM | Experimental music and art meet-up featuring coding. |
| 09/26 | 100 Haikus about Horror… Death, Life, Monsters, Protectors | Wordspace | Dallas | 6:00 PM | Mortality-themed art show with ceramics and illustrations. |
| 09/26 | Held in Blue: A Cyanotype Workshop | Arts Mission Oak Cliff | Dallas | Not specified | Artist leads hands-on photo printing workshop. |
| 09/26 | RECPTA Centennial | Arts Mission Oak Cliff | Dallas | 7:00 PM | Celebration honors 100 years of early childhood work. |
| 09/26 | LUIS MARTÍN LECTURE SERIES IN THE HUMANITIES | The History and Practice of Photography in the U.S. and Mexico | Meadows Museum | Dallas | 10:00 AM | Photography's evolution explored in neighboring nations. |
| 09/27 | CADD MFA Showcase | Craighead Green Gallery | Dallas | 3:00 PM | Eleven artists compete in juried showcase. |
| 09/27 | Art of Control: September | Gallery DeFi | Dallas | 10:00 AM | Mat Pilates with sensory installations and exploration. |
| 09/27 | AiR Lauren Urso Gray Community Offering | Arts Mission Oak Cliff | Dallas | 12:00 PM | Artist shares creative process in intimate setting. |
| 09/27 | Let's Talk: Advocacy | Arts Mission Oak Cliff | Dallas | 12:00 PM | Artists and activists share ideas on creative support. |



##Sports
| Date | Event | Venue | City | Start Time | Description |
| :--- | :--- | :--- | :--- | :--- | :--- |
| 09/22 - 09/24 | New York Mets vs. Texas Rangers | Globe Life Field | Arlington | 7:05 PM | Professional baseball game with AL vs NL. |
| 09/23 | Minnesota Wild vs. Dallas Stars | American Airlines Center | Dallas | 7:00 PM | Professional ice hockey preseason game featuring NHL prospects. |
| 09/24 | All Stars Dallas vs. Dallas Xforia Giants | Grand Prairie Stadium | Grand Prairie | 10:00 PM | Cricket match pits rival teams against each other. |
| 09/24 | Reedy High School vs. Liberty High School | Ford Center at the Star | Frisco | 7:00 PM | High school football with cowboy-themed campus amenities. |
| 09/24 | United Athletic Conference Tipoff Event | Credit Union of Texas Event Center | Allen | Morning | Coaches, athletes meet ahead of basketball season. |
| 09/25 | Stanford vs. SMU | Washburne Soccer and Track Stadium | Dallas | 6:00 PM | College women's soccer game: fast-paced competition. |
| 09/25 | Stanford vs. SMU | Moody Coliseum | Dallas | 8:00 PM | High-energy volleyball matchup with intense spikes. |
| 09/25 | Dallas Xforia Giants vs. All Stars Dallas | Grand Prairie Stadium | Grand Prairie | TBD | Professional cricket match: regional rivals clash. |
| 09/25 | Granbury vs. Bowie | Choctaw Stadium | Arlington | 7:00 PM | Friday night showdown for Texas student-athletes. |
| 09/25 - 09/27 | Savannah Bananas vs. Texas Tailgaters | Globe Life Field | Arlington | 7:00 PM | Viral artists bring energy, trickery to the field. |
| 09/25 | Florida Atlantic vs. UNT | UNT Volleyball Center | Denton | 6:00 PM | Volleyball showdown between top collegiate teams. |
| 09/26 | Dallas All Hats vs. Oak Cliff 86ers | Lake Cliff Park | Dallas | 1:00 PM | Community sandlot baseball teams compete. |
| 09/26 | Grambling State Tigers vs. Prairie View A&M Panthers | Cotton Bowl Stadium | Dallas | 6:00 PM | HBCU college football rivalry with halftime show. |
| 09/26 | Prairie View A&M Panthers vs. Grambling State Tigers | Cotton Bowl Stadium | Dallas | 6:00 PM | College football rivalry with high-energy halftime show. |
| 09/26 | Palestine Polecats vs. White Rock MudBugs | Samuell Grand Ballfield #6 | Dallas | 1:00 PM | Local kids play backyard ball. |
| 09/26 | Missouri State vs. SMU | Gerald J. Ford Stadium | Dallas | 8:00 PM | College football game with tailgating excitement. |
| 09/26 - 09/27 | Savannah Bananas vs. Texas Tailgaters | Choctaw Stadium | Arlington | 8:00 PM | High-energy sports-meets-comedy-dance spectacle. |
| 09/26 | LAFC vs. FC Dallas | Toyota Stadium | Frisco | 7:30 PM | Western Conference rivals face off in high-stakes match. |
| 09/26 | Houston Christian vs. UNT | DATCU Stadium | Denton | 7:30 PM | FBS college football game with tailgating. |
| 09/26 | Hero Games Fun Run | Riders Field | Frisco | 8:00 AM | One-mile community run supports childhood cancer patients. |
| 09/27 | California vs. SMU | Moody Coliseum | Dallas | 1:00 PM | High-energy college volleyball with intense spikes. |
| 09/27 | Lakefront Little Elm Kids Triathlon | The Lakefront at Little Elm | Little Elm | 8:00 AM | Youth triathlon for kids aged 4-15. |
| 09/27 | Tulane vs. UNT | UNT Volleyball Center | Denton | 1:00 PM | College volleyball showdown between conference foes. |

",2,1790103365.0,Dallas,4,0.67,False
1wnidik,https://i.redd.it/hzar6or4c4rh1.jpeg,Please help me find this Marie Kondo x Container store jar (medium or large size),My favorite jar for coffee storage broke and I’m trying to find the same one (medium) to replace it. Alternatively I’d take a large size too! Thank you!,1,1790103285.0,HelpMeFind,3,1.0,False
1wnidih,https://www.reddit.com/r/Situationships/comments/1wnidih/21m_21f_guy_ive_been_talking_to_for_months_chose/,[21M] [21F] Guy I've been talking to for months chose another girl,"A month or two before my junior year ended, I met a guy through a mutual friend at a few parties. We would often talk for hours, and I felt it was pretty clear that we genuinely enjoyed each other’s company. One night, after he walked me home, he asked me out on a date. I enthusiastically said yes, but since it was the day I was moving out, we agreed we’d have to wait until the fall semester.

That conversation eventually turned into us talking consistently throughout the entire summer. I recently deleted his contact, and there were around 3,000 messages and/or voice memos exchanged over around 150 days, so we were clearly getting to know each other quite well. We'd talk extensively about things we'd do together once we were both back at school, and I genuinely believed we were going somewhere. I had never connected so well with someone before, and I became very emotionally invested in the connection.

Only two days after the semester started, though, he texted me excitedly saying that another girl had asked him out. I asked him about the date we had discussed, and he said his week was busy and that he’d get back to me. He never did. What made it more confusing was that he continued acting completely normal around me at parties/group events and still seemed to give me signals that he was interested, while simultaneously becoming more distant over text.

His explanation was that he didn’t think I was interested in him. I found that difficult to understand, given how close we had become over the summer and the fact that we had repeatedly talked about getting coffee once we returned. When I explicitly told him that I had in fact been interested, he said that he definitely had feelings for me too, but that he wanted to pursue this other girl he'd just met instead.

I understand that he was ultimately free to pursue someone else, and I'm not upset simply because he chose another person. What hurts is the way he handled the transition from what felt like a mutually developing connection into choosing someone else, particularly because he never actually followed up about our date and continued interacting with me as though nothing had changed. I’ve since cut off contact because continuing to interact with him while he pursued someone else was becoming too painful for me.

It’s been about a month, and I’m still having a really difficult time getting over what happened. I keep going back and forth between feeling like the connection must have meant something to him because of how much time and effort he put into me, and wondering whether I completely misread the situation. Am I unreasonable for feeling hurt and somewhat disregarded by the way he handled this? And, more importantly, how do I actually move on from it when I still feel so stuck?",0,1790103285.0,Situationships,1,0.5,False
1wnidgb,https://www.reddit.com/r/CyclePDX/comments/1wnidgb/portland_gay_gravel_group/,Portland Gay Gravel Group,"

Queer led, open to everyone! Dirty roads, groovy company, and a pace built for everyone to finish together. Be prepared to average at least 10mph for a couple hours.

Join us for our inaugural Wednesday evening ride tomorrow 9/23. We'll meet at 5 pm [Cycle Town Coffee Roasters, NW 16th and Thurman](https://maps.google.com/?bounds=45.389771,-122.829208|45.659647,-122.404175&q=NW%2016th%20and%20Thurman) at their parking lot. We will start riding at 5:30.

The ride is about 18 miles. Expect to end no later than 7:30 pm. We'll climb Thurman , ride Leif through Forest Park, descend at Springville, then take Willamette Blvd to Ainsworth before ending at Peninsula Park's rose garden. 

\*This ride includes about 1000 feet of climbing, and a steep descent down Springville (20% grade at points). Bring lights, wear your helmet\* 

We ride every Wednesday, regardless of weather. 

\*\*\* this is an open-road group ride with no closed courses or professional support. everyone is responsible for their own navigation, mechanical fixes, and riding safely within their own limits \*\*\*

[Shift2bikes calendar info](https://www.shift2bikes.org/calendar/event-24974)",24,1790103281.0,CyclePDX,10,0.88,False
1wnid5y,https://www.reddit.com/r/libraryofshadows/comments/1wnid5y/how_to_build_lego/,How To Build LEGO,"   Mr. Dell wasn't expecting the strange affliction that was to befall his daughter. He had first noticed Astrid's odd questions around the age of four, when she had approached him at the park one day.

   ""Should I breathe?"" Astrid had asked, staring up at him with her wide, amber eyes that looked terribly empty.

   He responded with a yes, simply mistaking her question for a childish ineptitude but couldn't ignore this strange occurrence any longer when she continued asking the same question repeatedly over the week.

   Doctors told him that Astrid was simply going through a phase of maturity that most children her age approached differently. Unfortunately, her condition only worsened as she grew older. It became grave enough that no schools would accept her after she attempted to murder her classmate on the orders of a peer. Both were expelled.

   He, or at least one of their maids when he was busy, resorted to homeschooling Astrid and found that she had an amazing memory. She only needed to ask once and the answer was imprinted inside her mind forever. Multiplication tables, done. Algebra after a few months, practically mastered. French, Spanish, Latin... all fluent.

   Despite such talent, it seemed to come with a burden for Astrid and she was unable to act independently in any way possible. She would simply stay in her room all day, screaming questions at the top of her lungs and when Astrid wasn't shrieking, she was found choking on her bed, her empty amber pools bulging out from her sockets.

   All therapists had resigned despite the high salary and had practically run away from his house, that was until Marjolein came. By the time this happened, Astrid was fourteen and Mr. Dell was desperate for a miracle.

   Marjolein was a peculiar one. Eyes that looked blank like Astrid's except much more... sinister and when she spoke, there was no inflection at all. Just a monotonous drone that came from her chapped lips and dirty-blonde hair which framed her gaunt cheeks like a medieval portrait. In other words, she looked like a walking corpse. He admitted that she had startled him the first time he saw her, standing in his doorway like a haunted ghost.

   ""Hello Mr. Dell,"" Marjolein greeted him. ""I'm here for the job.""

   ""Please come in,"" he told her, trying to keep on a warm smile as she walked past him. Mr. Dell noticed that she had a strange scent on her, as if he was smelling wind.

They both sat down, Marjolein on the couch and him in a red velvet armchair just as Astrid began to scream.

   ""Where should I sit? How should I sit?"" She started and Mr. Dell could already imagine her mouth wide open and eyes rolled back as she shouted. ""Should I look left or right? Maybe in front or backwards?""

   ""That's your job,"" he mustered a laugh, sweeping his arms wide open like a ringleader but Marjolein stayed impassive, only nodding her head.

   ""Would you like to see her?"" Mr. Dell proposed, sweat trickling down his brow at her indifference. ""Her name's Astrid.""

   With another nod of her head, she stood up and he was afraid that her legs would give out right from underneath her but she kept her balance.

   They walked upstairs to Astrid's room, the shrieking growing louder with each step until Mr. Dell reached her door. Without bothering to warn his daughter, he twisted the knob open, revealing a teenage girl leaning against her wall almost in a prayer.

   Astrid's head was swiveling around like a ball in its socket and she stopped on Mr. Dell, her eyes wide and unblinking.

   ""How should I breathe? Should I itch my arm? Should I dance? Should I pick my nose? I need to know!"" She screamed slamming her fist on the wall and turning her head toward the ceiling as she prepared herself for another string of questions.

   Marjolein approached her, her arms stretching toward Astrid and grabbing her shoulders. Before his daughter could recoil, she began to talk in a low murmur and Astrid listened closely, taking a few steps back to her bed as her therapist continued to whisper.

   ""Walk to the front of the bed and lower yourself onto the edge of the mattress,"" she whispered and Mr. Dell watched with bated breath as Astrid followed her instructions.

   Mr. Dell had tried everything from writing down orders to memorizing specific orders for Astrid but it wasn't like building LEGO from a manual. Not every block fitted perfectly in life and he couldn't foresee the future. In a way, that's how Astrid saw the world: a mess of LEGO blocks that had no instructions on how to be built, leaving her fumbling in the dark.

   ""Now, breathe in and out three times,"" Marjolein continued but Mr. Dell still wasn't convinced. Most therapists lasted one hour and he wondered if she would be any different.





   ""That was amazing! You deserve every dollar!"" Mr. Dell fumbled for his wallet as Marjolein stood under the warm glow of the lamp post, deepening the shadows in her gaunt cheeks and sunken wells under her eyes.

   ""Thank you,"" she nodded, taking his cash. ""I will be back at eight tomorrow morning.""

   ""I should be thanking you,"" he smiled as she turned to walk down the empty street, her silhouette disappearing into the night.

   Could this woman be the guardian angel he had been looking for after so many years?





   ""It's been a couple of weeks and Marjolein hasn't shown any signs of relenting,"" Mr. Dell told his wife on the phone, his voice much less hoarse from many nights of good sleep. ""Actually, her orders seem to be much quicker, making for barely any pauses between Astrid's actions.""

   ""That's amazing but I won't be coming home until next month,"" she responded, wincing a little as she said it.

   ""You told me that last time,"" he sighed, rubbing at his eyes as he felt very tired all of a sudden.

   ""I'm just not ready yet,"" Ms. Dell started. ""I'm going to wait for my next work assignment here.""

   ""Do what you want,"" he said hanging up and pushing away his frustration as he walked upstairs to relieve Marjolein from her duty. 

   Astrid was sleeping in her bed and he moved on to the next room when he didn't find the therapist sitting beside his daughter.

   Mr. Dell stopped at the end of the hallway and peeked through a door that was slightly agape to find Marjolein standing in front of an open window at the far side of the room, whispering to a bird that had landed on her outstretched finger.

   The wind made the trees move, making it seem like Marjolein's whispers were being magnified through the breeze and he couldn't stop but see her like some sort of twisted Disney Princess.

   Mr. Dell tried to stifle his chuckles and Marjolein looked up, the bird flying off into the darkening sky.

   ""Excuse me Marjolein,"" he apologized. ""I just came by to offer you the weekend off,"" he told her, making a last minute decision but she was already shaking her head.

   ""This work is the only place where I can truly express myself,"" she said in her monotonous drone which deepened his unease as he tried to find any signs of emotion in her face, but it was like looking at a wall.

   ""As long as you don't over exert yourself,"" he told Marjolein, handing over her pay.

   ""There's nothing that makes me more happy,"" she started, that eerie smile stretching across her face again. ""Than being here.""





   ""Twist that metal knob left,"" Marjolein whispered and Astrid did just that. Water came on in a large spray, wetting the dirt path before them.

   ""Turn yourself so you're facing that patch of red flowers and walk there before stopping right at the edge of the soil line while making sure to keep a firm hold on the hose,"" she whispered and Astrid turned right before walking to her destination.

   ""Move the hose right and left, spraying the flowers and plants evenly,"" she whispered, steadying Astrid's trembling grip with one hand.

   ""Astrid,"" Marjolein started and the girl looked up, her lip trembling, unsure of what to do next. ""One day, I won’t be here.""

   ""What? How should I feel? Should I spray you with water?"" She blurted all in one go as an eerie smile stretched across Marjolein's lips.

   ""You should feel happy because I have good news...""

Astrid leaned in closer as her whisper became barely audible.

   ""Just remember,"" her breath hitched then exhaled out slowly. ""I will always be,"" she hitched again, her pupils turning upward to show the whites of her eyes. ""By your side.""





   Two months had passed and Astrid had gone through a radical change. From screaming most of the day to going outside and shopping, she was almost normal. Almost.

   Marjolein was always following behind, whispering orders into her ear that no one except Astrid could hear. Mr. Dell had grown used to her constant presence around his daughter but rumors outside quickly spread about the ""puppet girl"" and her undead ""puppeteer.""

   Eventually, he was able to get Astrid into a public school by paying the principal a little extra. Marjolein, of course, would accompany her throughout the entire year.

   ""What should I wear? What color? What fabric? What shoes? How should I walk?"" Astrid's questions were silenced by Marjolein's indistinct whispering and her spastic eye movement stopped as Mr. Dell smiled at the two of them, holding a mug of warm coffee.

   ""I'll see you both after school,"" he waved them goodbye and his ears caught whispers that came from the therapist.

   ""Say 'goodbye father' in an enthusiastic manner,"" he strained his eardrums to hear the snippet and felt a tug of unease at how quickly Astrid obeyed, not even wasting one second.

   ""Goodbye father!"" She shouted and they both left, leaving Mr. Dell to wonder if sending Astrid to school had been a good idea after all.





   ""Class, I'd like you to meet your new classmate Astrid,"" the teacher's cheery voice was countered by the low whispering that came from Marjolein.

   ""Walk to the front of the room, avoiding any desks or chairs, and make sure to only step where there is vacant space. ""

   The students stared as Astrid followed her orders then threw each other disbelieving looks, whispering among themselves.

   ""Remember class, Astrid is..."" the teacher paused, giving a glance at the both of them as they reached the blackboard. ""A little different.""

   ""Say hello everyone,"" she finished just as there was a chorus of hellos that sprang across the room and one question cut through the clamor.

   ""Is it true that you tried to kill someone?"" A boy raised his hand, waving it in the air. There was a pause followed by whispering from Marjolein and the entire class seemed to lean forward in anticipation.

   ""Yes, I did,"" Astrid responded just as the teacher interrupted, her voice trembling slightly.

   ""That's enough,"" she said, turning to Astrid, her eyes darting to Marjolein's corpse-like expression and back. ""Is there anything you want to share?""

   Astrid’s eyelids began to flutter as she bit her bottom lip before whispers seemed to flow out of the therapist's mouth and into her ear.

   ""Smile while saying: 'I love baking. The recipes are my favorite part'.""

   ""I love baking,"" she told them, a smile growing on her lips. “The recipes are my favorite part.""





   ""Hold your fork by pinching it between your thumb and index finger before moving the tines into the beige mush. Then turn the tines so they're facing your mouth before moving them into the open cavity - yes, open it - by twisting your wrist slightly and center the tines onto your tongue. Press your lips and remove the tines, making sure the beige mush stays in your mouth. Swallow. Repeat this until there is no more beige mush,"" Marjolein whispered those instructions in a span of 15 seconds.

   ""Hey. Stupid puppet girl,"" the boy who had waved his hand shouted and whispers came from the therapist before Astrid turned her head to face him.

   ""Yeah?"" She said, her eyes landing on a pimple studded face of a boy her age and Marjolein whispered something else in her ear.

   ""Stand up confidently in an upright posture and when he asks you anything, interrupt him by saying 'shut up jerk'.""

   ""What's your babysitter-""

   ""Shut up, jerk,"" Astrid interrupted him and his face blushed an ugly shade of red.

   ""Why you-,"" he stopped, a smirk dawning on his face. ""Puppet- Astrid, get up and remove your skirt.""

   Astrid stood up, placing her hands on her waist just as people started to gather around them, murmuring to each other as they watched the scene unfold.

   ""Do not follow his orders. Instead, sprint forward, grip the waistband of his pants with both hands, pull them all the way down, and immediately sprint back to my side,"" Marjolein whispered before Astrid could do anything else.

   Astrid had never really ran much but in that moment, she practically leaped to where the boy stood and, in one swift movement, pulled down his pants before moving back next to Marjolein.

   His ugly shade of red deepened even further as he pulled his trousers back up before approaching them, one fist raised.

   ""Catch his fist with one upraised hand so it lands in your palm before clenching your free hand into a ball and punching his nose with all your force.""

   Astrid caught his balled up hand before punching him in his face, and blood spouted from his nose. He raised another fist just as Marjolein finished her next line of whispers.

   ""Whenever he throws a punch, catch his fist into the palm of your hand and punch him back with equal force while his fists aren't raised.”

   A few strokes were thrown, every one of them blocked, and he hesitated enough for Astrid to land a hit of her own. The bully landed on his side but she didn't relent, throwing herself onto him and letting the blows rain down as Marjolein continued to whisper like a horrific commentator that was watching the match.

   Astrid froze in place when the boy raised one, bloody, clenched hand and her eyes locked onto his fist, not even blinking. The boy, for the first time, looked scared as he crawled away, just as an adult came bursting through the crowd of students, rushing toward the bully who was on all fours while Marjolein slipped away toward Astrid.

   ""What happened here?"" The adult asked once he checked that the bleeding student was alright.

   ""I can explain,"" a boy with messy brown hair stepped up from the crowd, throwing a smile at Astrid who remained completely impassive while Marjolein continued to whisper in her ear. Astrid suddenly smiled back, right when the therapist's whispering stopped.

   ""Jenkins started the fight,"" he pointed at the blood smeared face of the boy who threw him a glare. The supervisor seemed slightly surprised at the answer as he dragged his gaze over to Astrid, lingering on Marjolein as recognition lit his eyes. They were the puppet girl and the undead puppeteer.

   ""I think Astrid and Jenkins should both see themselves to the principal's office,"" the supervisor concluded and the student with brown hair threw Astrid an encouraging stare as she passed by.





   ""Starting high school can be difficult but...,"" a fat man who wore a coffee stained suit paused, rubbing out the stub of his cigarette in an ash tray littered with the remains of his cigars. ""It's a necessary step in becoming good citizens.""

   Jenkins only crossed his arms over his chest, pulling his face down in a snarl while Astrid stared at the principal with glass marbles for eyes. 

   ""You know,"" the principal cupped his hands over his belly of fat, turning his gaze onto Astrid. ""I like obedient people. Especially girls,"" he chuckled a little but his smile slowly soured as he turned his rolling chair over to Jenkins.

   ""I know your type very well,"" he said, matching the boy's snarl. ""Just a bunch of jerks is all.""

   He gave a sigh, waving one hand willy-nilly in the air. ""I'll give you a few days off to ruminate in regret or something.""

   ""My father's going to kill me,"" the boy's snarl disappeared and was replaced with genuine fear as his eyes widened.

   ""You should learn a few lessons from Astrid over here,"" he pointed one sausage finger at the girl, his stare completely bypassing Marjolein.

   ""Whatever,"" Jenkins scowled, pushing his chair back as he stood up before stomping out of the door. Relief washed over the principal’s face as he watched the boy leave before he leaned over his desk toward Astrid, his double chin waggling out.

   ""I really would love to know more on your condition,"" he said, staring at her like an impressive science project that one of his students built.

   ""Could we leave?"" Astrid suggested just as Marjolein finished whispering.

   ""Of course,"" the principal responded, leaning back in his office chair. ""And I have no strong feelings about this whole affair,"" he finished, making a lazy twirling gesture with one hand as if he was wrapping everything up.

   ""Thank you,"" Astrid said while Marjolein was the one who smiled.





   ""So, how was it?"" He asked, ruffling his messy brown hair. Astrid, Marjolein, and the boy with brown hair were hanging out in an abandoned parking lot surrounded by trees, the sun slowly sinking behind the horizon as the sky was thrown into a fading orange.

   ""I'm Peter, by the way,"" he followed right after, holding out his hand. Marjolein seemed to stumble over her words and Astrid almost cut off what Peter said, attempting to answer his first question while fist bumping his hand instead of shaking it.

   ""Sure,"" he laughed, bumping her fist. ""I like fist bumps better, anyway.""

Astrid abruptly stopped speaking, her cheeks growing a rosy pink while Marjolein came close to looking surprised. She hadn't whispered for her to stop speaking.

   ""Anyway, how was the principal?"" Peter asked again.

   ""Say: 'A fat wad of gum stuck to his desk',"" Marjolein whispered.

   ""A fat wad of gum stuck to his desk,"" Astrid nodded her head, as if she was making sure she had recited the line of a poem correctly.

   ""That's going to need some getting used to,"" Peter stopped at the sounds of footsteps and turned around to find Jenkins with another boy approaching them, sneering looks on their faces.

   ""Look at these two lovebirds,"" the pimple-studded boy snickered. ""More like disgusting crows.""

   A sudden breeze seemed to pick up and Astrid became rigid while Marjolein began mouthing an order, her whispers inaudible. 

   The sky darkened and all the boys looked up to find a flock of crows swirling above them. The breeze came to a stop, acting as a cue for the murder of crows to plunge toward the two bullies, surrounding them in a mass of moving darkness.

   ""What the fuck?!"" Jenkins shouted, running away from the crows and into the forest as Peter stared after them with amazement.

   ""You never told me your therapist was a Disney Princess?"" He said, turning to face them, his gaze landing on Marjolein.

   ""Will they be okay?"" Peter asked as the crows rose from an outcrop of trees and flew into the blood-red sky. He took a few steps back when neither Marjolein nor Astrid responded.

   ""This is way too creepy,"" he said, starting for the broken fence that had allowed them into the parking lot.

   ""Don’t go,"" Astrid started, reaching out to Peter with one hand. This time, Marjolein gave a downright frown.

   He relented at her pleading gaze and soft, rosy cheeks before looking up at Marjolein's sharp and cutting complexion, apprehension forming a knot in his stomach. Something wasn't right with that woman and he wondered how serious Astrid's condition really was. The rumors definitely hadn't exaggerated, though. That therapist was giving undead vibes.

   ""Sure, but this isn't a date,"" Peter quickly clarified while Marjolein stepped back into Astrid’s shadow, as if she was a puppeteer claiming her doll.





   ""I see that you brought a new friend with you,"" Mr. Dell greeted them on the threshold of Astrid's house, smiling to Peter as he looked up at the victorian facade of their manor in awe.

   ""You live in a mansion?"" He asked before blushing at his own manners. ""I'm Peter.""

   ""Mr. Dell,"" Astrid's father greeted him, happy at how quickly his daughter had made a new friend. Peter did look like a nice kid and he was sure Marjolein would keep things under control.

   ""Oh, and Marjolein,"" he brought the therapist's dead-pan gaze to his but Mr. Dell didn't even shiver. ""You won't mind staying by Astrid's side a little longer than usual, tonight?""

   ""It would be my pleasure,"" Marjolein responded, whisking past him like a summer breeze as she followed Astrid and Peter into the house.





   ""So, what do you want to do?"" Peter asked once his shoes and back pack were off. He took out his phone, shooting a quick text to his parents while Marjolein whispered:

   ""Say, let's watch a movie.""

   ""Let's watch a movie,"" Astrid replied and he furrowed his brows at her response.

   ""I asked you, Astrid,"" he said and she turned her head slightly toward Marjolein's blank stare, pleading with her glassy brown eyes for help.

   ""Repeat: let's watch a movie,"" Marjolein whispered.

   ""Let's watch a movie,"" Astrid repeated.

   “Now walk to the living room and lower yourself onto the side of the couch that is closest to the door,"" she continued before Peter could intervene. 

   While she lead Astrid to the living room, Marjolein side glanced at him, her eyes glinting coldly in the light as they passed by. A shiver ran up Peter’s spine at her stare and he followed behind them, thankful that, by sitting in the middle, Astrid was separating him from the creepy therapist. 

   In front of them was a big-screen TV and he grabbed the remote, instinctively turning to Astrid so he could ask her what movie they should watch before giving a small shake of his head at her empty, marble eyes.  

   Scrolling down, Peter felt cold sweat break on his skin as a heavy silence weighed down on them before being broken by a sudden indistinct whisper that was inches away from his ear.

   He gave a yell, jumping up from where he sat before staring at the empty spot on the couch beside him with terror. There was no one despite the clear, rattling breath Peter had heard coming from the vacant space and he looked at Marjolein who sat the furthest away from the area.

   “I don’t know how the hell you did that but you’re really getting on my nerves,” Peter burst out, scratching his back as pins and needles sprouted across his body.

   “Marjolein was speaking to me,” Astrid told him after her therapist finished whispering, the light emanating from the TV splashing onto her face ominously.

   “This isn’t normal,” he started.

   “Say, I thought you liked me in an exclamatory manner,” Marjolein whispered.

   “I thought you liked me!” Astrid exclaimed.

   “I like you, Astrid. Not whoever that stranger is,” Peter lowered his voice as the adrenaline from his scare faded away.

   “Say, come sit-,” 

   “Stop,” Peter interrupted Marjolein and Astrid started speaking, cutting off right where her therapist had.

   “I’m going to ask you a question and I want Astrid to respond,” he told them, trying to find an ounce of *something* in Astrid’s eyes but it was like staring into an empty basin.

   “This is kind of cringe but, are you my friend?” Peter tried to stop himself from making a face, his cheeks blushing a slight red.

   Instead of stepping in, Marjolein remained silent as Astrid threw her another helpless glance and the therapist seemed to fade into the surrounding darkness of the room without leaving any whispers to mark her presence.

   Astrid frantically started to look around as if she was looking for an escape, her black hair whipping across her face as if death was trying to swallow her whole head. As Peter stared, he was reminded of someone drowning, trying to grab onto anything in sight.

   “If I say yes, who will I be spending my time with? What if you’re a bad person that simply wants to use me? What if you want to do bad stuff to me? Like hurt me, torture me, murder me?” Astrid inhaled deeply, clutching her head between two hands as she collapsed onto the floor, readying herself for another explosion of questions.

   “But what if I say no? Then who will be my friend? Who will I talk to? Who will I eat with? Who will I hang out with? Who will I marry? Who will I have kids with? Do I want kids? Do I want to get married? I don’t know! I don’t know!”

   “Get up and face Peter before smiling at him while saying yes, you’re my friend,” Marjolein whispered, crouching next to Astrid.

   “Yes,” she stood up, a wide smile fixed onto Astrid’s face while tears streamed down her cheeks. “You’re my friend.”

   “What’s happening?” The lights clicked on and Mr. Dell stood in the threshold of the living room with a night robe on and a glass of whisky in one hand.

   “I’m just leaving,” Peter tried to hide the tremble in his voice as he quickly left for the exit, side stepping around Mr. Dell and nodding his head goodbye without glancing back.

   “Excuse me sir, but I think Astrid needs to be alone,” Marjolein croaked at Astrid’s father, her vocal cords used to only whispering.

   “Oh, um…” Mr. Dell sloshed the whiskey around in his glass before drinking it. “Of course.”

   He started back upstairs as Marjolein approached her mouth to Astrid’s ears, wiping away the tears on her cheeks with fingers as dry as sun-dried tomatoes.

   “Don’t be sad Astrid,” she whispered and the tears welling from Astrid’s eyes came to a stop as a veil seemed to be thrown onto her face, hiding any visible emotions. 

   “Because I have something to show you.”





   *Turn right on Cork Road, making sure to keep to the right of the pavement. Stop where the concrete does, take five seconds to look around. Take another five seconds if you see a car heading toward you at less then twenty feet from you before continuing in a straight trajectory. Ignore the last instruction if there is no car and continue to move straightforward. Stop at the last house on the street, making sure to face the entrance of the wooden gate next to it and push the entrance open before entering inside. Walk on the grass until there is no more before stopping and turning to face left and continue to walk in that direction until you reach the last window. Stop there and turn to face the window before opening it slowly, then proceed to lift your left leg over the wall without your leg or foot touching anything except the floor. Do the same for your other leg once the leg that isn’t outside is firmly on the floor. Now, without making a sound, walk to the bed, stopping beside the body and making sure to be as close as possible without touching the bed. Grab the knife from your right pocket with your right hand, making sure to grab the handle, and lift the knife at bosom-level, blade facing downward, before bringing your left hand onto the handle, partly covering your right hand in a tight grip. Raise the knife above your head as high as you can, aiming the blade above the body’s head. If the body’s head is turned so it’s facing the ceiling, plunge it into the middle of it’s forehead. If it’s facing sideways, plunge it into the middle of it’s temple. If it’s facing backward, plunge it into it’s bald spot. Plunge it down as hard as you can.*





**13 YEAR OLD BOY FOUND MURDERED INSIDE HIS OWN ROOM**

   

   This morning, Honey and Carl Barker found their son, Jenkins Barker, dead in his own bed. A knife embedded in his skull was declared by investigators to be the cause of his death. Until the killer has been found, a curfew of 7 pm is to be imposed and it is greatly encouraged for citizens to tightly lock up their homes.





   Mr. Dell threw the newspaper onto a nearby table, fiddling with his wedding ring as he glanced at the empty slot in the knife holder. Could it be? No. Astrid was a sweet girl.

   He was then brought back to when Astrid’s headmaster had asked him in after she attempted to murder a classmate. He had gotten a phone call at work and when he heard that grave tone in the principal’s voice, a visceral sensation of dread he had never felt before racked his body. Astrid was only seven when she was accused of attempted murder. Had she finally done it?

   “No, no, no,” Mr. Dell repeated aloud in a murmur as he abruptly stood from his velvet chair, circling around the room as his mind wandered. Of course this had to happen right before his wife, Astrid’s mother, came back home. Of course it would!

   No, he stopped walking in a circle, reassuring himself with Marjolein. She had everything under control, he told himself, pouring a glass of whiskey before settling himself back onto his armchair. Mr. Dell just needed to relax himself and enjoy the weightless sense of his shoulders.





   Peter was studying when the sound of the doorbell made him look up in surprise. Who could it be? 

   He went over to the front door, opening it with an even greater surprise when he found Astrid standing on his porch, alone.   

   “Hi,” she started with a smile and he returned her greeting with a stutter.

   “Where’s your-,” he started but was interrupted by Astrid who spoke in a high pitched tone that almost broke her voice. 

   “Knock, knock, knock,” she began and Peter almost broke out laughing by how ridiculously creepy the whole conversation was playing out to be.

   “Who’s there?” He asked and he felt chills roll down his spine looking at Astrid’s eyes that seemed to bulge out of their sockets, as if someone was behind them, banging from inside in a desperate plea for escape.

   “You are,” Astrid continued and the banging behind her eyes seemed to grow more frantic and frenzied.

   “You are who?” Peter gulped down the knot in his neck, his hand rummaging around his mop of brown hair like it was trying to disappear behind the thick strands of hair.

   “You are knocking,” she finished, her voice breaking on the last syllable before falling silent while the banging behind her eyes seemed to stop.

   Before Peter could say anything Astrid erupted into laughter, her torso heaving unnaturally as if she couldn’t breath. He took a step back, unsure if he should help or run back inside and lock the door behind him.

   “I brought you chocolate cake,” she erected herself like a lightning bolt before he could decide, shoving the casserole dish into his arms.

   “And-,” she abruptly stopped. “I love you,” she finished as if in hesitation, but something was off. It didn’t feel accidental or instinctive. Her hesitation seemed intentional, even mechanical, Peter thought with a shiver as he pressed the cake dish closer to his stomach.

   She then pivoted away with a goodbye, her hands retracting back to her sides like a machine’s.

   “Bye?” Peter called after her, a million questions racing through his mind as he looked down at the chocolate cake and back up to Astrid’s receding figure in the distance, unaware of the crow that had landed on a nearby tree, staring at him with one, void-filled eye.





   Mr. Dell was surrounded by multi-colored, towering buildings made out of LEGO and he tried to orient himself as he looked at the streets filled with little, yellow figurines that wore fixed smiles on their plastic faces.

   In alarm, he realized that his whole body was completely numb and immovable. His limbs and torso were unyielding, like stone mixed with plastic. If Mr. Dell could, his eyes would’ve widened when he saw a yellow figure with long, black hair and rosy cheeks which were a splash of pink against the urine yellow. Right in front of him stood his daughter, Astrid.

   Just then, a large, red brick fell from one of the buildings and the ground started to shake under his feet as loose blocks continued to fall onto the streets. The bricks landed on the yellow figurines, popping off heads and snapping off legs as what seemed like a gigantic cloud covered the sky, throwing the entire city in darkness.

   What first felt like wind picking up quickly turned out to be whispers as the buildings continued to crumble into piles of random bricks and Mr. Dell was thrown onto his back, his head rolling upward to face the sky. 

   Marjolein’s face immediately filled his view as she pursed her lips open, her eyes rolling backwards while whispers continued to spill out from her open mouth, mixing in with the resonating crashes of the falling LEGO city.





   Mr. Dell gasped, flinging himself into a rigid sitting position before slumping back into his armchair, breathing out a sigh of relief. He must’ve dozed off after finishing his glass of whiskey but the sleep had done him no good. Actually, he felt it had done the reverse.

   An appeasing smell wafted into his nose and he looked up from his resting place, hearing sounds coming from the kitchen. Was Astrid and Marjolein cooking dinner? 

   Standing up, Mr. Dell left the living room, walking into the hall before stopping in shock when he saw Astrid in the kitchen, completely alone as she manned the frying pan without Marjolein by her side.

   “Astrid,” he called for her attention and his daughter looked up with a smile. That was when a visceral chill ran up his spine, the same one he had felt when the headmaster had called him in.

   It was her eyes. Rather than disappearing, the emptiness they held seemed to have become… alive. As if something was moving behind those glassy marbles.

   “Dinner’s almost ready,” Astrid said, turning back to the stove with a smile still fixed onto her face, like a LEGO figure. 

   Mr. Dell shook his head at the thought, forcing himself to return her smile as he walked into the dining room and sat down onto a chair, Astrid following behind him a few moments later.

   “I made fried rice,” she told him, setting down a plate of steaming rice with scrambled eggs and chicken pieces in front of him before sitting down herself as he stood up, remembering to grab forks.

   As Mr. Dell walked back to the kitchen, questions raced across his mind. How did Astrid cook such a meal without Marjolein’s help? Perhaps she had pre-ordered his daughter? But then where was Marjolein and how had Astrid known where to put his plate of fried rice without Marjolein telling her so? 

   Trying to shove back the tidal wave of questions, Mr. Dell grabbed the silverware and started back for the dining room, avoiding Astrid’s gaze as he sat back down and handed her a fork.

   “I made chocolate cake if that’s not enough,” she spoke up, watching her father take a few bites without eating anything herself.

   “That’s very sweet of you,” Mr. Dell chuckled a little at his own joke before clearing his throat and asserting a serious tone in his voice.

   “But where’s Marjo-,” he stopped, noticing that Astrid’s lips hadn’t moved at all when she spoke. Now that he looked closer, when did her skin become so yellow?

   He tried to move his own lips but found he couldn’t and stared in surprise at his food. The rice was now stuck in one large, plastic lump while the peas were strange green dots and the pieces of chicken were smooth, brown circles with a mini-sized bone sticking out from the bottom.

   Mr. Dell picked at his dinner while a growing numbness spread throughout his body, watching in wonder as the tiny fork that he held in stiff, c-shaped hands, bounced off the food.

   He tried to stand up but it felt like his butt was attached to the chair, as if a kid had placed him in a sitting position by pressing his body until it *clicked* on the LEGO block that was now his seat. As for the chair itself, it also felt *clicked* into place and no matter how much he tried to move, it never budged.

   Mr. Dell tried to call for Astrid but she was nowhere to be seen and he could only sit and watch in horror as the walls started to fall apart, LEGO brick by LEGO brick, revealing an unending darkness behind the colorful LEGO house.





   Astrid faced the open window, the curtains blowing from the wind outside as Mr. Dell laid on the floor, foam dripping from his mouth. 

   She could hear Marjolein again, whispering through the creaking branches and the rustling leaves, caught in the breeze that the night carried to Astrid’s ears. 

   *I will always be by your side,* the birds seemed to caw as the wind strengthened, breathing onto her face.

   “What do I do now?” She asked.



The End







   ",1,1790103263.0,libraryofshadows,0,1.0,False
1wnicq9,https://v.redd.it/f2qeb86zb4rh1,"☕️🍫 Tiramisu Chia Pudding – Creamy, Coffee-Flavored & Low-Carb! 😋✨","Hey keto foodies, 🥑 Eating keto doesn’t have to be boring. Get 1001+ guilt-free, fat-burning, delicious keto recipes in my FREE digital cookbook! 🔗 Tap the link in bio & download your copy now! 📚 ✨ Or Comment “FEAST” and I’ll send you the link to your DMs 📥

\-

A guilt-free twist on a classic dessert — creamy chia pudding layered with espresso, coconut yogurt, and a hint of sugar-free maple syrup. Top with cocoa powder and sugar-free dark chocolate for the ultimate keto-friendly treat. Perfect for breakfast, dessert, or a sweet snack! 🥄💛

💡 Why this one’s a weeknight win:  
✅ Low-carb, high-fiber, and keto-approved  
✅ No sugar, no guilt, all flavor  
✅ Make-ahead friendly — refrigerate overnight

Macros (per serving, est.):  
Calories: 180 | Fat: 11g | Protein: 6g | Net Carbs: 4g

Ingredients:  
3 tbsp chia seeds (about 30 g / 1 oz)  
¾ cup milk of choice, unsweetened almond or coconut milk (180 ml / 6 fl oz)  
1 double espresso shot (about 60 ml / 2 fl oz)  
1 tbsp sugar-free maple-flavored syrup (15 ml / 0.5 fl oz)  
½ tsp vanilla extract (2.5 ml / 0.08 fl oz)  
1 spoonful coconut yogurt (about 30 g / 1 oz)

Toppings:  
Coconut yogurt  
Cocoa powder  
Shaved sugar-free dark chocolate

Instructions:  
mix all ingredients together in a jar then refrigerate for at least 2 hours or overnight. add toppings when ready to enjoy!",26,1790103238.0,LowcarbRecipes,1,1.0,False
1wnibm2,https://i.redd.it/538bbdpsb4rh1.jpeg,Need office coffee machine recommendations,"So am looking to buy a small coffee machine for my office , and am looking for some experienced recommendations,  I found this one DeLonghi dedica metal , and am not sure if its good or not , am looking for something that gives strong and heavy espresso 

Would love to hear some recommendations from you guys , my budget for this is 5m ",1,1790103173.0,AlgeriaRates,8,1.0,False
1wniayn,https://www.reddit.com/r/TorontoHangoutFriends/comments/1wniayn/friends_anyone/,Friends anyone?!,"Hey guys, with the start of autumn, my fav season, I’m looking to make some meaningful friendships and have funnn. 

A little about me:   
I’m 21F   
I love movies! Some of my favourites are: Before Sunset, Heat, Se7en, Star Wars - Empire Strikes Back, Good Will Hunting, and more. (Ask for my Letterboxd!) As for shows, I like Breaking Bad, AOT, and I’m watching Twin Peaks rn. I’m also planning on doing my annual rewatch of Gilmore girls or The O.C.  
I love music and discovering new music. Right now some of my favs are Asap Rocky, Curren$y, The Sundays, Mac Miller. I LOVE jazz/melodic rap, as well as alt/indie rock.   
I like sudoku and I’m also trying to get better at chess rn.   
I like being active and trying out sports like tennis, soccer, volleyball, archery (not the best at them but they’re sm fun!) I also like biking especially now with the new park.   
I love just going to cafes, trying new drinks and reading, yapping or studying. Maybe even vibey jazz bars/pubs.   
I study computer science and math, and pursuing a career that combines both. I also plan on doing my masters related to this.   
I don’t believe in any organized religion (I’m atheist) but I find it fascinating to discuss and debate. I’m also trying to get more into philosophy, if you have any book recs lmk!)   
I like reading, right now I’m reading East of Eden. Also planning on finishing my reread of the hunger games before the new movie! 

About you, I don’t have much strict requirements but here are a few:   
Youre 20-25   
You care about basic human rights for ALL oppressed/minority groups and about current political events (crazy I even have to say that nowadays)   
That’s it! 

Dm me with a little more about yourself, including your age, hobbies, and ideal hangouts. First, I prefer we text a bit so I can tell if we vibe, then I’m down to hangout over some coffee (or matcha) in person. ",2,1790103134.0,TorontoHangoutFriends,4,0.75,False
1wniass,https://www.reddit.com/gallery/1wniass,Cafe Corgi in Barcelona,"Of course i got a coffee, and it was the best in the city!",113,1790103123.0,corgi,5,0.98,False
1wniac5,https://www.reddit.com/r/JodiMilan/comments/1wniac5/30_male_doctor_delhi/,"30 male ,doctor ,delhi","Hey a surgeon here in delhi, from tamilnadu but living here in north since my masters and superspecialisation are from aiims.

I’m a surgeon by profession, an adventurer by nature, and someone who believes life should be lived beyond the hospital and daily routine.

I’m passionate about what I do, but outside work I love travelling, riding my motorcycle, exploring new places, and spending time in nature. Mountains, forests, lakes, deserts, winding roads and offbeat destinations are much more my kind of place than crowded tourist spots. Give me a bike, an open road and a beautiful destination, and I’m happy.

I enjoy good conversations and can talk about almost anything—from medicine and travel to movies, history, food or completely random things at midnight. I’m drawn to people who are curious, independent, kind and passionate about something in their own life.

I value honesty, loyalty, communication and a good sense of humour. I’m ambitious about my career, but I also want a life filled with family, friends, travel, good food, spontaneous plans and meaningful experiences.

I’m not looking for perfection or someone who simply fits a checklist. I’d like to meet someone genuine—someone I can laugh with, have deep conversations with, travel with, and eventually feel completely comfortable being myself around.

If you enjoy nature, travel, a little adventure and conversations that can go from serious to completely ridiculous in minutes, we’ll probably get along.

Let’s start with a coffee and see where the road takes us.",1,1790103096.0,JodiMilan,1,1.0,False
1wni9yh,https://www.reddit.com/gallery/1wni9yh,Early morning coffee fit,It’s early spring but still cold in the mornings 🥶 ,21,1790103072.0,OUTFITS,7,0.97,False
1wni9t7,https://www.reddit.com/r/MoroccoDating/comments/1wni9t7/28_looking_for_quiet_company_dry_humor_and/,"28  looking for quiet company, dry humor, and something real","28M here, I spend my days at a desk, in front of a computer, so when I'm done I want calm, not more noise. I don't like wasting people's time, so I'll be direct: I'm here for a genuine connection, not to collect ""hey"" and ""how's your day"" for a week and let it fade.

A good night for me is simple :  a walk near the water, decent coffee, stargazing, and someone who doesn't take themselves too seriously. I laugh easily, especially at the dry stuff.

I'm drawn to people who are independent, emotionally steady, and know what they're about.

If that sounds like you, tell me the last thing that genuinely made you laugh, or something you can't stop learning about right now.",3,1790103062.0,MoroccoDating,1,1.0,False
1wni93t,https://www.reddit.com/r/story/comments/1wni93t/welcome_to_blackwood_ridge/,Welcome to Blackwood Ridge,"(Fictional Place)

Blackwood Ridge is located high in Catskills Mountains, where the fog settles heavy, and the secrets settle deeper. It’s an off-grid dead zone where GPS drops, drone signals die, and the rest of the world disappears.

Here, the locals are tight-lipped and fiercely observant. They don’t ask about your past because they don’t want you digging into theirs, but nothing escapes their notice, from a strange car to a bitter public divorce. 

It’s a town built on the transience of outsiders, those who drift in, or those with no place to go and perhaps a damn good reason to hide. Once a bustling tourist area, it's a skeleton of a bygone town now. It thrives on drifters who pull off the highway to seek refuge at the [Hells Bells Motel](https://www.reddit.com/r/CreepyPastas/comments/1v5ykq2/under_new_management_the_hells_bells_motel/) or weary travelers who stop in at the Sunrise Diner for a cup of strong coffee, served up by [Gladys](https://www.reddit.com/r/Nonsleep/comments/1v91ocu/meet_gladys_the_watchful_eye_of_blackwood_ridge/).

The Hells Bells Motel doesn’t give a damn about physics or logic. It operates on its own twisted terms with Sterling handing out the room keys. Once you step inside Blackwood Ridge, the normal world is just a suggestion that nobody follows here.

If booking a stay, please see the [Hells Bells Policies and Survival Protocols](https://www.reddit.com/user/Lilia_Briganda/comments/1v4osnv/the_hells_bells_motel_policies_and_survival/), and check out the [Amenities](https://www.reddit.com/user/Lilia_Briganda/comments/1v4quj9/our_amenities/).  Oh--btw, if you see an old gray tomcat roaming around, that's Scurf, the resident squatter. Just let him be- you'll be glad you did.

Blackwood Ridge doesn’t just host travelers--it collects them too, ensuring that once you step inside, you never truly leave. It’s the kind of place that stays with you.

",1,1790103022.0,story,0,1.0,False
1wni8d3,https://youtu.be/e5z6t92JZEw,Lil coffee cruiser build for the lady,,1,1790102977.0,Klunkers,0,1.0,False
1wni7io,https://i.redd.it/ta2ouje2b4rh1.jpeg,Can someone help me pick an AT HOME espresso machine? [$1000],"\[$1000\]

This is my setup. Don’t judge lol. Been collecting these since the marines. But there are so many opinions and choices. 

I just need a GOOD one for home use. I don’t need a fancy barista machine. I’m not paying over $1000 lol so please recommend the BEST AFFORDABLE one. I don’t want the CHEAPEST one necessarily ",2,1790102927.0,espresso,27,0.63,False
1wni6g6,https://www.reddit.com/r/BuyItForLife/comments/1wni6g6/single_cup_drip_coffee_maker_plastic_free/,Single Cup Drip Coffee Maker Plastic Free,"Hello! I am in the market for a single cup or 2 cup coffee maker with little to no plastic as possible. I know the Moccamaster has an option for single cup, but I don't like how much plastic it uses.

Another brand I'm considering is the GE Profile Smart 4K coffee maker that has a mug option, but the filter is plastic.

https://www.geappliances.com/appliance/GE-Profile-Smart-Grind-and-Brew-Coffee-Maker-with-Podless-Single-Serve-P7CGAAS6TBB

Is there anything that's like 99% plastic free and a small coffee drip coffee maker?

Edit: I'm looking more for automatic than manual so preferably no Moka drips or French Presses",3,1790102862.0,BuyItForLife,31,0.6,False
1wni611,https://www.reddit.com/r/CorpusChristi/comments/1wni611/looking_for_work_urgently/,looking for work. urgently.,"Hello! been applying to places LEFT AND RIGHT and have applied to over 40-50 places, got ONE interview thats literally in 3 weeks and I need a job like before this month ends basically. I have tried every place you think of, does anyone work somewhere that is for SURE hiring, has kinda late hours (i have college classes during the day) hires at 18, and allows dyed hair? I have bright neon teal and green hair so thats also a factor that plays into not getting a job. I really could care less about the pay at this point, 14+/hr would be better but at this point anything over 10/hr works. 

I have worked in food as a hostess for 4 years and have some experience in sales and can answer phones no problem. I also had a job where I had to make simple coffee drinks.

I am specifically looking for night time jobs, barback positions, late night server ones, asset protection or law type stuff too, since I want to do something law related in the future.

please let me know if ANYONE can help me get a job (you can basically only get them with references now) or if anyone is hiring near :)",9,1790102836.0,CorpusChristi,9,1.0,False
1wni5va,https://www.reddit.com/r/gratitude/comments/1wni5va/sitting_in_my_tiny_apartment_tonight_realizing_i/,"Sitting in my tiny apartment tonight, realizing I made it through the hardest year of my life.","A year ago today, I was convinced I was completely stuck. I had virtually no savings, a relationship that was draining the life out of me, and a daily anxiety that made basic things like making coffee or answering a text feel like climbing a mountain. I used to cry in my car on the way home from work just to get the heavy feeling out of my chest before walking through the front door.

Tonight, I’m sitting on a secondhand couch in a small studio apartment that is entirely mine. It’s quiet. The sink has a couple of dishes in it, the floor isn't perfect, but the air feels light.

I’m typing this with tears in my eyes, not because I'm sad, but because I realized I haven't felt that terrifying knot in my stomach for weeks.

I’m so deeply grateful to the version of me from last year who decided to stay, keep walking, and fight through the dark even when there was no guarantee things would get better. And I’m thankful for the quiet moments like this, a warm mug in my hands, a roof over my head, and peace in my own mind.

If you’re in the middle of your own storm right now and feel like you’re barely holding on... please just keep going. The peaceful nights on the other side are worth every single step. 🤍",144,1790102825.0,gratitude,8,1.0,False
1wni5rn,https://www.reddit.com/gallery/1wni5rn,"I made an iOS app for the ""so… what do you want to do?"" moment. It checks the time and weather and shows you things to do nearby (free, no account)","You probably know this one. It's Saturday afternoon, someone asks ""what do you feel like doing?"", and 20 minutes later you're both still doomscrolling with nothing decided.

Flinder is my attempt to get you out of that. It looks at your local time and the weather, then shows you one idea at a time. You swipe through 50+ ideas sorted for ""right now"". When one sounds good, tap it to see places nearby with photos, the address and a map.

On a sunny afternoon you'll see parks, beaches and ice cream. On a rainy evening it's bowling, the cinema and karaoke. Late at night it's bars and clubs.

Some background: I first released Flinder in 2015 as a side project, and I've rebuilt it a few times since. Version 4.0 came out this week and it's the biggest update so far:

* Set any city to see ideas for its local time and weather, which is super handy before a trip
* Saved places, sorted into a folder per city
* Km or miles, °C or °F, 12h or 24h clock
* Shake your phone to start over

No account, no sign-up, no ads. Your saved places stay on your iPhone.

About pricing: Flinder is free to use. Flinder Pro unlocks unlimited cities and saved places. There's a weekly subscription, and also a one-time lifetime purchase if you'd rather not have another subscription.

I'm a solo developer based in Belgium, so I'd really like to know how the suggestions work where you live. Which ideas are missing, and which ones feel wrong for the time or weather where you are? Also feel free to leave a rating in the App Store!

App Store: [https://apps.apple.com/app/flinder-things-to-do-near-me/id977333323](https://apps.apple.com/app/flinder-things-to-do-near-me/id977333323)

Thanks for reading, and I'll be in the comments.",2,1790102819.0,apps,2,1.0,False
1wni5jo,https://www.reddit.com/gallery/1wni5jo,Quiet light-filled studio facing the Brooklyn Bridge,"Quiet, light-filled studio facing the Brooklyn Bridge, with a private patio large enough to actually use: dinner with friends, morning coffee, etc.  
  
Inside: full kitchen, full bath, in-unit washer/dryer. Double-paned windows keep the street noise out, it's genuinely quiet for a corner this busy.  
  
Outside your door: Time Out Market and Dumbo House are directly across the street, with Brooklyn Bridge Park, the F at York St and the A/C at High St all within a few minutes' walk.  
  
$2900/month, available ASAP. I'm relocating for a new job, and the landlord has already approved a sublet through June 30, 2027. Would consider a sublease for shorter terms as well. Unit is rent stabilized.",1,1790102805.0,NYCroommates,0,1.0,False
1wni3rd,https://www.reddit.com/r/lucknow/comments/1wni3rd/coffee_places/,Coffee places!,"Looking for recommendations for really good coffee around Mahanagar, Aliganj, and Vikas Nagar in Lucknow.

I’m a genuine coffee lover, so please recommend places that actually serve good quality coffee not just cafés with a nice ambience but disappointing coffee. 

Will love to hear your recommedations..

TIA :)",6,1790102699.0,lucknow,22,0.88,False
1wni3mi,https://v.redd.it/dpf50po7a4rh1,It's Live! Explore the Silo: An Interactive Experience,"Hey everyone, I managed to get ahead of schedule, and ""Explore the Silo"" is now live. Many thanks for all the interest and encouragement to keep developing what started as a simple Silo info panel.

There are a few game elements and Easter eggs to discover: Find the Relics (not an easy one), Race to the Top, and a few others I'll let you stumble on.

Hint: after collecting 6 relics, a ""Judicial Notice"" section with clues appears in your inventory.

The browser experience is free and open to everyone. There's a tip jar in case you enjoy it way too much. So far it has cost about 400 coffees and many late nights.

For the best experience, use a laptop or desktop screen. The mobile version is coming next.

The backlog is full, and I'm planning to release an update every two weeks, each with a changelog. Please share ideas, report bugs, or send any feedback at all.

Enjoy: [www.explorethesilo.com](https://www.explorethesilo.com)",158,1790102690.0,SiloTVSeries,15,0.99,False
1wni3hd,https://v.redd.it/hj0b2r9ba4rh1,"Vande bharat got delayed by more than 3 hours, and people started abusing Locopilot","So yesterday I was travelling in vande bharat NDLS-SVDK VB 22477, and at samba station it stopped for more than 3hours, and loco pilot on announcement told that there is some mechanical fault ahead, and now I have understood that railway will, never stop a train for any unnecessary purpose if there's some problem then only they will do it.

I don't understand why Indians are in so hurry, this uncle on call with loco pilot started abusing him, and started saying bullshits like ""ham sab jammu ke hai"", ""please open the door"" I need a coffee or food for compensation"" and told others also to join his protest by visiting in defferent coaches and tried to cause chaos by saying it will stay here now till evening. But somehow the train started at 12:30AM and reached jammu tawi at 1:15 AM. 

What are your views on this??",70,1790102682.0,indianrailways,26,0.94,False
1wni2vn,https://v.redd.it/a1fzu488a4rh1,Any coffee on her? ☕,,5,1790102647.0,bollywoodgossips,4,0.78,False
1wni1r5,https://i.redd.it/xmlnroq0a4rh1.jpeg,Let’s talk about the artwork! It looks like dead ivy vines and I see at least one green shoot. She’s in a padded room. What else? 🌱,"Who is she talking to, she’s putting her wedding ring on display and the coffee cup looks like it belongs in a hospital or institution.  What do you all think the song will be about?  ",8,1790102579.0,MaylorSwift,22,0.75,False
1wni1ns,https://www.reddit.com/r/AkdenizUniversitesi/comments/1wni1ns/hoş_geldin_konseri_konser_buddy/,Hoş Geldin Konseri Konser Buddy,"Hava yagmurlu gorunuyor ama  Konsere gidecek bayan arkadaslar eslik edebilir mi :) Yağmurlu Olursa Coffee date de yapabiliriz. 

Yaş 22 Erkeğim. 

# 2026-2027 Yılı Eğitim-Öğretim Yılına Hoş Geldin Konseri

**Etkinlik Tarihi :** 23 Eylül 2026 - 23 Eylül 2026

**Etkinlik Yeri :** Eski Şenlik Alanı

Değerli Akdeniz Üniversitesi Mensupları,

  
[https://www.akdeniz.edu.tr/tr/etkinlik/20262027\_yili\_egitimogretim\_yilina\_hos\_geldin\_konseri\_-5625](https://www.akdeniz.edu.tr/tr/etkinlik/20262027_yili_egitimogretim_yilina_hos_geldin_konseri_-5625)",0,1790102573.0,AkdenizUniversitesi,4,0.17,False
1wni1hu,https://www.reddit.com/r/IndiaCoffee/comments/1wni1hu/is_odd_coffee_operational/,Is odd coffee operational?,"Hi Guys,

Is odd coffee roasters still operational? I am unable to order anything from their website. I got my coffee from them couple of months back but now i am not able to place any order",1,1790102564.0,IndiaCoffee,0,1.0,False
1wni19h,https://v.redd.it/9ey3795t94rh1,It's Live! Explore the Silo: An Interactive Experience,"Hey everyone, I managed to get ahead of schedule, and ""Explore the Silo"" is now live. Many thanks for all the interest and encouragement to keep developing what started as a simple Silo info panel.

There are a few game elements and Easter eggs to discover: Find the Relics (not an easy one), Race to the Top, and a few others I'll let you stumble on.

Hint: after collecting 6 relics, a ""Judicial Notice"" section with clues appears in your inventory.

The browser experience is free and open to everyone. There's a tip jar in case you enjoy it way too much. So far it has cost about 400 coffees and many late nights.

For the best experience, use a laptop or desktop screen. The mobile version is coming next.

The backlog is full, and I'm planning to release an update every two weeks, each with a changelog. Please share ideas, report bugs, or send any feedback at all.

Enjoy: [https://www.explorethesilo.com](https://www.explorethesilo.com)",287,1790102549.0,SiloSeries,29,1.0,False
